# Blender 4.5.2 LTS
# www.blender.org
mtllib PILIER_BRISE.mtl
o PILIER_BRISE
v 2.106746 0.058680 0.624344
v 2.062021 -0.105145 0.491073
v 2.189228 -0.235311 0.533368
v 2.128186 0.079250 0.576309
v 2.138802 0.074675 0.526058
v 2.158946 -0.169903 0.556621
v 2.096231 -0.177415 0.496081
v 2.268888 -0.225770 0.610266
v 2.171373 -0.234014 0.571590
v 2.229870 -0.225606 0.650664
v 2.159142 -0.219600 0.562585
v 2.120142 -0.173640 0.533868
v 2.146504 -0.169851 0.569503
v 2.168436 0.016227 0.684297
v 2.163129 -0.235202 0.560391
v 2.081589 -0.128772 0.505214
v 2.063487 -0.128432 0.482012
v 2.458210 -0.015773 0.365258
v 2.307554 -0.101670 0.394210
v 2.311344 -0.106678 0.390905
v 2.482541 -0.000714 0.361013
v 2.236158 -0.073805 0.432822
v 2.270148 -0.052769 0.426892
v 2.408658 0.095872 0.425565
v 2.397398 0.110546 0.435409
v 2.108170 -0.100773 0.474204
v 2.135357 -0.136203 0.450437
v 2.378332 0.135239 0.452095
v 2.357118 0.132315 0.474434
v 2.281777 0.121759 0.553791
v 2.264229 0.111395 0.573255
v 2.160061 0.049485 0.688846
v 2.159142 -0.219600 0.562585
v 2.146504 -0.169851 0.569503
v 2.146504 -0.169851 0.569503
v 2.171373 -0.234014 0.571590
v 2.229870 -0.225606 0.650664
v 2.229870 -0.225606 0.650664
v 2.168436 0.016227 0.684297
v 2.120142 -0.173640 0.533868
v 2.163129 -0.235202 0.560391
v 2.163129 -0.235202 0.560391
v 2.081589 -0.128772 0.505214
v 2.081589 -0.128772 0.505214
v 2.063487 -0.128432 0.482012
v 2.458210 -0.015773 0.365258
v 2.311344 -0.106678 0.390905
v 2.311344 -0.106678 0.390905
v 2.307554 -0.101670 0.394210
v 2.482541 -0.000714 0.361013
v 2.482541 -0.000714 0.361013
v 2.270148 -0.052769 0.426892
v 2.270148 -0.052769 0.426892
v 2.236158 -0.073805 0.432822
v 2.408658 0.095872 0.425565
v 2.108170 -0.100773 0.474204
v 2.108170 -0.100773 0.474204
v 2.397398 0.110546 0.435409
v 2.135357 -0.136203 0.450437
v 2.135357 -0.136203 0.450437
v 2.378332 0.135239 0.452095
v 2.357118 0.132315 0.474434
v 2.281777 0.121759 0.553791
v 2.160061 0.049485 0.688846
v 2.264229 0.111395 0.573255
v 2.096231 -0.177415 0.496081
v 2.096231 -0.177415 0.496081
v 2.096231 -0.177415 0.496081
v 2.268888 -0.225770 0.610266
v 2.268888 -0.225770 0.610266
v 2.189228 -0.235311 0.533368
v 2.189228 -0.235311 0.533368
v 2.158946 -0.169903 0.556621
v 2.158946 -0.169903 0.556621
v 1.707001 0.246874 0.534636
v 2.010256 0.145289 0.782105
v 1.639887 0.186300 0.398485
v 2.017666 0.128202 0.773666
v 1.673933 0.128601 0.381650
v 1.924247 0.352223 0.540259
v 2.018808 0.302145 0.634406
v 2.035313 0.237463 0.705539
v 1.858554 0.258472 0.243527
v 2.101480 0.185731 0.448346
v 2.136494 0.075726 0.525352
v 2.125888 0.080175 0.576447
v 1.889630 0.013884 0.247858
v 1.908543 0.180189 0.218270
v 2.060811 -0.104951 0.490425
v 2.104910 0.059115 0.624930
v 2.000934 -0.143375 0.438647
v 1.966970 -0.070019 0.464729
v 1.841213 -0.084408 0.367017
v 1.870459 -0.080072 0.404869
v 1.939395 -0.069904 0.493280
v 1.911768 0.290122 0.273490
v 1.897727 0.275821 0.237321
v 1.925096 0.258447 0.227609
v 1.932992 0.253474 0.224875
v 2.004780 -0.139324 0.434160
v 2.038328 -0.138625 0.474126
v 1.909975 -0.022851 0.283826
v 1.941055 -0.021816 0.320728
v 2.010712 -0.070172 0.419434
v 1.896422 -0.023324 0.267785
v 1.853579 -0.084431 0.354638
v 2.015034 -0.019391 0.408657
v 1.976197 -0.143271 0.464260
v 2.004303 -0.139369 0.500043
v 1.927124 0.272701 0.254439
v 1.941848 0.255306 0.234946
v 2.000934 -0.143375 0.438647
v 2.000934 -0.143375 0.438647
v 2.038328 -0.138625 0.474126
v 2.038328 -0.138625 0.474126
v 1.841213 -0.084408 0.367017
v 1.870459 -0.080072 0.404869
v 1.939395 -0.069904 0.493280
v 1.939395 -0.069904 0.493280
v 1.911768 0.290122 0.273490
v 1.897727 0.275821 0.237321
v 2.004303 -0.139369 0.500043
v 1.925096 0.258447 0.227609
v 1.932992 0.253474 0.224875
v 2.004780 -0.139324 0.434160
v 2.004780 -0.139324 0.434160
v 2.010712 -0.070172 0.419434
v 1.909975 -0.022851 0.283826
v 1.941055 -0.021816 0.320728
v 1.896422 -0.023324 0.267785
v 1.853579 -0.084431 0.354638
v 1.853579 -0.084431 0.354638
v 2.015034 -0.019391 0.408657
v 2.015034 -0.019391 0.408657
v 1.976197 -0.143271 0.464260
v 1.976197 -0.143271 0.464260
v 1.927124 0.272701 0.254439
v 1.941848 0.255306 0.234946
v 1.966970 -0.070019 0.464729
v 1.966970 -0.070019 0.464729
v 1.939635 0.113081 0.886363
v 1.863579 -0.233944 0.870542
v 1.886981 0.108891 0.909005
v 1.886306 -0.168759 0.838911
v 1.823592 -0.176271 0.778370
v 1.838556 -0.133351 0.757542
v 1.943238 -0.224402 0.947440
v 1.947445 -0.133807 0.644800
v 1.939124 -0.136048 0.616693
v 1.949458 -0.140725 0.643573
v 1.967439 0.036651 0.889978
v 1.947412 0.105467 0.902185
v 2.043140 -0.224820 0.844002
v 2.007162 -0.234545 0.721877
v 1.959914 -0.176841 0.637223
v 1.988239 -0.169186 0.733370
v 1.773111 -0.141190 0.694366
v 1.769747 -0.134911 0.702856
v 1.714602 -0.029831 0.845786
v 1.709519 -0.019998 0.859219
v 1.917300 0.124306 0.931041
v 1.934359 0.121941 0.913663
v 1.942990 0.120390 0.904915
v 1.693927 -0.052787 0.897369
v 1.914243 0.119852 0.934761
v 1.784583 -0.073308 1.093044
v 1.713968 -0.091462 1.007847
v 1.749522 -0.038495 0.964444
v 1.717342 -0.017914 0.868786
v 1.947445 -0.133807 0.644800
v 1.947445 -0.133807 0.644800
v 1.949458 -0.140725 0.643573
v 1.939124 -0.136048 0.616693
v 1.967439 0.036651 0.889978
v 1.947412 0.105467 0.902185
v 1.959914 -0.176841 0.637223
v 1.959914 -0.176841 0.637223
v 2.043140 -0.224820 0.844002
v 2.043140 -0.224820 0.844002
v 2.007162 -0.234545 0.721877
v 2.007162 -0.234545 0.721877
v 1.988239 -0.169186 0.733370
v 1.988239 -0.169186 0.733370
v 1.773111 -0.141190 0.694366
v 1.773111 -0.141190 0.694366
v 1.769747 -0.134911 0.702856
v 1.714602 -0.029831 0.845786
v 1.709519 -0.019998 0.859219
v 1.917300 0.124306 0.931041
v 1.934359 0.121941 0.913663
v 1.942990 0.120390 0.904915
v 1.693927 -0.052787 0.897369
v 1.693927 -0.052787 0.897369
v 1.749522 -0.038495 0.964444
v 1.749522 -0.038495 0.964444
v 1.713968 -0.091462 1.007847
v 1.713968 -0.091462 1.007847
v 1.784583 -0.073308 1.093044
v 1.784583 -0.073308 1.093044
v 1.914243 0.119852 0.934761
v 1.717342 -0.017914 0.868786
v 1.717342 -0.017914 0.868786
v 1.943238 -0.224402 0.947440
v 1.943238 -0.224402 0.947440
v 1.863579 -0.233944 0.870542
v 1.863579 -0.233944 0.870542
v 1.886306 -0.168759 0.838911
v 1.886306 -0.168759 0.838911
v 1.823592 -0.176271 0.778370
v 1.823592 -0.176271 0.778370
v 1.838556 -0.133351 0.757542
v 1.838556 -0.133351 0.757542
v 2.252353 0.477905 0.485608
v 2.192887 0.253522 0.388002
v 2.027787 0.368723 0.671928
v 2.019617 0.304296 0.633925
v 2.102613 0.187682 0.447371
v 1.925722 0.353698 0.540883
v 2.120095 0.501722 0.513530
v 2.057380 0.494210 0.452990
v 2.042414 0.451294 0.473819
v 1.967056 0.442267 0.401073
v 1.941565 0.369159 0.436552
v 2.057790 0.355857 0.317802
v 2.199208 0.441605 0.439035
v 2.130232 0.424832 0.386131
v 2.172659 0.423470 0.415769
v 2.135893 0.398358 0.383551
v 2.214810 0.530412 0.472149
v 2.179971 0.531527 0.447806
v 2.078215 0.260088 0.308528
v 2.067554 0.249175 0.320926
v 1.971762 0.253997 0.255674
v 1.945201 0.255534 0.237935
v 2.145548 0.353075 0.379168
v 2.203281 0.422502 0.437187
v 1.929782 0.272685 0.256460
v 1.919586 0.284177 0.268977
v 1.912417 0.292344 0.277930
v 1.920010 0.421756 0.452354
v 1.918732 0.366575 0.414381
v 1.921033 0.369245 0.457810
v 1.926776 0.451287 0.585646
v 1.926920 0.464696 0.591797
v 1.926334 0.494760 0.588674
v 1.927257 0.495896 0.606109
v 1.921635 0.444962 0.488544
v 1.919624 0.442465 0.450184
v 2.146041 0.567292 0.485008
v 2.116452 0.550406 0.511263
v 2.132959 0.566948 0.492111
v 2.068681 0.501938 0.566764
v 1.979420 0.499576 0.615030
v 1.940939 0.497808 0.623725
v 1.947342 0.498694 0.631826
v 1.930178 0.451762 0.590027
v 2.146041 0.567292 0.485008
v 2.146041 0.567292 0.485008
v 2.179971 0.531527 0.447806
v 2.179971 0.531527 0.447806
v 2.130232 0.424832 0.386131
v 2.130232 0.424832 0.386131
v 2.172659 0.423470 0.415769
v 2.135893 0.398358 0.383551
v 2.199208 0.441605 0.439035
v 2.214810 0.530412 0.472149
v 2.078215 0.260088 0.308528
v 2.067554 0.249175 0.320926
v 2.067554 0.249175 0.320926
v 1.971762 0.253997 0.255674
v 1.945201 0.255534 0.237935
v 2.057790 0.355857 0.317802
v 2.057790 0.355857 0.317802
v 2.145548 0.353075 0.379168
v 2.145548 0.353075 0.379168
v 2.203281 0.422502 0.437187
v 2.203281 0.422502 0.437187
v 1.929782 0.272685 0.256460
v 1.919586 0.284177 0.268977
v 1.912417 0.292344 0.277930
v 1.926334 0.494760 0.588674
v 1.926334 0.494760 0.588674
v 1.927257 0.495896 0.606109
v 1.926920 0.464696 0.591797
v 1.920010 0.421756 0.452354
v 1.921033 0.369245 0.457810
v 1.921033 0.369245 0.457810
v 1.918732 0.366575 0.414381
v 1.918732 0.366575 0.414381
v 1.926776 0.451287 0.585646
v 1.921635 0.444962 0.488544
v 1.919624 0.442465 0.450184
v 1.919624 0.442465 0.450184
v 2.132959 0.566948 0.492111
v 2.116452 0.550406 0.511263
v 2.068681 0.501938 0.566764
v 2.068681 0.501938 0.566764
v 1.979420 0.499576 0.615030
v 1.940939 0.497808 0.623725
v 1.947342 0.498694 0.631826
v 1.930178 0.451762 0.590027
v 1.930178 0.451762 0.590027
v 2.120095 0.501722 0.513530
v 2.120095 0.501722 0.513530
v 2.057380 0.494210 0.452990
v 2.057380 0.494210 0.452990
v 2.042414 0.451294 0.473819
v 2.042414 0.451294 0.473819
v 1.967056 0.442267 0.401073
v 1.967056 0.442267 0.401073
v 1.941565 0.369159 0.436552
v 1.941565 0.369159 0.436552
v 2.411456 -0.001220 0.274112
v 2.194536 0.252110 0.386302
v 2.102989 0.185892 0.447114
v 2.345000 0.026079 0.339568
v 2.138188 0.075055 0.523517
v 2.282285 0.018567 0.279027
v 2.060579 -0.107103 0.488862
v 1.909250 0.178676 0.216385
v 1.890886 0.013308 0.246581
v 2.238527 0.036540 0.322127
v 2.163168 0.027514 0.249382
v 2.150049 0.267998 0.233132
v 2.088630 0.058135 0.322797
v 2.078794 0.238474 0.310610
v 2.491115 0.008321 0.351010
v 2.484107 0.000939 0.359185
v 2.313030 -0.104899 0.388938
v 2.271759 -0.051068 0.425011
v 2.399509 0.111301 0.433127
v 2.061934 -0.128608 0.480499
v 2.109924 -0.098921 0.472157
v 2.137081 -0.134382 0.448425
v 1.897280 -0.021794 0.265342
v 1.895485 -0.002436 0.218401
v 1.914647 0.073216 0.151931
v 1.912295 0.036352 0.150142
v 1.916208 0.095152 0.153153
v 1.917547 0.100569 0.154390
v 1.932230 0.159556 0.167962
v 1.935384 0.172179 0.170877
v 2.457716 0.252701 0.355285
v 2.399898 0.165851 0.425956
v 2.380529 0.136466 0.449667
v 2.040780 -0.137301 0.474144
v 2.016183 -0.018178 0.407315
v 2.011538 -0.072305 0.418843
v 1.938600 -0.020549 0.314705
v 2.005926 -0.138115 0.432824
v 2.016547 -0.137928 0.445554
v 1.934468 0.252035 0.223459
v 1.936957 0.246184 0.215004
v 1.948163 0.223087 0.182695
v 1.945114 0.254238 0.235565
v 2.475739 0.278304 0.333438
v 2.466671 0.265698 0.344396
v 2.395731 0.287050 0.254632
v 2.331620 0.271359 0.322993
v 2.268126 0.278120 0.261488
v 2.184830 0.272164 0.266707
v 2.225911 0.267788 0.306502
v 2.144307 0.274328 0.239916
v 2.075833 0.254803 0.311651
v 2.068949 0.247850 0.319645
v 2.079679 0.258698 0.307184
v 2.313030 -0.104899 0.388938
v 2.313030 -0.104899 0.388938
v 2.271759 -0.051068 0.425011
v 2.271759 -0.051068 0.425011
v 2.484107 0.000939 0.359185
v 2.484107 0.000939 0.359185
v 2.150049 0.267998 0.233132
v 2.150049 0.267998 0.233132
v 2.144307 0.274328 0.239916
v 2.144307 0.274328 0.239916
v 2.079679 0.258698 0.307184
v 2.491115 0.008321 0.351010
v 2.491115 0.008321 0.351010
v 2.475739 0.278304 0.333438
v 2.475739 0.278304 0.333438
v 2.137081 -0.134382 0.448425
v 2.137081 -0.134382 0.448425
v 2.399509 0.111301 0.433127
v 2.061934 -0.128608 0.480499
v 2.109924 -0.098921 0.472157
v 2.109924 -0.098921 0.472157
v 1.897280 -0.021794 0.265342
v 1.895485 -0.002436 0.218401
v 1.912295 0.036352 0.150142
v 1.912295 0.036352 0.150142
v 1.914647 0.073216 0.151931
v 1.916208 0.095152 0.153153
v 1.917547 0.100569 0.154390
v 1.932230 0.159556 0.167962
v 1.935384 0.172179 0.170877
v 2.457716 0.252701 0.355285
v 2.399898 0.165851 0.425956
v 2.380529 0.136466 0.449667
v 2.395731 0.287050 0.254632
v 2.395731 0.287050 0.254632
v 2.040780 -0.137301 0.474144
v 2.016183 -0.018178 0.407315
v 2.016183 -0.018178 0.407315
v 2.011538 -0.072305 0.418843
v 1.938600 -0.020549 0.314705
v 2.005926 -0.138115 0.432824
v 2.005926 -0.138115 0.432824
v 2.016547 -0.137928 0.445554
v 1.934468 0.252035 0.223459
v 1.936957 0.246184 0.215004
v 1.948163 0.223087 0.182695
v 1.948163 0.223087 0.182695
v 1.945114 0.254238 0.235565
v 2.466671 0.265698 0.344396
v 2.331620 0.271359 0.322993
v 2.331620 0.271359 0.322993
v 2.268126 0.278120 0.261488
v 2.268126 0.278120 0.261488
v 2.225911 0.267788 0.306502
v 2.225911 0.267788 0.306502
v 2.184830 0.272164 0.266707
v 2.184830 0.272164 0.266707
v 2.075833 0.254803 0.311651
v 2.068949 0.247850 0.319645
v 2.068949 0.247850 0.319645
v 2.411456 -0.001220 0.274112
v 2.411456 -0.001220 0.274112
v 2.282285 0.018567 0.279027
v 2.282285 0.018567 0.279027
v 2.345000 0.026079 0.339568
v 2.345000 0.026079 0.339568
v 2.163168 0.027514 0.249382
v 2.163168 0.027514 0.249382
v 2.238527 0.036540 0.322127
v 2.238527 0.036540 0.322127
v 2.088630 0.058135 0.322797
v 2.088630 0.058135 0.322797
v 2.078794 0.238474 0.310610
v 2.078794 0.238474 0.310610
v 1.705233 0.246151 0.535228
v 2.009579 0.143935 0.783269
v 1.638512 0.185782 0.400077
v 1.671110 0.129573 0.383315
v 2.015832 0.129876 0.776042
v 1.939641 0.113968 0.883622
v 1.884655 0.109481 0.907011
v 2.006757 0.138255 0.800461
v 1.517486 0.193245 0.444693
v 1.763198 -0.142380 0.684797
v 1.788691 -0.069275 0.649318
v 1.651460 0.061413 0.775261
v 1.619038 -0.002973 0.820819
v 1.619151 0.162468 0.796191
v 1.494705 0.240683 0.587124
v 1.502169 0.225567 0.630350
v 1.645507 0.170562 0.767885
v 1.492185 0.244143 0.576244
v 1.440852 0.228874 0.548432
v 1.667358 -0.012353 0.840823
v 1.706309 -0.020014 0.856774
v 1.717727 -0.041184 0.828209
v 1.922304 -0.136820 0.620551
v 1.771006 -0.141445 0.692335
v 1.938859 -0.136320 0.612585
v 1.382548 0.210977 0.516514
v 1.382102 0.198914 0.516276
v 1.826340 -0.084768 0.375969
v 1.622292 -0.090302 0.489627
v 1.420377 0.033279 0.555352
v 1.982388 -0.138207 0.540017
v 1.999367 -0.138963 0.511378
v 2.003530 -0.139192 0.503650
v 1.974193 -0.143264 0.466335
v 1.937609 -0.069897 0.495129
v 1.889097 -0.077045 0.433026
v 1.882482 -0.078017 0.424594
v 1.838757 -0.084410 0.369372
v 1.619151 0.162468 0.796191
v 1.645507 0.170562 0.767885
v 1.645507 0.170562 0.767885
v 1.494705 0.240683 0.587124
v 1.502169 0.225567 0.630350
v 1.502169 0.225567 0.630350
v 1.492185 0.244143 0.576244
v 1.440852 0.228874 0.548432
v 1.619038 -0.002973 0.820819
v 1.619038 -0.002973 0.820819
v 1.667358 -0.012353 0.840823
v 1.706309 -0.020014 0.856774
v 1.717727 -0.041184 0.828209
v 1.922304 -0.136820 0.620551
v 1.771006 -0.141445 0.692335
v 1.771006 -0.141445 0.692335
v 1.938859 -0.136320 0.612585
v 1.382548 0.210977 0.516514
v 1.382548 0.210977 0.516514
v 1.382102 0.198914 0.516276
v 1.420377 0.033279 0.555352
v 1.420377 0.033279 0.555352
v 1.826340 -0.084768 0.375969
v 1.622292 -0.090302 0.489627
v 1.622292 -0.090302 0.489627
v 1.982388 -0.138207 0.540017
v 1.974193 -0.143264 0.466335
v 1.974193 -0.143264 0.466335
v 1.937609 -0.069897 0.495129
v 1.937609 -0.069897 0.495129
v 1.889097 -0.077045 0.433026
v 2.003530 -0.139192 0.503650
v 1.999367 -0.138963 0.511378
v 1.882482 -0.078017 0.424594
v 1.838757 -0.084410 0.369372
v 1.763198 -0.142380 0.684797
v 1.763198 -0.142380 0.684797
v 1.788691 -0.069275 0.649318
v 1.788691 -0.069275 0.649318
v 1.651460 0.061413 0.775261
v 1.651460 0.061413 0.775261
v 1.612914 0.004774 1.100589
v 1.594944 0.334188 1.078330
v 1.884326 0.109450 0.909021
v 1.676445 0.031097 1.031510
v 1.613730 0.023585 0.970970
v 1.661402 0.306885 1.012873
v 1.598687 0.299373 0.952333
v 1.655562 0.040920 0.925485
v 1.580203 0.031893 0.852740
v 1.642445 0.281404 0.909233
v 1.567087 0.272377 0.836487
v 1.692573 0.014316 1.177487
v 1.674603 0.343730 1.155227
v 1.844521 0.324055 0.981648
v 1.916108 0.125472 0.932131
v 1.664906 0.305062 0.883029
v 1.611960 0.178362 0.801668
v 1.575000 0.280712 0.827256
v 1.792550 0.467969 1.017628
v 1.697513 0.442229 0.958671
v 1.722968 0.371738 0.941048
v 1.648147 0.351472 0.894632
v 1.692909 -0.051820 0.898304
v 1.887315 0.082032 0.967349
v 1.705149 -0.033662 0.883372
v 1.783381 -0.072164 1.094149
v 1.712818 -0.090369 1.008903
v 1.748462 -0.037488 0.965417
v 1.906156 0.110323 0.944321
v 1.707299 -0.019208 0.858935
v 1.716298 -0.016921 0.869745
v 1.617450 0.162742 0.797920
v 1.615157 -0.001394 0.820661
v 1.844521 0.324055 0.981648
v 1.916108 0.125472 0.932131
v 1.664906 0.305062 0.883029
v 1.664906 0.305062 0.883029
v 1.575000 0.280712 0.827256
v 1.575000 0.280712 0.827256
v 1.648147 0.351472 0.894632
v 1.648147 0.351472 0.894632
v 1.722968 0.371738 0.941048
v 1.722968 0.371738 0.941048
v 1.697513 0.442229 0.958671
v 1.697513 0.442229 0.958671
v 1.792550 0.467969 1.017628
v 1.792550 0.467969 1.017628
v 1.611960 0.178362 0.801668
v 1.692909 -0.051820 0.898304
v 1.692909 -0.051820 0.898304
v 1.748462 -0.037488 0.965417
v 1.748462 -0.037488 0.965417
v 1.705149 -0.033662 0.883372
v 1.887315 0.082032 0.967349
v 1.783381 -0.072164 1.094149
v 1.783381 -0.072164 1.094149
v 1.712818 -0.090369 1.008903
v 1.712818 -0.090369 1.008903
v 1.716298 -0.016921 0.869745
v 1.716298 -0.016921 0.869745
v 1.707299 -0.019208 0.858935
v 1.906156 0.110323 0.944321
v 1.617450 0.162742 0.797920
v 1.615157 -0.001394 0.820661
v 1.615157 -0.001394 0.820661
v 1.692573 0.014316 1.177487
v 1.692573 0.014316 1.177487
v 1.612914 0.004774 1.100589
v 1.612914 0.004774 1.100589
v 1.594944 0.334188 1.078330
v 1.594944 0.334188 1.078330
v 1.674603 0.343730 1.155227
v 1.674603 0.343730 1.155227
v 1.676445 0.031097 1.031510
v 1.676445 0.031097 1.031510
v 1.613730 0.023585 0.970970
v 1.613730 0.023585 0.970970
v 1.598687 0.299373 0.952333
v 1.598687 0.299373 0.952333
v 1.661402 0.306885 1.012873
v 1.661402 0.306885 1.012873
v 1.655562 0.040920 0.925485
v 1.655562 0.040920 0.925485
v 1.580203 0.031893 0.852740
v 1.580203 0.031893 0.852740
v 1.567087 0.272377 0.836487
v 1.567087 0.272377 0.836487
v 1.642445 0.281404 0.909233
v 1.642445 0.281404 0.909233
v 2.047978 0.336025 0.761956
v 2.128058 0.081401 0.575523
v 2.036614 0.239981 0.704730
v 2.095293 0.378291 0.699695
v 2.302993 0.491313 0.481436
v 2.254203 0.477694 0.485592
v 2.028330 0.367349 0.674010
v 2.194656 0.252828 0.388564
v 2.103257 0.186412 0.449118
v 2.020469 0.303412 0.635840
v 2.037022 0.359220 0.713961
v 2.137979 0.077116 0.525529
v 2.312913 0.486752 0.476246
v 2.377754 0.403384 0.419422
v 2.308327 0.491777 0.480374
v 2.278014 0.474412 0.513930
v 2.465051 0.290805 0.342959
v 2.473567 0.279605 0.335527
v 2.094406 0.369024 0.717209
v 2.073377 0.352440 0.741051
v 2.056589 0.337698 0.760271
v 2.136190 0.262167 0.687184
v 2.282046 0.124003 0.553234
v 2.378480 0.137595 0.451650
v 2.408883 0.182724 0.414555
v 2.357311 0.134554 0.473957
v 2.312913 0.486752 0.476246
v 2.377754 0.403384 0.419422
v 2.308327 0.491777 0.480374
v 2.278014 0.474412 0.513930
v 2.465051 0.290805 0.342959
v 2.473567 0.279605 0.335527
v 2.094406 0.369024 0.717209
v 2.073377 0.352440 0.741051
v 2.056589 0.337698 0.760271
v 2.136190 0.262167 0.687184
v 2.282046 0.124003 0.553234
v 2.378480 0.137595 0.451650
v 2.408883 0.182724 0.414555
v 2.357311 0.134554 0.473957
v 1.941715 0.113294 0.885906
v 2.105270 0.058539 0.625751
v 2.060340 -0.107651 0.490164
v 2.006267 0.143634 0.828324
v 2.018025 0.127729 0.775396
v 2.007589 0.137900 0.802788
v 2.076293 -0.134349 0.511392
v 2.162101 -0.235197 0.561455
v 2.226962 -0.219167 0.652877
v 2.228601 -0.225600 0.651978
v 2.081605 -0.132245 0.505628
v 2.145458 -0.169846 0.570586
v 2.093104 -0.177401 0.499319
v 2.158225 0.049615 0.690732
v 1.948955 0.106104 0.900508
v 2.044762 -0.224830 0.842324
v 2.038892 -0.226408 0.822537
v 2.008862 -0.234555 0.720118
v 1.941198 -0.136004 0.615434
v 1.949258 -0.133817 0.642923
v 1.989940 -0.169195 0.731610
v 1.961717 -0.176851 0.635356
v 2.061736 -0.129264 0.481745
v 2.089496 0.093066 0.756537
v 2.039396 -0.138769 0.475775
v 2.026056 -0.138849 0.487398
v 2.006422 -0.138964 0.504543
v 2.065194 0.108350 0.779816
v 2.037178 0.125938 0.806656
v 1.944875 0.120881 0.902901
v 1.957995 0.126474 0.888615
v 2.000922 -0.138771 0.512979
v 2.015988 0.139172 0.826964
v 1.975778 0.133552 0.869316
v 2.145458 -0.169846 0.570586
v 2.145458 -0.169846 0.570586
v 2.093104 -0.177401 0.499319
v 2.093104 -0.177401 0.499319
v 2.081605 -0.132245 0.505628
v 2.081605 -0.132245 0.505628
v 2.226962 -0.219167 0.652877
v 2.228601 -0.225600 0.651978
v 2.228601 -0.225600 0.651978
v 2.162101 -0.235197 0.561455
v 2.162101 -0.235197 0.561455
v 2.158225 0.049615 0.690732
v 2.039396 -0.138769 0.475775
v 2.039396 -0.138769 0.475775
v 2.061736 -0.129264 0.481745
v 2.076293 -0.134349 0.511392
v 2.076293 -0.134349 0.511392
v 1.948955 0.106104 0.900508
v 2.044762 -0.224830 0.842324
v 2.044762 -0.224830 0.842324
v 2.038892 -0.226408 0.822537
v 2.008862 -0.234555 0.720118
v 2.008862 -0.234555 0.720118
v 1.989940 -0.169195 0.731610
v 1.989940 -0.169195 0.731610
v 1.941198 -0.136004 0.615434
v 1.949258 -0.133817 0.642923
v 1.949258 -0.133817 0.642923
v 1.961717 -0.176851 0.635356
v 1.961717 -0.176851 0.635356
v 2.089496 0.093066 0.756537
v 2.026056 -0.138849 0.487398
v 2.006422 -0.138964 0.504543
v 2.065194 0.108350 0.779816
v 2.037178 0.125938 0.806656
v 1.944875 0.120881 0.902901
v 1.957995 0.126474 0.888615
v 2.000922 -0.138771 0.512979
v 2.015988 0.139172 0.826964
v 1.975778 0.133552 0.869316
v 2.254158 0.478340 0.484204
v 2.195344 0.253960 0.386972
v 2.393487 0.328188 0.251853
v 2.329955 0.301869 0.320932
v 2.267241 0.294357 0.260391
v 2.225408 0.277022 0.305878
v 2.473146 0.337730 0.328750
v 2.071208 0.299307 0.310920
v 2.079629 0.260894 0.306963
v 2.187580 0.273468 0.271078
v 2.141681 0.275965 0.240812
v 2.147397 0.351315 0.377471
v 2.059413 0.354313 0.316313
v 2.205215 0.420662 0.435412
v 2.131992 0.423157 0.384515
v 2.218304 0.528508 0.471440
v 2.181842 0.529747 0.446088
v 2.395591 0.289617 0.254459
v 2.474560 0.280871 0.334341
v 2.331491 0.273723 0.322834
v 2.268008 0.280284 0.261342
v 2.193302 0.273176 0.274885
v 2.225801 0.269818 0.306364
v 2.464529 0.293768 0.343132
v 2.378658 0.404668 0.418326
v 2.314584 0.487805 0.474385
v 2.311752 0.491432 0.476869
v 2.300732 0.497334 0.478916
v 2.305631 0.495476 0.479350
v 2.071208 0.299307 0.310920
v 2.079629 0.260894 0.306963
v 2.141681 0.275965 0.240812
v 2.141681 0.275965 0.240812
v 2.187580 0.273468 0.271078
v 2.205215 0.420662 0.435412
v 2.205215 0.420662 0.435412
v 2.131992 0.423157 0.384515
v 2.131992 0.423157 0.384515
v 2.147397 0.351315 0.377471
v 2.147397 0.351315 0.377471
v 2.059413 0.354313 0.316313
v 2.059413 0.354313 0.316313
v 2.473146 0.337730 0.328750
v 2.473146 0.337730 0.328750
v 2.474560 0.280871 0.334341
v 2.474560 0.280871 0.334341
v 2.395591 0.289617 0.254459
v 2.395591 0.289617 0.254459
v 2.218304 0.528508 0.471440
v 2.181842 0.529747 0.446088
v 2.181842 0.529747 0.446088
v 2.193302 0.273176 0.274885
v 2.193302 0.273176 0.274885
v 2.225801 0.269818 0.306364
v 2.225801 0.269818 0.306364
v 2.268008 0.280284 0.261342
v 2.268008 0.280284 0.261342
v 2.331491 0.273723 0.322834
v 2.331491 0.273723 0.322834
v 2.464529 0.293768 0.343132
v 2.378658 0.404668 0.418326
v 2.314584 0.487805 0.474385
v 2.311752 0.491432 0.476869
v 2.311752 0.491432 0.476869
v 2.300732 0.497334 0.478916
v 2.305631 0.495476 0.479350
v 2.393487 0.328188 0.251853
v 2.393487 0.328188 0.251853
v 2.329955 0.301869 0.320932
v 2.329955 0.301869 0.320932
v 2.267241 0.294357 0.260391
v 2.267241 0.294357 0.260391
v 2.225408 0.277022 0.305878
v 2.225408 0.277022 0.305878
v 1.706573 0.248071 0.535538
v 1.924797 0.353522 0.541876
v 2.009620 0.146055 0.783797
v 2.018239 0.303634 0.635830
v 1.817172 0.568272 0.819074
v 2.034954 0.238640 0.705638
v 1.887022 0.110610 0.908091
v 2.006361 0.139542 0.802700
v 1.939626 0.115296 0.885937
v 2.026118 0.367838 0.674179
v 2.035517 0.358964 0.714243
v 2.046577 0.335574 0.763027
v 1.847454 0.502867 0.795821
v 1.784739 0.495355 0.735281
v 2.005365 0.146027 0.828668
v 1.804680 0.452286 0.719968
v 1.729322 0.443260 0.647222
v 1.641624 0.241755 0.763073
v 1.763284 0.369908 0.621142
v 1.896831 0.577813 0.895972
v 1.606488 0.197108 0.805010
v 1.665875 0.306082 0.881899
v 1.575930 0.281691 0.826171
v 1.905842 0.158319 0.938690
v 1.718294 0.371250 0.936370
v 1.649111 0.352487 0.893507
v 1.638488 0.320003 0.582419
v 1.496169 0.246156 0.576533
v 1.497545 0.242443 0.586594
v 1.914566 0.134179 0.932649
v 1.612407 0.180882 0.800893
v 1.723970 0.372793 0.939879
v 1.698528 0.443298 0.957487
v 1.793675 0.469154 1.016316
v 1.618737 0.163911 0.796442
v 1.917578 0.126103 0.930530
v 1.937178 0.123197 0.910587
v 1.727042 0.365830 0.586357
v 1.759498 0.443134 0.615978
v 1.926170 0.495938 0.607834
v 1.925861 0.463897 0.592994
v 1.811081 0.369707 0.571653
v 1.925740 0.451319 0.587169
v 1.904156 0.494854 0.611637
v 1.505427 0.225945 0.633450
v 1.591175 0.192894 0.715730
v 1.645422 0.172110 0.767780
v 1.943173 0.122494 0.904463
v 1.956257 0.127791 0.890252
v 1.974210 0.135286 0.870725
v 2.006967 0.157926 0.833982
v 1.904551 0.577781 0.887979
v 1.978303 0.452257 0.827154
v 1.911128 0.572859 0.802189
v 2.037366 0.351176 0.778512
v 1.914392 0.570258 0.757046
v 1.916126 0.568762 0.731226
v 1.945972 0.498728 0.633688
v 1.949970 0.502437 0.689676
v 1.915391 0.567488 0.717425
v 1.928924 0.451768 0.591326
v 2.037421 0.296020 0.785299
v 2.045875 0.336256 0.771549
v 2.008924 0.166563 0.830883
v 1.606488 0.197108 0.805010
v 1.575930 0.281691 0.826171
v 1.575930 0.281691 0.826171
v 1.665875 0.306082 0.881899
v 1.665875 0.306082 0.881899
v 1.718294 0.371250 0.936370
v 1.649111 0.352487 0.893507
v 1.649111 0.352487 0.893507
v 1.817172 0.568272 0.819074
v 1.817172 0.568272 0.819074
v 1.915391 0.567488 0.717425
v 1.915391 0.567488 0.717425
v 1.638488 0.320003 0.582419
v 1.496169 0.246156 0.576533
v 1.497545 0.242443 0.586594
v 1.612407 0.180882 0.800893
v 1.698528 0.443298 0.957487
v 1.698528 0.443298 0.957487
v 1.793675 0.469154 1.016316
v 1.793675 0.469154 1.016316
v 1.723970 0.372793 0.939879
v 1.723970 0.372793 0.939879
v 1.905842 0.158319 0.938690
v 1.618737 0.163911 0.796442
v 1.914566 0.134179 0.932649
v 1.917578 0.126103 0.930530
v 1.937178 0.123197 0.910587
v 1.916126 0.568762 0.731226
v 1.727042 0.365830 0.586357
v 1.727042 0.365830 0.586357
v 1.925861 0.463897 0.592994
v 1.904156 0.494854 0.611637
v 1.904156 0.494854 0.611637
v 1.926170 0.495938 0.607834
v 1.759498 0.443134 0.615978
v 1.759498 0.443134 0.615978
v 1.925740 0.451319 0.587169
v 1.811081 0.369707 0.571653
v 1.811081 0.369707 0.571653
v 1.505427 0.225945 0.633450
v 1.505427 0.225945 0.633450
v 1.591175 0.192894 0.715730
v 1.645422 0.172110 0.767780
v 1.645422 0.172110 0.767780
v 1.943173 0.122494 0.904463
v 1.956257 0.127791 0.890252
v 1.974210 0.135286 0.870725
v 2.006967 0.157926 0.833982
v 1.904551 0.577781 0.887979
v 1.904551 0.577781 0.887979
v 1.911128 0.572859 0.802189
v 1.978303 0.452257 0.827154
v 1.914392 0.570258 0.757046
v 2.037366 0.351176 0.778512
v 1.949970 0.502437 0.689676
v 1.949970 0.502437 0.689676
v 1.945972 0.498728 0.633688
v 1.928924 0.451768 0.591326
v 1.928924 0.451768 0.591326
v 2.037421 0.296020 0.785299
v 2.045875 0.336256 0.771549
v 2.008924 0.166563 0.830883
v 1.896831 0.577813 0.895972
v 1.896831 0.577813 0.895972
v 1.847454 0.502867 0.795821
v 1.847454 0.502867 0.795821
v 1.784739 0.495355 0.735281
v 1.784739 0.495355 0.735281
v 1.804680 0.452286 0.719968
v 1.804680 0.452286 0.719968
v 1.729322 0.443260 0.647222
v 1.729322 0.443260 0.647222
v 1.641624 0.241755 0.763073
v 1.641624 0.241755 0.763073
v 1.763284 0.369908 0.621142
v 1.763284 0.369908 0.621142
v 2.095711 0.380631 0.698957
v 2.036786 0.361066 0.713143
v 2.254133 0.478921 0.485723
v 2.027660 0.368753 0.673341
v 2.222480 0.576449 0.558797
v 2.256912 0.514661 0.476268
v 2.268546 0.510245 0.477295
v 2.217970 0.529537 0.472997
v 2.304423 0.496713 0.480612
v 2.208355 0.534663 0.474742
v 2.034905 0.501140 0.586554
v 2.065555 0.501952 0.570001
v 2.147254 0.567438 0.486179
v 2.129346 0.566964 0.495851
v 2.112940 0.402578 0.693847
v 2.033555 0.574071 0.703258
v 2.097297 0.576973 0.688411
v 2.147817 0.419960 0.655560
v 1.941427 0.569867 0.724564
v 1.918048 0.568793 0.729871
v 1.951848 0.502429 0.687733
v 1.948236 0.498867 0.633749
v 1.916948 0.567854 0.715767
v 2.256912 0.514661 0.476268
v 2.268546 0.510245 0.477295
v 2.217970 0.529537 0.472997
v 1.918048 0.568793 0.729871
v 1.916948 0.567854 0.715767
v 1.916948 0.567854 0.715767
v 2.304423 0.496713 0.480612
v 2.304423 0.496713 0.480612
v 2.208355 0.534663 0.474742
v 2.147254 0.567438 0.486179
v 2.147254 0.567438 0.486179
v 2.129346 0.566964 0.495851
v 2.129346 0.566964 0.495851
v 2.034905 0.501140 0.586554
v 2.065555 0.501952 0.570001
v 2.065555 0.501952 0.570001
v 2.112940 0.402578 0.693847
v 2.097297 0.576973 0.688411
v 2.097297 0.576973 0.688411
v 2.033555 0.574071 0.703258
v 2.147817 0.419960 0.655560
v 1.941427 0.569867 0.724564
v 1.951848 0.502429 0.687733
v 1.951848 0.502429 0.687733
v 1.948236 0.498867 0.633749
v 2.222480 0.576449 0.558797
v 2.222480 0.576449 0.558797
v 2.127817 0.080846 0.578336
v 2.106403 0.059888 0.626284
v 2.018128 0.129723 0.776493
v 2.009112 0.139560 0.801286
v 2.158773 0.051195 0.689968
v 2.052143 0.118631 0.792060
v 2.088640 0.095496 0.757122
v 2.234020 0.095834 0.606480
v 2.205788 0.093334 0.594160
v 2.223555 0.141799 0.611617
v 2.187174 0.091801 0.586061
v 2.158620 0.089369 0.573878
v 2.196581 0.155774 0.603589
v 2.217439 0.167933 0.614710
v 2.203286 0.167019 0.629484
v 2.121758 0.127202 0.609462
v 2.104712 0.120716 0.610872
v 2.053614 0.156143 0.785882
v 2.080776 0.125419 0.655826
v 2.009170 0.145455 0.809132
v 2.010063 0.141367 0.795284
v 2.014347 0.138600 0.781234
v 2.019474 0.137546 0.771441
v 2.015742 0.153260 0.825471
v 2.008404 0.149183 0.821823
v 2.027691 0.134386 0.815435
v 2.009328 0.142840 0.817989
v 2.234020 0.095834 0.606480
v 2.223555 0.141799 0.611617
v 2.217439 0.167933 0.614710
v 2.203286 0.167019 0.629484
v 2.053614 0.156143 0.785882
v 2.015742 0.153260 0.825471
v 2.027691 0.134386 0.815435
v 2.158773 0.051195 0.689968
v 2.052143 0.118631 0.792060
v 2.088640 0.095496 0.757122
v 2.279105 0.122708 0.556441
v 2.261294 0.112014 0.576219
v 2.218925 0.179939 0.611680
v 2.219105 0.169072 0.612843
v 2.202501 0.159404 0.603987
v 2.208676 0.094307 0.593226
v 2.188768 0.092629 0.584678
v 2.225113 0.142500 0.609916
v 2.235539 0.096735 0.604794
v 2.162459 0.090432 0.573322
v 2.218925 0.179939 0.611680
v 2.219105 0.169072 0.612843
v 2.225113 0.142500 0.609916
v 2.235539 0.096735 0.604794
v 2.279105 0.122708 0.556441
v 2.261294 0.112014 0.576219
v 2.036753 0.237993 0.706575
v 2.100099 0.292945 0.720752
v 2.087228 0.289944 0.723010
v 2.074317 0.274599 0.749737
v 2.040125 0.266764 0.723607
v 2.026363 0.234777 0.798282
v 2.024936 0.231383 0.806253
v 2.217136 0.181641 0.613323
v 2.217295 0.169856 0.614621
v 2.199279 0.159392 0.605007
v 2.121482 0.129320 0.610884
v 2.080193 0.126912 0.656499
v 2.103697 0.122469 0.612302
v 2.066979 0.158249 0.771775
v 2.077172 0.127490 0.662201
v 2.019673 0.138707 0.770692
v 2.029976 0.155547 0.810442
v 2.012214 0.140911 0.787118
v 2.013794 0.139900 0.781928
v 2.014348 0.155136 0.826682
v 2.008997 0.158230 0.831841
v 2.009874 0.145232 0.802473
v 2.010473 0.142145 0.792700
v 2.008808 0.151264 0.821450
v 2.074317 0.274599 0.749737
v 2.024936 0.231383 0.806253
v 2.217136 0.181641 0.613323
v 2.217295 0.169856 0.614621
v 2.066979 0.158249 0.771775
v 2.029976 0.155547 0.810442
v 2.014348 0.155136 0.826682
v 2.008997 0.158230 0.831841
v 2.100099 0.292945 0.720752
v 1.906700 0.577772 0.885754
v 1.994668 0.461127 0.745614
v 2.022949 0.519122 0.772607
v 1.999229 0.577384 0.789950
v 1.915315 0.571201 0.771374
v 1.918217 0.566172 0.770042
v 1.976612 0.458564 0.828123
v 2.022497 0.501729 0.775234
v 1.981218 0.453743 0.784196
v 1.984269 0.450595 0.754597
v 2.026814 0.509600 0.769786
v 1.973403 0.470594 0.744881
v 1.957598 0.497923 0.752071
v 1.982807 0.454036 0.744193
v 1.999229 0.577384 0.789950
v 1.999229 0.577384 0.789950
v 1.915315 0.571201 0.771374
v 2.022949 0.519122 0.772607
v 1.976612 0.458564 0.828123
v 2.022497 0.501729 0.775234
v 2.026814 0.509600 0.769786
v 1.906700 0.577772 0.885754
v 1.906700 0.577772 0.885754
v 1.917148 0.569802 0.747025
v 1.996491 0.462296 0.744148
v 2.036757 0.503747 0.745236
v 2.030325 0.483362 0.721561
v 1.918345 0.568936 0.731894
v 2.025200 0.517157 0.770520
v 2.000869 0.577377 0.788253
v 1.915448 0.571099 0.769598
v 1.918767 0.565347 0.768094
v 2.024946 0.547425 0.767028
v 2.033880 0.510548 0.762348
v 2.018926 0.576496 0.756550
v 2.017683 0.577307 0.770844
v 2.008800 0.535857 0.712632
v 2.002936 0.554360 0.713024
v 1.997186 0.572519 0.713416
v 2.021842 0.494459 0.711771
v 1.954598 0.503255 0.751696
v 1.973512 0.470551 0.743068
v 2.028738 0.508504 0.767928
v 1.982320 0.455339 0.738840
v 2.025502 0.481846 0.711580
v 1.992988 0.463091 0.720068
v 2.016675 0.476756 0.713863
v 1.982126 0.456995 0.722904
v 2.025200 0.517157 0.770520
v 2.000869 0.577377 0.788253
v 2.000869 0.577377 0.788253
v 1.915448 0.571099 0.769598
v 2.024946 0.547425 0.767028
v 2.033880 0.510548 0.762348
v 2.018926 0.576496 0.756550
v 2.017683 0.577307 0.770844
v 2.017683 0.577307 0.770844
v 1.997186 0.572519 0.713416
v 1.917148 0.569802 0.747025
v 1.918345 0.568936 0.731894
v 2.028738 0.508504 0.767928
v 2.094893 0.379465 0.700957
v 2.037322 0.360121 0.715124
v 2.047932 0.337402 0.763338
v 2.110959 0.399953 0.696224
v 2.094145 0.370973 0.717238
v 2.047356 0.337936 0.769806
v 2.054222 0.339168 0.762541
v 1.996342 0.460531 0.744147
v 2.031966 0.482289 0.721200
v 2.093662 0.471170 0.705306
v 2.089699 0.464947 0.710183
v 2.058796 0.409895 0.749027
v 2.027156 0.480718 0.711259
v 2.032135 0.480383 0.710136
v 2.069216 0.477416 0.701796
v 2.104274 0.474183 0.693939
v 2.097023 0.475174 0.701327
v 1.983077 0.453971 0.739210
v 2.001827 0.466486 0.717841
v 1.982849 0.455726 0.722802
v 1.985112 0.449163 0.753906
v 2.032602 0.363094 0.781969
v 1.987822 0.444217 0.755840
v 2.016984 0.475005 0.713882
v 2.093662 0.471170 0.705306
v 2.089699 0.464947 0.710183
v 2.058796 0.409895 0.749027
v 2.097023 0.475174 0.701327
v 2.032602 0.363094 0.781969
v 2.110959 0.399953 0.696224
v 2.094145 0.370973 0.717238
v 2.047356 0.337936 0.769806
v 2.104274 0.474183 0.693939
v 2.054222 0.339168 0.762541
v 0.698505 0.075624 -0.183958
v 1.261002 -0.102782 0.013519
v 1.236950 -0.070325 0.061666
v 0.697132 0.092618 -0.135214
v 0.650297 0.011371 -0.178608
v 0.843141 -0.140326 -0.173809
v 0.653836 -0.060047 -0.174121
v 0.987568 -0.170511 -0.119508
v 1.073081 -0.162569 -0.081209
v 0.721576 0.134953 -0.112566
v 0.749842 0.162717 -0.140997
v 0.797771 0.177788 -0.116868
v 1.265640 -0.144660 0.005415
v 1.270298 -0.144224 0.007553
v 1.192603 -0.144602 0.077261
v 1.197323 -0.144505 0.074159
v 1.056448 0.067935 0.207791
v 1.046236 -0.012273 0.199304
v 0.913296 0.157209 0.069900
v 1.060466 0.099998 0.211123
v 0.800566 0.177302 -0.112377
v 1.255844 -0.143320 0.035405
v 1.260703 -0.143234 0.031995
v 0.697132 0.092618 -0.135214
v 0.650297 0.011371 -0.178608
v 0.843141 -0.140326 -0.173809
v 0.653836 -0.060047 -0.174121
v 0.653836 -0.060047 -0.174121
v 0.987568 -0.170511 -0.119508
v 0.987568 -0.170511 -0.119508
v 1.073081 -0.162569 -0.081209
v 0.721576 0.134953 -0.112566
v 0.721576 0.134953 -0.112566
v 0.749842 0.162717 -0.140997
v 0.797771 0.177788 -0.116868
v 1.265640 -0.144660 0.005415
v 1.270298 -0.144224 0.007553
v 1.192603 -0.144602 0.077261
v 1.192603 -0.144602 0.077261
v 1.197323 -0.144505 0.074159
v 1.046236 -0.012273 0.199304
v 1.046236 -0.012273 0.199304
v 1.056448 0.067935 0.207791
v 0.913296 0.157209 0.069900
v 0.913296 0.157209 0.069900
v 1.060466 0.099998 0.211123
v 0.800566 0.177302 -0.112377
v 1.255844 -0.143320 0.035405
v 1.260703 -0.143234 0.031995
v 0.990283 0.002026 -0.629204
v 1.104193 0.096288 -0.550401
v 1.088976 0.114950 -0.564200
v 0.995669 0.064708 -0.749341
v 1.012327 -0.074824 -0.731036
v 1.005839 -0.131770 -0.607828
v 1.107656 0.153265 -0.588607
v 1.023449 0.092991 -0.722491
v 1.047352 0.116981 -0.699383
v 1.076411 -0.115589 -0.555951
v 1.130677 0.146691 -0.582525
v 1.122784 0.148990 -0.584530
v 1.287783 -0.022639 -0.461587
v 1.178950 0.132482 -0.570522
v 1.144430 -0.099835 -0.506316
v 1.291692 -0.040314 -0.457504
v 1.012327 -0.074824 -0.731036
v 1.012327 -0.074824 -0.731036
v 1.005839 -0.131770 -0.607828
v 0.995669 0.064708 -0.749341
v 1.023449 0.092991 -0.722491
v 1.047352 0.116981 -0.699383
v 1.047352 0.116981 -0.699383
v 1.107656 0.153265 -0.588607
v 1.076411 -0.115589 -0.555951
v 1.130677 0.146691 -0.582525
v 1.122784 0.148990 -0.584530
v 1.287783 -0.022639 -0.461587
v 1.178950 0.132482 -0.570522
v 1.178950 0.132482 -0.570522
v 1.144430 -0.099835 -0.506316
v 1.291692 -0.040314 -0.457504
v 1.291692 -0.040314 -0.457504
v 0.715083 0.114500 -0.243708
v 1.013985 0.134179 -0.492950
v 0.738443 0.164241 -0.282067
v 1.102273 0.096227 -0.549375
v 0.779032 -0.114764 -0.624532
v 0.989037 0.001131 -0.627622
v 0.500781 -0.159906 -0.497985
v 1.087321 0.114137 -0.561985
v 0.483110 -0.098386 -0.416429
v 1.072584 -0.177208 -0.418600
v 1.142575 -0.101559 -0.504689
v 1.074377 -0.117156 -0.554912
v 1.064528 -0.119396 -0.562195
v 1.004583 -0.133156 -0.606222
v 0.565290 -0.070826 -0.258384
v 0.578777 -0.059728 -0.245697
v 0.489265 -0.108461 -0.380127
v 0.589316 -0.051273 -0.235779
v 0.586819 -0.068205 -0.237897
v 0.655423 -0.112785 -0.264738
v 1.035855 -0.184909 -0.386471
v 0.783229 -0.196332 -0.315608
v 1.065677 -0.184574 -0.410333
v 0.779092 -0.215810 -0.609272
v 0.866005 -0.209952 -0.604193
v 0.571463 -0.223092 -0.518837
v 0.528205 -0.196339 -0.504272
v 0.510377 -0.185301 -0.498248
v 0.507452 -0.174899 -0.482308
v 0.502900 -0.158355 -0.456881
v 1.072584 -0.177208 -0.418600
v 1.142575 -0.101559 -0.504689
v 1.074377 -0.117156 -0.554912
v 1.064528 -0.119396 -0.562195
v 1.004583 -0.133156 -0.606222
v 0.565290 -0.070826 -0.258384
v 0.565290 -0.070826 -0.258384
v 0.489265 -0.108461 -0.380127
v 0.578777 -0.059728 -0.245697
v 0.589316 -0.051273 -0.235779
v 0.586819 -0.068205 -0.237897
v 0.586819 -0.068205 -0.237897
v 0.655423 -0.112785 -0.264738
v 1.035855 -0.184909 -0.386471
v 0.783229 -0.196332 -0.315608
v 0.783229 -0.196332 -0.315608
v 1.065677 -0.184574 -0.410333
v 1.065677 -0.184574 -0.410333
v 0.866005 -0.209952 -0.604193
v 0.866005 -0.209952 -0.604193
v 0.779092 -0.215810 -0.609272
v 0.571463 -0.223092 -0.518837
v 0.571463 -0.223092 -0.518837
v 0.528205 -0.196339 -0.504272
v 0.510377 -0.185301 -0.498248
v 0.507452 -0.174899 -0.482308
v 0.502900 -0.158355 -0.456881
v 1.262217 -0.100787 0.012924
v 1.013055 0.136082 -0.490515
v 1.104260 0.097975 -0.549481
v 0.772584 0.223883 -0.266770
v 1.236423 -0.068006 0.062867
v 1.088874 0.115555 -0.561730
v 1.201992 0.162191 0.255968
v 1.416713 -0.024870 -0.335093
v 1.440624 -0.038041 -0.274470
v 1.363882 0.186218 -0.332794
v 1.347973 0.152391 -0.405014
v 1.290154 -0.022488 -0.459263
v 1.130449 0.147624 -0.581046
v 1.181134 0.132739 -0.568384
v 1.122257 0.150051 -0.583055
v 1.107467 0.154477 -0.586604
v 1.069781 0.188554 -0.555231
v 0.989617 0.261434 -0.487796
v 1.458986 -0.048830 -0.226361
v 1.460371 -0.057532 -0.204528
v 1.369328 0.199151 -0.305673
v 1.317815 0.298575 -0.169114
v 1.280886 0.315636 0.158135
v 1.282299 0.307012 0.179340
v 1.446138 -0.073196 -0.186374
v 1.278737 0.303089 0.183882
v 1.435367 -0.084683 -0.173483
v 1.424848 -0.095766 -0.161204
v 1.202390 0.221672 0.275201
v 1.326919 -0.062148 -0.362585
v 0.795170 0.185284 -0.136959
v 1.362065 -0.114145 -0.198163
v 0.796852 0.182868 -0.129458
v 1.314293 -0.043336 -0.421957
v 0.790602 0.191888 -0.157432
v 1.310755 -0.037959 -0.438839
v 0.772384 0.230900 -0.267720
v 0.801698 0.261722 -0.301791
v 0.772064 0.219036 -0.241295
v 1.421301 -0.099460 -0.157164
v 1.186692 0.205326 0.293083
v 1.404983 -0.112290 -0.148186
v 1.177068 0.201208 0.290707
v 1.130543 0.182430 0.276661
v 1.060830 0.101602 0.211446
v 1.376217 -0.134814 -0.132573
v 0.799502 0.179110 -0.117747
v 0.802431 0.178543 -0.112909
v 0.861320 0.167826 -0.017193
v 0.917460 0.157695 0.073864
v 1.416713 -0.024870 -0.335093
v 1.416713 -0.024870 -0.335093
v 1.347973 0.152391 -0.405014
v 1.347973 0.152391 -0.405014
v 1.363882 0.186218 -0.332794
v 1.440624 -0.038041 -0.274470
v 1.290154 -0.022488 -0.459263
v 1.181134 0.132739 -0.568384
v 1.181134 0.132739 -0.568384
v 1.130449 0.147624 -0.581046
v 1.122257 0.150051 -0.583055
v 1.107467 0.154477 -0.586604
v 1.069781 0.188554 -0.555231
v 0.989617 0.261434 -0.487796
v 0.989617 0.261434 -0.487796
v 1.278737 0.303089 0.183882
v 1.202390 0.221672 0.275201
v 1.280886 0.315636 0.158135
v 1.280886 0.315636 0.158135
v 1.282299 0.307012 0.179340
v 1.458986 -0.048830 -0.226361
v 1.460371 -0.057532 -0.204528
v 1.369328 0.199151 -0.305673
v 1.317815 0.298575 -0.169114
v 1.317815 0.298575 -0.169114
v 1.446138 -0.073196 -0.186374
v 1.435367 -0.084683 -0.173483
v 1.424848 -0.095766 -0.161204
v 1.326919 -0.062148 -0.362585
v 1.362065 -0.114145 -0.198163
v 0.795170 0.185284 -0.136959
v 0.796852 0.182868 -0.129458
v 0.790602 0.191888 -0.157432
v 1.314293 -0.043336 -0.421957
v 1.310755 -0.037959 -0.438839
v 1.310755 -0.037959 -0.438839
v 0.801698 0.261722 -0.301791
v 0.801698 0.261722 -0.301791
v 0.772384 0.230900 -0.267720
v 0.772064 0.219036 -0.241295
v 1.186692 0.205326 0.293083
v 1.421301 -0.099460 -0.157164
v 1.404983 -0.112290 -0.148186
v 1.177068 0.201208 0.290707
v 1.130543 0.182430 0.276661
v 1.130543 0.182430 0.276661
v 1.060830 0.101602 0.211446
v 1.376217 -0.134814 -0.132573
v 0.799502 0.179110 -0.117747
v 0.802431 0.178543 -0.112909
v 0.861320 0.167826 -0.017193
v 0.917460 0.157695 0.073864
v 0.917460 0.157695 0.073864
v 1.236586 -0.069099 0.064849
v 1.202243 0.162332 0.259421
v 1.199262 -0.144350 0.074595
v 1.193668 -0.144464 0.078283
v 1.047364 -0.012132 0.200377
v 1.057561 0.068280 0.208848
v 1.061699 0.099858 0.212301
v 1.117432 0.164672 0.264436
v 1.058589 0.076345 0.209703
v 1.260953 -0.143059 0.034377
v 1.220730 -0.143909 0.060473
v 1.187016 0.204434 0.295494
v 1.133116 0.182729 0.279110
v 1.349974 -0.040837 0.374270
v 1.322777 -0.128149 0.202186
v 1.274264 -0.139916 0.069485
v 1.370386 0.027195 0.507779
v 1.240081 0.185636 0.381060
v 1.198378 0.202984 0.312565
v 1.215327 0.200595 0.338542
v 1.232919 0.194314 0.374095
v 1.199262 -0.144350 0.074595
v 1.193668 -0.144464 0.078283
v 1.193668 -0.144464 0.078283
v 1.047364 -0.012132 0.200377
v 1.047364 -0.012132 0.200377
v 1.057561 0.068280 0.208848
v 1.061699 0.099858 0.212301
v 1.117432 0.164672 0.264436
v 1.058589 0.076345 0.209703
v 1.260953 -0.143059 0.034377
v 1.220730 -0.143909 0.060473
v 1.133116 0.182729 0.279110
v 1.133116 0.182729 0.279110
v 1.187016 0.204434 0.295494
v 1.349974 -0.040837 0.374270
v 1.322777 -0.128149 0.202186
v 1.322777 -0.128149 0.202186
v 1.274264 -0.139916 0.069485
v 1.370386 0.027195 0.507779
v 1.370386 0.027195 0.507779
v 1.240081 0.185636 0.381060
v 1.198378 0.202984 0.312565
v 1.215327 0.200595 0.338542
v 1.232919 0.194314 0.374095
v 1.232919 0.194314 0.374095
v 0.714260 0.112939 -0.241929
v 0.698750 0.075655 -0.186291
v 1.021640 -0.184654 -0.368787
v 1.033091 -0.184903 -0.383716
v 0.785002 -0.196146 -0.314508
v 0.591177 -0.048933 -0.234041
v 0.588333 -0.068019 -0.236455
v 0.623440 -0.016491 -0.203783
v 0.648220 0.008057 -0.180536
v 0.844028 -0.141977 -0.176031
v 0.651671 -0.060308 -0.176181
v 0.896137 -0.182063 -0.207252
v 1.021640 -0.184654 -0.368787
v 1.033091 -0.184903 -0.383716
v 0.591177 -0.048933 -0.234041
v 0.588333 -0.068019 -0.236455
v 0.588333 -0.068019 -0.236455
v 0.785002 -0.196146 -0.314508
v 0.785002 -0.196146 -0.314508
v 0.623440 -0.016491 -0.203783
v 0.648220 0.008057 -0.180536
v 0.844028 -0.141977 -0.176031
v 0.651671 -0.060308 -0.176181
v 0.651671 -0.060308 -0.176181
v 0.896137 -0.182063 -0.207252
v 0.896137 -0.182063 -0.207252
v 1.518350 0.193850 0.442314
v 1.671465 0.130321 0.381302
v 1.888990 0.014224 0.246521
v 1.202802 0.164513 0.259717
v 1.558886 0.026478 -0.177559
v 1.855634 0.258245 0.242901
v 1.907401 0.178292 0.217060
v 1.637839 0.185694 0.397576
v 1.910987 0.091520 0.148084
v 1.814424 0.068348 0.053695
v 1.647860 0.329459 0.139905
v 1.753682 0.330449 0.223186
v 1.910866 0.036173 0.148744
v 1.894773 -0.000573 0.213197
v 1.603979 0.016098 -0.151987
v 1.589347 0.329301 0.094546
v 1.573320 0.327590 0.080750
v 1.605238 0.340905 0.277615
v 1.722824 0.344406 0.224154
v 1.567932 0.006408 -0.187208
v 1.559304 0.326109 0.068934
v 1.535625 0.325364 0.079009
v 1.502782 -0.035020 -0.202866
v 1.472507 -0.051609 -0.202857
v 1.461994 -0.057411 -0.202760
v 1.304362 0.318275 0.180668
v 1.283628 0.306993 0.180993
v 1.469303 0.336832 0.338978
v 1.424638 0.284206 0.403692
v 1.356267 0.228894 0.445693
v 1.381682 0.233954 0.465114
v 1.274387 0.212932 0.382359
v 1.435890 -0.096177 -0.146302
v 1.561817 -0.006947 -0.193017
v 1.535477 -0.019466 -0.197426
v 1.446930 -0.073251 -0.185250
v 1.279860 0.303030 0.185373
v 1.436094 -0.084779 -0.172347
v 1.205444 0.223849 0.273983
v 1.216008 0.201732 0.336796
v 1.199033 0.203936 0.311206
v 1.422979 -0.098779 -0.156620
v 1.431921 -0.089224 -0.167364
v 1.188185 0.205458 0.294595
v 1.910987 0.091520 0.148084
v 1.814424 0.068348 0.053695
v 1.647860 0.329459 0.139905
v 1.753682 0.330449 0.223186
v 1.910866 0.036173 0.148744
v 1.910866 0.036173 0.148744
v 1.894773 -0.000573 0.213197
v 1.589347 0.329301 0.094546
v 1.589347 0.329301 0.094546
v 1.603979 0.016098 -0.151987
v 1.573320 0.327590 0.080750
v 1.722824 0.344406 0.224154
v 1.722824 0.344406 0.224154
v 1.605238 0.340905 0.277615
v 1.567932 0.006408 -0.187208
v 1.559304 0.326109 0.068934
v 1.535625 0.325364 0.079009
v 1.502782 -0.035020 -0.202866
v 1.472507 -0.051609 -0.202857
v 1.304362 0.318275 0.180668
v 1.304362 0.318275 0.180668
v 1.461994 -0.057411 -0.202760
v 1.283628 0.306993 0.180993
v 1.469303 0.336832 0.338978
v 1.469303 0.336832 0.338978
v 1.424638 0.284206 0.403692
v 1.356267 0.228894 0.445693
v 1.381682 0.233954 0.465114
v 1.435890 -0.096177 -0.146302
v 1.274387 0.212932 0.382359
v 1.561817 -0.006947 -0.193017
v 1.561817 -0.006947 -0.193017
v 1.535477 -0.019466 -0.197426
v 1.279860 0.303030 0.185373
v 1.446930 -0.073251 -0.185250
v 1.205444 0.223849 0.273983
v 1.436094 -0.084779 -0.172347
v 1.216008 0.201732 0.336796
v 1.199033 0.203936 0.311206
v 1.422979 -0.098779 -0.156620
v 1.431921 -0.089224 -0.167364
v 1.188185 0.205458 0.294595
v 1.672204 0.126926 0.380982
v 1.512531 0.193641 0.445023
v 1.888954 0.012514 0.246661
v 1.204451 0.159544 0.256397
v 1.238874 -0.069878 0.062529
v 1.263840 -0.102717 0.013282
v 1.837637 -0.084639 0.366974
v 1.851788 -0.084661 0.352899
v 1.895399 -0.022878 0.265457
v 1.824636 -0.084975 0.374478
v 1.893729 -0.003330 0.218237
v 1.833079 -0.015700 0.170108
v 1.282125 0.213447 0.390587
v 1.355736 0.227786 0.447550
v 1.478439 -0.088205 -0.110910
v 1.380705 0.232590 0.467008
v 1.790388 -0.085886 0.393825
v 1.736436 -0.087342 0.423983
v 1.391718 0.152873 0.526162
v 1.621014 -0.090465 0.488400
v 1.419294 0.033146 0.554322
v 1.422145 -0.099816 -0.155282
v 1.455543 -0.092911 -0.128996
v 1.218598 0.201004 0.341583
v 1.242144 0.187368 0.383000
v 1.236175 0.194689 0.377195
v 1.293957 -0.135479 0.118219
v 1.255989 0.170441 0.396466
v 1.376914 0.211026 0.511141
v 1.325712 -0.127781 0.205004
v 1.374014 0.027633 0.511231
v 1.382446 -0.130888 -0.133765
v 1.262940 -0.143064 0.032430
v 1.273114 -0.144069 0.007183
v 1.376194 -0.135791 -0.130356
v 1.367495 -0.146214 -0.117299
v 1.837637 -0.084639 0.366974
v 1.851788 -0.084661 0.352899
v 1.851788 -0.084661 0.352899
v 1.895399 -0.022878 0.265457
v 1.824636 -0.084975 0.374478
v 1.893729 -0.003330 0.218237
v 1.833079 -0.015700 0.170108
v 1.478439 -0.088205 -0.110910
v 1.282125 0.213447 0.390587
v 1.355736 0.227786 0.447550
v 1.380705 0.232590 0.467008
v 1.790388 -0.085886 0.393825
v 1.736436 -0.087342 0.423983
v 1.621014 -0.090465 0.488400
v 1.621014 -0.090465 0.488400
v 1.419294 0.033146 0.554322
v 1.419294 0.033146 0.554322
v 1.391718 0.152873 0.526162
v 1.422145 -0.099816 -0.155282
v 1.455543 -0.092911 -0.128996
v 1.218598 0.201004 0.341583
v 1.242144 0.187368 0.383000
v 1.236175 0.194689 0.377195
v 1.236175 0.194689 0.377195
v 1.255989 0.170441 0.396466
v 1.376914 0.211026 0.511141
v 1.376914 0.211026 0.511141
v 1.262940 -0.143064 0.032430
v 1.293957 -0.135479 0.118219
v 1.325712 -0.127781 0.205004
v 1.325712 -0.127781 0.205004
v 1.374014 0.027633 0.511231
v 1.374014 0.027633 0.511231
v 1.382446 -0.130888 -0.133765
v 1.273114 -0.144069 0.007183
v 1.376194 -0.135791 -0.130356
v 1.367495 -0.146214 -0.117299
v 1.367495 -0.146214 -0.117299
v 1.923565 0.353731 0.539963
v 1.705223 0.248289 0.534218
v 1.638471 0.187672 0.399738
v 1.857443 0.260089 0.243360
v 1.513517 0.195052 0.445450
v 1.904090 0.450101 0.588461
v 1.813567 0.369697 0.569079
v 1.924844 0.451114 0.584715
v 1.725252 0.365629 0.584639
v 1.495273 0.246414 0.574862
v 1.762118 0.443123 0.613265
v 1.910546 0.292378 0.276548
v 1.897028 0.278610 0.241728
v 1.918338 0.423963 0.453812
v 1.916812 0.366358 0.412517
v 1.919230 0.369253 0.459677
v 1.919784 0.444691 0.485944
v 1.918018 0.442472 0.451847
v 1.380043 0.211390 0.514119
v 1.895151 0.276749 0.236984
v 1.383353 0.233857 0.467362
v 1.391577 0.243857 0.454744
v 1.810146 0.309398 0.229371
v 1.470784 0.336999 0.340400
v 1.611277 0.341224 0.277244
v 1.761045 0.328349 0.225135
v 1.725009 0.344653 0.226275
v 1.383353 0.233857 0.467362
v 1.380043 0.211390 0.514119
v 1.904090 0.450101 0.588461
v 1.924844 0.451114 0.584715
v 1.725252 0.365629 0.584639
v 1.725252 0.365629 0.584639
v 1.495273 0.246414 0.574862
v 1.813567 0.369697 0.569079
v 1.813567 0.369697 0.569079
v 1.762118 0.443123 0.613265
v 1.762118 0.443123 0.613265
v 1.910546 0.292378 0.276548
v 1.897028 0.278610 0.241728
v 1.916812 0.366358 0.412517
v 1.916812 0.366358 0.412517
v 1.919230 0.369253 0.459677
v 1.919230 0.369253 0.459677
v 1.918338 0.423963 0.453812
v 1.919784 0.444691 0.485944
v 1.918018 0.442472 0.451847
v 1.918018 0.442472 0.451847
v 1.895151 0.276749 0.236984
v 1.391577 0.243857 0.454744
v 1.810146 0.309398 0.229371
v 1.470784 0.336999 0.340400
v 1.470784 0.336999 0.340400
v 1.611277 0.341224 0.277244
v 1.761045 0.328349 0.225135
v 1.725009 0.344653 0.226275
v 1.725009 0.344653 0.226275
v 0.715775 0.115445 -0.242074
v 0.699882 0.077040 -0.185681
v 1.005447 0.136962 -0.484382
v 1.104373 0.095099 -0.548709
v 0.739587 0.165374 -0.280893
v 1.262639 -0.103360 0.011344
v 0.771725 0.221777 -0.266676
v 0.771197 0.215765 -0.234956
v 0.759124 0.184991 -0.180061
v 0.754535 0.173171 -0.158917
v 1.066794 -0.184430 -0.409248
v 1.106625 -0.141359 -0.458287
v 1.037076 -0.184737 -0.385064
v 0.870747 -0.148023 -0.166790
v 0.847162 -0.143153 -0.175760
v 0.751015 0.164032 -0.142536
v 0.776297 0.171947 -0.129730
v 1.151567 -0.155432 -0.048434
v 0.982094 -0.171200 -0.124761
v 0.790123 0.176291 -0.122762
v 0.797150 0.178507 -0.119239
v 1.357638 -0.110740 -0.211615
v 1.330876 -0.070670 -0.337917
v 0.793413 0.183935 -0.136043
v 1.317023 -0.050176 -0.402722
v 1.309441 -0.039232 -0.437562
v 0.897532 -0.181885 -0.205913
v 0.860410 -0.153366 -0.183736
v 1.141199 -0.104118 -0.500519
v 1.144262 -0.100829 -0.504236
v 1.291426 -0.028295 -0.457934
v 1.294074 -0.040019 -0.455172
v 1.271917 -0.144258 0.005400
v 1.374305 -0.136494 -0.131114
v 1.366062 -0.146393 -0.118691
v 0.771197 0.215765 -0.234956
v 0.759124 0.184991 -0.180061
v 1.309441 -0.039232 -0.437562
v 1.309441 -0.039232 -0.437562
v 1.291426 -0.028295 -0.457934
v 1.294074 -0.040019 -0.455172
v 1.294074 -0.040019 -0.455172
v 0.754535 0.173171 -0.158917
v 1.066794 -0.184430 -0.409248
v 1.066794 -0.184430 -0.409248
v 1.106625 -0.141359 -0.458287
v 1.151567 -0.155432 -0.048434
v 1.271917 -0.144258 0.005400
v 1.037076 -0.184737 -0.385064
v 0.751015 0.164032 -0.142536
v 0.776297 0.171947 -0.129730
v 0.870747 -0.148023 -0.166790
v 0.847162 -0.143153 -0.175760
v 0.790123 0.176291 -0.122762
v 0.982094 -0.171200 -0.124761
v 0.982094 -0.171200 -0.124761
v 0.797150 0.178507 -0.119239
v 0.793413 0.183935 -0.136043
v 1.357638 -0.110740 -0.211615
v 1.330876 -0.070670 -0.337917
v 1.317023 -0.050176 -0.402722
v 0.897532 -0.181885 -0.205913
v 0.897532 -0.181885 -0.205913
v 0.860410 -0.153366 -0.183736
v 1.141199 -0.104118 -0.500519
v 1.144262 -0.100829 -0.504236
v 1.374305 -0.136494 -0.131114
v 1.366062 -0.146393 -0.118691
v 1.366062 -0.146393 -0.118691
v 1.560360 0.029465 -0.178247
v 1.857937 0.258650 0.241365
v 1.907928 0.180906 0.216030
v 1.571444 0.029955 -0.184095
v 1.568421 0.011569 -0.186802
v 1.583303 0.101268 -0.173468
v 1.603654 0.182506 -0.154651
v 1.942435 0.204575 0.177337
v 1.943052 0.231152 0.193056
v 1.947031 0.222952 0.181585
v 1.595566 0.018202 -0.160270
v 1.892939 0.091291 0.130383
v 1.560978 0.325920 0.066696
v 1.761942 0.326893 0.223244
v 1.932371 0.252557 0.222772
v 1.935373 0.246725 0.214746
v 1.915020 0.096644 0.151967
v 1.922518 0.258759 0.226175
v 1.895365 0.275725 0.235330
v 1.571444 0.029955 -0.184095
v 1.568421 0.011569 -0.186802
v 1.583303 0.101268 -0.173468
v 1.942435 0.204575 0.177337
v 1.915020 0.096644 0.151967
v 1.603654 0.182506 -0.154651
v 1.603654 0.182506 -0.154651
v 1.947031 0.222952 0.181585
v 1.947031 0.222952 0.181585
v 1.943052 0.231152 0.193056
v 1.595566 0.018202 -0.160270
v 1.892939 0.091291 0.130383
v 1.560978 0.325920 0.066696
v 1.761942 0.326893 0.223244
v 1.932371 0.252557 0.222772
v 1.935373 0.246725 0.214746
v 1.922518 0.258759 0.226175
v 1.895365 0.275725 0.235330
v 1.558680 0.030145 -0.178096
v 1.460936 -0.048660 -0.224291
v 1.475592 -0.043977 -0.216571
v 1.371106 0.199434 -0.303796
v 1.542578 0.180690 -0.204920
v 1.462190 -0.056394 -0.204859
v 1.319766 0.298793 -0.167219
v 1.283191 0.315892 0.160348
v 1.284454 0.308312 0.179013
v 1.583943 0.108801 -0.172945
v 1.576536 0.137977 -0.180621
v 1.497131 -0.037129 -0.205145
v 1.566490 0.178127 -0.191041
v 1.535100 0.325217 0.077023
v 1.471142 -0.051463 -0.204922
v 1.302386 0.318052 0.178771
v 1.602424 0.182360 -0.155854
v 1.559614 0.325935 0.065676
v 1.460936 -0.048660 -0.224291
v 1.475592 -0.043977 -0.216571
v 1.371106 0.199434 -0.303796
v 1.542578 0.180690 -0.204920
v 1.283191 0.315892 0.160348
v 1.283191 0.315892 0.160348
v 1.284454 0.308312 0.179013
v 1.319766 0.298793 -0.167219
v 1.319766 0.298793 -0.167219
v 1.462190 -0.056394 -0.204859
v 1.583943 0.108801 -0.172945
v 1.576536 0.137977 -0.180621
v 1.566490 0.178127 -0.191041
v 1.566490 0.178127 -0.191041
v 1.497131 -0.037129 -0.205145
v 1.471142 -0.051463 -0.204922
v 1.302386 0.318052 0.178771
v 1.302386 0.318052 0.178771
v 1.535100 0.325217 0.077023
v 1.602424 0.182360 -0.155854
v 1.602424 0.182360 -0.155854
v 1.559614 0.325935 0.065676
v 1.559614 0.325935 0.065676
v 1.925084 0.469395 0.593117
v 1.924855 0.483409 0.591614
v 1.925213 0.479218 0.597631
v 1.918147 0.479249 0.599080
v 1.924855 0.483409 0.591614
v 1.918147 0.479249 0.599080
v 1.925084 0.469395 0.593117
v 1.925430 0.495732 0.605220
v 1.924857 0.485787 0.592144
v 1.925239 0.481188 0.598536
v 1.917427 0.481326 0.600186
v 1.918422 0.487388 0.602786
v 1.925064 0.494968 0.598015
v 1.920038 0.495469 0.606193
v 1.925430 0.495732 0.605220
v 1.920038 0.495469 0.606193
v 1.925064 0.494968 0.598015
v 1.907171 0.494841 0.608515
v 1.924670 0.494768 0.590397
v 1.916892 0.495315 0.606761
v 1.923964 0.495057 0.595753
v 1.914706 0.484138 0.602038
v 1.916892 0.495315 0.606761
v 1.923964 0.495057 0.595753
v 1.907171 0.494841 0.608515
v 1.907171 0.494841 0.608515
v 1.914706 0.484138 0.602038
v 1.924670 0.494768 0.590397
v 1.924670 0.494768 0.590397
v 2.002242 0.148935 0.839993
v 1.996107 0.142653 0.847128
v 2.007849 0.148329 0.834259
v 2.006690 0.145524 0.830828
v 2.004443 0.141554 0.838628
v 1.996967 0.140775 0.846469
v 2.011741 0.143937 0.830773
v 1.987915 0.139246 0.856037
v 1.995544 0.140311 0.848001
v 1.543290 0.179640 -0.206234
v 1.562073 0.177608 -0.195366
v 1.482710 0.134120 -0.272597
v 1.480388 0.138627 -0.274938
v 1.477774 0.127488 -0.237389
v 1.481424 0.120733 -0.234533
v 1.491114 0.133965 -0.264352
v 1.493990 0.122335 -0.227583
v 1.468068 0.166535 -0.287416
v 1.449276 0.189724 -0.260788
v 1.554140 0.133201 -0.202521
v 1.547397 0.129521 -0.198123
v 1.527650 0.126857 -0.208994
v 1.571045 0.140893 -0.186048
v 1.482710 0.134120 -0.272597
v 1.480388 0.138627 -0.274938
v 1.491114 0.133965 -0.264352
v 1.468068 0.166535 -0.287416
v 1.468068 0.166535 -0.287416
v 1.449276 0.189724 -0.260788
v 1.554140 0.133201 -0.202521
v 1.571045 0.140893 -0.186048
v 1.543290 0.179640 -0.206234
v 1.562073 0.177608 -0.195366
v 1.562073 0.177608 -0.195366
v 1.574783 0.125597 -0.182166
v 1.581272 0.098425 -0.175419
v 1.555209 0.131351 -0.201447
v 1.575379 0.062828 -0.180698
v 1.569499 0.061837 -0.177827
v 1.566020 0.072768 -0.181028
v 1.548679 0.127743 -0.197191
v 1.571553 0.138814 -0.185520
v 1.555209 0.131351 -0.201447
v 1.575379 0.062828 -0.180698
v 1.571553 0.138814 -0.185520
v 1.574783 0.125597 -0.182166
v 1.581272 0.098425 -0.175419
v 1.558577 0.027894 -0.180061
v 1.566641 0.010050 -0.188526
v 1.420815 0.004406 -0.331482
v 1.417438 -0.006383 -0.323627
v 1.421567 -0.021953 -0.330373
v 1.425451 -0.017431 -0.308202
v 1.468482 -0.013163 -0.284479
v 1.564378 0.004992 -0.190674
v 1.490363 0.001010 -0.215574
v 1.538503 0.005818 -0.188876
v 1.429693 -0.014370 -0.293359
v 1.430698 -0.011527 -0.288252
v 1.431763 -0.008598 -0.282966
v 1.439386 0.011908 -0.245784
v 1.429489 0.008395 -0.277137
v 1.442577 0.030655 -0.246146
v 1.437212 0.017907 -0.247714
v 1.425386 0.003321 -0.292839
v 1.427011 0.005322 -0.286595
v 1.465935 0.085806 -0.239278
v 1.456493 0.081189 -0.297568
v 1.481587 0.118208 -0.234147
v 1.483100 0.131764 -0.272182
v 1.491299 0.131896 -0.264142
v 1.493877 0.120224 -0.227402
v 1.553590 0.131505 -0.203037
v 1.546530 0.127607 -0.198392
v 1.527062 0.124870 -0.209098
v 1.574951 0.060245 -0.181081
v 1.568655 0.059215 -0.177999
v 1.565419 0.069143 -0.180950
v 1.420815 0.004406 -0.331482
v 1.421567 -0.021953 -0.330373
v 1.468482 -0.013163 -0.284479
v 1.564378 0.004992 -0.190674
v 1.456493 0.081189 -0.297568
v 1.483100 0.131764 -0.272182
v 1.491299 0.131896 -0.264142
v 1.553590 0.131505 -0.203037
v 1.574951 0.060245 -0.181081
v 1.566641 0.010050 -0.188526
v 1.439451 -0.035988 -0.280695
v 1.441494 -0.037105 -0.275535
v 1.460960 -0.047634 -0.226629
v 1.477508 -0.042376 -0.217842
v 1.491557 -0.033192 -0.221273
v 1.500634 -0.024343 -0.206832
v 1.434723 -0.022774 -0.284777
v 1.437011 -0.034636 -0.286899
v 1.487499 -0.008656 -0.216079
v 1.480575 -0.000418 -0.220966
v 1.505106 -0.033039 -0.204499
v 1.432721 -0.011405 -0.282234
v 1.440261 0.009494 -0.245007
v 1.491557 -0.033192 -0.221273
v 1.437011 -0.034636 -0.286899
v 1.505106 -0.033039 -0.204499
v 1.439451 -0.035988 -0.280695
v 1.441494 -0.037105 -0.275535
v 1.460960 -0.047634 -0.226629
v 1.477508 -0.042376 -0.217842
v 1.362620 0.178732 -0.347032
v 1.365651 0.185075 -0.333454
v 1.371951 0.198017 -0.305658
v 1.378825 0.156023 -0.374804
v 1.404637 0.066188 -0.348220
v 1.407082 0.026569 -0.329565
v 1.358434 0.169778 -0.366130
v 1.463844 0.154653 -0.248449
v 1.459308 0.175414 -0.278425
v 1.447531 0.189911 -0.261800
v 1.466537 0.166354 -0.288915
v 1.479853 0.119583 -0.235292
v 1.481135 0.133227 -0.274130
v 1.415543 0.001779 -0.323116
v 1.419857 0.013732 -0.332552
v 1.422890 0.010295 -0.294994
v 1.432211 0.021231 -0.259826
v 1.424623 0.012317 -0.288418
v 1.437027 0.028876 -0.249091
v 1.464865 0.087262 -0.240054
v 1.455889 0.083231 -0.298189
v 1.434850 0.024426 -0.249811
v 1.378825 0.156023 -0.374804
v 1.378825 0.156023 -0.374804
v 1.358434 0.169778 -0.366130
v 1.404637 0.066188 -0.348220
v 1.459308 0.175414 -0.278425
v 1.447531 0.189911 -0.261800
v 1.466537 0.166354 -0.288915
v 1.466537 0.166354 -0.288915
v 1.481135 0.133227 -0.274130
v 1.419857 0.013732 -0.332552
v 1.455889 0.083231 -0.298189
v 1.362620 0.178732 -0.347032
v 1.365651 0.185075 -0.333454
v 1.371951 0.198017 -0.305658
v 1.350440 0.152680 -0.402598
v 1.385538 0.129020 -0.367839
v 1.415670 -0.000178 -0.324206
v 1.365157 0.148461 -0.362220
v 1.419490 0.010903 -0.332872
v 1.377769 0.155899 -0.375837
v 1.358124 0.169115 -0.367544
v 1.420170 -0.021006 -0.331756
v 1.385538 0.129020 -0.367839
v 1.419490 0.010903 -0.332872
v 1.377769 0.155899 -0.375837
v 1.377769 0.155899 -0.375837
v 1.358124 0.169115 -0.367544
v 1.420170 -0.021006 -0.331756
v 1.350440 0.152680 -0.402598
v 1.350440 0.152680 -0.402598
v 1.558873 -0.007310 -0.195900
v 1.489046 -0.003434 -0.215806
v 1.430515 -0.016578 -0.292582
v 1.507029 -0.032119 -0.204191
v 1.432896 -0.027308 -0.293583
v 1.450365 -0.032852 -0.274133
v 1.434123 -0.033035 -0.294245
v 1.495465 -0.010088 -0.258056
v 1.519351 0.001982 -0.199275
v 1.563322 0.002632 -0.191677
v 1.536525 0.003643 -0.189745
v 1.420396 -0.025427 -0.329154
v 1.507029 -0.032119 -0.204191
v 1.450365 -0.032852 -0.274133
v 1.434123 -0.033035 -0.294245
v 1.495465 -0.010088 -0.258056
v 1.563322 0.002632 -0.191677
v 1.420396 -0.025427 -0.329154
v 1.420396 -0.025427 -0.329154
v 1.558873 -0.007310 -0.195900
v 1.558873 -0.007310 -0.195900
v 2.048169 0.335388 0.764234
v 2.053681 0.336871 0.763386
v 2.047715 0.335834 0.769696
v 2.076477 0.315323 0.742446
v 2.046481 0.330266 0.771664
v 2.096855 0.296018 0.723731
v 2.040283 0.268113 0.724406
v 2.026851 0.237027 0.797521
v 2.025436 0.233676 0.805451
v 2.096855 0.296018 0.723731
v 2.025436 0.233676 0.805451
v 2.053681 0.336871 0.763386
v 2.047715 0.335834 0.769696
v 2.046481 0.330266 0.771664
v 2.076477 0.315323 0.742446
v 2.015482 0.142252 0.827106
v 2.013184 0.153004 0.828153
v 2.008356 0.153741 0.830084
v 2.023390 0.137157 0.819546
v 2.008492 0.144087 0.821931
v 2.007996 0.148742 0.824790
v 2.013184 0.153004 0.828153
v 2.023390 0.137157 0.819546
v 2.015482 0.142252 0.827106
v 2.008356 0.153741 0.830084
v 2.095016 0.576983 0.690774
v 2.039240 0.502739 0.743765
v 2.091499 0.478893 0.702890
v 2.032335 0.483892 0.721082
v 2.073174 0.577074 0.713388
v 2.020721 0.576511 0.755057
v 2.103458 0.482730 0.693686
v 2.068352 0.479328 0.701896
v 2.102744 0.476952 0.694146
v 2.032531 0.481965 0.709964
v 2.027509 0.482388 0.711093
v 2.016734 0.575827 0.747876
v 2.022621 0.497814 0.711420
v 2.000512 0.568054 0.712876
v 2.016734 0.575827 0.747876
v 2.000512 0.568054 0.712876
v 2.073174 0.577074 0.713388
v 2.073174 0.577074 0.713388
v 2.103458 0.482730 0.693686
v 2.020721 0.576511 0.755057
v 2.095016 0.576983 0.690774
v 2.095016 0.576983 0.690774
v 1.997215 0.461373 0.745686
v 2.032352 0.482518 0.722300
v 2.038175 0.501786 0.745335
v 2.090483 0.478913 0.707638
v 2.082513 0.483224 0.715359
v 1.985054 0.449080 0.756208
v 2.023824 0.500965 0.773954
v 1.982038 0.452298 0.784149
v 2.029074 0.505899 0.767904
v 1.977457 0.457122 0.827426
v 2.035812 0.508341 0.760620
v 2.094121 0.476932 0.704115
v 2.088984 0.467332 0.710628
v 1.987653 0.444386 0.757532
v 2.031180 0.365519 0.783141
v 2.063801 0.422734 0.742249
v 2.090483 0.478913 0.707638
v 2.082513 0.483224 0.715359
v 2.023824 0.500965 0.773954
v 2.029074 0.505899 0.767904
v 1.977457 0.457122 0.827426
v 2.035812 0.508341 0.760620
v 2.031180 0.365519 0.783141
v 2.063801 0.422734 0.742249
v 2.088984 0.467332 0.710628
v 2.094121 0.476932 0.704115
v 2.038980 0.504521 0.746007
v 2.029724 0.538155 0.763228
v 2.021040 0.576632 0.756707
v 2.020031 0.577297 0.768412
v 2.065459 0.577107 0.721376
v 2.037854 0.576803 0.743193
v 2.036972 0.509789 0.759239
v 2.097760 0.477789 0.700239
v 2.029724 0.538155 0.763228
v 2.020031 0.577297 0.768412
v 2.020031 0.577297 0.768412
v 2.021040 0.576632 0.756707
v 2.065459 0.577107 0.721376
v 2.065459 0.577107 0.721376
v 2.037854 0.576803 0.743193
v 2.036972 0.509789 0.759239
v 2.097760 0.477789 0.700239
v 1.761512 0.348625 0.348958
v 1.756330 0.346932 0.347410
v 1.761189 0.347879 0.356800
v -1.826909 0.252700 -0.547152
v -1.814642 0.540797 -0.558321
v -1.776005 0.595245 -0.534986
v -1.747625 0.618263 -0.674780
v -1.707183 0.680335 -0.599134
v -1.698900 0.690505 -0.614255
v -1.610152 0.727127 -0.596025
v -1.532767 0.298635 -0.506265
v -1.621922 0.298641 -0.674552
v -1.593247 0.335397 -0.387487
v -1.593954 0.298634 -0.385630
v -1.556161 0.113666 -0.347095
v -1.596218 0.204162 -0.381174
v -1.563637 0.134850 -0.445416
v -1.621925 0.199561 -0.674554
v -1.686138 0.231159 -0.714634
v -1.532771 0.134637 -0.506269
v -1.706275 0.241208 -0.727203
v -1.726291 0.248259 -0.724295
v -1.588634 0.566287 -0.399479
v -1.741121 0.602039 -0.686747
v -1.745423 0.298645 -0.689007
v -1.586576 0.664257 -0.404767
v -1.741031 0.607325 -0.686705
v -1.588783 0.721677 -0.605611
v -1.535698 0.707703 -0.505622
v -1.552620 0.711929 -0.472313
v -1.623747 0.645710 -0.672755
v -1.604744 0.687146 -0.636260
v -1.568179 0.693641 -0.441408
v -1.581084 0.677796 -0.415765
v -1.556161 0.113666 -0.347095
v -1.596218 0.204162 -0.381174
v -1.593954 0.298634 -0.385630
v -1.593954 0.298634 -0.385630
v -1.593247 0.335397 -0.387487
v -1.621925 0.199561 -0.674554
v -1.621925 0.199561 -0.674554
v -1.532771 0.134637 -0.506269
v -1.532771 0.134637 -0.506269
v -1.563637 0.134850 -0.445416
v -1.686138 0.231159 -0.714634
v -1.706275 0.241208 -0.727203
v -1.726291 0.248259 -0.724295
v -1.588634 0.566287 -0.399479
v -1.741121 0.602039 -0.686747
v -1.745423 0.298645 -0.689007
v -1.745423 0.298645 -0.689007
v -1.568179 0.693641 -0.441408
v -1.581084 0.677796 -0.415765
v -1.741031 0.607325 -0.686705
v -1.623747 0.645710 -0.672755
v -1.623747 0.645710 -0.672755
v -1.586576 0.664257 -0.404767
v -1.588783 0.721677 -0.605611
v -1.535698 0.707703 -0.505622
v -1.535698 0.707703 -0.505622
v -1.552620 0.711929 -0.472313
v -1.604744 0.687146 -0.636260
v -1.621922 0.298641 -0.674552
v -1.621922 0.298641 -0.674552
v -1.532767 0.298635 -0.506265
v -1.532767 0.298635 -0.506265
v -2.156993 -0.173516 -0.820841
v -2.145955 -0.175505 -0.817882
v -2.037382 -0.041639 -0.488391
v -2.044721 0.263314 -0.414370
v -1.901552 0.029392 -0.756387
v -1.929407 0.022095 -0.839833
v -1.948176 0.165728 -0.472908
v -2.149983 0.280298 -0.296495
v -2.064270 -0.097472 -0.918043
v -2.052011 -0.114829 -0.895500
v -1.905238 0.020150 -0.745151
v -2.039221 -0.103680 -0.886586
v -1.960917 0.014706 -0.502905
v -1.956521 0.144855 -0.451114
v -2.196794 0.069219 -0.757247
v -2.166011 0.282131 -0.287671
v -2.171702 0.281757 -0.298413
v -2.167386 0.274135 -0.290265
v -2.116539 0.254330 -0.606837
v -2.171607 0.272083 -0.427543
v -2.115676 0.259467 -0.537816
v -2.205114 0.279502 -0.361481
v -2.192354 0.130907 -0.337390
v -2.205120 0.085699 -0.361486
v -2.199754 0.089201 -0.351357
v -2.207465 0.066138 -0.399679
v -2.204480 0.069211 -0.391938
v -2.200456 0.079132 -0.370682
v -2.078180 0.194001 -0.692461
v -2.092909 -0.010825 -0.956505
v -2.201387 -0.010440 -0.897697
v -2.281412 -0.015318 -0.850996
v -2.275929 -0.010093 -0.857227
v -2.011858 0.091336 -0.833729
v -2.004491 0.079868 -0.849462
v -2.283944 -0.012678 -0.601779
v -2.348250 -0.079651 -0.774036
v -2.329682 -0.061313 -0.795791
v -1.990988 0.050834 -0.900611
v -1.997710 0.069216 -0.864043
v -2.062489 -0.008124 -0.967980
v -2.051890 -0.000910 -0.960729
v -2.066640 -0.010846 -0.970633
v -1.988277 0.042930 -0.916238
v -2.166011 0.282131 -0.287671
v -2.171702 0.281757 -0.298413
v -2.167386 0.274135 -0.290265
v -2.116539 0.254330 -0.606837
v -2.116539 0.254330 -0.606837
v -2.115676 0.259467 -0.537816
v -2.171607 0.272083 -0.427543
v -2.205114 0.279502 -0.361481
v -2.205114 0.279502 -0.361481
v -2.192354 0.130907 -0.337390
v -2.207465 0.066138 -0.399679
v -2.204480 0.069211 -0.391938
v -2.204480 0.069211 -0.391938
v -2.205120 0.085699 -0.361486
v -2.205120 0.085699 -0.361486
v -2.199754 0.089201 -0.351357
v -2.200456 0.079132 -0.370682
v -2.092909 -0.010825 -0.956505
v -2.201387 -0.010440 -0.897697
v -2.281412 -0.015318 -0.850996
v -2.275929 -0.010093 -0.857227
v -2.275929 -0.010093 -0.857227
v -2.078180 0.194001 -0.692461
v -2.011858 0.091336 -0.833729
v -2.004491 0.079868 -0.849462
v -2.283944 -0.012678 -0.601779
v -2.348250 -0.079651 -0.774036
v -2.329682 -0.061313 -0.795791
v -1.997710 0.069216 -0.864043
v -1.997710 0.069216 -0.864043
v -1.990988 0.050834 -0.900611
v -2.062489 -0.008124 -0.967980
v -2.051890 -0.000910 -0.960729
v -2.066640 -0.010846 -0.970633
v -1.988277 0.042930 -0.916238
v -2.196794 0.069219 -0.757247
v -2.196794 0.069219 -0.757247
v -2.196794 0.069219 -0.757247
v -2.158797 -0.174021 -0.821517
v -2.064746 -0.096308 -0.920568
v -2.298626 -0.265743 -0.809765
v -2.450002 -0.184558 -1.077155
v -2.466068 -0.287653 -1.025490
v -2.470715 -0.279721 -1.071488
v -2.442533 -0.287651 -1.149287
v -2.472838 -0.272641 -1.123188
v -2.264366 -0.184561 -1.176397
v -2.174157 -0.133221 -1.132520
v -2.397715 -0.273125 -1.163610
v -2.366564 -0.287658 -0.948710
v -2.419684 -0.287652 -1.161484
v -2.439583 -0.233013 -0.780890
v -2.444561 -0.245242 -0.812572
v -2.455426 -0.287656 -0.920138
v -2.350331 -0.287660 -0.882055
v -2.349246 -0.080860 -0.775074
v -2.406000 -0.155164 -0.775478
v -2.302548 -0.035492 -0.828427
v -2.276577 -0.010743 -0.858046
v -2.116896 -0.011516 -0.944877
v -2.428470 -0.184565 -0.775843
v -2.067289 -0.011773 -0.971948
v -2.089418 -0.084711 -1.090869
v -2.120994 -0.102845 -1.106449
v -2.349246 -0.080860 -0.775074
v -2.302548 -0.035492 -0.828427
v -2.466068 -0.287653 -1.025490
v -2.466068 -0.287653 -1.025490
v -2.470715 -0.279721 -1.071488
v -2.472838 -0.272641 -1.123188
v -2.472838 -0.272641 -1.123188
v -2.442533 -0.287651 -1.149287
v -2.442533 -0.287651 -1.149287
v -2.264366 -0.184561 -1.176397
v -2.264366 -0.184561 -1.176397
v -2.397715 -0.273125 -1.163610
v -2.174157 -0.133221 -1.132520
v -2.419684 -0.287652 -1.161484
v -2.419684 -0.287652 -1.161484
v -2.366564 -0.287658 -0.948710
v -2.455426 -0.287656 -0.920138
v -2.455426 -0.287656 -0.920138
v -2.350331 -0.287660 -0.882055
v -2.439583 -0.233013 -0.780890
v -2.444561 -0.245242 -0.812572
v -2.406000 -0.155164 -0.775478
v -2.276577 -0.010743 -0.858046
v -2.276577 -0.010743 -0.858046
v -2.116896 -0.011516 -0.944877
v -2.428470 -0.184565 -0.775843
v -2.428470 -0.184565 -0.775843
v -2.067289 -0.011773 -0.971948
v -2.089418 -0.084711 -1.090869
v -2.120994 -0.102845 -1.106449
v -2.450002 -0.184558 -1.077155
v -2.450002 -0.184558 -1.077155
v -2.450002 -0.184558 -1.077155
v -2.044972 0.265778 -0.415202
v -1.947827 0.463849 -0.476449
v -2.152264 0.282838 -0.293634
v -2.205114 0.298651 -0.361483
v -2.097255 0.298653 -0.574135
v -2.201643 0.280640 -0.368329
v -2.130646 0.264971 -0.508304
v -2.168812 0.284079 -0.292959
v -2.205115 0.281416 -0.361483
v -2.165337 0.284343 -0.286400
v -2.114718 0.261507 -0.539708
v -2.114216 0.259558 -0.605337
v -2.026533 0.410085 -0.611678
v -2.082809 0.298653 -0.581933
v -2.153939 0.400514 -0.266431
v -2.161850 0.298648 -0.279819
v -2.162441 0.290513 -0.280933
v -2.203959 0.458603 -0.361727
v -2.096054 0.542848 -0.573396
v -1.974157 0.514428 -0.639358
v -1.955249 0.552194 -0.649351
v -2.201643 0.280640 -0.368329
v -2.130646 0.264971 -0.508304
v -2.168812 0.284079 -0.292959
v -2.205115 0.281416 -0.361483
v -2.205115 0.281416 -0.361483
v -2.165337 0.284343 -0.286400
v -2.114718 0.261507 -0.539708
v -2.114216 0.259558 -0.605337
v -2.114216 0.259558 -0.605337
v -2.082809 0.298653 -0.581933
v -2.082809 0.298653 -0.581933
v -2.026533 0.410085 -0.611678
v -2.153939 0.400514 -0.266431
v -2.161850 0.298648 -0.279819
v -2.162441 0.290513 -0.280933
v -2.203959 0.458603 -0.361727
v -2.203959 0.458603 -0.361727
v -2.096054 0.542848 -0.573396
v -2.096054 0.542848 -0.573396
v -1.974157 0.514428 -0.639358
v -1.955249 0.552194 -0.649351
v -2.097255 0.298653 -0.574135
v -2.097255 0.298653 -0.574135
v -2.097255 0.298653 -0.574135
v -2.205114 0.298651 -0.361483
v -2.205114 0.298651 -0.361483
v -1.765448 -0.158670 -0.050467
v -2.061383 -0.145207 0.002244
v -1.642749 -0.056474 -0.099066
v -1.661459 0.022761 -0.115233
v -1.784996 -0.186681 -0.056606
v -2.096945 -0.266398 -0.031747
v -1.649332 -0.260112 -0.330549
v -1.608998 -0.146715 -0.251933
v -2.036586 -0.042618 -0.486901
v -1.703737 -0.287087 -0.388301
v -1.960228 0.014139 -0.501108
v -1.955092 0.143527 -0.449416
v -1.645183 -0.004156 -0.231914
v -2.151578 0.280717 -0.293015
v -2.115967 0.069204 -0.193204
v -2.115961 0.275501 -0.193199
v -1.993770 0.215434 -0.116930
v -2.128575 0.279431 -0.217008
v -1.962383 0.199434 -0.101341
v -2.156907 0.287894 -0.270487
v -2.161943 0.288856 -0.279994
v -2.164934 0.282306 -0.285640
v -1.927778 0.069195 -0.075739
v -1.960929 0.178634 -0.096431
v -1.966497 0.196861 -0.099906
v -2.181603 0.187715 -0.317099
v -2.199124 0.087831 -0.350169
v -2.244718 -0.026251 -0.297219
v -2.198482 0.069210 -0.348955
v -2.096684 -0.287678 -0.407936
v -2.128329 -0.287678 -0.378855
v -2.212242 -0.141501 -0.069486
v -2.206050 -0.136038 -0.065755
v -2.120352 -0.124018 -0.023023
v -2.078849 -0.114864 -0.001871
v -2.050178 -0.084297 -0.014771
v -1.992854 -0.012606 -0.043150
v -1.670509 -0.287692 -0.358466
v -1.688006 -0.287692 -0.340279
v -1.708991 -0.287690 -0.388364
v -2.180004 -0.287678 -0.331268
v -2.290819 -0.121836 -0.245428
v -2.227630 -0.139400 -0.101412
v -2.093208 -0.287686 -0.073016
v -2.082264 -0.287687 -0.041128
v -1.968202 -0.287690 -0.059733
v -1.960051 -0.287690 -0.061107
v -1.784076 -0.287692 -0.240795
v -2.115961 0.275501 -0.193199
v -2.115961 0.275501 -0.193199
v -2.128575 0.279431 -0.217008
v -1.993770 0.215434 -0.116930
v -1.962383 0.199434 -0.101341
v -1.670509 -0.287692 -0.358466
v -1.703737 -0.287087 -0.388301
v -2.156907 0.287894 -0.270487
v -2.161943 0.288856 -0.279994
v -2.164934 0.282306 -0.285640
v -1.927778 0.069195 -0.075739
v -1.927778 0.069195 -0.075739
v -1.960929 0.178634 -0.096431
v -1.966497 0.196861 -0.099906
v -2.181603 0.187715 -0.317099
v -2.199124 0.087831 -0.350169
v -2.244718 -0.026251 -0.297219
v -2.198482 0.069210 -0.348955
v -2.198482 0.069210 -0.348955
v -2.096684 -0.287678 -0.407936
v -2.128329 -0.287678 -0.378855
v -2.227630 -0.139400 -0.101412
v -2.212242 -0.141501 -0.069486
v -2.206050 -0.136038 -0.065755
v -2.206050 -0.136038 -0.065755
v -2.120352 -0.124018 -0.023023
v -2.078849 -0.114864 -0.001871
v -2.050178 -0.084297 -0.014771
v -1.992854 -0.012606 -0.043150
v -1.688006 -0.287692 -0.340279
v -1.708991 -0.287690 -0.388364
v -2.290819 -0.121836 -0.245428
v -2.180004 -0.287678 -0.331268
v -2.093208 -0.287686 -0.073016
v -2.082264 -0.287687 -0.041128
v -1.968202 -0.287690 -0.059733
v -1.960051 -0.287690 -0.061107
v -1.784076 -0.287692 -0.240795
v -2.115967 0.069204 -0.193204
v -2.115967 0.069204 -0.193204
v -2.115967 0.069204 -0.193204
v -2.059878 -0.144133 0.004087
v -1.764662 -0.157680 -0.049190
v -1.643533 -0.055783 -0.097386
v -1.661021 0.023466 -0.113655
v -1.779019 0.069189 0.017113
v -2.076570 -0.115179 0.000218
v -2.047125 -0.142475 0.053572
v -2.063099 -0.100661 -0.006021
v -2.045198 -0.081477 -0.014187
v -1.930614 0.062759 -0.071750
v -1.681539 -0.144374 0.333560
v -1.743421 0.126416 -0.060767
v -1.662250 0.083508 -0.060235
v -1.958326 0.197940 -0.099755
v -1.821608 0.167706 -0.061238
v -1.963437 0.194777 -0.097997
v -1.925496 0.069196 -0.074315
v -1.540767 -0.094365 0.182675
v -1.550179 -0.122316 0.237844
v -1.560977 -0.150555 0.294271
v -1.670586 -0.144423 0.341941
v -1.639765 0.071599 -0.060063
v -1.597868 0.019340 0.009312
v -1.530951 -0.063335 0.121768
v -2.076570 -0.115179 0.000218
v -2.047125 -0.142475 0.053572
v -2.063099 -0.100661 -0.006021
v -2.045198 -0.081477 -0.014187
v -1.930614 0.062759 -0.071750
v -1.779019 0.069189 0.017113
v -1.779019 0.069189 0.017113
v -1.779019 0.069189 0.017113
v -1.639765 0.071599 -0.060063
v -1.639765 0.071599 -0.060063
v -1.681539 -0.144374 0.333560
v -1.743421 0.126416 -0.060767
v -1.662250 0.083508 -0.060235
v -1.821608 0.167706 -0.061238
v -1.821608 0.167706 -0.061238
v -1.958326 0.197940 -0.099755
v -1.963437 0.194777 -0.097997
v -1.925496 0.069196 -0.074315
v -1.925496 0.069196 -0.074315
v -1.540767 -0.094365 0.182675
v -1.550179 -0.122316 0.237844
v -1.560977 -0.150555 0.294271
v -1.670586 -0.144423 0.341941
v -1.670586 -0.144423 0.341941
v -1.597868 0.019340 0.009312
v -1.530951 -0.063335 0.121768
v -1.784982 -0.188714 -0.055759
v -1.648046 -0.262658 -0.330790
v -1.789197 -0.287698 0.034393
v -1.955123 -0.287691 -0.060492
v -1.660971 -0.287694 -0.278709
v -1.667432 -0.287692 -0.356422
v -1.687275 -0.287692 -0.336054
v -1.634949 -0.287694 -0.348002
v -1.789197 -0.287698 0.034393
v -1.955123 -0.287691 -0.060492
v -1.660971 -0.287694 -0.278709
v -1.667432 -0.287692 -0.356422
v -1.687275 -0.287692 -0.336054
v -1.634949 -0.287694 -0.348002
v -2.045316 -0.126582 -0.897939
v -2.038962 -0.105596 -0.889366
v -1.928307 0.022298 -0.842035
v -2.050534 -0.116350 -0.896047
v -2.062697 -0.096653 -0.920569
v -1.695823 -0.153440 -0.937631
v -1.880334 -0.287671 -0.982499
v -1.670229 -0.184583 -0.953522
v -1.706781 -0.253948 -0.981420
v -1.713791 -0.287676 -0.995848
v -1.809621 -0.015282 -0.867326
v -1.972341 -0.287669 -0.975184
v -2.076064 -0.126312 -1.172632
v -2.086474 -0.090610 -1.103027
v -1.979625 -0.287667 -1.040542
v -2.054366 -0.184565 -1.245475
v -2.069465 -0.148595 -1.216128
v -2.050621 -0.191322 -1.242640
v -1.999895 -0.287662 -1.226752
v -1.891420 0.050128 -0.859846
v -1.852770 0.051490 -0.834502
v -1.848168 0.044721 -0.837687
v -2.087880 -0.085068 -1.092335
v -2.065460 -0.011475 -0.972397
v -1.986567 0.042679 -0.917607
v -1.969033 0.049217 -0.915289
v -1.922757 0.048765 -0.880627
v -1.996709 0.035826 -0.924455
v -2.057254 -0.005804 -0.966628
v -1.670229 -0.184583 -0.953522
v -1.670229 -0.184583 -0.953522
v -1.706781 -0.253948 -0.981420
v -1.695823 -0.153440 -0.937631
v -1.880334 -0.287671 -0.982499
v -1.713791 -0.287676 -0.995848
v -1.713791 -0.287676 -0.995848
v -1.809621 -0.015282 -0.867326
v -1.848168 0.044721 -0.837687
v -1.972341 -0.287669 -0.975184
v -2.076064 -0.126312 -1.172632
v -2.086474 -0.090610 -1.103027
v -1.979625 -0.287667 -1.040542
v -1.999895 -0.287662 -1.226752
v -1.999895 -0.287662 -1.226752
v -2.069465 -0.148595 -1.216128
v -2.069465 -0.148595 -1.216128
v -2.054366 -0.184565 -1.245475
v -2.054366 -0.184565 -1.245475
v -2.050621 -0.191322 -1.242640
v -1.891420 0.050128 -0.859846
v -1.852770 0.051490 -0.834502
v -2.087880 -0.085068 -1.092335
v -2.065460 -0.011475 -0.972397
v -1.986567 0.042679 -0.917607
v -1.969033 0.049217 -0.915289
v -1.969033 0.049217 -0.915289
v -1.922757 0.048765 -0.880627
v -1.996709 0.035826 -0.924455
v -2.057254 -0.005804 -0.966628
v -2.044059 -0.130351 -0.897845
v -2.035720 -0.103712 -0.886616
v -1.903489 0.019554 -0.745560
v -1.927525 0.021191 -0.839413
v -1.899514 0.028093 -0.757473
v -1.521548 -0.287685 -0.840697
v -1.845773 0.045104 -0.835850
v -1.805652 -0.017530 -0.866860
v -1.668230 -0.184583 -0.952004
v -1.704914 -0.254288 -0.980003
v -1.706514 -0.262009 -0.983302
v -1.711753 -0.287676 -0.994204
v -1.971973 -0.287669 -0.973111
v -2.014189 -0.287670 -0.887877
v -1.990489 -0.287671 -0.865193
v -1.849956 0.051878 -0.832400
v -1.837776 0.056153 -0.820970
v -1.737559 -0.003350 -0.811665
v -1.511405 -0.184591 -0.832814
v -1.510473 -0.149206 -0.780887
v -1.490988 -0.287691 -0.644867
v -1.501821 -0.287687 -0.803715
v -1.662115 -0.287688 -0.552039
v -1.542681 -0.287690 -0.616719
v -1.537593 -0.122971 -0.793898
v -1.668230 -0.184583 -0.952004
v -1.668230 -0.184583 -0.952004
v -1.704914 -0.254288 -0.980003
v -1.706514 -0.262009 -0.983302
v -1.845773 0.045104 -0.835850
v -1.805652 -0.017530 -0.866860
v -1.711753 -0.287676 -0.994204
v -1.711753 -0.287676 -0.994204
v -1.971973 -0.287669 -0.973111
v -2.014189 -0.287670 -0.887877
v -1.849956 0.051878 -0.832400
v -1.837776 0.056153 -0.820970
v -1.490988 -0.287691 -0.644867
v -1.501821 -0.287687 -0.803715
v -1.501821 -0.287687 -0.803715
v -1.990489 -0.287671 -0.865193
v -1.662115 -0.287688 -0.552039
v -1.542681 -0.287690 -0.616719
v -1.510473 -0.149206 -0.780887
v -1.537593 -0.122971 -0.793898
v -1.537593 -0.122971 -0.793898
v -1.737559 -0.003350 -0.811665
v -1.511405 -0.184591 -0.832814
v -1.511405 -0.184591 -0.832814
v -1.511405 -0.184591 -0.832814
v -1.511405 -0.184591 -0.832814
v -1.521548 -0.287685 -0.840697
v -1.521548 -0.287685 -0.840697
v -2.038581 -0.042991 -0.487442
v -2.147152 -0.177261 -0.816143
v -2.158454 -0.174484 -0.820044
v -2.297024 -0.266528 -0.808772
v -2.205121 0.069210 -0.361487
v -2.398543 -0.184575 -0.357015
v -2.399982 -0.287670 -0.371286
v -2.358058 -0.184578 -0.281002
v -2.181222 -0.287678 -0.332509
v -2.381061 -0.287672 -0.335815
v -2.434716 -0.287661 -0.715123
v -2.398539 -0.287662 -0.732957
v -2.439518 -0.233316 -0.779034
v -2.440348 -0.239686 -0.770856
v -2.271530 -0.287664 -0.795105
v -2.263522 -0.287665 -0.793892
v -2.099371 -0.287678 -0.416654
v -2.122810 -0.287675 -0.531198
v -2.290084 -0.118405 -0.249004
v -2.283364 -0.104627 -0.256297
v -2.149747 -0.287678 -0.360954
v -2.208573 0.065087 -0.398205
v -2.279226 -0.007736 -0.585466
v -2.349399 -0.081206 -0.773496
v -2.405758 -0.154981 -0.774032
v -2.428353 -0.184565 -0.774187
v -2.176857 -0.287667 -0.777583
v -2.205121 0.082997 -0.361487
v -2.199965 0.086210 -0.351756
v -2.204573 0.069211 -0.387528
v -2.201201 0.077547 -0.369214
v -2.247474 -0.030319 -0.296498
v -2.199365 0.069210 -0.350623
v -2.100912 -0.287678 -0.405847
v -2.135185 -0.287678 -0.374313
v -2.358058 -0.184578 -0.281002
v -2.358058 -0.184578 -0.281002
v -2.381061 -0.287672 -0.335815
v -2.381061 -0.287672 -0.335815
v -2.181222 -0.287678 -0.332509
v -2.434716 -0.287661 -0.715123
v -2.434716 -0.287661 -0.715123
v -2.398539 -0.287662 -0.732957
v -2.440348 -0.239686 -0.770856
v -2.439518 -0.233316 -0.779034
v -2.271530 -0.287664 -0.795105
v -2.263522 -0.287665 -0.793892
v -2.176857 -0.287667 -0.777583
v -2.122810 -0.287675 -0.531198
v -2.099371 -0.287678 -0.416654
v -2.290084 -0.118405 -0.249004
v -2.283364 -0.104627 -0.256297
v -2.208573 0.065087 -0.398205
v -2.279226 -0.007736 -0.585466
v -2.149747 -0.287678 -0.360954
v -2.349399 -0.081206 -0.773496
v -2.405758 -0.154981 -0.774032
v -2.428353 -0.184565 -0.774187
v -2.428353 -0.184565 -0.774187
v -2.100912 -0.287678 -0.405847
v -2.205121 0.082997 -0.361487
v -2.205121 0.082997 -0.361487
v -2.199965 0.086210 -0.351756
v -2.204573 0.069211 -0.387528
v -2.204573 0.069211 -0.387528
v -2.201201 0.077547 -0.369214
v -2.199365 0.069210 -0.350623
v -2.199365 0.069210 -0.350623
v -2.247474 -0.030319 -0.296498
v -2.135185 -0.287678 -0.374313
v -2.398543 -0.184575 -0.357015
v -2.398543 -0.184575 -0.357015
v -2.398543 -0.184575 -0.357015
v -2.205121 0.069210 -0.361487
v -2.205121 0.069210 -0.361487
v -2.205121 0.069210 -0.361487
v -2.399982 -0.287670 -0.371286
v -2.399982 -0.287670 -0.371286
v -2.042913 0.265051 -0.415884
v -1.945599 0.464805 -0.478123
v -1.947547 0.167389 -0.474116
v -1.900685 0.029980 -0.757892
v -1.928449 0.023117 -0.839969
v -1.817517 0.539323 -0.558773
v -1.749082 0.618131 -0.675800
v -1.829065 0.252267 -0.548462
v -1.958880 0.069215 -0.884875
v -1.859677 0.298649 -0.702381
v -1.761582 0.621785 -0.689028
v -1.971964 0.514764 -0.640540
v -1.952746 0.552639 -0.650699
v -1.859729 0.602538 -0.700627
v -1.742965 0.607944 -0.686929
v -1.748016 0.298645 -0.689311
v -1.737060 0.269633 -0.709636
v -2.024498 0.410561 -0.612773
v -2.080788 0.298653 -0.583023
v -1.728955 0.247928 -0.724853
v -1.828440 0.081302 -0.803457
v -1.741478 0.217239 -0.749176
v -1.892773 0.051446 -0.859512
v -1.852908 0.053179 -0.833076
v -1.986334 0.044023 -0.915322
v -1.968265 0.050730 -0.912987
v -1.925213 0.050155 -0.880916
v -1.994448 0.064563 -0.874138
v -2.115157 0.255701 -0.608810
v -1.996167 0.069216 -0.864873
v -1.836197 0.069210 -0.808298
v -1.839061 0.058071 -0.820056
v -1.971964 0.514764 -0.640540
v -1.952746 0.552639 -0.650699
v -1.761582 0.621785 -0.689028
v -1.859729 0.602538 -0.700627
v -1.859729 0.602538 -0.700627
v -1.748016 0.298645 -0.689311
v -1.748016 0.298645 -0.689311
v -1.737060 0.269633 -0.709636
v -1.742965 0.607944 -0.686929
v -2.024498 0.410561 -0.612773
v -2.080788 0.298653 -0.583023
v -2.080788 0.298653 -0.583023
v -1.728955 0.247928 -0.724853
v -1.741478 0.217239 -0.749176
v -1.828440 0.081302 -0.803457
v -1.892773 0.051446 -0.859512
v -1.852908 0.053179 -0.833076
v -1.986334 0.044023 -0.915322
v -1.968265 0.050730 -0.912987
v -1.968265 0.050730 -0.912987
v -1.925213 0.050155 -0.880916
v -1.994448 0.064563 -0.874138
v -1.996167 0.069216 -0.864873
v -1.996167 0.069216 -0.864873
v -2.115157 0.255701 -0.608810
v -1.836197 0.069210 -0.808298
v -1.836197 0.069210 -0.808298
v -1.839061 0.058071 -0.820056
v -1.859677 0.298649 -0.702381
v -1.859677 0.298649 -0.702381
v -1.859677 0.298649 -0.702381
v -1.958880 0.069215 -0.884875
v -1.958880 0.069215 -0.884875
v -1.958880 0.069215 -0.884875
v -1.827763 0.250122 -0.547649
v -1.903434 0.019827 -0.743574
v -1.899282 0.029597 -0.755511
v -1.958483 0.014696 -0.502634
v -1.702519 -0.286559 -0.389189
v -1.644128 -0.003540 -0.233209
v -1.953930 0.143957 -0.451555
v -1.946125 0.165276 -0.473098
v -1.607303 -0.147623 -0.254547
v -1.647863 -0.261053 -0.331743
v -1.621928 0.069200 -0.674557
v -1.532773 0.069194 -0.506270
v -1.479714 -0.287698 -0.347927
v -1.479259 0.012282 -0.365276
v -1.367110 -0.142174 -0.445756
v -1.463907 -0.287698 -0.360503
v -1.545251 0.088092 -0.317989
v -1.536617 0.069189 -0.323566
v -1.483511 0.018131 -0.362294
v -1.551295 0.102293 -0.334822
v -1.554785 0.110495 -0.344594
v -1.834364 0.069209 -0.807155
v -1.826923 0.080778 -0.802510
v -1.837368 0.057497 -0.819511
v -1.668077 -0.287692 -0.359505
v -1.663160 -0.287688 -0.542354
v -1.631753 -0.287694 -0.349362
v -1.620757 -0.287694 -0.348805
v -1.457601 -0.287698 -0.365572
v -1.336364 -0.188563 -0.481031
v -1.337729 -0.195830 -0.494535
v -1.336927 -0.183787 -0.467890
v -1.404921 -0.287696 -0.519416
v -1.359520 -0.178609 -0.539936
v -1.415774 -0.287696 -0.535218
v -1.338973 -0.184603 -0.505262
v -1.341318 -0.182042 -0.510709
v -1.493341 -0.151589 -0.752162
v -1.455652 -0.287693 -0.592182
v -1.548492 0.132621 -0.475274
v -1.532771 0.132513 -0.506269
v -1.556443 0.149751 -0.550952
v -1.562609 0.132664 -0.447442
v -1.621925 0.197267 -0.674554
v -1.708570 0.239644 -0.728636
v -1.726154 0.245727 -0.726165
v -1.736617 0.220548 -0.746143
v -1.510234 -0.148094 -0.778831
v -1.538575 -0.120731 -0.792505
v -1.490408 -0.287691 -0.641423
v -1.818625 0.046253 -0.817875
v -1.647263 -0.287688 -0.556277
v -1.660952 -0.287688 -0.548819
v -1.337729 -0.195830 -0.494535
v -1.338973 -0.184603 -0.505262
v -1.338973 -0.184603 -0.505262
v -1.479714 -0.287698 -0.347927
v -1.463907 -0.287698 -0.360503
v -1.479259 0.012282 -0.365276
v -1.367110 -0.142174 -0.445756
v -1.483511 0.018131 -0.362294
v -1.536617 0.069189 -0.323566
v -1.536617 0.069189 -0.323566
v -1.545251 0.088092 -0.317989
v -1.551295 0.102293 -0.334822
v -1.554785 0.110495 -0.344594
v -1.834364 0.069209 -0.807155
v -1.834364 0.069209 -0.807155
v -1.826923 0.080778 -0.802510
v -1.620757 -0.287694 -0.348805
v -1.668077 -0.287692 -0.359505
v -1.631753 -0.287694 -0.349362
v -1.702519 -0.286559 -0.389189
v -1.837368 0.057497 -0.819511
v -1.818625 0.046253 -0.817875
v -1.663160 -0.287688 -0.542354
v -1.457601 -0.287698 -0.365572
v -1.404921 -0.287696 -0.519416
v -1.336364 -0.188563 -0.481031
v -1.336927 -0.183787 -0.467890
v -1.336927 -0.183787 -0.467890
v -1.359520 -0.178609 -0.539936
v -1.341318 -0.182042 -0.510709
v -1.341318 -0.182042 -0.510709
v -1.415774 -0.287696 -0.535218
v -1.455652 -0.287693 -0.592182
v -1.493341 -0.151589 -0.752162
v -1.548492 0.132621 -0.475274
v -1.532771 0.132513 -0.506269
v -1.532771 0.132513 -0.506269
v -1.556443 0.149751 -0.550952
v -1.621925 0.197267 -0.674554
v -1.621925 0.197267 -0.674554
v -1.708570 0.239644 -0.728636
v -1.726154 0.245727 -0.726165
v -1.562609 0.132664 -0.447442
v -1.736617 0.220548 -0.746143
v -1.510234 -0.148094 -0.778831
v -1.538575 -0.120731 -0.792505
v -1.538575 -0.120731 -0.792505
v -1.647263 -0.287688 -0.556277
v -1.490408 -0.287691 -0.641423
v -1.660952 -0.287688 -0.548819
v -1.621928 0.069200 -0.674557
v -1.621928 0.069200 -0.674557
v -1.621928 0.069200 -0.674557
v -1.532773 0.069194 -0.506270
v -1.532773 0.069194 -0.506270
v -1.532773 0.069194 -0.506270
v -1.904780 0.018209 -0.743261
v -2.040324 -0.107587 -0.887486
v -2.046405 -0.126850 -0.896177
v -1.704459 -0.286794 -0.390165
v -2.037019 -0.043829 -0.488419
v -2.144768 -0.177218 -0.816539
v -1.960003 0.012718 -0.503588
v -2.051116 -0.117226 -0.894306
v -1.712293 -0.287690 -0.390251
v -2.088027 -0.287678 -0.408817
v -2.096302 -0.287678 -0.409235
v -2.170827 -0.287668 -0.776953
v -1.671663 -0.287688 -0.516169
v -1.663214 -0.287688 -0.549679
v -2.150237 -0.287668 -0.791617
v -2.015635 -0.287670 -0.885958
v -1.723662 -0.287685 -0.607422
v -1.704459 -0.286794 -0.390165
v -1.712293 -0.287690 -0.390251
v -2.088027 -0.287678 -0.408817
v -2.096302 -0.287678 -0.409235
v -2.170827 -0.287668 -0.776953
v -1.671663 -0.287688 -0.516169
v -1.663214 -0.287688 -0.549679
v -2.150237 -0.287668 -0.791617
v -2.015635 -0.287670 -0.885958
v -1.723662 -0.287685 -0.607422
v -1.783616 -0.188030 -0.056093
v -1.647354 -0.261041 -0.330067
v -1.764240 -0.160097 -0.049619
v -1.641827 -0.058299 -0.098056
v -1.607257 -0.149133 -0.253107
v -1.553429 -0.165843 0.317659
v -1.721567 -0.287702 0.150351
v -1.547662 -0.181855 0.343297
v -1.595458 -0.287711 0.365919
v -1.558103 -0.152702 0.296586
v -1.783105 -0.287698 0.044801
v -1.788195 -0.287697 0.035738
v -1.664932 -0.287694 -0.265920
v -1.510467 -0.182061 0.323781
v -1.427809 -0.287713 0.277973
v -1.460095 -0.182302 0.297283
v -1.411617 -0.287714 0.269457
v -1.537297 -0.091667 0.175982
v -1.527960 -0.065515 0.124080
v -1.632785 -0.287693 -0.344312
v -1.523703 -0.287696 -0.343976
v -1.484357 -0.287698 -0.342616
v -1.481793 -0.287698 -0.337244
v -1.471858 -0.287699 -0.316282
v -1.465248 -0.104011 0.159604
v -1.408246 -0.139098 0.192067
v -1.289059 -0.287713 0.070722
v -1.437692 -0.163760 0.252047
v -1.303228 -0.287713 0.093782
v -1.593835 -0.287694 -0.346303
v -1.553429 -0.165843 0.317659
v -1.547662 -0.181855 0.343297
v -1.721567 -0.287702 0.150351
v -1.595458 -0.287711 0.365919
v -1.558103 -0.152702 0.296586
v -1.783105 -0.287698 0.044801
v -1.788195 -0.287697 0.035738
v -1.664932 -0.287694 -0.265920
v -1.427809 -0.287713 0.277973
v -1.510467 -0.182061 0.323781
v -1.460095 -0.182302 0.297283
v -1.411617 -0.287714 0.269457
v -1.537297 -0.091667 0.175982
v -1.527960 -0.065515 0.124080
v -1.632785 -0.287693 -0.344312
v -1.523703 -0.287696 -0.343976
v -1.484357 -0.287698 -0.342616
v -1.481793 -0.287698 -0.337244
v -1.471858 -0.287699 -0.316282
v -1.465248 -0.104011 0.159604
v -1.289059 -0.287713 0.070722
v -1.408246 -0.139098 0.192067
v -1.303228 -0.287713 0.093782
v -1.437692 -0.163760 0.252047
v -1.593835 -0.287694 -0.346303
v -2.296547 -0.266765 -0.810092
v -2.064446 -0.098534 -0.919810
v -2.157737 -0.175020 -0.821539
v -2.046748 -0.129223 -0.898315
v -2.052281 -0.116993 -0.895981
v -2.146184 -0.177028 -0.818501
v -2.087729 -0.184564 -1.270833
v -2.118347 -0.287657 -1.322352
v -2.154084 -0.287668 -0.791115
v -2.017464 -0.287670 -0.887146
v -2.172289 -0.287668 -0.778395
v -2.191382 -0.287667 -0.781846
v -1.974533 -0.287669 -0.974060
v -2.036992 -0.220381 -1.239198
v -2.001818 -0.287662 -1.228306
v -2.056092 -0.184565 -1.246789
v -2.052528 -0.190975 -1.244091
v -2.070438 -0.150509 -1.219042
v -2.087783 -0.092127 -1.105048
v -2.089374 -0.086962 -1.094933
v -2.271559 -0.287664 -0.796882
v -2.345834 -0.287660 -0.878842
v -2.414176 -0.285954 -1.163306
v -2.261472 -0.184561 -1.177949
v -2.116863 -0.102184 -1.107483
v -2.154084 -0.287668 -0.791115
v -2.017464 -0.287670 -0.887146
v -2.172289 -0.287668 -0.778395
v -1.974533 -0.287669 -0.974060
v -2.191382 -0.287667 -0.781846
v -2.001818 -0.287662 -1.228306
v -2.001818 -0.287662 -1.228306
v -2.036992 -0.220381 -1.239198
v -2.070438 -0.150509 -1.219042
v -2.070438 -0.150509 -1.219042
v -2.087783 -0.092127 -1.105048
v -2.052528 -0.190975 -1.244091
v -2.056092 -0.184565 -1.246789
v -2.056092 -0.184565 -1.246789
v -2.089374 -0.086962 -1.094933
v -2.271559 -0.287664 -0.796882
v -2.345834 -0.287660 -0.878842
v -2.414176 -0.285954 -1.163306
v -2.414176 -0.285954 -1.163306
v -2.261472 -0.184561 -1.177949
v -2.261472 -0.184561 -1.177949
v -2.116863 -0.102184 -1.107483
v -2.087729 -0.184564 -1.270833
v -2.087729 -0.184564 -1.270833
v -2.087729 -0.184564 -1.270833
v -2.118347 -0.287657 -1.322352
v -2.118347 -0.287657 -1.322352
v -1.643523 -0.004254 -0.231672
v -1.659685 0.023179 -0.114929
v -1.606936 -0.146725 -0.251866
v -1.641115 -0.055808 -0.098465
v -1.541100 0.069185 -0.110510
v -1.544990 0.087398 -0.315559
v -1.536669 0.069190 -0.321097
v -1.482983 0.017584 -0.360752
v -1.546790 0.090752 -0.301833
v -1.565570 0.125598 -0.155529
v -1.638291 0.071730 -0.060987
v -1.314517 -0.287706 -0.223986
v -1.309950 -0.287706 -0.219445
v -1.314243 -0.269749 -0.261963
v -1.336097 -0.184604 -0.464998
v -1.332396 -0.193796 -0.441750
v -1.455881 -0.287698 -0.364149
v -1.482040 -0.287698 -0.343293
v -1.529036 -0.063389 0.120842
v -1.563085 -0.021709 0.064284
v -1.366103 -0.139928 0.171024
v -1.331533 -0.140890 0.154268
v -1.312560 -0.159068 0.137337
v -1.280050 -0.262838 0.076498
v -1.294468 -0.184619 0.117591
v -1.280831 -0.281275 0.068787
v -1.406946 -0.138599 0.190477
v -1.286978 -0.287713 0.068762
v -1.494649 -0.084757 0.140786
v -1.392027 -0.287705 -0.152867
v -1.281108 -0.287713 0.066052
v -1.536669 0.069190 -0.321097
v -1.536669 0.069190 -0.321097
v -1.482983 0.017584 -0.360752
v -1.336097 -0.184604 -0.464998
v -1.336097 -0.184604 -0.464998
v -1.544990 0.087398 -0.315559
v -1.546790 0.090752 -0.301833
v -1.565570 0.125598 -0.155529
v -1.565570 0.125598 -0.155529
v -1.638291 0.071730 -0.060987
v -1.638291 0.071730 -0.060987
v -1.309950 -0.287706 -0.219445
v -1.309950 -0.287706 -0.219445
v -1.314243 -0.269749 -0.261963
v -1.314517 -0.287706 -0.223986
v -1.332396 -0.193796 -0.441750
v -1.455881 -0.287698 -0.364149
v -1.529036 -0.063389 0.120842
v -1.563085 -0.021709 0.064284
v -1.331533 -0.140890 0.154268
v -1.331533 -0.140890 0.154268
v -1.312560 -0.159068 0.137337
v -1.366103 -0.139928 0.171024
v -1.280050 -0.262838 0.076498
v -1.280831 -0.281275 0.068787
v -1.294468 -0.184619 0.117591
v -1.294468 -0.184619 0.117591
v -1.482040 -0.287698 -0.343293
v -1.286978 -0.287713 0.068762
v -1.392027 -0.287705 -0.152867
v -1.406946 -0.138599 0.190477
v -1.494649 -0.084757 0.140786
v -1.281108 -0.287713 0.066052
v -1.281108 -0.287713 0.066052
v -1.541100 0.069185 -0.110510
v -1.541100 0.069185 -0.110510
v -1.541100 0.069185 -0.110510
v -1.827984 0.252405 -0.546661
v -1.777399 0.594677 -0.533507
v -1.815856 0.539536 -0.556709
v -1.644937 -0.002858 -0.232508
v -1.954909 0.145832 -0.449513
v -1.947018 0.167181 -0.471458
v -1.660551 0.024436 -0.114506
v -2.148519 0.281544 -0.294444
v -1.945858 0.464127 -0.475736
v -2.043301 0.265269 -0.413396
v -2.115961 0.298644 -0.193200
v -1.878208 0.298637 -0.165370
v -1.640626 0.298633 -0.293615
v -1.957335 0.199341 -0.100682
v -1.822273 0.169246 -0.062464
v -1.661760 0.084276 -0.061286
v -1.639372 0.072495 -0.061195
v -1.547146 0.091566 -0.302377
v -1.565990 0.126567 -0.156303
v -2.115961 0.277706 -0.193201
v -2.007224 0.224595 -0.125329
v -2.136296 0.283746 -0.231584
v -2.000958 0.221412 -0.122225
v -1.545427 0.088379 -0.315827
v -1.555530 0.112110 -0.343818
v -1.594712 0.298633 -0.384137
v -1.597033 0.205894 -0.379570
v -1.587302 0.667259 -0.403375
v -1.878155 0.532166 -0.166707
v -1.960603 0.497963 -0.176162
v -1.622485 0.648982 -0.333782
v -1.642277 0.638503 -0.294627
v -2.115244 0.433356 -0.193891
v -2.141769 0.424776 -0.243829
v -2.148966 0.409268 -0.257178
v -2.152717 0.400689 -0.264128
v -2.155748 0.362467 -0.269269
v -2.160084 0.306495 -0.276605
v -2.160664 0.298648 -0.277581
v -2.161172 0.291281 -0.278539
v -1.957335 0.199341 -0.100682
v -1.822273 0.169246 -0.062464
v -1.822273 0.169246 -0.062464
v -1.661760 0.084276 -0.061286
v -1.639372 0.072495 -0.061195
v -1.565990 0.126567 -0.156303
v -1.565990 0.126567 -0.156303
v -1.547146 0.091566 -0.302377
v -2.007224 0.224595 -0.125329
v -2.000958 0.221412 -0.122225
v -2.115961 0.277706 -0.193201
v -2.115961 0.277706 -0.193201
v -2.136296 0.283746 -0.231584
v -1.545427 0.088379 -0.315827
v -1.555530 0.112110 -0.343818
v -1.594712 0.298633 -0.384137
v -1.594712 0.298633 -0.384137
v -1.597033 0.205894 -0.379570
v -1.587302 0.667259 -0.403375
v -1.878155 0.532166 -0.166707
v -1.878155 0.532166 -0.166707
v -1.642277 0.638503 -0.294627
v -1.642277 0.638503 -0.294627
v -1.622485 0.648982 -0.333782
v -1.960603 0.497963 -0.176162
v -2.115244 0.433356 -0.193891
v -2.115244 0.433356 -0.193891
v -2.141769 0.424776 -0.243829
v -2.148966 0.409268 -0.257178
v -2.152717 0.400689 -0.264128
v -2.155748 0.362467 -0.269269
v -2.160084 0.306495 -0.276605
v -2.160664 0.298648 -0.277581
v -2.161172 0.291281 -0.278539
v -1.640626 0.298633 -0.293615
v -1.640626 0.298633 -0.293615
v -1.640626 0.298633 -0.293615
v -1.878208 0.298637 -0.165370
v -1.878208 0.298637 -0.165370
v -1.878208 0.298637 -0.165370
v -2.115961 0.298644 -0.193200
v -2.115961 0.298644 -0.193200
v -2.059909 -0.145809 0.004203
v -1.766247 -0.160212 -0.048446
v -2.096187 -0.268057 -0.030634
v -1.785252 -0.187383 -0.054638
v -1.650183 -0.184615 0.403059
v -2.068442 -0.279814 0.090257
v -2.064552 -0.260047 0.088258
v -2.059742 -0.242498 0.091884
v -2.069937 -0.287691 0.091099
v -2.096691 -0.287687 -0.015679
v -1.650018 -0.287711 0.429998
v -1.637047 -0.242824 0.428795
v -1.629050 -0.287711 0.405182
v -1.960318 -0.144562 0.121911
v -2.046599 -0.144059 0.055770
v -2.043654 -0.184597 0.104013
v -1.960776 -0.287690 -0.058433
v -2.082517 -0.287687 -0.039030
v -1.635003 -0.235740 0.428603
v -1.549730 -0.181888 0.344462
v -1.558570 -0.184617 0.354083
v -1.597479 -0.287711 0.367753
v -1.555336 -0.166024 0.319003
v -1.723125 -0.287702 0.151489
v -1.669588 -0.146388 0.344929
v -1.559970 -0.153083 0.298267
v -1.789647 -0.287698 0.037252
v -2.068442 -0.279814 0.090257
v -2.064552 -0.260047 0.088258
v -2.059742 -0.242498 0.091884
v -2.069937 -0.287691 0.091099
v -2.069937 -0.287691 0.091099
v -2.096691 -0.287687 -0.015679
v -1.650018 -0.287711 0.429998
v -1.650018 -0.287711 0.429998
v -1.637047 -0.242824 0.428795
v -1.555336 -0.166024 0.319003
v -1.559970 -0.153083 0.298267
v -1.629050 -0.287711 0.405182
v -1.960318 -0.144562 0.121911
v -2.046599 -0.144059 0.055770
v -2.043654 -0.184597 0.104013
v -2.043654 -0.184597 0.104013
v -1.960776 -0.287690 -0.058433
v -2.082517 -0.287687 -0.039030
v -1.549730 -0.181888 0.344462
v -1.558570 -0.184617 0.354083
v -1.558570 -0.184617 0.354083
v -1.635003 -0.235740 0.428603
v -1.635003 -0.235740 0.428603
v -1.597479 -0.287711 0.367753
v -1.723125 -0.287702 0.151489
v -1.669588 -0.146388 0.344929
v -1.669588 -0.146388 0.344929
v -1.789647 -0.287698 0.037252
v -1.650183 -0.184615 0.403059
v -1.650183 -0.184615 0.403059
v -1.650183 -0.184615 0.403059
v -1.358535 -0.287697 -0.535105
v -1.387540 -0.267152 -0.515393
v -1.394262 -0.269100 -0.523481
v -1.369078 -0.272120 -0.523786
v -1.371294 -0.283888 -0.559455
v -1.355192 -0.275882 -0.530177
v -1.374539 -0.285581 -0.565346
v -1.400969 -0.271154 -0.531467
v -1.388787 -0.287697 -0.525361
v -1.396912 -0.279983 -0.518878
v -1.388196 -0.287696 -0.543599
v -1.371294 -0.283888 -0.559455
v -1.355192 -0.275882 -0.530177
v -1.374539 -0.285581 -0.565346
v -1.374539 -0.285581 -0.565346
v -1.388787 -0.287697 -0.525361
v -1.388196 -0.287696 -0.543599
v -1.358535 -0.287697 -0.535105
v -1.358535 -0.287697 -0.535105
v -1.494068 -0.287689 -0.721362
v -1.499130 -0.215903 -0.714890
v -1.431513 -0.184489 -0.683611
v -1.451941 -0.161847 -0.689250
v -1.447792 -0.287379 -0.702465
v -1.479495 -0.287691 -0.666233
v -1.428440 -0.253695 -0.669881
v -1.489446 -0.283645 -0.648430
v -1.489565 -0.287691 -0.654775
v -1.412066 -0.224868 -0.642344
v -1.431486 -0.220990 -0.614035
v -1.421530 -0.184476 -0.664847
v -1.434495 -0.165343 -0.661543
v -1.447792 -0.287379 -0.702465
v -1.447792 -0.287379 -0.702465
v -1.447792 -0.287379 -0.702465
v -1.479495 -0.287691 -0.666233
v -1.494068 -0.287689 -0.721362
v -1.431513 -0.184489 -0.683611
v -1.431513 -0.184489 -0.683611
v -1.451941 -0.161847 -0.689250
v -1.428440 -0.253695 -0.669881
v -1.489565 -0.287691 -0.654775
v -1.412066 -0.224868 -0.642344
v -1.421530 -0.184476 -0.664847
v -1.421530 -0.184476 -0.664847
v -1.434495 -0.165343 -0.661543
v -1.402546 -0.287696 -0.520973
v -1.401979 -0.277204 -0.528247
v -1.397966 -0.281425 -0.519270
v -1.390851 -0.287696 -0.540459
v -1.391382 -0.287697 -0.524533
v -1.405547 -0.287696 -0.525254
v -1.390851 -0.287696 -0.540459
v -1.391382 -0.287697 -0.524533
v -1.405547 -0.287696 -0.525254
v -1.402546 -0.287696 -0.520973
v -1.416635 -0.200594 -0.653765
v -1.411069 -0.224144 -0.640554
v -1.432228 -0.184718 -0.643255
v -1.430228 -0.220352 -0.612729
v -1.425354 -0.223666 -0.603172
v -1.404490 -0.228611 -0.627690
v -1.412520 -0.231561 -0.578659
v -1.396298 -0.233680 -0.611806
v -1.420378 -0.184474 -0.662682
v -1.433187 -0.165605 -0.659465
v -1.392840 -0.212580 -0.565199
v -1.359793 -0.180311 -0.542907
v -1.360952 -0.184396 -0.550985
v -1.385881 -0.219274 -0.593826
v -1.416635 -0.200594 -0.653765
v -1.411069 -0.224144 -0.640554
v -1.404490 -0.228611 -0.627690
v -1.396298 -0.233680 -0.611806
v -1.420378 -0.184474 -0.662682
v -1.420378 -0.184474 -0.662682
v -1.433187 -0.165605 -0.659465
v -1.359793 -0.180311 -0.542907
v -1.360952 -0.184396 -0.550985
v -1.360952 -0.184396 -0.550985
v -1.385881 -0.219274 -0.593826
v -1.509301 -0.184591 -0.829818
v -1.499320 -0.287687 -0.799027
v -1.508477 -0.150519 -0.779036
v -1.494180 -0.287689 -0.723023
v -1.494788 -0.278951 -0.722118
v -1.443914 -0.255032 -0.698723
v -1.449231 -0.287691 -0.705128
v -1.453571 -0.161521 -0.691838
v -1.432826 -0.184491 -0.686078
v -1.435503 -0.201527 -0.689122
v -1.499363 -0.214273 -0.716489
v -1.494180 -0.287689 -0.723023
v -1.449231 -0.287691 -0.705128
v -1.449231 -0.287691 -0.705128
v -1.443914 -0.255032 -0.698723
v -1.432826 -0.184491 -0.686078
v -1.432826 -0.184491 -0.686078
v -1.435503 -0.201527 -0.689122
v -1.453571 -0.161521 -0.691838
v -1.509301 -0.184591 -0.829818
v -1.509301 -0.184591 -0.829818
v -1.499320 -0.287687 -0.799027
v -1.499320 -0.287687 -0.799027
v -1.508477 -0.150519 -0.779036
v -1.337974 -0.199295 -0.496963
v -1.338706 -0.191230 -0.504221
v -1.339545 -0.184368 -0.510750
v -1.348731 -0.253044 -0.520650
v -1.338902 -0.218046 -0.506127
v -1.405238 -0.255490 -0.549651
v -1.404301 -0.258665 -0.545845
v -1.401063 -0.269567 -0.532825
v -1.389597 -0.248730 -0.597654
v -1.374788 -0.283626 -0.566034
v -1.386150 -0.265250 -0.514876
v -1.367106 -0.270272 -0.523482
v -1.354548 -0.273607 -0.529227
v -1.410310 -0.238106 -0.570411
v -1.395401 -0.234738 -0.610013
v -1.411722 -0.232618 -0.576694
v -1.385048 -0.220194 -0.592169
v -1.392066 -0.213413 -0.563444
v -1.358359 -0.180598 -0.540630
v -1.359430 -0.184394 -0.548126
v -1.389597 -0.248730 -0.597654
v -1.374788 -0.283626 -0.566034
v -1.354548 -0.273607 -0.529227
v -1.395401 -0.234738 -0.610013
v -1.385048 -0.220194 -0.592169
v -1.358359 -0.180598 -0.540630
v -1.359430 -0.184394 -0.548126
v -1.359430 -0.184394 -0.548126
v -1.337974 -0.199295 -0.496963
v -1.338706 -0.191230 -0.504221
v -1.348731 -0.253044 -0.520650
v -1.338902 -0.218046 -0.506127
v -1.338902 -0.218046 -0.506127
v -1.339545 -0.184368 -0.510750
v -1.339545 -0.184368 -0.510750
v -1.339545 -0.184368 -0.510750
v -1.432540 -0.287695 -0.563764
v -1.402600 -0.275936 -0.530110
v -1.406672 -0.287696 -0.526859
v -1.390121 -0.287696 -0.543903
v -1.402068 -0.270749 -0.533348
v -1.375612 -0.285398 -0.567379
v -1.405271 -0.259661 -0.546460
v -1.390146 -0.250422 -0.598502
v -1.396428 -0.235669 -0.611838
v -1.413009 -0.233496 -0.577856
v -1.398627 -0.233875 -0.616148
v -1.427675 -0.224445 -0.605893
v -1.406885 -0.228952 -0.632139
v -1.430980 -0.222595 -0.612064
v -1.411286 -0.226451 -0.640694
v -1.489244 -0.285054 -0.647047
v -1.477057 -0.287691 -0.665170
v -1.428266 -0.256021 -0.669308
v -1.446250 -0.287691 -0.699541
v -1.406672 -0.287696 -0.526859
v -1.390121 -0.287696 -0.543903
v -1.375612 -0.285398 -0.567379
v -1.375612 -0.285398 -0.567379
v -1.390146 -0.250422 -0.598502
v -1.396428 -0.235669 -0.611838
v -1.398627 -0.233875 -0.616148
v -1.406885 -0.228952 -0.632139
v -1.411286 -0.226451 -0.640694
v -1.428266 -0.256021 -0.669308
v -1.477057 -0.287691 -0.665170
v -1.446250 -0.287691 -0.699541
v -1.446250 -0.287691 -0.699541
v -1.432540 -0.287695 -0.563764
v -1.489244 -0.285054 -0.647047
v -1.395763 -0.256121 0.314215
v -1.368413 -0.287717 0.320496
v -1.457950 -0.212651 0.297989
v -1.451095 -0.210657 0.294479
v -1.436332 -0.209266 0.304987
v -1.444251 -0.209459 0.295910
v -1.461520 -0.217566 0.323931
v -1.425751 -0.244448 0.289504
v -1.482383 -0.287713 0.310913
v -1.392969 -0.285573 0.294418
v -1.456993 -0.249901 0.296699
v -1.432997 -0.235204 0.288538
v -1.437663 -0.229468 0.287972
v -1.443935 -0.233975 0.290271
v -1.511465 -0.287712 0.324553
v -1.471383 -0.231492 0.304549
v -1.507662 -0.282116 0.391145
v -1.511631 -0.287714 0.385368
v -1.511445 -0.287714 0.396848
v -1.511465 -0.287712 0.324553
v -1.511631 -0.287714 0.385368
v -1.461520 -0.217566 0.323931
v -1.507662 -0.282116 0.391145
v -1.511445 -0.287714 0.396848
v -1.511445 -0.287714 0.396848
v -1.395763 -0.256121 0.314215
v -1.436332 -0.209266 0.304987
v -1.368413 -0.287717 0.320496
v -1.368413 -0.287717 0.320496
v -1.482383 -0.287713 0.310913
v -1.392969 -0.285573 0.294418
v -1.619572 -0.287712 0.454568
v -1.595333 -0.287711 0.368446
v -1.634280 -0.238177 0.429819
v -1.648512 -0.287711 0.431211
v -1.578637 -0.287711 0.359708
v -1.589107 -0.273785 0.365429
v -1.597137 -0.226601 0.402111
v -1.606295 -0.219538 0.402587
v -1.540842 -0.268909 0.400165
v -1.543003 -0.287713 0.382167
v -1.516244 -0.287714 0.399410
v -1.597137 -0.226601 0.402111
v -1.606295 -0.219538 0.402587
v -1.578637 -0.287711 0.359708
v -1.543003 -0.287713 0.382167
v -1.516244 -0.287714 0.399410
v -1.516244 -0.287714 0.399410
v -1.540842 -0.268909 0.400165
v -1.595333 -0.287711 0.368446
v -1.648512 -0.287711 0.431211
v -1.648512 -0.287711 0.431211
v -1.634280 -0.238177 0.429819
v -1.634280 -0.238177 0.429819
v -1.619572 -0.287712 0.454568
v -1.619572 -0.287712 0.454568
v -1.452496 -0.190598 0.301311
v -1.459382 -0.183667 0.299349
v -1.459397 -0.207760 0.298844
v -1.461250 -0.215167 0.322203
v -1.463946 -0.207251 0.318419
v -1.437895 -0.207461 0.304632
v -1.447963 -0.207747 0.293367
v -1.471181 -0.183561 0.305466
v -1.467954 -0.194644 0.312239
v -1.461250 -0.215167 0.322203
v -1.463946 -0.207251 0.318419
v -1.467954 -0.194644 0.312239
v -1.452496 -0.190598 0.301311
v -1.437895 -0.207461 0.304632
v -1.459382 -0.183667 0.299349
v -1.471181 -0.183561 0.305466
v -1.410043 -0.287714 0.273503
v -1.392766 -0.287715 0.292978
v -1.427435 -0.287714 0.280574
v -1.481336 -0.287713 0.308784
v -1.454229 -0.253437 0.295191
v -1.442413 -0.238930 0.289377
v -1.431312 -0.239058 0.287435
v -1.435561 -0.233900 0.286871
v -1.410043 -0.287714 0.273503
v -1.392766 -0.287715 0.292978
v -1.427435 -0.287714 0.280574
v -1.481336 -0.287713 0.308784
v -1.509118 -0.183218 0.325135
v -1.548507 -0.182973 0.345753
v -1.553864 -0.184617 0.351565
v -1.472949 -0.183545 0.306383
v -1.467657 -0.194271 0.303412
v -1.471170 -0.189318 0.309689
v -1.576572 -0.287711 0.358627
v -1.605011 -0.218683 0.401337
v -1.588302 -0.271984 0.365039
v -1.522382 -0.281336 0.398490
v -1.529779 -0.287713 0.388208
v -1.595468 -0.226081 0.400866
v -1.460885 -0.208042 0.299608
v -1.465439 -0.207565 0.319423
v -1.469499 -0.195048 0.313331
v -1.462968 -0.215802 0.323540
v -1.514029 -0.287712 0.325894
v -1.472798 -0.229681 0.305321
v -1.509503 -0.281214 0.391534
v -1.514108 -0.287714 0.384690
v -1.515359 -0.286627 0.398223
v -1.576572 -0.287711 0.358627
v -1.529779 -0.287713 0.388208
v -1.605011 -0.218683 0.401337
v -1.595468 -0.226081 0.400866
v -1.471170 -0.189318 0.309689
v -1.469499 -0.195048 0.313331
v -1.465439 -0.207565 0.319423
v -1.462968 -0.215802 0.323540
v -1.509503 -0.281214 0.391534
v -1.514029 -0.287712 0.325894
v -1.514108 -0.287714 0.384690
v -1.522382 -0.281336 0.398490
v -1.515359 -0.286627 0.398223
v -1.515359 -0.286627 0.398223
v -1.515359 -0.286627 0.398223
v -1.509118 -0.183218 0.325135
v -1.472949 -0.183545 0.306383
v -1.472949 -0.183545 0.306383
v -1.548507 -0.182973 0.345753
v -1.553864 -0.184617 0.351565
v -1.553864 -0.184617 0.351565
v -1.339302 -0.275640 -0.370797
v -1.335738 -0.287702 -0.361841
v -1.325913 -0.287702 -0.377460
v -1.319605 -0.280935 -0.315025
v -1.324140 -0.263589 -0.359936
v -1.317905 -0.287704 -0.298182
v -1.335912 -0.287702 -0.339948
v -1.338301 -0.287702 -0.357288
v -1.331208 -0.236997 -0.429927
v -1.335738 -0.287702 -0.361841
v -1.325913 -0.287702 -0.377460
v -1.325913 -0.287702 -0.377460
v -1.319605 -0.280935 -0.315025
v -1.324140 -0.263589 -0.359936
v -1.317905 -0.287704 -0.298182
v -1.317905 -0.287704 -0.298182
v -1.335912 -0.287702 -0.339948
v -1.338301 -0.287702 -0.357288
v -1.331208 -0.236997 -0.429927
v -1.337938 -0.287698 -0.496493
v -1.402328 -0.287696 -0.519203
v -1.333693 -0.239537 -0.430328
v -1.339998 -0.273610 -0.376604
v -1.385659 -0.287696 -0.524585
v -1.354209 -0.244831 -0.433473
v -1.357694 -0.287697 -0.533528
v -1.326765 -0.282748 -0.385893
v -1.326218 -0.287701 -0.380478
v -1.336349 -0.287701 -0.364503
v -1.342980 -0.287701 -0.368271
v -1.392885 -0.287697 -0.471139
v -1.407873 -0.287696 -0.502739
v -1.396818 -0.271638 -0.495866
v -1.347449 -0.267472 -0.516595
v -1.338310 -0.260885 -0.500202
v -1.337285 -0.256912 -0.487308
v -1.394461 -0.277061 -0.516271
v -1.370872 -0.273953 -0.522288
v -1.353109 -0.271591 -0.526743
v -1.326218 -0.287701 -0.380478
v -1.326218 -0.287701 -0.380478
v -1.336349 -0.287701 -0.364503
v -1.326765 -0.282748 -0.385893
v -1.342980 -0.287701 -0.368271
v -1.392885 -0.287697 -0.471139
v -1.407873 -0.287696 -0.502739
v -1.347449 -0.267472 -0.516595
v -1.338310 -0.260885 -0.500202
v -1.338310 -0.260885 -0.500202
v -1.353109 -0.271591 -0.526743
v -1.402328 -0.287696 -0.519203
v -1.385659 -0.287696 -0.524585
v -1.357694 -0.287697 -0.533528
v -1.357694 -0.287697 -0.533528
v -1.337938 -0.287698 -0.496493
v -1.337938 -0.287698 -0.496493
v -1.333693 -0.239537 -0.430328
v -1.337285 -0.256912 -0.487308
v -1.439489 -0.287697 -0.408855
v -1.355955 -0.243805 -0.433913
v -1.341208 -0.275697 -0.371834
v -1.408923 -0.287696 -0.499621
v -1.394862 -0.287697 -0.471354
v -1.396081 -0.268894 -0.491270
v -1.360145 -0.287700 -0.399295
v -1.340179 -0.287701 -0.357610
v -1.450451 -0.287698 -0.375869
v -1.448250 -0.283083 -0.370894
v -1.441552 -0.281864 -0.366728
v -1.363209 -0.268012 -0.318351
v -1.341945 -0.287702 -0.325288
v -1.391740 -0.260440 -0.483260
v -1.376114 -0.227904 -0.417246
v -1.377825 -0.222541 -0.430623
v -1.367779 -0.253787 -0.353333
v -1.374015 -0.234533 -0.400732
v -1.374892 -0.225975 -0.448081
v -1.337732 -0.287702 -0.340902
v -1.408923 -0.287696 -0.499621
v -1.394862 -0.287697 -0.471354
v -1.360145 -0.287700 -0.399295
v -1.340179 -0.287701 -0.357610
v -1.450451 -0.287698 -0.375869
v -1.341945 -0.287702 -0.325288
v -1.337732 -0.287702 -0.340902
v -1.439489 -0.287697 -0.408855
v -1.453618 -0.287698 -0.366341
v -1.310371 -0.287706 -0.223609
v -1.449877 -0.287698 -0.362536
v -1.449528 -0.284182 -0.369810
v -1.451202 -0.287698 -0.373609
v -1.443220 -0.283033 -0.365888
v -1.372735 -0.270564 -0.322378
v -1.356323 -0.287702 -0.329462
v -1.362688 -0.268793 -0.316162
v -1.342232 -0.287702 -0.322881
v -1.311701 -0.282168 -0.236780
v -1.313778 -0.287705 -0.257332
v -1.451202 -0.287698 -0.373609
v -1.356323 -0.287702 -0.329462
v -1.342232 -0.287702 -0.322881
v -1.313778 -0.287705 -0.257332
v -1.313778 -0.287705 -0.257332
v -1.311701 -0.282168 -0.236780
v -1.453618 -0.287698 -0.366341
v -1.310371 -0.287706 -0.223609
v -1.310371 -0.287706 -0.223609
v -1.449877 -0.287698 -0.362536
v -2.401601 -0.253189 -0.795602
v -2.399308 -0.254364 -0.790826
v -2.415684 -0.240143 -0.785132
v -2.402452 -0.248675 -0.801053
v -2.413968 -0.247284 -0.777280
v -2.394427 -0.249451 -0.784262
v -2.394838 -0.245029 -0.789445
v -2.413276 -0.266419 -0.798183
v -2.422011 -0.267380 -0.813784
v -2.445525 -0.278254 -0.822119
v -2.445246 -0.264609 -0.819357
v -2.441607 -0.259320 -0.783333
v -2.445715 -0.287659 -0.824003
v -2.424393 -0.287660 -0.818367
v -2.439629 -0.257178 -0.767471
v -2.440950 -0.258416 -0.776831
v -2.417979 -0.287660 -0.806955
v -2.411725 -0.287661 -0.795798
v -2.439386 -0.287660 -0.761356
v -2.439837 -0.263874 -0.765805
v -2.433537 -0.287660 -0.768605
v -2.445525 -0.278254 -0.822119
v -2.445246 -0.264609 -0.819357
v -2.441607 -0.259320 -0.783333
v -2.445715 -0.287659 -0.824003
v -2.445715 -0.287659 -0.824003
v -2.424393 -0.287660 -0.818367
v -2.439629 -0.257178 -0.767471
v -2.440950 -0.258416 -0.776831
v -2.417979 -0.287660 -0.806955
v -2.411725 -0.287661 -0.795798
v -2.439837 -0.263874 -0.765805
v -2.439386 -0.287660 -0.761356
v -2.439386 -0.287660 -0.761356
v -2.433537 -0.287660 -0.768605
v -2.332264 -0.287661 -0.860602
v -2.345496 -0.287661 -0.875073
v -2.398154 -0.256245 -0.791294
v -2.401117 -0.254934 -0.797608
v -2.419784 -0.267205 -0.815077
v -2.411406 -0.265256 -0.799032
v -2.412991 -0.255980 -0.822602
v -2.416463 -0.287660 -0.808799
v -2.422089 -0.287660 -0.819569
v -2.409799 -0.287661 -0.796323
v -2.405780 -0.252884 -0.812476
v -2.393963 -0.255955 -0.815653
v -2.394167 -0.287659 -0.870759
v -2.384145 -0.287659 -0.889064
v -2.375247 -0.263824 -0.776199
v -2.351061 -0.287663 -0.759070
v -2.311595 -0.279071 -0.832037
v -2.315359 -0.277778 -0.835279
v -2.319041 -0.276514 -0.838432
v -2.306284 -0.283334 -0.786388
v -2.291177 -0.287664 -0.788550
v -2.286750 -0.287664 -0.810675
v -2.416463 -0.287660 -0.808799
v -2.422089 -0.287660 -0.819569
v -2.409799 -0.287661 -0.796323
v -2.394167 -0.287659 -0.870759
v -2.384145 -0.287659 -0.889064
v -2.351061 -0.287663 -0.759070
v -2.291177 -0.287664 -0.788550
v -2.286750 -0.287664 -0.810675
v -2.332264 -0.287661 -0.860602
v -2.345496 -0.287661 -0.875073
v -2.439854 -0.234478 -0.780131
v -2.440571 -0.239982 -0.773074
v -2.443834 -0.244283 -0.805376
v -2.403000 -0.256787 -0.792534
v -2.403154 -0.252810 -0.799601
v -2.412499 -0.263807 -0.798323
v -2.421711 -0.265556 -0.813796
v -2.445257 -0.262827 -0.819464
v -2.439375 -0.254565 -0.766819
v -2.441278 -0.256809 -0.780075
v -2.438367 -0.250712 -0.761091
v -2.431473 -0.250438 -0.764820
v -2.416842 -0.249764 -0.772844
v -2.419103 -0.239342 -0.784425
v -2.446080 -0.253105 -0.827605
v -2.415136 -0.255170 -0.821413
v -2.411742 -0.253875 -0.817040
v -2.407917 -0.252370 -0.812003
v -2.403594 -0.249620 -0.803761
v -2.439375 -0.254565 -0.766819
v -2.441278 -0.256809 -0.780075
v -2.438367 -0.250712 -0.761091
v -2.445257 -0.262827 -0.819464
v -2.446080 -0.253105 -0.827605
v -2.443834 -0.244283 -0.805376
v -2.439854 -0.234478 -0.780131
v -2.440571 -0.239982 -0.773074
v -2.454874 -0.287657 -0.914668
v -2.422034 -0.266426 -0.815857
v -2.385751 -0.287659 -0.889646
v -2.412902 -0.258245 -0.828069
v -2.419115 -0.287659 -0.829698
v -2.445463 -0.263709 -0.821500
v -2.446270 -0.253853 -0.829489
v -2.415162 -0.255916 -0.823233
v -2.424313 -0.287660 -0.820806
v -2.445752 -0.277485 -0.824370
v -2.445969 -0.287659 -0.826510
v -2.385751 -0.287659 -0.889646
v -2.419115 -0.287659 -0.829698
v -2.445463 -0.263709 -0.821500
v -2.446270 -0.253853 -0.829489
v -2.424313 -0.287660 -0.820806
v -2.445752 -0.277485 -0.824370
v -2.445969 -0.287659 -0.826510
v -2.445969 -0.287659 -0.826510
v -2.454874 -0.287657 -0.914668
v -2.454874 -0.287657 -0.914668
v -2.298119 -0.267698 -0.809455
v -2.274200 -0.287665 -0.796908
v -2.396873 -0.254247 -0.789990
v -2.379547 -0.259990 -0.778752
v -2.392764 -0.249742 -0.784726
v -2.393186 -0.245416 -0.789787
v -2.398201 -0.248323 -0.798659
v -2.401046 -0.250178 -0.804193
v -2.371643 -0.262398 -0.779710
v -2.327894 -0.275169 -0.785695
v -2.377106 -0.258809 -0.816478
v -2.299854 -0.283273 -0.789628
v -2.316830 -0.275582 -0.835370
v -2.281949 -0.287664 -0.805409
v -2.284620 -0.287664 -0.791778
v -2.281949 -0.287664 -0.805409
v -2.284620 -0.287664 -0.791778
v -2.274200 -0.287665 -0.796908
v -2.434982 -0.287661 -0.717755
v -2.412117 -0.265978 -0.797321
v -2.402308 -0.257405 -0.790864
v -2.397949 -0.255332 -0.788567
v -2.395540 -0.250780 -0.782095
v -2.415434 -0.250882 -0.772175
v -2.429792 -0.251573 -0.764264
v -2.365179 -0.275418 -0.767035
v -2.352766 -0.287663 -0.758230
v -2.410561 -0.287660 -0.794573
v -2.379801 -0.261501 -0.776786
v -2.439149 -0.252116 -0.758995
v -2.439284 -0.256366 -0.765270
v -2.439143 -0.287660 -0.758949
v -2.439562 -0.265221 -0.763084
v -2.432937 -0.287660 -0.766727
v -2.352766 -0.287663 -0.758230
v -2.410561 -0.287660 -0.794573
v -2.439143 -0.287660 -0.758949
v -2.439143 -0.287660 -0.758949
v -2.439562 -0.265221 -0.763084
v -2.439284 -0.256366 -0.765270
v -2.432937 -0.287660 -0.766727
v -2.434982 -0.287661 -0.717755
v -2.434982 -0.287661 -0.717755
v -2.439149 -0.252116 -0.758995
v -2.063336 -0.193271 0.056264
v -2.148961 -0.212380 0.008347
v -2.153406 -0.215414 0.019409
v -2.159790 -0.210354 0.014451
v -2.144617 -0.213765 0.026192
v -2.190667 -0.182979 -0.009548
v -2.173507 -0.179861 -0.000045
v -2.071481 -0.199811 0.082629
v -2.077210 -0.184254 0.078122
v -2.077271 -0.162700 0.053616
v -2.153406 -0.215414 0.019409
v -2.159790 -0.210354 0.014451
v -2.144617 -0.213765 0.026192
v -2.190667 -0.182979 -0.009548
v -2.190667 -0.182979 -0.009548
v -2.173507 -0.179861 -0.000045
v -2.071481 -0.199811 0.082629
v -2.077210 -0.184254 0.078122
v -2.077210 -0.184254 0.078122
v -2.077271 -0.162700 0.053616
v -2.072868 -0.287691 0.088734
v -2.071008 -0.278507 0.087847
v -2.067500 -0.260584 0.086018
v -2.147440 -0.214413 0.008124
v -2.061419 -0.195203 0.056659
v -2.069900 -0.201948 0.083862
v -2.087764 -0.205219 0.070076
v -2.055469 -0.216578 0.095087
v -2.152341 -0.217682 0.020244
v -2.092184 -0.254556 -0.017231
v -2.090655 -0.269992 0.002403
v -2.090248 -0.274240 0.007828
v -2.119697 -0.270086 0.046363
v -2.110738 -0.287689 0.058171
v -2.088917 -0.287689 0.025184
v -2.069900 -0.201948 0.083862
v -2.087764 -0.205219 0.070076
v -2.055469 -0.216578 0.095087
v -2.152341 -0.217682 0.020244
v -2.110738 -0.287689 0.058171
v -2.110738 -0.287689 0.058171
v -2.088917 -0.287689 0.025184
v -2.119697 -0.270086 0.046363
v -2.072868 -0.287691 0.088734
v -2.072868 -0.287691 0.088734
v -2.071008 -0.278507 0.087847
v -2.067500 -0.260584 0.086018
v -2.223857 -0.182606 -0.035195
v -2.213871 -0.144513 -0.068192
v -2.222668 -0.173900 -0.042243
v -2.207172 -0.138594 -0.064167
v -2.203748 -0.155198 -0.064816
v -2.205341 -0.159860 -0.060608
v -2.195300 -0.136925 -0.058251
v -2.199615 -0.148773 -0.050341
v -2.211038 -0.175779 -0.046126
v -2.209672 -0.175309 -0.032695
v -2.219620 -0.182653 -0.031920
v -2.195300 -0.136925 -0.058251
v -2.199615 -0.148773 -0.050341
v -2.209672 -0.175309 -0.032695
v -2.219620 -0.182653 -0.031920
v -2.223857 -0.182606 -0.035195
v -2.222668 -0.173900 -0.042243
v -2.222668 -0.173900 -0.042243
v -2.213871 -0.144513 -0.068192
v -2.207172 -0.138594 -0.064167
v -2.207172 -0.138594 -0.064167
v -2.098002 -0.266808 -0.029550
v -2.098719 -0.287687 -0.013630
v -2.148981 -0.213966 0.006875
v -2.163269 -0.287686 0.015775
v -2.139172 -0.287687 0.004765
v -2.166760 -0.278653 0.010609
v -2.219236 -0.184083 -0.036194
v -2.127397 -0.233536 -0.039043
v -2.092988 -0.255718 -0.019397
v -2.094632 -0.255241 -0.026342
v -2.091428 -0.269657 -0.000960
v -2.090765 -0.275773 0.007162
v -2.153891 -0.217297 0.019044
v -2.121129 -0.270346 0.045275
v -2.112394 -0.287689 0.056834
v -2.089613 -0.287688 0.022428
v -2.210014 -0.177423 -0.045364
v -2.208378 -0.177124 -0.029652
v -2.216659 -0.182687 -0.029633
v -2.197908 -0.182897 -0.015144
v -2.188818 -0.191646 -0.044382
v -2.194335 -0.185063 -0.012371
v -2.132958 -0.229913 -0.041208
v -2.153891 -0.217297 0.019044
v -2.121129 -0.270346 0.045275
v -2.112394 -0.287689 0.056834
v -2.112394 -0.287689 0.056834
v -2.089613 -0.287688 0.022428
v -2.208378 -0.177124 -0.029652
v -2.216659 -0.182687 -0.029633
v -2.216659 -0.182687 -0.029633
v -2.197908 -0.182897 -0.015144
v -2.197908 -0.182897 -0.015144
v -2.194335 -0.185063 -0.012371
v -2.098719 -0.287687 -0.013630
v -2.163269 -0.287686 0.015775
v -2.163269 -0.287686 0.015775
v -2.166760 -0.278653 0.010609
v -2.139172 -0.287687 0.004765
v -2.219236 -0.184083 -0.036194
v -2.062539 -0.145092 0.004210
v -2.061700 -0.193700 0.055195
v -2.147656 -0.213041 0.005817
v -2.100925 -0.121652 -0.010945
v -2.125924 -0.127172 -0.023679
v -2.078769 -0.116816 0.000405
v -2.204052 -0.160829 -0.060471
v -2.209006 -0.176068 -0.046835
v -2.206011 -0.172504 -0.033096
v -2.197665 -0.148571 -0.049306
v -2.202549 -0.156462 -0.064416
v -2.193285 -0.136642 -0.057247
v -2.137719 -0.224888 -0.042795
v -2.124329 -0.233534 -0.037574
v -2.188737 -0.190168 -0.045523
v -2.195293 -0.181897 -0.014291
v -2.177327 -0.178814 -0.004137
v -2.084715 -0.162518 0.047752
v -2.076747 -0.161097 0.052195
v -2.092381 -0.253208 -0.019195
v -2.093936 -0.252853 -0.025679
v -2.053760 -0.143974 0.038159
v -2.058173 -0.135874 0.037685
v -2.055367 -0.155821 0.042103
v -2.206011 -0.172504 -0.033096
v -2.197665 -0.148571 -0.049306
v -2.193285 -0.136642 -0.057247
v -2.195293 -0.181897 -0.014291
v -2.177327 -0.178814 -0.004137
v -2.084715 -0.162518 0.047752
v -2.076747 -0.161097 0.052195
v -2.058173 -0.135874 0.037685
v -2.125924 -0.127172 -0.023679
v -2.100925 -0.121652 -0.010945
v -2.078769 -0.116816 0.000405
v -2.046726 -0.184596 0.101679
v -2.048162 -0.166597 0.080159
v -2.050047 -0.143501 0.052516
v -2.060835 -0.193973 0.056904
v -2.075457 -0.161933 0.054123
v -2.057163 -0.136807 0.039512
v -2.053316 -0.143917 0.039877
v -2.055001 -0.156368 0.044035
v -2.075448 -0.177141 0.071389
v -2.075381 -0.184274 0.079536
v -2.069304 -0.200556 0.084315
v -2.055008 -0.214892 0.095435
v -2.075457 -0.161933 0.054123
v -2.057163 -0.136807 0.039512
v -2.075448 -0.177141 0.071389
v -2.075381 -0.184274 0.079536
v -2.075381 -0.184274 0.079536
v -2.069304 -0.200556 0.084315
v -2.055008 -0.214892 0.095435
v -2.046726 -0.184596 0.101679
v -2.046726 -0.184596 0.101679
v -2.048162 -0.166597 0.080159
v -2.050047 -0.143501 0.052516
v -1.287909 -0.184621 0.209386
v -1.390633 -0.140095 0.184437
v -1.330686 -0.141740 0.155338
v -1.312078 -0.159569 0.138747
v -1.294338 -0.184619 0.119415
v -1.383653 -0.177562 0.198787
v -1.387630 -0.170437 0.198083
v -1.397749 -0.151335 0.189771
v -1.399206 -0.146300 0.185931
v -1.392056 -0.152332 0.179903
v -1.363848 -0.175347 0.156455
v -1.389158 -0.150308 0.201968
v -1.393356 -0.146458 0.197306
v -1.397554 -0.139934 0.187850
v -1.351833 -0.178577 0.149273
v -1.292493 -0.194618 0.114178
v -1.291321 -0.197190 0.122606
v -1.284267 -0.227377 0.235700
v -1.364463 -0.162819 0.211207
v -1.285929 -0.208938 0.161582
v -1.286069 -0.211559 0.172552
v -1.278009 -0.226782 0.221237
v -1.321720 -0.184351 0.226978
v -1.276995 -0.226727 0.231388
v -1.389158 -0.150308 0.201968
v -1.393356 -0.146458 0.197306
v -1.397554 -0.139934 0.187850
v -1.292493 -0.194618 0.114178
v -1.291321 -0.197190 0.122606
v -1.285929 -0.208938 0.161582
v -1.286069 -0.211559 0.172552
v -1.278009 -0.226782 0.221237
v -1.364463 -0.162819 0.211207
v -1.321720 -0.184351 0.226978
v -1.321720 -0.184351 0.226978
v -1.276995 -0.226727 0.231388
v -1.276995 -0.226727 0.231388
v -1.390633 -0.140095 0.184437
v -1.330686 -0.141740 0.155338
v -1.330686 -0.141740 0.155338
v -1.312078 -0.159569 0.138747
v -1.294338 -0.184619 0.119415
v -1.294338 -0.184619 0.119415
v -1.287909 -0.184621 0.209386
v -1.287909 -0.184621 0.209386
v -1.287909 -0.184621 0.209386
v -1.284267 -0.227377 0.235700
v -1.384709 -0.179324 0.198703
v -1.387347 -0.183720 0.201556
v -1.388939 -0.173672 0.197883
v -1.400014 -0.150843 0.188016
v -1.399979 -0.157390 0.191152
v -1.365110 -0.176912 0.156397
v -1.393427 -0.152833 0.180352
v -1.396757 -0.206682 0.210018
v -1.397390 -0.198724 0.207106
v -1.391489 -0.204172 0.200186
v -1.365970 -0.189302 0.151525
v -1.282830 -0.247012 0.086736
v -1.285180 -0.229932 0.235546
v -1.382956 -0.180474 0.198729
v -1.386754 -0.186073 0.203454
v -1.300996 -0.287713 0.094076
v -1.279855 -0.263096 0.078436
v -1.280869 -0.287713 0.068420
v -1.287016 -0.287713 0.071390
v -1.304363 -0.287717 0.279746
v -1.342645 -0.287716 0.280224
v -1.373432 -0.287715 0.279959
v -1.269620 -0.287716 0.179777
v -1.271621 -0.273641 0.188729
v -1.282462 -0.287717 0.217130
v -1.278275 -0.227977 0.216166
v -1.281332 -0.222147 0.197819
v -1.285947 -0.213356 0.170095
v -1.285800 -0.210526 0.158461
v -1.292118 -0.196655 0.113112
v -1.362406 -0.177991 0.154630
v -1.348798 -0.181587 0.146522
v -1.396942 -0.210970 0.212444
v -1.402229 -0.287714 0.259088
v -1.388930 -0.206534 0.197186
v -1.363619 -0.192233 0.149139
v -1.304363 -0.287717 0.279746
v -1.342645 -0.287716 0.280224
v -1.373432 -0.287715 0.279959
v -1.269620 -0.287716 0.179777
v -1.269620 -0.287716 0.179777
v -1.282462 -0.287717 0.217130
v -1.271621 -0.273641 0.188729
v -1.278275 -0.227977 0.216166
v -1.281332 -0.222147 0.197819
v -1.285947 -0.213356 0.170095
v -1.285800 -0.210526 0.158461
v -1.292118 -0.196655 0.113112
v -1.402229 -0.287714 0.259088
v -1.282830 -0.247012 0.086736
v -1.300996 -0.287713 0.094076
v -1.279855 -0.263096 0.078436
v -1.280869 -0.287713 0.068420
v -1.280869 -0.287713 0.068420
v -1.287016 -0.287713 0.071390
v -1.261186 -0.287718 0.263258
v -1.269269 -0.287716 0.183254
v -1.275176 -0.246215 0.209574
v -1.302718 -0.287718 0.279895
v -1.282388 -0.230094 0.236492
v -1.298432 -0.287718 0.283140
v -1.276502 -0.228628 0.232381
v -1.277670 -0.228683 0.220713
v -1.269269 -0.287716 0.183254
v -1.269269 -0.287716 0.183254
v -1.302718 -0.287718 0.279895
v -1.275176 -0.246215 0.209574
v -1.298432 -0.287718 0.283140
v -1.298432 -0.287718 0.283140
v -1.282388 -0.230094 0.236492
v -1.276502 -0.228628 0.232381
v -1.276502 -0.228628 0.232381
v -1.277670 -0.228683 0.220713
v -1.261186 -0.287718 0.263258
v -1.261186 -0.287718 0.263258
v -2.097535 -0.268710 -0.031323
v -2.098264 -0.287687 -0.016950
v -2.149582 -0.287686 0.006582
v -2.165601 -0.287686 0.013892
v -2.084324 -0.287687 -0.039797
v -2.094900 -0.287686 -0.071696
v -2.108601 -0.287685 -0.112281
v -2.124091 -0.274751 -0.125867
v -2.132657 -0.287683 -0.137729
v -2.146945 -0.257715 -0.016974
v -2.122912 -0.241967 -0.039687
v -2.123351 -0.256402 -0.077851
v -2.138684 -0.287684 -0.121263
v -2.171540 -0.287685 -0.031364
v -2.165936 -0.270187 0.000993
v -2.170863 -0.275770 0.007406
v -2.178131 -0.287685 0.003779
v -2.108601 -0.287685 -0.112281
v -2.132657 -0.287683 -0.137729
v -2.138684 -0.287684 -0.121263
v -2.171540 -0.287685 -0.031364
v -2.178131 -0.287685 0.003779
v -2.178131 -0.287685 0.003779
v -2.098264 -0.287687 -0.016950
v -2.149582 -0.287686 0.006582
v -2.165601 -0.287686 0.013892
v -2.165601 -0.287686 0.013892
v -2.084324 -0.287687 -0.039797
v -2.094900 -0.287686 -0.071696
v -2.170863 -0.275770 0.007406
v -2.356591 -0.184579 -0.278249
v -2.291795 -0.123476 -0.244890
v -2.377750 -0.284187 -0.329243
v -2.222411 -0.227311 -0.298662
v -2.220927 -0.223986 -0.285960
v -2.370167 -0.278425 -0.314540
v -2.216652 -0.214251 -0.248983
v -2.208668 -0.195141 -0.177607
v -2.289132 -0.216097 -0.157326
v -2.288929 -0.183316 -0.153041
v -2.253076 -0.134132 -0.156798
v -2.377750 -0.284187 -0.329243
v -2.370167 -0.278425 -0.314540
v -2.288929 -0.183316 -0.153041
v -2.288929 -0.183316 -0.153041
v -2.253076 -0.134132 -0.156798
v -2.289132 -0.216097 -0.157326
v -2.356591 -0.184579 -0.278249
v -2.356591 -0.184579 -0.278249
v -2.291795 -0.123476 -0.244890
v -2.182074 -0.287678 -0.329923
v -2.273101 -0.287679 -0.133432
v -2.233414 -0.287681 -0.134692
v -2.283186 -0.239824 -0.148460
v -2.285988 -0.228664 -0.152809
v -2.148827 -0.287683 -0.145632
v -2.287179 -0.224050 -0.154666
v -2.207130 -0.196891 -0.177419
v -2.288777 -0.218352 -0.156940
v -2.132798 -0.275365 -0.153197
v -2.135567 -0.287683 -0.147433
v -2.209081 -0.200850 -0.193087
v -2.379598 -0.287534 -0.333056
v -2.221320 -0.228944 -0.299508
v -2.125754 -0.287683 -0.163092
v -2.130451 -0.279439 -0.156418
v -2.273101 -0.287679 -0.133432
v -2.273101 -0.287679 -0.133432
v -2.233414 -0.287681 -0.134692
v -2.283186 -0.239824 -0.148460
v -2.148827 -0.287683 -0.145632
v -2.285988 -0.228664 -0.152809
v -2.287179 -0.224050 -0.154666
v -2.288777 -0.218352 -0.156940
v -2.135567 -0.287683 -0.147433
v -2.125754 -0.287683 -0.163092
v -2.379598 -0.287534 -0.333056
v -2.379598 -0.287534 -0.333056
v -2.182074 -0.287678 -0.329923
v -2.226288 -0.182146 -0.037124
v -2.215104 -0.144813 -0.070072
v -2.228361 -0.140934 -0.100568
v -2.172368 -0.287685 -0.038368
v -2.222108 -0.226623 -0.032892
v -2.190246 -0.244827 -0.006825
v -2.166403 -0.267813 -0.000563
v -2.124652 -0.252607 -0.072027
v -2.124300 -0.240504 -0.040145
v -2.151866 -0.287684 -0.093717
v -2.124716 -0.254901 -0.078146
v -2.125535 -0.273879 -0.127968
v -2.134736 -0.287683 -0.140637
v -2.133259 -0.274352 -0.152033
v -2.136374 -0.287683 -0.145861
v -2.287971 -0.183298 -0.151267
v -2.288117 -0.216739 -0.155528
v -2.207816 -0.195417 -0.175771
v -2.252356 -0.134330 -0.155161
v -2.230442 -0.287681 -0.132797
v -2.282570 -0.237894 -0.147149
v -2.145957 -0.287683 -0.144542
v -2.286266 -0.223422 -0.152905
v -2.222108 -0.226623 -0.032892
v -2.222108 -0.226623 -0.032892
v -2.190246 -0.244827 -0.006825
v -2.226288 -0.182146 -0.037124
v -2.226288 -0.182146 -0.037124
v -2.226288 -0.182146 -0.037124
v -2.172368 -0.287685 -0.038368
v -2.151866 -0.287684 -0.093717
v -2.134736 -0.287683 -0.140637
v -2.282570 -0.237894 -0.147149
v -2.286266 -0.223422 -0.152905
v -2.136374 -0.287683 -0.145861
v -2.287971 -0.183298 -0.151267
v -2.287971 -0.183298 -0.151267
v -2.288117 -0.216739 -0.155528
v -2.252356 -0.134330 -0.155161
v -2.230442 -0.287681 -0.132797
v -2.145957 -0.287683 -0.144542
v -2.215104 -0.144813 -0.070072
v -2.228361 -0.140934 -0.100568
v -2.125164 -0.287683 -0.161344
v -2.129447 -0.280125 -0.155156
v -2.133934 -0.287683 -0.147189
v -2.130383 -0.276567 -0.149046
v -2.124385 -0.276192 -0.130339
v -2.131987 -0.287683 -0.140964
v -2.110051 -0.287685 -0.116577
v -2.131987 -0.287683 -0.140964
v -2.110051 -0.287685 -0.116577
v -2.125164 -0.287683 -0.161344
v -2.133934 -0.287683 -0.147189
v -2.216369 -0.287684 -0.027081
v -2.171751 -0.274269 0.006692
v -2.168124 -0.270194 0.001998
v -2.173563 -0.287685 -0.029893
v -2.179849 -0.287685 0.002393
v -2.271967 -0.287680 -0.131306
v -2.237098 -0.287681 -0.132455
v -2.281344 -0.243333 -0.145291
v -2.221714 -0.230819 -0.032492
v -2.185898 -0.252388 -0.003171
v -2.173563 -0.287685 -0.029893
v -2.179849 -0.287685 0.002393
v -2.179849 -0.287685 0.002393
v -2.271967 -0.287680 -0.131306
v -2.271967 -0.287680 -0.131306
v -2.237098 -0.287681 -0.132455
v -2.281344 -0.243333 -0.145291
v -2.221714 -0.230819 -0.032492
v -2.221714 -0.230819 -0.032492
v -2.185898 -0.252388 -0.003171
v -2.216369 -0.287684 -0.027081
v -2.216369 -0.287684 -0.027081
v -2.171751 -0.274269 0.006692
v -2.476732 -0.287650 -1.131034
v -2.446401 -0.287651 -1.147226
v -2.473247 -0.274209 -1.124010
v -2.472171 -0.277818 -1.097756
v -2.473554 -0.287651 -1.099585
v -2.456137 -0.287651 -1.095637
v -2.473554 -0.287651 -1.099585
v -2.473554 -0.287651 -1.099585
v -2.456137 -0.287651 -1.095637
v -2.446401 -0.287651 -1.147226
v -2.446401 -0.287651 -1.147226
v -2.473247 -0.274209 -1.124010
v -2.473247 -0.274209 -1.124010
v -2.472171 -0.277818 -1.097756
v -2.476732 -0.287650 -1.131034
v -2.476732 -0.287650 -1.131034
v -2.471354 -0.280561 -1.077798
v -2.460737 -0.285066 -1.094159
v -2.466315 -0.287651 -1.095872
v -2.462174 -0.287652 -1.063646
v -2.469016 -0.284573 -1.054660
v -2.473263 -0.283077 -1.096695
v -2.472083 -0.278115 -1.095590
v -2.460737 -0.285066 -1.094159
v -2.466315 -0.287651 -1.095872
v -2.462174 -0.287652 -1.063646
v -2.469016 -0.284573 -1.054660
v -2.469016 -0.284573 -1.054660
v -2.473263 -0.283077 -1.096695
v -2.473263 -0.283077 -1.096695
v -2.472083 -0.278115 -1.095590
v -2.471354 -0.280561 -1.077798
v -2.467222 -0.287653 -1.036896
v -2.462986 -0.287652 -1.059341
v -2.468664 -0.287652 -1.051170
v 0.662594 -0.181262 0.248652
v 0.458326 -0.092980 -0.149223
v 0.604029 -0.287702 0.222872
v 0.444324 -0.287594 -0.042880
v 0.447981 -0.108418 -0.156303
v 0.607333 -0.286888 0.462315
v 0.171572 -0.287667 0.323477
v 0.342675 -0.287674 -0.028947
v 0.430016 -0.287597 0.544839
v 0.524591 -0.287004 0.603675
v 0.139542 -0.269680 0.379562
v 0.351889 -0.100354 -0.147777
v 0.668238 -0.107750 0.486774
v 0.681449 -0.126017 0.474475
v 0.494242 0.035036 0.353587
v 0.350443 0.099038 0.080523
v 0.334965 0.077075 -0.035946
v 0.330544 0.070787 -0.068726
v 0.136462 -0.262642 0.384236
v 0.318922 -0.201173 0.556305
v 0.155203 -0.232973 0.423828
v 0.358478 -0.193462 0.588266
v 0.472622 -0.233469 0.622183
v 0.529025 -0.252896 0.638601
v 0.621774 -0.184815 0.565959
v 0.639333 -0.179963 0.542205
v 0.671335 -0.170919 0.498861
v 0.689439 -0.137172 0.467063
v 0.291139 0.006237 -0.080540
v 0.295546 0.013890 -0.093499
v 0.314613 0.044902 -0.080517
v 0.254904 -0.056714 0.027110
v 0.203417 -0.146192 0.181038
v 0.668238 -0.107750 0.486774
v 0.668238 -0.107750 0.486774
v 0.681449 -0.126017 0.474475
v 0.350443 0.099038 0.080523
v 0.350443 0.099038 0.080523
v 0.334965 0.077075 -0.035946
v 0.494242 0.035036 0.353587
v 0.494242 0.035036 0.353587
v 0.330544 0.070787 -0.068726
v 0.318922 -0.201173 0.556305
v 0.155203 -0.232973 0.423828
v 0.155203 -0.232973 0.423828
v 0.136462 -0.262642 0.384236
v 0.358478 -0.193462 0.588266
v 0.358478 -0.193462 0.588266
v 0.472622 -0.233469 0.622183
v 0.529025 -0.252896 0.638601
v 0.621774 -0.184815 0.565959
v 0.621774 -0.184815 0.565959
v 0.639333 -0.179963 0.542205
v 0.671335 -0.170919 0.498861
v 0.314613 0.044902 -0.080517
v 0.689439 -0.137172 0.467063
v 0.291139 0.006237 -0.080540
v 0.295546 0.013890 -0.093499
v 0.254904 -0.056714 0.027110
v 0.203417 -0.146192 0.181038
v 2.848325 -0.172272 0.574708
v 2.958957 -0.179156 0.632616
v 3.020833 -0.179378 0.402542
v 2.653791 -0.287686 0.545060
v 2.929936 -0.283770 0.678173
v 2.921318 -0.287666 0.676167
v 2.640358 -0.226578 0.503653
v 2.950419 -0.287693 0.400347
v 3.068708 -0.287683 0.468408
v 2.990026 -0.256684 0.692030
v 3.023865 -0.284800 0.630102
v 2.857171 -0.170056 0.353515
v 2.903620 -0.172279 0.332597
v 2.719664 -0.205590 0.448490
v 3.067645 -0.287683 0.473485
v 3.027302 -0.287669 0.623790
v 2.929936 -0.283770 0.678173
v 2.921318 -0.287666 0.676167
v 2.921318 -0.287666 0.676167
v 2.653791 -0.287686 0.545060
v 2.653791 -0.287686 0.545060
v 2.640358 -0.226578 0.503653
v 2.903620 -0.172279 0.332597
v 2.950419 -0.287693 0.400347
v 2.950419 -0.287693 0.400347
v 3.068708 -0.287683 0.468408
v 2.990026 -0.256684 0.692030
v 3.023865 -0.284800 0.630102
v 2.857171 -0.170056 0.353515
v 2.719664 -0.205590 0.448490
v 3.067645 -0.287683 0.473485
v 3.027302 -0.287669 0.623790
v 3.027302 -0.287669 0.623790
v 0.238950 -0.069097 1.424858
v 0.606054 0.159031 1.278837
v 0.571619 0.087428 1.180753
v 0.427377 -0.287701 1.472736
v 0.220211 -0.287679 1.508306
v 0.733576 -0.037481 1.328733
v 0.683729 -0.134236 1.372643
v 0.169684 -0.287674 1.516871
v 0.165757 -0.281573 1.515296
v 0.147816 -0.253633 1.507932
v 0.179893 -0.195732 1.245827
v 0.331084 -0.287661 0.941579
v 0.533425 -0.287693 1.102052
v 0.310797 -0.254677 0.929702
v 0.740007 -0.044652 1.297056
v 0.714876 -0.133864 1.265688
v 0.748277 -0.009266 1.315359
v 0.747129 -0.019342 1.305983
v 0.302212 -0.240732 0.924708
v 0.427377 -0.287701 1.472736
v 0.427377 -0.287701 1.472736
v 0.220211 -0.287679 1.508306
v 0.683729 -0.134236 1.372643
v 0.683729 -0.134236 1.372643
v 0.733576 -0.037481 1.328733
v 0.169684 -0.287674 1.516871
v 0.169684 -0.287674 1.516871
v 0.165757 -0.281573 1.515296
v 0.147816 -0.253633 1.507932
v 0.179893 -0.195732 1.245827
v 0.331084 -0.287661 0.941579
v 0.331084 -0.287661 0.941579
v 0.533425 -0.287693 1.102052
v 0.533425 -0.287693 1.102052
v 0.302212 -0.240732 0.924708
v 0.740007 -0.044652 1.297056
v 0.714876 -0.133864 1.265688
v 0.714876 -0.133864 1.265688
v 0.310797 -0.254677 0.929702
v 0.748277 -0.009266 1.315359
v 0.747129 -0.019342 1.305983
v -0.229687 -0.230938 0.150051
v -0.139660 -0.264916 0.350578
v 0.001723 -0.155402 -0.157310
v 0.054445 -0.143466 -0.196801
v -0.049882 -0.198578 -0.160694
v -0.091983 -0.251268 -0.184202
v 0.005025 -0.242708 0.289920
v -0.003485 -0.257758 0.362000
v -0.138049 -0.287678 0.356057
v -0.024460 -0.287687 0.366983
v -0.204192 -0.287673 0.210858
v -0.217987 -0.287672 0.180403
v 0.061115 -0.143033 -0.196827
v 0.047849 -0.161180 -0.212546
v -0.003575 -0.232472 -0.250655
v -0.222915 -0.287673 -0.015237
v -0.203132 -0.287675 -0.058867
v -0.243320 -0.253098 0.121387
v -0.153072 -0.287680 -0.145694
v -0.143911 -0.287680 -0.155045
v -0.029823 -0.269403 -0.257078
v -0.014814 -0.248061 -0.258850
v -0.066841 -0.287688 -0.231573
v -0.042677 -0.287690 -0.255354
v -0.177563 -0.287677 -0.103778
v -0.243320 -0.253098 0.121387
v -0.217987 -0.287672 0.180403
v -0.217987 -0.287672 0.180403
v 0.005025 -0.242708 0.289920
v 0.061115 -0.143033 -0.196827
v -0.003485 -0.257758 0.362000
v -0.138049 -0.287678 0.356057
v -0.024460 -0.287687 0.366983
v -0.024460 -0.287687 0.366983
v -0.204192 -0.287673 0.210858
v 0.047849 -0.161180 -0.212546
v -0.003575 -0.232472 -0.250655
v -0.222915 -0.287673 -0.015237
v -0.222915 -0.287673 -0.015237
v -0.203132 -0.287675 -0.058867
v -0.153072 -0.287680 -0.145694
v -0.143911 -0.287680 -0.155045
v -0.066841 -0.287688 -0.231573
v -0.029823 -0.269403 -0.257078
v -0.014814 -0.248061 -0.258850
v -0.042677 -0.287690 -0.255354
v -0.042677 -0.287690 -0.255354
v -0.177563 -0.287677 -0.103778
v 2.607368 -0.247681 -0.524248
v 2.569028 -0.206711 -0.636289
v 2.291408 -0.178475 -0.178641
v 2.154060 -0.247554 -0.485142
v 2.196256 -0.247681 -0.364966
v 2.261881 -0.186050 -0.668928
v 2.144993 -0.241767 -0.501800
v 2.190179 -0.198771 -0.314792
v 2.121288 -0.155514 -0.447831
v 2.515231 -0.221393 0.020312
v 2.522709 -0.238093 0.009769
v 2.524891 -0.242872 0.006667
v 2.526930 -0.247316 0.003763
v 2.603898 -0.247681 -0.152358
v 2.679828 -0.247681 -0.306474
v 2.678614 -0.230493 -0.308784
v 2.674415 -0.173055 -0.316208
v 2.581635 -0.093366 -0.588089
v 2.559551 -0.107696 -0.655823
v 2.537787 -0.124394 -0.052403
v 2.507169 -0.103111 -0.093640
v 2.528902 -0.162526 -0.023783
v 2.399082 -0.027945 -0.239517
v 2.301574 -0.042139 -0.296104
v 2.260106 -0.048205 -0.320318
v 2.188492 -0.068691 -0.411593
v 2.127318 -0.136414 -0.452847
v 2.557337 -0.109102 -0.662464
v 2.331077 -0.119017 -0.680035
v 2.287112 -0.148637 -0.676319
v 2.130585 -0.137005 -0.458014
v 2.269351 -0.160598 -0.674809
v 2.515231 -0.221393 0.020312
v 2.522709 -0.238093 0.009769
v 2.524891 -0.242872 0.006667
v 2.526930 -0.247316 0.003763
v 2.603898 -0.247681 -0.152358
v 2.679828 -0.247681 -0.306474
v 2.678614 -0.230493 -0.308784
v 2.674415 -0.173055 -0.316208
v 2.674415 -0.173055 -0.316208
v 2.581635 -0.093366 -0.588089
v 2.581635 -0.093366 -0.588089
v 2.559551 -0.107696 -0.655823
v 2.537787 -0.124394 -0.052403
v 2.537787 -0.124394 -0.052403
v 2.528902 -0.162526 -0.023783
v 2.507169 -0.103111 -0.093640
v 2.399082 -0.027945 -0.239517
v 2.399082 -0.027945 -0.239517
v 2.301574 -0.042139 -0.296104
v 2.260106 -0.048205 -0.320318
v 2.188492 -0.068691 -0.411593
v 2.188492 -0.068691 -0.411593
v 2.127318 -0.136414 -0.452847
v 2.557337 -0.109102 -0.662464
v 2.331077 -0.119017 -0.680035
v 2.331077 -0.119017 -0.680035
v 2.287112 -0.148637 -0.676319
v 2.130585 -0.137005 -0.458014
v 2.269351 -0.160598 -0.674809
v -0.761429 -0.149344 0.164318
v -0.763123 -0.287680 0.222722
v -0.846853 -0.287686 0.227892
v -0.778192 -0.287688 0.169020
v -0.708730 -0.287679 0.191817
v -0.751855 -0.237794 0.149926
v -0.703053 -0.276180 0.187287
v -0.715823 -0.234664 0.160015
v -0.842852 -0.287609 0.243290
v -0.865093 -0.287616 0.243536
v -0.798297 -0.287595 0.242686
v -0.847713 -0.257077 0.250438
v -0.867491 -0.275121 0.246466
v -0.822237 -0.208863 0.212296
v -0.830768 -0.241593 0.253799
v -0.772175 -0.158906 0.213257
v -0.771671 -0.135615 0.174060
v -0.846853 -0.287686 0.227892
v -0.778192 -0.287688 0.169020
v -0.751855 -0.237794 0.149926
v -0.751855 -0.237794 0.149926
v -0.715823 -0.234664 0.160015
v -0.865093 -0.287616 0.243536
v -0.867491 -0.275121 0.246466
v -0.822237 -0.208863 0.212296
v -0.771671 -0.135615 0.174060
v -0.761429 -0.149344 0.164318
v -0.761429 -0.149344 0.164318
v 1.744884 -0.247398 -0.592943
v 1.657100 -0.228632 -0.644547
v 1.774918 -0.265970 -0.601008
v 1.643050 -0.231885 -0.669190
v 1.653656 -0.215052 -0.666077
v 1.778034 -0.234635 -0.603289
v 1.695348 -0.221519 -0.645042
v 1.608005 -0.287689 -0.679454
v 1.621710 -0.283414 -0.656600
v 1.634846 -0.279343 -0.634796
v 1.772680 -0.287674 -0.599467
v 1.730111 -0.279016 -0.587317
v 1.608005 -0.287689 -0.679454
v 1.772680 -0.287674 -0.599467
v 1.774918 -0.265970 -0.601008
v 1.643050 -0.231885 -0.669190
v 1.778034 -0.234635 -0.603289
v 1.653656 -0.215052 -0.666077
v 1.695348 -0.221519 -0.645042
v 0.011418 -0.287681 1.675891
v 0.018686 -0.287682 1.593787
v -0.002295 -0.287681 1.668553
v 0.005518 -0.274885 1.686181
v 0.049268 -0.231147 1.685695
v 0.048953 -0.251942 1.674497
v 0.036025 -0.256636 1.642317
v 0.046339 -0.287680 1.650473
v 0.048376 -0.287679 1.655172
v 0.049268 -0.231147 1.685695
v 0.036025 -0.256636 1.642317
v 0.018686 -0.287682 1.593787
v -0.002295 -0.287681 1.668553
v 0.005518 -0.274885 1.686181
v -0.026228 -0.287694 -0.604454
v 0.056690 -0.287673 -0.576648
v 0.069412 -0.287675 -0.594989
v -0.012233 -0.229412 -0.684102
v -0.006178 -0.250365 -0.674710
v 0.020869 -0.254740 -0.654345
v 0.004634 -0.287527 -0.657999
v 0.056145 -0.287683 -0.620544
v 0.064169 -0.287680 -0.614710
v 0.066805 -0.282842 -0.586729
v 0.044067 -0.287672 -0.566183
v -0.001372 -0.207924 -0.563000
v -0.013558 -0.287673 -0.519296
v -0.030276 -0.259531 -0.517617
v -0.033416 -0.254335 -0.517666
v -0.008890 -0.199855 -0.561102
v -0.058843 -0.224622 -0.568107
v -0.059270 -0.167942 -0.631182
v -0.071159 -0.160452 -0.647871
v -0.074147 -0.206773 -0.598679
v -0.072173 -0.175657 -0.631747
v -0.012233 -0.229412 -0.684102
v 0.020869 -0.254740 -0.654345
v 0.064169 -0.287680 -0.614710
v 0.066805 -0.282842 -0.586729
v -0.001372 -0.207924 -0.563000
v -0.008890 -0.199855 -0.561102
v -0.059270 -0.167942 -0.631182
v -0.071159 -0.160452 -0.647871
v 0.069412 -0.287675 -0.594989
v -0.047754 -0.280133 -0.263304
v -0.051506 -0.260766 -0.282255
v -0.045739 -0.258634 -0.273782
v -0.058844 -0.254434 -0.254656
v -0.049138 -0.257539 -0.268798
v -0.097230 -0.287596 -0.342537
v -0.104403 -0.279265 -0.355511
v -0.097490 -0.277670 -0.349430
v -0.110305 -0.287681 -0.353189
v -0.087263 -0.287681 -0.325540
v -0.143599 -0.287682 -0.255631
v -0.052291 -0.287683 -0.266107
v -0.074201 -0.287679 -0.233899
v -0.147306 -0.287674 -0.244754
v -0.134020 -0.245239 -0.208183
v -0.071774 -0.278738 -0.226249
v -0.096192 -0.242506 -0.200335
v -0.104403 -0.279265 -0.355511
v -0.104403 -0.279265 -0.355511
v -0.097490 -0.277670 -0.349430
v -0.110305 -0.287681 -0.353189
v -0.143599 -0.287682 -0.255631
v -0.147306 -0.287674 -0.244754
v -0.134020 -0.245239 -0.208183
v -0.134020 -0.245239 -0.208183
v -0.096192 -0.242506 -0.200335
v -0.051506 -0.260766 -0.282255
v -0.045739 -0.258634 -0.273782
v -0.058844 -0.254434 -0.254656
v -0.049138 -0.257539 -0.268798
vn -0.7588 -0.2749 0.5905
vn -0.7596 -0.2768 0.5886
vn -0.7762 -0.3200 0.5432
vn -0.3500 0.3168 -0.8815
vn -0.3513 0.3195 -0.8801
vn -0.3518 0.3201 -0.8796
vn -0.3527 0.3216 -0.8788
vn -0.2847 0.9474 -0.1464
vn -0.2834 0.9483 -0.1429
vn -0.2111 0.9281 0.3068
vn -0.7604 -0.2721 0.5897
vn -0.8831 0.4166 -0.2158
vn -0.8798 0.4192 -0.2240
vn -0.2127 0.9290 0.3029
vn 0.4450 -0.8203 -0.3592
vn 0.0597 -0.9963 0.0617
vn -0.7168 -0.0859 -0.6920
vn 0.7168 0.0859 0.6920
vn -0.4249 0.8862 -0.1848
vn -0.4243 0.8862 -0.1860
vn -0.5572 -0.0854 -0.8260
vn -0.5588 -0.0892 -0.8245
vn -0.6364 -0.5376 0.5532
vn -0.3347 0.6539 0.6785
vn -0.4224 0.8870 -0.1867
vn -0.3337 0.6544 0.6786
vn -0.3233 0.6616 0.6766
vn -0.6338 -0.5376 0.5561
vn -0.2290 0.1746 -0.9576
vn -0.2295 0.1630 -0.9596
vn -0.5520 -0.0848 -0.8295
vn 0.7524 -0.1983 -0.6281
vn 0.7514 -0.1997 -0.6289
vn -0.6313 -0.4525 -0.6298
vn 0.7528 -0.1973 -0.6279
vn -0.6177 -0.5470 0.5650
vn 0.8728 0.1489 0.4649
vn 0.6152 0.7591 -0.2127
vn 0.9044 0.3985 0.1525
vn 0.8810 0.1395 0.4520
vn 0.8839 0.1438 0.4450
vn 0.7539 -0.1949 -0.6275
vn 0.7537 -0.1962 -0.6273
vn 0.5139 -0.6222 0.5905
vn 0.4884 -0.6346 0.5990
vn 0.7563 -0.1962 -0.6241
vn 0.8860 -0.4122 0.2123
vn 0.8957 -0.3867 0.2196
vn 0.0647 -0.9960 0.0614
vn 0.4491 -0.8198 -0.3553
vn 0.0633 -0.9959 0.0652
vn 0.3540 0.8146 -0.4595
vn 0.6108 0.7643 -0.2066
vn 0.9055 0.3956 0.1534
vn 0.9030 0.3147 -0.2924
vn 0.9040 0.3129 -0.2912
vn -0.3220 0.6957 -0.6421
vn -0.3289 0.6984 -0.6356
vn -0.2187 0.9149 -0.3392
vn -0.1721 0.9267 -0.3340
vn 0.9021 0.3202 -0.2893
vn -0.3273 0.6966 -0.6384
vn -0.6128 0.7046 0.3578
vn -0.6129 0.7101 0.3466
vn -0.3499 -0.8141 0.4635
vn 0.5660 0.1981 -0.8003
vn 0.5655 0.1990 -0.8004
vn 0.2867 -0.8279 -0.4821
vn 0.2673 -0.8396 -0.4729
vn -0.6061 -0.7681 0.2067
vn -0.6075 -0.7664 0.2088
vn -0.6096 -0.7646 0.2092
vn -0.9985 -0.0139 0.0538
vn -0.9985 -0.0130 0.0532
vn 0.4064 0.4885 0.7722
vn 0.4056 0.4864 0.7739
vn 0.6911 -0.4302 0.5808
vn 0.6915 -0.4330 0.5783
vn 0.6942 -0.4338 0.5744
vn -0.7411 -0.2689 0.6152
vn -0.7457 -0.2711 0.6086
vn 0.3951 0.4852 0.7800
vn 0.3499 0.8141 -0.4635
vn -0.0597 0.9963 -0.0617
vn -0.0598 0.9963 -0.0617
vn -0.0562 0.9967 -0.0583
vn 0.5655 0.1991 -0.8004
vn -0.7123 -0.0720 -0.6982
vn -0.1263 -0.3665 0.9218
vn -0.9781 -0.2029 -0.0463
vn -0.9772 0.0721 -0.1997
vn -0.9734 0.0812 -0.2144
vn -0.8052 0.3138 -0.5031
vn -0.8027 0.3162 -0.5057
vn -0.8021 0.3172 -0.5059
vn 0.0969 0.5886 0.8026
vn 0.0969 0.5856 0.8048
vn 0.3490 -0.3165 0.8821
vn -0.7537 0.1983 0.6266
vn -0.7542 0.1974 0.6263
vn -0.7518 0.1843 0.6332
vn -0.7485 0.1985 0.6328
vn -0.8208 0.3273 -0.4682
vn -0.8016 0.3187 -0.5058
vn 0.0898 0.6158 0.7827
vn -0.0597 0.9837 0.1698
vn 0.0922 0.6014 0.7936
vn -0.2826 0.8309 0.4793
vn -0.2831 0.8303 0.4801
vn -0.0608 0.9835 0.1701
vn 0.6982 -0.0086 -0.7159
vn 0.6951 -0.0107 -0.7188
vn 0.6951 -0.0106 -0.7188
vn 0.7002 -0.0101 -0.7139
vn 0.3511 -0.3202 0.8799
vn -0.7170 -0.0845 -0.6920
vn -0.3580 0.1377 0.9235
vn 0.0546 0.9454 0.3212
vn 0.0474 0.9550 0.2928
vn -0.0788 0.9280 -0.3640
vn -0.3567 0.1340 0.9245
vn 0.0612 0.9437 0.3250
vn 0.0581 0.9450 0.3218
vn 0.0565 0.9456 0.3203
vn -0.3541 0.1283 0.9264
vn 0.3227 -0.6941 0.6435
vn 0.3253 -0.6955 0.6407
vn 0.3290 -0.6943 0.6402
vn 0.6288 0.5581 -0.5415
vn 0.6323 0.5415 -0.5540
vn -0.0791 0.9241 -0.3738
vn -0.0875 0.9164 -0.3906
vn -0.4617 -0.2388 -0.8543
vn 0.7388 -0.4962 0.4561
vn 0.7419 -0.4933 0.4542
vn 0.7521 -0.4851 0.4460
vn 0.9262 0.2854 0.2463
vn 0.6347 0.5352 -0.5574
vn 0.7712 -0.4700 0.4294
vn -0.3403 0.0820 -0.9367
vn 0.6340 0.5344 -0.5590
vn 0.6326 0.5323 -0.5625
vn -0.4423 -0.2913 -0.8483
vn -0.3458 -0.8136 0.4674
vn -0.6901 0.0113 0.7237
vn -0.4469 0.8156 0.3674
vn -0.4574 -0.3028 -0.8361
vn -0.7229 -0.0913 -0.6849
vn 0.4232 0.3599 -0.8315
vn 0.4195 0.3598 -0.8334
vn 0.6124 -0.7057 -0.3562
vn 0.6129 -0.7025 -0.3616
vn 0.6166 -0.6980 -0.3641
vn 0.4187 0.3484 -0.8387
vn 0.3582 -0.1330 -0.9241
vn -0.6951 0.0106 0.7188
vn -0.4450 0.8203 0.3592
vn -0.6951 0.0107 0.7188
vn -0.2067 0.4362 -0.8758
vn -0.2108 0.4984 -0.8409
vn 0.0172 0.8816 0.4718
vn -0.2083 0.4258 -0.8805
vn -0.2087 0.4335 -0.8766
vn -0.6927 0.4325 -0.5772
vn -0.2525 0.9360 0.2454
vn -0.2443 0.9360 0.2532
vn -0.2395 0.9363 0.2570
vn 0.0111 0.8836 0.4681
vn -0.1692 0.8645 0.4733
vn -0.1750 0.8739 0.4535
vn 0.2599 -0.5159 0.8163
vn 0.2608 -0.5158 0.8160
vn -0.0968 -0.5923 -0.7999
vn -0.0958 -0.5900 -0.8017
vn 0.2830 -0.9485 0.1425
vn 0.2810 -0.9499 0.1372
vn -0.9762 -0.0134 0.2164
vn -0.1004 -0.5913 -0.8002
vn -0.9774 -0.0061 0.2114
vn 0.2572 -0.5169 0.8165
vn -0.9036 -0.4031 -0.1448
vn -0.9055 -0.3960 -0.1524
vn -0.9056 -0.3953 -0.1538
vn -0.6945 0.4297 -0.5771
vn 0.7605 0.2758 -0.5879
vn 0.7631 0.2774 -0.5838
vn -0.5178 0.6206 -0.5889
vn -0.9044 -0.3128 0.2901
vn 0.0915 0.3666 -0.9259
vn 0.7549 0.2798 -0.5931
vn 0.3870 0.9020 -0.1915
vn 0.3883 0.9023 -0.1871
vn 0.3890 0.9024 -0.1852
vn -0.9053 -0.2988 0.3018
vn -0.5873 0.7741 -0.2363
vn -0.9033 -0.3131 0.2933
vn -0.7280 0.5042 -0.4646
vn -0.7126 0.5149 -0.4765
vn 0.3889 0.9030 -0.1826
vn -0.5497 0.8085 -0.2100
vn 0.4183 0.7596 0.4980
vn 0.3675 -0.8696 -0.3296
vn -0.7482 0.4884 -0.4489
vn -0.5648 -0.2061 0.7990
vn 0.0582 -0.9838 -0.1695
vn 0.0628 -0.9835 -0.1698
vn 0.2071 -0.4359 0.8758
vn 0.2070 -0.4342 0.8767
vn 0.2100 -0.4301 0.8780
vn 0.1978 -0.3594 0.9120
vn 0.0074 0.2513 0.9679
vn -0.5639 -0.1994 0.8014
vn 0.7026 -0.0351 -0.7107
vn -0.0574 -0.9391 -0.3387
vn -0.4190 -0.3639 0.8319
vn -0.4182 -0.3593 0.8343
vn -0.4187 -0.3733 0.8279
vn 0.2126 -0.9152 0.3423
vn -0.1750 0.4154 -0.8926
vn -0.1747 0.4152 -0.8928
vn 0.3343 -0.6509 -0.6815
vn 0.3305 -0.6600 -0.6747
vn -0.0449 -0.9421 -0.3323
vn -0.0536 -0.9447 -0.3236
vn -0.0543 -0.9455 -0.3210
vn 0.2159 -0.9234 0.3174
vn 0.5525 -0.8072 0.2078
vn 0.5696 -0.7920 0.2197
vn 0.7964 -0.3328 0.5050
vn -0.0481 -0.9480 -0.3147
vn 0.8696 0.4923 0.0384
vn 0.8700 0.4918 0.0346
vn 0.8698 0.4925 0.0299
vn 0.8618 0.4984 -0.0946
vn 0.7495 0.2723 -0.6034
vn 0.7505 0.2686 -0.6038
vn 0.3420 -0.6455 -0.6829
vn 0.9763 0.0109 -0.2161
vn 0.9803 -0.1736 0.0947
vn 0.9785 -0.1803 0.0996
vn 0.9775 -0.1893 0.0926
vn 0.9748 0.0114 -0.2228
vn 0.9713 -0.2192 0.0920
vn 0.9771 -0.1814 0.1115
vn 0.8748 0.4833 0.0334
vn 0.8622 0.4981 -0.0919
vn 0.9742 0.0150 -0.2252
vn -0.0616 0.9961 -0.0639
vn -0.4409 0.8208 0.3632
vn -0.4189 -0.3599 0.8337
vn -0.1777 0.4137 -0.8929
vn -0.0115 -0.2549 -0.9669
vn -0.0160 -0.2546 -0.9669
vn -0.3981 -0.4808 -0.7812
vn 0.3088 -0.9300 -0.1993
vn 0.2546 -0.9362 -0.2424
vn -0.4054 -0.4855 -0.7745
vn 0.2244 0.0505 0.9732
vn 0.7464 -0.4782 0.4629
vn 0.7459 -0.4874 0.4539
vn 0.7208 0.0817 0.6884
vn 0.2536 -0.9373 -0.2392
vn 0.2229 0.0500 0.9736
vn 0.2191 0.0468 0.9746
vn -0.8603 -0.4998 0.1006
vn -0.8621 -0.4987 0.0906
vn -0.0074 -0.2566 -0.9665
vn -0.4085 -0.4847 -0.7735
vn 0.3789 0.1876 -0.9063
vn 0.3709 0.1943 -0.9081
vn -0.3611 0.8859 -0.2912
vn -0.3626 0.8872 -0.2854
vn -0.3576 0.8918 -0.2771
vn -0.2606 0.5145 -0.8169
vn 0.2145 -0.9285 -0.3031
vn 0.2115 -0.9267 -0.3106
vn -0.3862 -0.8999 0.2026
vn -0.3840 -0.9022 0.1963
vn -0.8800 -0.1395 -0.4540
vn -0.8807 -0.1405 -0.4523
vn -0.8835 -0.1372 -0.4478
vn -0.9911 -0.1317 -0.0211
vn -0.4624 -0.8689 0.1766
vn -0.9977 0.0577 -0.0360
vn -0.3849 -0.9025 0.1933
vn -0.9335 -0.2745 -0.2306
vn -0.2630 0.5139 -0.8165
vn -0.1255 -0.5266 0.8408
vn -0.5064 0.0834 0.8583
vn -0.3742 -0.1869 0.9083
vn -0.3764 -0.1851 0.9078
vn -0.4195 0.8599 0.2910
vn -0.1282 0.8856 0.4465
vn 0.5081 -0.0876 -0.8568
vn 0.3643 -0.8872 0.2830
vn 0.3606 -0.8887 0.2830
vn 0.0555 -0.8298 0.5553
vn 0.3376 -0.8914 0.3023
vn -0.9789 0.1780 -0.1006
vn -0.9787 0.1767 -0.1047
vn -0.9111 -0.0948 -0.4010
vn -0.9803 0.1399 -0.1394
vn -0.3375 0.8915 -0.3023
vn -0.2631 0.5139 -0.8165
vn 0.1783 0.3467 -0.9209
vn 0.7632 -0.6287 0.1490
vn 0.7808 -0.6151 0.1095
vn 0.1663 0.3008 -0.9391
vn 0.1776 0.3452 -0.9216
vn 0.5128 -0.7910 -0.3337
vn -0.8698 -0.4921 -0.0372
vn -0.8695 -0.4922 -0.0406
vn -0.1763 -0.3429 0.9227
vn 0.9714 0.2260 0.0735
vn 0.9713 0.2269 0.0716
vn 0.8472 0.2781 -0.4526
vn 0.8470 0.2763 -0.4542
vn -0.1774 -0.3459 0.9213
vn 0.6746 -0.6400 0.3678
vn -0.1705 -0.3542 0.9195
vn 0.6584 -0.6520 0.3761
vn 0.8549 0.2549 -0.4518
vn 0.4779 -0.8729 -0.0983
vn 0.4677 -0.8786 -0.0970
vn -0.2230 -0.0500 -0.9735
vn -0.2257 -0.0505 -0.9729
vn 0.2985 0.4637 0.8342
vn 0.2933 0.4358 0.8509
vn 0.0281 0.9852 -0.1693
vn 0.0408 0.9848 -0.1690
vn 0.0786 0.9931 -0.0868
vn 0.2999 0.5339 0.7906
vn -0.4708 0.8765 0.1003
vn 0.2559 0.4713 0.8440
vn 0.2924 0.4356 0.8513
vn -0.4703 0.8780 0.0888
vn -0.5143 0.7915 0.3302
vn 0.7172 -0.6309 -0.2961
vn -0.8698 -0.4921 -0.0371
vn -0.2229 -0.0500 -0.9736
vn 0.2811 -0.9540 0.1039
vn 0.1888 -0.8742 -0.4473
vn 0.1823 -0.8734 -0.4517
vn -0.7887 0.5733 -0.2221
vn -0.0255 -0.0639 -0.9976
vn 0.3826 0.2140 -0.8988
vn 0.5520 0.7943 -0.2536
vn -0.7880 0.5741 -0.2225
vn 0.3905 0.2164 -0.8948
vn 0.5451 -0.1566 0.8236
vn 0.5477 -0.1541 0.8224
vn 0.5526 0.7924 -0.2581
vn 0.9216 0.1556 0.3555
vn 0.5702 -0.1434 0.8089
vn 0.3838 0.2164 -0.8977
vn -0.7960 0.5497 0.2533
vn -0.9847 -0.1325 -0.1132
vn -0.6122 0.0824 0.7864
vn -0.7987 0.5474 0.2498
vn -0.5999 0.0578 0.7980
vn -0.0491 0.5551 0.8304
vn -0.0440 0.5533 0.8318
vn -0.5971 0.0573 0.8001
vn -0.0650 0.5585 0.8270
vn -0.3601 0.1337 0.9233
vn 0.5598 0.7357 0.3811
vn 0.6011 0.2927 0.7437
vn 0.6005 -0.0578 -0.7975
vn 0.6021 -0.0580 -0.7963
vn 0.5996 -0.0578 -0.7982
vn -0.3864 0.6909 -0.6110
vn -0.3896 0.6902 -0.6098
vn -0.3901 0.6912 -0.6083
vn -0.3921 0.6916 -0.6066
vn -0.7561 0.5863 0.2909
vn -0.7528 0.5855 0.3008
vn 0.2688 -0.1585 0.9501
vn 0.2733 -0.1595 0.9486
vn 0.5974 0.2822 0.7506
vn -0.3895 0.6896 -0.6105
vn 0.6013 0.2908 0.7443
vn -0.3915 -0.1376 -0.9098
vn -0.3933 -0.1392 -0.9088
vn -0.9336 -0.3534 0.0593
vn -0.9342 -0.3515 0.0614
vn -0.9348 -0.3499 0.0614
vn -0.6900 0.0113 0.7237
vn 0.0679 -0.1491 -0.9865
vn 0.9207 0.2338 -0.3123
vn 0.0455 -0.5529 -0.8320
vn 0.0410 -0.5514 -0.8333
vn 0.0356 -0.5502 -0.8343
vn -0.6967 -0.1192 -0.7074
vn 0.9279 0.3629 0.0858
vn 0.9239 0.2384 -0.2992
vn 0.8362 -0.1477 0.5282
vn 0.8243 -0.1659 0.5413
vn 0.8201 -0.1745 0.5450
vn -0.4745 -0.8633 -0.1716
vn -0.4748 -0.8630 -0.1725
vn -0.4740 -0.8629 -0.1755
vn -0.5529 -0.7446 -0.3741
vn -0.9991 -0.0321 -0.0265
vn -0.4764 -0.8619 -0.1737
vn 0.8157 -0.1829 0.5488
vn 0.6672 -0.4162 0.6178
vn 0.0279 -0.6422 0.7661
vn 0.0810 -0.6334 0.7696
vn -0.6989 -0.1154 -0.7059
vn -0.4745 -0.8637 -0.1698
vn -0.5512 -0.7992 0.2399
vn -0.5530 -0.7943 0.2513
vn -0.5531 -0.7939 0.2527
vn 0.6643 -0.4196 0.6186
vn -0.5459 0.1559 -0.8232
vn -0.0277 0.6409 -0.7672
vn -0.5394 0.1627 -0.8262
vn -0.5450 0.1568 -0.8236
vn -0.0274 0.6447 -0.7640
vn 0.8411 0.4169 -0.3445
vn 0.8414 0.4185 -0.3419
vn 0.6893 0.5988 -0.4079
vn 0.6990 0.5916 -0.4017
vn 0.8409 0.4195 -0.3419
vn 0.8352 0.4212 -0.3537
vn 0.6941 0.4935 0.5242
vn -0.2720 0.1606 -0.9488
vn -0.7778 0.6005 0.1855
vn -0.7771 0.5977 0.1972
vn 0.0268 0.0649 0.9975
vn 0.6932 0.4877 0.5307
vn -0.3459 -0.8142 0.4663
vn -0.1785 -0.8742 0.4515
vn 0.5560 0.0931 0.8259
vn 0.5574 0.0857 0.8258
vn 0.9825 -0.0607 0.1761
vn 0.5124 0.5458 -0.6630
vn 0.3065 0.6281 0.7153
vn 0.5045 0.5481 -0.6671
vn -0.3291 0.6002 -0.7290
vn -0.3375 0.5993 -0.7259
vn 0.3058 0.6244 0.7188
vn 0.3142 0.6092 0.7282
vn 0.5553 0.0944 0.8262
vn 0.3460 -0.0650 0.9360
vn -0.1742 -0.8674 0.4660
vn -0.1785 -0.8697 0.4601
vn -0.0457 0.4160 -0.9082
vn -0.8190 0.1747 -0.5466
vn -0.8236 0.1679 -0.5417
vn 0.3031 0.6227 0.7214
vn -0.0471 0.4166 -0.9079
vn -0.6910 -0.5975 0.4069
vn -0.1862 -0.8719 0.4529
vn -0.8251 0.1646 -0.5404
vn -0.8241 0.1668 -0.5413
vn -0.6986 -0.5919 0.4020
vn 0.5147 0.5465 -0.6606
vn 0.6299 0.4507 0.6326
vn 0.4689 0.3119 0.8264
vn 0.9776 0.2046 0.0502
vn 0.1833 0.8714 -0.4550
vn 0.1812 0.8725 -0.4538
vn 0.1830 0.8738 -0.4505
vn 0.1894 0.8771 -0.4414
vn 0.4619 0.3067 0.8322
vn 0.4575 0.3060 0.8349
vn 0.4583 0.3022 0.8359
vn 0.1781 0.8723 -0.4554
vn 0.1797 0.8725 -0.4545
vn -0.8427 -0.4156 0.3422
vn -0.8422 -0.4164 0.3425
vn 0.3211 0.8397 0.4379
vn -0.8406 -0.4178 0.3446
vn -0.9188 -0.1523 -0.3642
vn -0.6655 0.4196 -0.6172
vn -0.7944 -0.0896 -0.6008
vn -0.6644 0.4217 -0.6170
vn 0.1764 -0.4139 0.8931
vn 0.1812 -0.4126 0.8927
vn -0.3047 -0.6241 -0.7195
vn 0.4229 -0.8861 0.1895
vn 0.0827 -0.9233 0.3751
vn 0.4249 -0.8860 0.1854
vn 0.9986 0.0107 -0.0519
vn 0.9986 0.0117 -0.0525
vn 0.4229 -0.8879 0.1810
vn -0.2980 -0.6361 -0.7118
vn -0.3236 -0.8437 -0.4283
vn -0.3088 -0.6371 -0.7062
vn -0.0293 -0.2987 -0.9539
vn -0.3044 -0.6224 -0.7211
vn -0.0351 -0.3038 -0.9521
vn 0.0813 -0.9224 0.3776
vn -0.8745 0.4790 0.0762
vn -0.6021 -0.2903 -0.7438
vn -0.5043 0.4699 -0.7245
vn -0.8754 0.4772 0.0768
vn -0.6029 -0.2729 -0.7497
vn -0.3859 -0.2178 0.8965
vn -0.3840 -0.2173 0.8974
vn -0.3825 -0.2156 0.8985
vn 0.4741 0.8632 0.1734
vn -0.8758 0.4763 0.0776
vn 0.4748 0.8639 0.1680
vn -0.6924 -0.4879 -0.5315
vn -0.6945 -0.4884 -0.5283
vn -0.5958 -0.2912 -0.7485
vn -0.5983 -0.2912 -0.7465
vn 0.5717 0.8177 -0.0666
vn 0.3580 -0.1368 -0.9236
vn 0.7940 0.0928 0.6008
vn 0.4794 0.8598 0.1758
vn 0.7531 0.0151 -0.6578
vn 0.4737 0.8638 0.1718
vn -0.4639 0.2032 -0.8622
vn -0.4638 0.2055 -0.8618
vn 0.8024 -0.3175 0.5053
vn -0.5128 -0.5472 0.6615
vn -0.8787 0.3052 -0.3671
vn 0.7884 -0.3185 0.5263
vn 0.7959 -0.3223 0.5126
vn -0.5141 -0.5461 0.6614
vn 0.2260 -0.1674 0.9596
vn 0.2264 -0.1565 0.9614
vn 0.0234 0.2872 0.9576
vn -0.5131 -0.5462 0.6622
vn 0.4887 -0.1008 -0.8666
vn -0.9279 -0.3631 -0.0847
vn 0.4935 -0.1020 -0.8637
vn 0.4912 -0.1016 -0.8651
vn 0.3402 -0.5993 0.7246
vn 0.3358 -0.6003 0.7258
vn 0.8780 -0.3061 0.3680
vn 0.1190 0.8180 0.5627
vn -0.1353 -0.8081 -0.5733
vn -0.7767 0.3516 -0.5226
vn -0.7818 0.3684 -0.5030
vn -0.0668 0.9926 -0.1018
vn 0.9986 0.0107 -0.0518
vn 0.7786 -0.3673 0.5089
vn 0.7930 -0.5937 0.1366
vn 0.2651 0.8263 0.4969
vn -0.8182 -0.5331 -0.2151
vn 0.2866 -0.9068 -0.3092
vn -0.8605 -0.4689 -0.1990
vn 0.2923 -0.9050 -0.3091
vn 0.4533 -0.8900 -0.0496
vn -0.4913 0.1003 0.8652
vn -0.4902 0.1000 0.8659
vn -0.3580 -0.3655 -0.8592
vn -0.4566 0.8881 0.0524
vn -0.4864 0.0994 0.8680
vn 0.4572 -0.2041 0.8657
vn -0.8943 -0.0443 -0.4452
vn -0.0144 -0.9792 0.2023
vn -0.0169 -0.9783 0.2066
vn -0.4540 -0.7376 0.4999
vn -0.9201 0.3724 0.1211
vn -0.9195 0.3746 0.1193
vn -0.9016 0.4176 0.1130
vn -0.3159 0.8976 0.3074
vn -0.2965 0.9040 0.3080
vn 0.3585 0.3714 0.8565
vn -0.9202 -0.2635 0.2894
vn -0.9205 -0.2324 0.3140
vn -0.9200 -0.2316 0.3163
vn 0.4571 -0.2041 0.8657
vn 0.0502 -0.4094 0.9110
vn 0.7401 0.2566 -0.6217
vn 0.7570 0.2247 -0.6135
vn 0.4767 0.7218 -0.5018
vn -0.9212 -0.2334 0.3114
vn -0.4749 0.0736 0.8770
vn -0.5669 -0.3793 -0.7313
vn 0.8592 0.4721 0.1970
vn 0.8635 0.4663 0.1923
vn -0.5562 -0.3819 -0.7381
vn 0.9036 -0.4137 -0.1108
vn 0.9000 -0.4238 -0.1020
vn 0.9077 -0.4044 -0.1121
vn 0.5640 0.3793 0.7335
vn 0.5652 0.3811 0.7316
vn 0.8975 0.0345 0.4397
vn -0.9255 -0.2481 0.2862
vn -0.7556 -0.2327 0.6123
vn -0.0147 0.9821 -0.1877
vn 0.0218 0.9775 -0.2096
vn -0.4863 0.0500 0.8724
vn 0.6994 -0.0855 -0.7096
vn -0.7559 -0.2250 0.6148
vn 0.4208 -0.8601 -0.2884
vn -0.2729 0.9568 -0.1007
vn -0.9789 0.1786 -0.0992
vn -0.9784 0.1827 -0.0963
vn -0.2635 0.5140 -0.8163
vn -0.1585 0.7233 -0.6721
vn 0.1112 0.5286 -0.8415
vn -0.6372 -0.5382 0.5516
vn -0.4784 -0.7998 0.3626
vn 0.6125 0.0542 0.7886
vn -0.0264 -0.9825 0.1842
vn -0.0342 -0.9848 0.1701
vn 0.6124 -0.0127 0.7904
vn -0.0447 -0.9845 0.1698
vn -0.8472 -0.2761 0.4540
vn -0.8271 -0.2820 0.4861
vn 0.1222 -0.7813 0.6120
vn -0.8478 -0.2782 0.4515
vn -0.2229 -0.0500 -0.9735
vn -0.1140 0.9841 -0.1364
vn 0.7168 0.0856 0.6920
vn 0.6215 0.0361 0.7826
vn -0.7654 0.6248 -0.1546
vn -0.7654 0.6256 -0.1507
vn 0.1301 0.9175 -0.3758
vn -0.6507 0.6562 -0.3820
vn -0.2907 -0.4257 -0.8569
vn -0.1125 0.7760 -0.6206
vn -0.6501 0.6556 -0.3841
vn -0.3169 -0.4160 -0.8523
vn -0.2951 -0.4385 -0.8489
vn -0.2926 -0.4376 -0.8502
vn -0.8697 -0.4921 -0.0372
vn -0.9704 -0.2310 -0.0705
vn -0.6195 -0.0346 -0.7843
vn -0.6253 -0.0401 -0.7794
vn -0.9693 -0.2405 -0.0513
vn -0.1521 -0.9260 0.3456
vn 0.3302 -0.9409 -0.0759
vn -0.5760 0.0523 0.8158
vn -0.3462 -0.9222 -0.1724
vn -0.3497 -0.9203 -0.1756
vn -0.5763 0.0539 0.8155
vn -0.8718 0.0181 -0.4896
vn -0.8692 0.0160 -0.4941
vn -0.8676 0.0187 -0.4968
vn 0.2486 0.9686 0.0034
vn -0.5783 0.0562 0.8139
vn -0.1406 0.6928 -0.7073
vn -0.4158 0.8589 0.2989
vn -0.4287 0.8490 0.3088
vn -0.5812 0.0648 0.8112
vn -0.8009 0.5955 -0.0634
vn -0.8011 0.5950 -0.0652
vn -0.4460 0.8365 0.3183
vn -0.5552 0.7266 0.4046
vn -0.7797 0.6261 -0.0061
vn 0.1163 0.0058 -0.9932
vn 0.8836 0.0071 -0.4681
vn 0.8918 0.0057 0.4523
vn 0.9201 0.0765 0.3841
vn 0.8837 -0.0000 -0.4681
vn 0.3339 0.3219 -0.8860
vn -0.1413 0.6900 -0.7099
vn 0.0733 0.9946 -0.0735
vn 0.4222 -0.3447 0.8384
vn 0.0765 0.9942 -0.0749
vn 0.0734 0.9945 -0.0745
vn 0.4229 -0.3489 0.8363
vn 0.4252 -0.3470 0.8360
vn 0.7210 0.3414 0.6030
vn 0.7214 0.3582 0.5926
vn -0.2990 -0.8418 0.4495
vn 0.4197 -0.3543 0.8356
vn 0.6037 0.7535 -0.2604
vn -0.4199 -0.4779 -0.7715
vn -0.4208 -0.4779 -0.7710
vn 0.6056 0.7515 -0.2618
vn 0.6061 0.7505 -0.2633
vn 0.9675 -0.1252 0.2196
vn 0.9611 -0.1295 0.2439
vn 0.9684 -0.1215 0.2177
vn -0.3057 -0.8433 0.4420
vn -0.3031 -0.8434 0.4436
vn -0.4229 -0.4792 -0.7691
vn -0.4239 -0.4811 -0.7674
vn -0.2718 -0.8570 0.4378
vn 0.6070 0.7492 -0.2650
vn 0.6819 -0.3640 -0.6345
vn 0.6613 -0.3760 -0.6491
vn -0.4158 -0.4803 -0.7723
vn 0.0066 -0.7906 -0.6123
vn 0.0177 -0.7980 -0.6024
vn 0.7901 -0.5746 -0.2135
vn 0.6127 0.7429 -0.2695
vn 0.6050 -0.7877 0.1165
vn 0.6058 -0.7872 0.1153
vn 0.7738 -0.5976 -0.2098
vn 0.6886 -0.3609 -0.6290
vn 0.7425 -0.4714 -0.4758
vn -0.6992 0.7148 -0.0144
vn -0.2525 0.8451 -0.4712
vn -0.8837 -0.0000 0.4681
vn -0.3545 0.6736 -0.6486
vn -0.9417 0.2979 -0.1563
vn 0.6038 -0.7879 0.1211
vn -0.5072 -0.8564 -0.0964
vn 0.5391 -0.8313 -0.1357
vn 0.5375 -0.8325 -0.1342
vn -0.1360 -0.9169 0.3753
vn 0.5361 -0.8340 -0.1306
vn 0.1713 -0.1362 0.9758
vn 0.4209 0.4753 0.7726
vn 0.4210 0.4796 0.7699
vn 0.1674 -0.1401 0.9759
vn 0.4221 0.4801 0.7690
vn 0.9873 -0.0597 -0.1471
vn 0.5408 -0.8301 -0.1356
vn 0.5427 -0.8290 -0.1351
vn -0.7479 0.6635 0.0213
vn -0.2520 0.8452 -0.4712
vn -0.4072 0.5035 -0.7620
vn -0.9796 0.1868 0.0741
vn -0.0000 -1.0000 -0.0000
vn -0.0720 -0.9946 0.0748
vn -0.0714 -0.9945 0.0765
vn -0.0714 -0.9944 0.0779
vn -0.0294 -0.9983 0.0507
vn 0.7303 -0.1523 0.6659
vn 0.8233 -0.4915 -0.2838
vn 0.2784 -0.7069 0.6502
vn 0.7277 -0.1446 0.6705
vn 0.8242 -0.4893 -0.2851
vn 0.8248 -0.4883 -0.2849
vn -0.8918 0.0058 -0.4523
vn -0.4750 0.0050 -0.8800
vn -0.8836 0.0071 0.4681
vn -0.3516 0.6724 -0.6514
vn -0.9203 0.0771 -0.3837
vn 0.1798 0.8791 0.4415
vn 0.4983 0.8583 -0.1223
vn 0.6357 0.2685 -0.7237
vn 0.4739 0.8652 -0.1636
vn -0.2813 0.6970 -0.6596
vn 0.1838 0.2380 0.9537
vn 0.9665 0.2442 0.0785
vn 0.9690 0.2354 0.0750
vn 0.6479 0.2647 -0.7143
vn 0.6322 0.2657 -0.7279
vn -0.4172 0.3514 -0.8382
vn -0.0000 -1.0000 -0.0001
vn -0.4218 0.3508 -0.8361
vn -0.6749 -0.0711 -0.7344
vn 0.1532 -0.3082 0.9389
vn 0.1808 0.2336 0.9554
vn 0.6656 -0.5700 0.4817
vn 0.6653 -0.5693 0.4830
vn 0.6647 -0.5707 0.4822
vn 0.6525 0.2298 -0.7221
vn 0.4491 -0.7821 0.4320
vn 0.0478 -0.3170 -0.9472
vn 0.0537 -0.3098 -0.9493
vn -0.7408 -0.6239 0.2490
vn -0.7415 -0.6113 0.2766
vn 0.4989 0.8571 -0.1286
vn 0.1578 -0.3152 0.9358
vn 0.4472 -0.7833 0.4318
vn 0.4421 -0.7855 0.4330
vn -0.4223 0.6060 0.6741
vn -0.7301 0.5623 0.3882
vn -0.5287 0.0017 0.8488
vn 0.1820 0.2356 0.9547
vn -0.6757 -0.0717 -0.7337
vn -0.4285 -0.1253 0.8948
vn -0.4199 0.3522 -0.8364
vn -0.1828 -0.2353 -0.9546
vn -0.1877 -0.2356 -0.9536
vn -0.0379 -0.9984 0.0430
vn 0.3374 0.6296 -0.6999
vn 0.3365 0.6292 -0.7006
vn -0.1813 -0.2360 -0.9547
vn 0.5387 -0.7850 -0.3058
vn 0.5285 -0.7953 -0.2969
vn 0.3387 0.6293 -0.6995
vn 0.8855 0.1112 -0.4511
vn -0.8552 -0.4615 0.2359
vn 0.5476 -0.7780 -0.3081
vn 0.2525 0.8445 0.4723
vn -0.4448 0.6602 0.6052
vn -0.3646 0.2789 0.8884
vn 0.3505 0.6711 0.6533
vn 0.8862 0.1029 -0.4517
vn -0.3854 0.6303 0.6740
vn 0.8850 0.2924 0.3624
vn 0.8881 0.2875 0.3586
vn -0.4433 0.7855 -0.4319
vn -0.4445 0.7847 -0.4320
vn 0.1963 0.6231 -0.7571
vn 0.0730 -0.4050 0.9114
vn -0.8654 -0.4723 0.1674
vn -0.8875 -0.4502 0.0983
vn -0.8872 -0.4512 0.0966
vn -0.3552 0.7903 0.4992
vn 0.0597 -0.3915 0.9182
vn 0.0615 -0.3934 0.9173
vn -0.2530 -0.2993 0.9200
vn -0.8985 -0.4266 0.1030
vn -0.6924 0.3547 0.6283
vn -0.9872 0.0584 0.1487
vn -0.3606 0.7926 0.4917
vn -0.6801 0.3802 0.6268
vn -0.6874 0.3616 0.6298
vn -0.6901 0.3597 0.6280
vn -0.2528 0.8450 -0.4712
vn 0.4481 0.6683 -0.5938
vn 0.6143 0.1181 -0.7802
vn 0.0725 -0.4043 0.9118
vn -0.0760 0.4074 -0.9101
vn -0.0730 0.4046 -0.9116
vn -0.0739 0.4026 -0.9124
vn -0.8790 -0.1945 -0.4354
vn -0.6915 -0.0859 0.7172
vn -0.6886 -0.0855 0.7201
vn -0.7769 0.5938 0.2093
vn -0.0813 0.4132 -0.9070
vn 0.3102 0.7207 0.6200
vn 0.3488 0.6871 0.6374
vn -0.3712 0.9273 0.0488
vn 0.9950 0.0734 -0.0679
vn -0.6876 -0.0860 0.7210
vn -0.7486 0.6313 0.2027
vn 0.3491 0.6802 0.6446
vn 0.3502 0.6810 0.6431
vn 0.7297 0.5589 -0.3940
vn 0.8812 -0.0508 -0.4701
vn 0.6088 0.0369 -0.7925
vn 0.4358 0.6380 -0.6349
vn -0.0053 -0.4541 0.8909
vn -0.2983 -0.7381 -0.6052
vn -0.2941 -0.7433 -0.6009
vn 0.1360 -0.4170 -0.8987
vn 0.9698 -0.2009 0.1383
vn 0.9254 -0.3199 -0.2030
vn 0.9380 -0.2886 -0.1920
vn 0.6692 0.0652 0.7403
vn -0.1707 0.1375 -0.9757
vn -0.1718 0.1363 -0.9756
vn 0.1718 -0.3704 -0.9129
vn 0.2192 -0.3737 -0.9012
vn 0.3055 0.8442 -0.4405
vn 0.6753 0.0727 0.7340
vn 0.3568 0.8176 -0.4519
vn 0.6743 0.0720 0.7350
vn -0.7917 0.6085 0.0551
vn -0.7301 0.5628 0.3877
vn -0.9432 0.2851 -0.1708
vn -0.8813 -0.0529 0.4696
vn -0.9938 0.0631 0.0920
vn 0.3040 0.8434 -0.4429
vn -0.8217 0.4934 0.2852
vn -0.2228 0.8651 0.4495
vn 0.5841 0.7326 -0.3495
vn -0.2157 0.8637 0.4555
vn 0.8681 -0.0171 0.4961
vn 0.8692 -0.0180 0.4942
vn -0.8234 0.4910 0.2847
vn 0.5290 0.0092 0.8486
vn -0.8238 0.4899 0.2852
vn -0.6070 -0.7496 0.2638
vn 0.8693 -0.0216 0.4939
vn 0.6867 -0.6030 0.4060
vn 0.6880 -0.6020 0.4053
vn 0.3604 -0.7928 -0.4915
vn 0.3579 -0.7920 -0.4947
vn -0.6057 -0.7532 0.2563
vn -0.6002 -0.7543 0.2661
vn 0.6852 -0.6047 0.4060
vn 0.3732 -0.9265 -0.0488
vn 0.4277 0.6187 -0.6590
vn 0.2251 0.4578 -0.8601
vn -0.3516 0.6714 -0.6523
vn 0.5272 0.0080 0.8497
vn -0.1283 0.7278 0.6737
vn -0.6365 -0.2640 0.7247
vn -0.6315 -0.2691 0.7272
vn 0.6200 0.0424 0.7835
vn 0.6220 0.0443 0.7818
vn 0.6212 0.0531 0.7819
vn -0.1148 0.7386 0.6643
vn -0.1138 0.7406 0.6622
vn -0.6872 0.6040 -0.4036
vn -0.6886 0.6024 -0.4036
vn -0.9650 0.1351 -0.2250
vn -0.9664 0.1294 -0.2221
vn -0.9683 0.1205 -0.2187
vn -0.7158 -0.6752 -0.1779
vn -0.6330 -0.2742 0.7240
vn -0.7151 -0.6757 -0.1788
vn -0.2101 -0.6245 0.7522
vn -0.0416 -0.5685 0.8216
vn 0.7461 -0.6149 0.2555
vn 0.6260 0.0398 0.7788
vn 0.7518 -0.4100 -0.5164
vn 0.7478 -0.4083 -0.5235
vn 0.3462 0.9222 0.1724
vn 0.3436 0.9231 0.1728
vn -0.6850 0.6058 -0.4048
vn -0.0085 -0.5577 0.8300
vn -0.3498 -0.6823 -0.6420
vn -0.3946 -0.6390 -0.6603
vn -0.6858 -0.6891 -0.2342
vn 0.7446 -0.4116 -0.5256
vn 0.4218 0.6047 -0.6756
vn 0.7301 0.5624 -0.3881
vn 0.7772 0.6278 -0.0433
vn 0.9340 0.3414 0.1054
vn 0.5264 0.0064 -0.8502
vn 0.9885 0.1247 -0.0861
vn -0.0017 -1.0000 -0.0001
vn -0.3487 -0.6822 -0.6426
vn -0.6359 -0.2677 0.7238
vn -0.0468 0.3186 0.9467
vn -0.0478 0.3190 0.9466
vn -0.6061 0.7862 -0.1206
vn -0.6114 0.7798 -0.1347
vn -0.5831 -0.1295 -0.8020
vn -0.5732 -0.1532 -0.8049
vn -0.5666 -0.1598 -0.8084
vn 0.6877 0.0858 -0.7209
vn 0.6881 0.0875 -0.7203
vn 0.6693 0.1195 -0.7333
vn 0.2881 0.3167 -0.9037
vn -0.6030 0.7885 -0.1209
vn -0.9380 0.2897 0.1902
vn 0.0003 -1.0000 0.0001
vn 0.7134 0.6772 0.1802
vn -0.7727 0.4455 0.4521
vn -0.7726 0.4475 0.4504
vn -0.7825 0.4410 0.4396
vn -0.8852 -0.2926 -0.3617
vn 0.4644 -0.0205 0.8854
vn 0.4654 -0.0196 0.8849
vn -0.5393 0.7852 0.3043
vn -0.5367 0.7884 0.3007
vn -0.6656 0.5726 -0.4787
vn -0.8855 -0.2899 -0.3631
vn 0.0286 0.5602 -0.8279
vn 0.6136 0.7334 -0.2928
vn 0.6149 0.7328 -0.2914
vn 0.6162 0.7318 -0.2910
vn 0.8254 0.2479 0.5072
vn 0.8251 0.2451 0.5091
vn -0.0456 0.4514 -0.8912
vn 0.0275 0.5597 -0.8282
vn 0.2519 0.8453 0.4712
vn -0.6648 0.5703 -0.4825
vn 0.5679 0.1577 0.8079
vn 0.5654 0.1599 0.8092
vn -0.1652 0.3703 0.9141
vn 0.8797 0.1932 0.4345
vn 0.8886 0.4486 -0.0955
vn 0.9118 0.4104 0.0108
vn 0.6877 0.1767 0.7042
vn 0.8866 0.4523 -0.0968
vn 0.8833 0.4590 -0.0954
vn -0.0001 0.7905 0.6124
vn -0.0197 0.7980 0.6024
vn -0.1739 0.3766 0.9099
vn -0.1711 0.3721 0.9123
vn -0.6728 -0.4191 0.6097
vn -0.5401 0.8307 0.1348
vn -0.0023 -1.0000 -0.0012
vn -0.5252 0.8410 0.1303
vn -0.5384 0.8316 0.1361
vn -0.2521 0.8452 -0.4712
vn 0.4490 0.6704 -0.5907
vn 0.6156 0.1959 -0.7633
vn -0.4073 0.5026 -0.7625
vn -0.5391 0.8314 0.1344
vn -0.7641 0.5964 -0.2459
vn -0.7603 0.6031 -0.2412
vn 0.3891 -0.8339 -0.3915
vn 0.3883 -0.8342 -0.3916
vn -0.6265 -0.0507 -0.7778
vn -0.9682 -0.2376 -0.0782
vn -0.9675 -0.2424 -0.0719
vn -0.8862 -0.1148 0.4489
vn -0.8862 -0.1097 0.4502
vn 0.3972 -0.3684 0.8406
vn -0.6213 -0.0465 -0.7822
vn -0.6148 -0.7332 0.2906
vn -0.6213 -0.7269 0.2924
vn 0.3888 -0.3744 0.8418
vn 0.7551 0.6551 -0.0260
vn 0.2540 0.8447 0.4712
vn 0.3500 0.6723 0.6523
vn 0.9116 0.4107 0.0192
vn 0.9892 0.1199 -0.0839
vn -0.6150 -0.7327 0.2915
vn -0.3382 -0.6292 0.6998
vn -0.3344 -0.6301 0.7008
vn 0.7593 -0.6038 0.2426
vn -0.4994 -0.8566 0.1298
vn -0.4987 -0.8566 0.1322
vn 0.7577 -0.6067 0.2406
vn 0.1170 -0.7363 -0.6665
vn -0.4996 -0.8570 0.1266
vn 0.5780 -0.0542 -0.8142
vn -0.3876 0.9204 0.0504
vn -0.3898 0.9196 0.0490
vn -0.6343 0.6520 -0.4154
vn -0.6399 0.6329 -0.4358
vn -0.7290 0.1477 -0.6684
vn -0.7307 0.1441 -0.6673
vn -0.7326 0.1372 -0.6667
vn 0.1112 -0.7386 -0.6649
vn 0.5703 -0.0528 -0.8198
vn 0.0958 -0.7305 -0.6762
vn -0.5268 -0.0141 -0.8499
vn -0.5266 -0.0084 -0.8501
vn -0.5255 -0.0076 -0.8508
vn -0.3846 0.9219 0.0477
vn -0.6396 0.6309 -0.4393
vn -0.7191 -0.3508 -0.5998
vn -0.7234 -0.3567 -0.5911
vn 0.4750 0.0049 0.8800
vn -0.1163 0.0057 0.9932
vn -0.1170 0.5722 0.8117
vn 0.3512 0.6718 0.6522
vn 0.9295 0.3591 0.0840
vn -0.9481 0.2107 0.2381
vn -0.9493 0.2056 0.2379
vn 0.7485 -0.1994 0.6325
vn 0.0396 0.9982 -0.0441
vn -0.9477 0.2136 0.2373
vn -0.1535 0.3127 -0.9374
vn -0.1502 0.2985 -0.9425
vn -0.8008 -0.3498 -0.4861
vn 0.7491 -0.1989 0.6319
vn 0.7731 -0.4477 -0.4492
vn -0.1520 0.3195 -0.9353
vn 0.7759 -0.4395 -0.4526
vn 0.7733 -0.4463 -0.4503
vn 0.3772 -0.6345 -0.6746
vn 0.2521 0.8451 0.4714
vn -0.4489 0.6704 0.5907
vn -0.6148 0.1325 0.7775
vn 0.4077 0.5021 0.7627
vn 0.0411 0.9981 -0.0452
vn 0.1091 0.9419 -0.3176
vn 0.0980 0.9409 -0.3242
vn -0.7867 -0.6113 -0.0866
vn -0.8124 -0.2362 -0.5332
vn -0.7489 0.4044 0.5249
vn 0.2760 -0.4357 0.8567
vn 0.2738 -0.4332 0.8587
vn 0.8811 -0.0532 -0.4700
vn 0.0137 -0.9988 -0.0480
vn 0.5177 -0.7296 0.4468
vn 0.5162 -0.7265 0.4536
vn 0.7676 0.4396 0.4663
vn -0.9948 -0.0762 0.0673
vn 0.7301 0.5619 -0.3888
vn 0.8819 -0.0539 -0.4683
vn 0.0057 -1.0000 -0.0015
vn -0.7493 0.4060 0.5231
vn 0.3751 0.1093 -0.9205
vn 0.6993 0.7145 0.0233
vn -0.7183 0.0462 -0.6942
vn -0.7489 0.4045 0.5249
vn -0.7655 -0.4428 -0.4668
vn -0.3706 -0.9197 -0.1299
vn -0.3538 -0.9284 -0.1138
vn -0.7648 -0.4387 -0.4719
vn 0.5462 -0.7765 0.3143
vn 0.5391 -0.7816 0.3138
vn 0.8814 -0.0541 -0.4692
vn -0.3672 -0.1211 0.9222
vn 0.8815 -0.0542 -0.4691
vn -0.3736 -0.1065 0.9215
vn -0.7301 -0.6023 -0.3227
vn -0.1063 -0.9431 0.3151
vn -0.7335 -0.5971 -0.3248
vn -0.7503 -0.5721 -0.3311
vn -0.5452 0.7763 -0.3165
vn -0.5431 0.7778 -0.3163
vn 0.2763 -0.4355 0.8567
vn 0.9937 0.0007 -0.1124
vn 0.8809 -0.0510 -0.4705
vn 0.7163 -0.0557 0.6956
vn 0.8137 0.2454 0.5269
vn 0.7396 0.5921 0.3201
vn 0.7331 0.6005 0.3195
vn 0.4286 0.8906 0.1522
vn 0.3437 0.9318 0.1168
vn 0.3329 0.9374 0.1027
vn -0.5125 0.7307 -0.4510
vn -0.5110 0.7274 -0.4580
vn 0.8811 -0.0515 -0.4701
vn 0.0053 -1.0000 -0.0007
vn -0.2017 0.9670 0.1555
vn -0.1699 -0.2494 -0.9534
vn -0.1781 -0.2392 -0.9545
vn -0.8146 0.5800 -0.0022
vn -0.8221 0.5692 0.0134
vn 0.6645 0.4593 -0.5895
vn 0.3187 0.4384 -0.8404
vn -0.4498 0.0230 -0.8929
vn 0.6654 0.4589 -0.5888
vn -0.4477 -0.0136 -0.8941
vn 0.4072 0.5030 0.7623
vn 0.0013 -0.9999 -0.0164
vn 0.4269 0.5992 -0.6773
vn 0.4349 0.5960 -0.6750
vn -0.4636 0.0153 -0.8859
vn -0.7480 0.1971 -0.6338
vn -0.6156 0.1983 0.7627
vn 0.4079 0.5031 0.7620
vn -0.8952 -0.3994 -0.1976
vn 0.0720 -0.9734 -0.2173
vn 0.6592 0.4525 -0.6006
vn 0.6365 0.4563 -0.6219
vn -0.4464 0.0191 -0.8946
vn 0.4000 0.5189 0.7555
vn -0.9014 -0.3843 -0.1995
vn 0.1703 0.2438 0.9547
vn -0.4086 0.0391 -0.9119
vn 0.8998 0.3896 0.1962
vn -0.4289 -0.5965 0.6784
vn 0.9002 0.3881 0.1976
vn 0.9067 0.3717 0.1994
vn 0.8189 -0.5740 -0.0046
vn -0.4257 -0.5994 0.6779
vn 0.7450 -0.6559 0.1215
vn -0.4600 0.0189 -0.8877
vn 0.4067 0.5053 0.7611
vn 0.0008 -1.0000 0.0038
vn -0.7132 -0.5387 -0.4486
vn -0.7181 0.6217 0.3126
vn -0.7330 0.6023 0.3161
vn -0.9882 0.0705 0.1362
vn -0.7104 -0.5427 -0.4482
vn -0.7176 0.6239 0.3095
vn 0.9949 -0.0001 -0.1005
vn 0.6985 0.5644 0.4399
vn 0.6988 0.5615 0.4432
vn -0.7638 0.4406 0.4717
vn -0.8271 0.3936 0.4013
vn -0.8274 0.4017 0.3925
vn -0.1849 0.9432 -0.2760
vn -0.2875 0.8237 0.4887
vn -0.1944 0.9419 -0.2738
vn -0.2023 0.9423 -0.2667
vn -0.7440 0.6194 -0.2505
vn -0.2759 0.4397 -0.8547
vn -0.2735 0.4381 -0.8563
vn 0.9950 0.0352 -0.0930
vn 0.8811 -0.0528 -0.4700
vn 0.8273 -0.3823 -0.4116
vn 0.8281 -0.3937 -0.3990
vn -0.3339 -0.6129 0.7162
vn 0.7618 0.1944 -0.6180
vn 0.7009 0.7096 0.0722
vn 0.8272 -0.3986 -0.3962
vn 0.7299 0.2797 -0.6236
vn 0.6997 0.6891 0.1888
vn 0.9857 -0.0866 -0.1444
vn -0.7436 0.6212 -0.2471
vn -0.3885 0.8347 0.3902
vn -0.3917 0.8356 0.3852
vn 0.6995 0.6895 0.1880
vn 0.3329 0.6144 -0.7153
vn 0.3337 0.6149 -0.7145
vn 0.6068 0.7500 -0.2634
vn -0.7437 0.6212 -0.2471
vn -0.7624 -0.5519 -0.3379
vn -0.7623 -0.5530 -0.3363
vn -0.4414 -0.8973 -0.0088
vn 0.1029 -0.8315 0.5459
vn 0.7692 -0.4280 -0.4744
vn 0.8418 -0.3413 -0.4181
vn 0.2982 0.7377 0.6057
vn 0.1366 0.9160 -0.3773
vn 0.2502 0.1872 -0.9499
vn 0.1544 0.9752 -0.1588
vn 0.2511 0.1852 -0.9501
vn 0.1645 0.9746 -0.1521
vn 0.8723 0.0088 -0.4889
vn 0.8717 0.0083 -0.4899
vn 0.7715 0.1310 0.6226
vn 0.7738 0.1262 0.6207
vn -0.9949 0.0013 0.1012
vn -0.7157 0.6321 0.2969
vn -0.8864 -0.0018 0.4630
vn -0.8820 -0.0063 0.4711
vn -0.6662 0.6037 0.4378
vn -0.6979 0.6482 0.3045
vn 0.2638 0.9633 0.0501
vn -0.8586 0.2044 -0.4701
vn -0.8602 0.2000 -0.4692
vn 0.2698 0.9602 0.0727
vn 0.2802 0.9582 0.0575
vn 0.2826 0.9576 0.0566
vn 0.6709 0.4194 -0.6116
vn 0.6688 0.4227 -0.6115
vn -0.5346 0.0633 0.8428
vn -0.1525 -0.9745 0.1643
vn -0.1214 -0.9757 0.1826
vn 0.3004 -0.8151 0.4954
vn 0.3153 -0.8018 0.5076
vn 0.7651 0.5526 0.3304
vn 0.1112 -0.6325 -0.7665
vn 0.6728 -0.6645 -0.3254
vn 0.6816 -0.6574 -0.3213
vn 0.9081 0.3732 0.1902
vn 0.7810 -0.5369 -0.3190
vn 0.8761 -0.3334 -0.3483
vn -0.9941 0.0210 0.1064
vn 0.8549 -0.2069 0.4758
vn 0.8449 -0.2058 0.4938
vn -0.2499 -0.1943 0.9486
vn -0.2508 -0.1923 0.9487
vn -0.9949 -0.0000 0.1005
vn -0.1150 0.6198 0.7762
vn -0.5882 -0.3276 0.7394
vn -0.8599 0.3505 0.3712
vn -0.8832 0.3130 0.3492
vn -0.2420 -0.9563 -0.1643
vn -0.2934 -0.9483 -0.1210
vn -0.3095 -0.9509 -0.0106
vn -0.2838 -0.9573 -0.0556
vn 0.6708 0.4193 -0.6118
vn -0.3156 0.8049 -0.5025
vn 0.5310 -0.0689 -0.8445
vn 0.5386 -0.0242 -0.8422
vn 0.5781 0.5504 -0.6023
vn -0.1084 0.8317 -0.5446
vn 0.3316 0.2954 -0.8960
vn -0.3396 0.7821 -0.5224
vn -0.7752 -0.1284 -0.6185
vn -0.7725 -0.1341 -0.6207
vn -0.9953 0.0012 0.0967
vn -0.2355 0.8542 -0.4635
vn -0.3735 -0.8454 -0.3818
vn 0.2885 -0.9466 -0.1437
vn -0.3924 -0.8155 -0.4254
vn 0.4635 0.1234 -0.8775
vn 0.2918 -0.9455 -0.1444
vn 0.8365 0.4125 0.3607
vn 0.4639 0.1356 -0.8754
vn -0.4490 0.6704 0.5908
vn -0.6114 0.0041 0.7913
vn -0.2859 0.9471 0.1457
vn 0.5155 0.7802 0.3542
vn -0.2896 0.9471 0.1384
vn 0.2151 0.7157 -0.6644
vn -0.6512 -0.6204 -0.4370
vn 0.9469 -0.2149 -0.2391
vn 0.9492 -0.2009 -0.2423
vn -0.6127 0.0459 0.7890
vn -0.6530 -0.6221 -0.4319
vn 0.9158 -0.3920 -0.0875
vn 0.9136 -0.3988 -0.0790
vn 0.4720 -0.8710 -0.1363
vn 0.4287 0.1233 -0.8950
vn -0.4251 0.6077 0.6708
vn -0.7301 0.5619 0.3889
vn -0.3423 -0.5623 -0.7528
vn 0.5717 0.8166 -0.0793
vn 0.6609 0.6245 0.4162
vn 0.6549 0.6189 0.4336
vn -0.5570 0.8294 0.0422
vn 0.5581 0.8265 -0.0738
vn 0.5664 0.8199 -0.0832
vn 0.3756 0.8441 0.3826
vn 0.9481 -0.2099 -0.2389
vn -0.3435 -0.5627 -0.7519
vn -0.3424 -0.5622 -0.7528
vn 0.4287 0.1234 -0.8950
vn -0.6330 0.0235 0.7738
vn -0.9167 0.3870 0.0995
vn -0.9143 0.3951 0.0892
vn -0.5637 -0.8216 0.0850
vn -0.6010 -0.7914 0.1115
vn -0.4666 -0.1511 0.8715
vn -0.4661 -0.1353 0.8743
vn -0.4644 -0.1338 0.8755
vn -0.5589 -0.8245 0.0890
vn -0.2199 -0.7155 0.6631
vn 0.3622 0.2498 0.8980
vn 0.9493 -0.2186 -0.2259
vn 0.9486 -0.2080 -0.2385
vn 0.8589 0.4540 -0.2371
vn -0.3424 -0.5623 -0.7527
vn 0.4302 0.1266 -0.8938
vn -0.4445 0.6593 0.6064
vn 0.8558 0.4592 -0.2381
vn -0.3734 -0.2480 -0.8939
vn -0.8353 -0.4127 -0.3631
vn -0.8354 -0.4169 -0.3582
vn -0.5154 -0.7834 -0.3474
vn 0.9433 -0.2192 -0.2494
vn 0.8594 0.4530 -0.2372
vn -0.7632 -0.5167 -0.3881
vn -0.7536 -0.5359 -0.3806
vn -0.8677 -0.4917 -0.0736
vn -0.7985 -0.1719 0.5769
vn -0.8850 0.0920 0.4564
vn -0.3749 -0.9000 -0.2225
vn -0.4253 -0.1916 0.8845
vn -0.5071 -0.2003 0.8383
vn -0.3739 -0.9016 -0.2173
vn -0.4217 -0.1872 0.8872
vn 0.0871 -0.9962 -0.0033
vn -0.3981 0.3669 -0.8408
vn -0.4060 0.3587 -0.8405
vn 0.7525 0.6581 -0.0241
vn 0.4026 0.5044 0.7639
vn 0.9774 0.1975 -0.0755
vn -0.0219 0.3692 0.9291
vn 0.6179 0.5448 0.5670
vn 0.7526 0.5240 0.3988
vn 0.0050 0.3440 0.9390
vn 0.8891 -0.2186 0.4021
vn 0.8202 -0.1309 0.5569
vn 0.3251 0.3697 0.8704
vn -0.8251 -0.2508 -0.5062
vn -0.5733 0.1970 -0.7953
vn -0.8248 -0.2478 -0.5083
vn 0.0100 0.6054 0.7958
vn -0.0069 0.6008 0.7994
vn 0.9432 -0.0721 0.3243
vn 0.9422 -0.0607 0.3296
vn 0.0290 0.6331 0.7735
vn 0.3735 0.9002 0.2239
vn -0.5180 0.4701 0.7147
vn -0.8800 0.2633 -0.3953
vn -0.8876 0.2225 -0.4033
vn -0.3981 0.3670 -0.8408
vn 0.9831 0.1708 -0.0665
vn 0.3715 0.9010 0.2238
vn -0.4682 0.6311 0.6185
vn -0.2296 0.9731 0.0184
vn 0.4068 0.5037 0.7621
vn 0.9746 0.2012 -0.0984
vn -0.9442 0.0802 -0.3195
vn 0.7188 0.1471 -0.6795
vn -0.6852 0.6839 -0.2508
vn -0.6859 0.6832 -0.2507
vn -0.8219 0.5483 -0.1541
vn 0.3459 0.5580 0.7543
vn 0.3436 0.5615 0.7528
vn 0.8028 0.3401 0.4898
vn 0.7406 0.6255 -0.2455
vn 0.7403 0.6241 -0.2499
vn -0.6214 0.1447 0.7700
vn 0.2998 -0.9309 0.2087
vn 0.2992 -0.9307 0.2104
vn 0.2967 -0.9303 0.2159
vn 0.2733 -0.1263 0.9536
vn 0.0114 0.4599 -0.8879
vn -0.8781 -0.0567 0.4751
vn 0.0302 0.3052 0.9518
vn 0.1183 0.3862 0.9148
vn 0.1235 0.3976 0.9092
vn -0.2956 0.9343 -0.1993
vn 0.8462 0.0528 0.5303
vn 0.8421 0.0615 0.5359
vn 0.0144 0.4674 -0.8840
vn -0.8814 -0.0397 0.4707
vn -0.0004 -1.0000 -0.0002
vn -0.2998 0.9304 -0.2110
vn 0.8974 -0.3399 -0.2813
vn 0.6825 -0.6858 0.2528
vn 0.6842 -0.6852 0.2498
vn -0.2731 0.1228 -0.9541
vn -0.1265 -0.3946 -0.9101
vn -0.1255 -0.3925 -0.9111
vn 0.7407 0.6260 -0.2439
vn -0.8803 -0.0456 0.4723
vn -0.6280 0.0150 0.7781
vn -0.6844 -0.5953 0.4209
vn -0.8490 -0.0504 -0.5260
vn -0.9255 0.2478 -0.2863
vn -0.8994 0.3344 0.2816
vn -0.7376 -0.1255 0.6635
vn 0.8216 -0.5472 0.1599
vn -0.0313 -0.3066 -0.9513
vn 0.6978 0.5711 -0.4323
vn 0.3435 0.5614 0.7528
vn -0.8817 -0.0381 0.4703
vn -0.6186 0.0178 0.7855
vn -0.2186 -0.1487 0.9644
vn 0.5111 0.8541 0.0965
vn -0.4068 0.5037 -0.7621
vn -0.9813 0.1736 0.0832
vn 0.2203 0.1617 -0.9619
vn -0.9921 0.0890 0.0884
vn -0.2766 -0.9609 0.0148
vn 0.7140 0.6646 -0.2202
vn 0.7120 0.6655 -0.2237
vn -0.4157 -0.6224 0.6632
vn -0.4153 -0.6219 0.6640
vn -0.4089 -0.6264 0.6636
vn 0.7283 -0.5342 0.4292
vn 0.7286 -0.5364 0.4260
vn -0.8547 0.5189 0.0157
vn 0.7171 0.6608 -0.2215
vn -0.8737 -0.2262 -0.4307
vn -0.0236 0.4264 -0.9042
vn -0.0464 0.4099 -0.9110
vn -0.8745 -0.2285 -0.4279
vn -0.8752 -0.2292 -0.4260
vn -0.8767 -0.2278 -0.4237
vn 0.8120 -0.3203 -0.4879
vn -0.0205 0.4281 -0.9035
vn -0.8747 -0.2335 -0.4247
vn -0.1773 -0.9621 0.2073
vn 0.0045 -1.0000 0.0028
vn 0.8770 -0.4804 -0.0106
vn 0.0070 -1.0000 0.0033
vn 0.0007 -1.0000 -0.0008
vn 0.8098 -0.3276 -0.4868
vn 0.8101 -0.3253 -0.4878
vn -0.1189 -0.5277 -0.8411
vn -0.1148 -0.5297 -0.8404
vn -0.4998 0.7471 0.4383
vn 0.0368 0.7053 0.7080
vn 0.7792 0.1544 0.6075
vn -0.0000 -1.0000 0.0001
vn 0.4768 -0.2932 -0.8287
vn 0.8325 0.5062 0.2251
vn -0.3902 0.4565 0.7996
vn 0.0549 0.9984 0.0138
vn 0.0532 0.9985 0.0121
vn -0.2504 0.9681 -0.0003
vn -0.2537 0.9673 0.0033
vn 0.8550 0.4868 0.1790
vn -0.3919 0.4552 0.7995
vn 0.8328 0.5064 0.2235
vn 0.2525 -0.8216 0.5110
vn -0.3583 -0.5764 -0.7344
vn 0.1592 0.3388 0.9273
vn 0.1572 0.3404 0.9270
vn 0.1523 0.3422 0.9272
vn -0.8989 0.4380 -0.0133
vn 0.1734 0.3466 0.9218
vn 0.6838 0.4538 -0.5714
vn -0.5824 0.7402 -0.3359
vn 0.6183 0.0999 -0.7796
vn 0.6179 0.1011 -0.7797
vn 0.9012 -0.3457 0.2612
vn 0.5518 -0.8189 0.1579
vn -0.0001 -1.0000 -0.0001
vn -0.7927 -0.5676 -0.2224
vn -0.5893 0.7384 -0.3279
vn -0.0658 0.9790 0.1929
vn -0.9112 0.0319 0.4108
vn -0.0679 0.9782 0.1962
vn -0.0932 0.2268 0.9695
vn -0.9095 0.0353 0.4143
vn -0.8230 -0.5677 0.0207
vn -0.0466 0.6733 -0.7379
vn -0.5325 0.6644 -0.5244
vn -0.5332 0.6771 -0.5072
vn -0.0952 0.9809 0.1694
vn -0.6067 0.7465 -0.2733
vn -0.6143 0.7383 -0.2786
vn -0.6494 0.4166 -0.6362
vn -0.6457 0.4001 -0.6503
vn -0.6453 0.3918 -0.6558
vn -0.5352 0.6618 -0.5249
vn -0.6370 0.6750 -0.3722
vn -0.6366 0.6807 -0.3625
vn -0.0001 -1.0000 -0.0000
vn 0.8168 -0.5764 -0.0239
vn -0.5915 -0.6029 0.5354
vn -0.5883 -0.6119 0.5286
vn -0.5874 -0.6139 0.5273
vn -0.0010 -1.0000 0.0019
vn 0.9486 0.0245 -0.3156
vn 0.9486 0.0286 -0.3153
vn -0.4639 0.5984 0.6533
vn -0.4658 0.5973 0.6529
vn -0.4680 0.5966 0.6520
vn -0.7676 0.3782 0.5174
vn -0.7718 0.3673 0.5191
vn -0.8544 -0.4200 0.3059
vn -0.8542 -0.4235 0.3017
vn -0.8351 -0.4658 0.2927
vn -0.0004 -1.0000 -0.0009
vn -0.0274 -0.9488 -0.3147
vn -0.0283 -0.9422 -0.3339
vn -0.0278 -0.9418 -0.3349
vn 0.9466 0.0272 -0.3213
vn 0.0858 -0.2485 -0.9648
vn -0.8327 0.1210 -0.5404
vn -0.8305 0.1178 -0.5444
vn -0.8315 0.1120 -0.5442
vn 0.0849 -0.2479 -0.9651
vn 0.4839 0.8705 0.0900
vn -0.0275 0.9798 -0.1983
vn -0.5312 0.7358 -0.4201
vn 0.8904 0.1218 0.4387
vn 0.0001 -1.0000 0.0001
vn 0.2758 -0.4671 -0.8401
vn 0.0004 -1.0000 0.0049
vn -0.6650 0.6468 0.3734
vn -0.6574 0.6515 0.3786
vn 0.8538 0.4426 0.2740
vn 0.0133 -0.2259 0.9741
vn 0.0108 -0.2263 0.9740
vn -0.6500 0.0530 -0.7581
vn 0.2504 0.1818 -0.9509
vn 0.4816 0.1014 0.8705
vn -0.1229 -0.9596 0.2532
vn 0.2816 0.0391 0.9587
vn -0.8060 0.4316 0.4050
vn -0.8067 0.4325 0.4028
vn 0.2830 0.0416 0.9582
vn -0.8063 0.4335 0.4025
vn -0.1461 0.8236 0.5480
vn -0.1466 0.8259 0.5444
vn 0.4344 -0.1083 -0.8942
vn -0.4196 0.3455 0.8394
vn 0.8996 0.1964 -0.3901
vn 0.8840 0.1804 -0.4313
vn -0.3461 -0.6797 0.6467
vn 0.4409 -0.4324 0.7865
vn 0.4396 -0.4310 0.7880
vn -0.6945 0.6926 -0.1949
vn 0.7257 -0.4690 0.5034
vn 0.5700 -0.1933 -0.7986
vn 0.5763 -0.1968 -0.7932
vn 0.6162 0.2606 0.7432
vn 0.5996 0.3122 0.7369
vn 0.5615 0.3464 0.7515
vn -0.4194 0.6738 0.6083
vn -0.4276 0.6709 0.6058
vn -0.0005 -1.0000 -0.0034
vn 0.0002 -1.0000 0.0002
vn -0.7814 -0.4305 -0.4517
vn -0.7811 -0.4291 -0.4537
vn 0.6968 0.6929 -0.1854
vn -0.8495 -0.5122 0.1265
vn 0.5798 -0.5011 -0.6424
vn 0.0202 -0.9997 -0.0169
vn -0.1144 -0.6278 0.7700
vn 0.8203 -0.3108 -0.4800
vn 0.8291 0.1796 0.5295
vn 0.8286 0.1791 0.5304
vn 0.8186 -0.3129 -0.4817
vn 0.8306 0.1791 0.5272
vn -0.8206 0.4983 -0.2800
vn -0.0227 0.9731 -0.2293
vn 0.6755 -0.5766 0.4596
vt -0.023355 1.939276
vt -0.031428 1.949409
vt -0.088544 1.952945
vt -0.088533 1.803637
vt 0.040749 1.858816
vt 0.002386 1.906967
vt -0.023353 1.908561
vt -0.023360 1.948910
vt 0.044974 1.872547
vt 0.027970 1.875356
vt 0.027577 1.905359
vt 0.147836 1.507082
vt 0.151468 1.504617
vt 0.185691 1.594573
vt 0.191961 1.609066
vt 0.187005 1.480214
vt 0.178245 1.459967
vt 0.262151 1.560864
vt 0.166504 1.355534
vt 0.181298 1.353939
vt 0.272821 1.553511
vt 0.152261 1.399911
vt 0.178022 1.382156
vt 0.284059 1.395634
vt 0.290795 1.541034
vt 1.478925 1.992279
vt 1.478776 1.973623
vt 1.556725 2.102860
vt 1.540083 2.130043
vt 1.479449 2.058536
vt 1.479353 2.073758
vt 1.529882 2.158772
vt 1.478776 2.164116
vt -0.088544 1.783102
vt -0.040428 1.770067
vt 0.290795 1.370978
vt 0.283320 1.339367
vt 2.172705 -1.102715
vt 2.104333 -1.106913
vt 2.104333 -1.222173
vt 2.162987 -1.292692
vt 2.172705 -1.304372
vt 0.113001 2.241572
vt 0.136246 2.241556
vt 0.136246 2.310057
vt 0.101496 2.310081
vt 0.111558 2.250055
vt 2.282512 -0.063866
vt 2.228684 -0.067170
vt 2.228684 -0.104098
vt 2.268936 -0.152504
vt 2.282512 -0.168823
vt -1.014790 -0.512133
vt -1.014790 -0.458203
vt -1.025871 -0.458196
vt -1.021336 -0.485247
vt 1.177832 -0.174869
vt 1.193873 -0.183485
vt 1.193873 -0.155579
vt 0.290795 1.339366
vt 0.321543 1.347990
vt 0.321543 1.378513
vt 0.290795 1.384293
vt 1.157743 1.020698
vt 1.180345 1.119500
vt 1.160456 1.127096
vt 1.015561 1.181948
vt 0.996057 1.154432
vt 0.996057 0.911925
vt 1.078497 0.924903
vt 1.091039 0.926899
vt 1.112203 0.930342
vt 1.121383 0.946528
vt 1.153906 1.004081
vt 2.195651 -1.084236
vt 2.208008 -1.103837
vt 2.217652 -1.100995
vt 2.248372 -1.091876
vt 2.242482 -1.082532
vt 2.248372 -0.954976
vt 2.206401 -0.945136
vt 2.202122 -0.944159
vt 0.988079 -0.850004
vt 0.894292 -0.758901
vt 0.963306 -0.943584
vt 0.804653 -0.930087
vt 1.459744 1.310692
vt 1.390146 1.446272
vt 1.296658 1.260599
vt 1.296895 1.303116
vt -1.273998 -0.136017
vt -1.121760 -0.124259
vt -1.110672 -0.098490
vt -1.303807 -0.042225
vt -1.310357 -0.130254
vt -1.134566 0.140638
vt -1.310357 0.090771
vt 0.793102 -0.893859
vt 0.784845 -0.917179
vt -1.192750 0.156848
vt -1.244517 0.147368
vt -1.084653 -0.038002
vt -1.041268 -0.050543
vt -1.030575 -0.026027
vt 1.482665 1.313094
vt 1.490968 1.331302
vt 1.462391 1.369848
vt 1.493350 1.336521
vt 1.074043 0.041048
vt 1.076972 0.097154
vt 1.051197 0.089986
vt 1.037329 0.061181
vt 1.056931 -0.063505
vt 1.066966 -0.094553
vt 1.069971 -0.036962
vt 1.051244 -0.075056
vt 1.296658 1.461607
vt 1.373431 1.463637
vt 1.305837 1.467306
vt 1.157187 -0.138852
vt 1.101006 0.026262
vt -1.125028 0.136693
vt 0.147836 1.306916
vt 0.224291 1.330218
vt 0.149743 1.319390
vt 0.761202 -0.739860
vt 0.761202 -0.901860
vt 0.777084 -0.897631
vt 0.276320 1.339366
vt 0.323089 1.202965
vt 0.199629 1.204313
vt 0.232699 1.192734
vt 1.296658 2.224808
vt 1.305708 2.204798
vt 1.359031 2.197185
vt 1.348943 2.219491
vt 1.359031 2.273753
vt 1.332956 2.254883
vt 1.297465 2.229150
vt 1.203511 -0.144293
vt 1.207998 -0.137276
vt 1.237845 0.026504
vt 0.178157 1.091636
vt 0.147836 1.091496
vt 0.166184 1.075378
vt 1.197425 0.097154
vt 0.254156 1.170719
vt -0.028326 -0.533729
vt -0.031907 -0.565418
vt -0.028326 -0.566016
vt -0.260936 -0.566016
vt -0.238904 -0.566016
vt -0.238652 -0.534125
vt -0.264806 -0.538128
vt -0.128864 2.153365
vt -0.130134 2.166296
vt -0.133098 2.196001
vt -0.140194 2.266747
vt -0.185465 2.269660
vt -0.185465 2.171881
vt 2.110499 2.112359
vt 2.110499 2.210137
vt 2.085940 2.210226
vt 2.095476 2.141515
vt 2.099674 2.112215
vt -0.216246 -0.540299
vt -0.216287 -0.545753
vt -0.216287 -0.564721
vt -0.191582 -0.566016
vt -0.199748 -0.551728
vt -0.208313 -0.537702
vt 0.881226 -0.678719
vt 1.002150 1.751988
vt 0.986573 1.752771
vt 1.113315 1.599128
vt 1.122969 1.604385
vt 1.122971 1.648277
vt 1.002150 1.756401
vt 1.122971 1.815015
vt 1.055371 1.818426
vt 1.055371 1.776747
vt 1.002150 1.779432
vt -0.908673 1.814803
vt -0.848870 1.639922
vt -0.771029 1.721014
vt -0.770979 1.727146
vt -0.771037 1.839607
vt -0.883550 1.839167
vt -0.770979 1.829969
vt -0.905895 1.846249
vt -0.911779 1.832310
vt -0.914768 1.825252
vt 1.122966 1.594859
vt 1.873042 1.978685
vt 1.898221 1.955259
vt 1.929008 2.013898
vt 1.837183 2.099333
vt 1.832228 1.947945
vt 1.848806 1.932520
vt 1.835070 2.101314
vt 1.828825 2.077077
vt 1.828825 1.941388
vt 2.251136 2.159212
vt 2.251136 2.248188
vt 2.182635 2.248143
vt 2.182635 2.120261
vt 0.048341 2.109184
vt 0.048341 2.235765
vt -0.020037 2.239871
vt -0.020037 2.105640
vt 2.276269 1.743853
vt 2.276269 1.834639
vt 2.222340 1.834603
vt 2.222340 1.713188
vt 0.493595 2.173311
vt 0.493595 2.283015
vt 0.439762 2.286247
vt 0.439762 2.170520
vt 2.278553 1.843576
vt 2.278618 1.940557
vt 2.222340 1.940557
vt 2.262763 1.834640
vt 2.240680 1.443365
vt 2.244190 1.451591
vt 2.281064 1.539568
vt 2.283216 1.544832
vt 2.226938 1.544832
vt 2.233086 1.442462
vt -1.132956 1.422960
vt -1.106169 1.266492
vt -1.044322 1.206221
vt -0.967173 1.357356
vt -0.946933 1.397195
vt -0.942593 1.405882
vt -0.947217 1.411700
vt -0.956689 1.422919
vt -0.960703 1.422960
vt 2.015847 0.117041
vt 1.982804 0.253287
vt 2.015847 0.337535
vt 1.983030 0.364848
vt 1.936487 0.246176
vt 1.972628 0.097154
vt 2.122266 -0.929678
vt 2.089552 -0.809826
vt 2.122266 -0.718858
vt 2.118715 -0.716059
vt 2.100157 -0.701490
vt 2.059200 -0.815376
vt 2.094195 -0.943584
vt -0.331324 1.837799
vt -0.391630 1.864204
vt -0.376872 1.888679
vt -0.397392 1.915738
vt -0.418436 1.924955
vt -0.412210 1.935280
vt -0.441872 1.974394
vt -0.441872 1.818760
vt -0.362537 1.786039
vt -0.368242 1.902988
vt 1.391460 1.468055
vt 1.477797 1.467306
vt 1.453438 1.529097
vt 1.318795 1.479251
vt 1.390510 1.478055
vt 1.299036 1.479763
vt 1.297816 1.494737
vt 1.477797 1.653761
vt 1.297105 1.504775
vt 1.397052 1.640512
vt 1.296658 1.511910
vt 0.313667 -0.534576
vt 0.320004 -0.552158
vt 0.320004 -0.532366
vt 2.238604 -0.900521
vt 2.217541 -0.875581
vt 2.230481 -0.865006
vt 2.246924 -0.799053
vt 2.185190 -0.885544
vt 2.206733 -0.943583
vt 2.235537 -0.919762
vt 2.246924 -0.910345
vt 0.978347 1.363447
vt 0.956165 1.393217
vt 0.948499 1.394933
vt 0.931279 1.388457
vt 0.975293 1.329831
vt 0.795794 1.303792
vt 0.881325 1.369369
vt 0.829112 1.381046
vt 0.804559 1.261664
vt 0.911361 1.164219
vt 0.978347 1.189561
vt 1.277556 1.393259
vt 1.234897 1.394980
vt 1.180345 1.314429
vt 1.182976 1.308953
vt 1.188641 1.297155
vt 1.208150 1.299373
vt 1.215126 1.303260
vt 1.216534 1.300326
vt 1.277556 1.307264
vt 0.810632 1.385164
vt -1.155100 1.204727
vt -1.135513 1.177156
vt -1.135513 1.222245
vt 2.243477 -0.423324
vt 2.236401 -0.444370
vt 2.217369 -0.503614
vt 2.217369 -0.549027
vt 2.271452 -0.549331
vt 2.271452 -0.433579
vt 2.263525 -0.426231
vt 2.249826 -0.424208
vt 0.493595 2.278157
vt 0.493595 2.211933
vt 0.547665 2.213162
vt 0.547665 2.288780
vt 0.524992 2.284333
vt -0.438465 2.262900
vt -0.441872 2.263403
vt -0.441872 2.164266
vt -0.376885 2.163901
vt -0.376885 2.205797
vt -0.394317 2.221972
vt 1.551261 2.255570
vt 1.551261 2.173091
vt 1.616232 2.174568
vt 1.616232 2.268318
vt -0.983648 1.186810
vt -0.970344 1.172223
vt -0.970344 1.199136
vt 1.456850 2.079104
vt 1.476588 2.079509
vt 1.476588 2.194035
vt 1.406485 2.179238
vt 1.387208 2.174968
vt 1.389211 2.158888
vt 1.390657 2.148128
vt 1.391743 2.140491
vt -0.382899 1.983884
vt -0.406836 1.994356
vt -1.136344 2.182659
vt -1.144487 2.219730
vt -1.190964 2.252979
vt -1.200843 2.260032
vt -1.183021 2.176655
vt -1.200843 2.134633
vt -1.155495 2.164183
vt -1.139946 2.174434
vt 2.122947 0.685960
vt 2.153834 0.584868
vt 2.122947 0.490133
vt 2.129880 0.485528
vt 2.147940 0.480718
vt 2.184003 0.591330
vt 2.162185 0.662738
vt 2.147711 0.671315
vt 2.152719 -0.185592
vt 2.162077 -0.314383
vt 2.152719 -0.330025
vt 2.181608 -0.345224
vt 2.193010 -0.351204
vt 2.214629 -0.315069
vt 2.207890 -0.222316
vt 2.163704 -0.180479
vt 0.165356 -0.383547
vt 0.160693 -0.370103
vt 0.147767 -0.367119
vt 2.260045 -0.351204
vt 2.259856 -0.328470
vt 2.244637 -0.334757
vt 2.259790 -0.223849
vt 2.218791 -0.280664
vt 2.214629 -0.302978
vt 2.221257 -0.267391
vt 2.221799 -0.264140
vt 2.227696 -0.228746
vt 2.228957 -0.221172
vt -0.016623 -0.201486
vt -0.072149 -0.191785
vt -0.033962 -0.347300
vt 0.002159 -0.204735
vt 0.038462 -0.307882
vt 0.292131 1.781952
vt 0.187662 1.818240
vt 0.272860 1.652800
vt 0.292131 1.662517
vt 0.084308 -0.485331
vt 0.088451 -0.413918
vt 0.122254 -0.414645
vt -0.088543 -0.497412
vt -0.087928 -0.507085
vt -0.043486 -0.525500
vt 0.059485 -0.531570
vt 0.082089 -0.523376
vt 0.163353 -0.415523
vt 0.164007 -0.405734
vt 2.260045 -0.178309
vt 2.254830 -0.180798
vt 2.234039 -0.190628
vt -0.088543 -0.188759
vt -0.075658 -0.317656
vt -0.080467 -0.190282
vt 1.390004 0.728443
vt 1.417711 0.703908
vt 1.394511 0.677372
vt 1.379106 0.651593
vt 1.466112 0.687149
vt 1.429745 0.858438
vt 1.383782 0.806716
vt 1.425860 0.769455
vt 1.500208 0.634522
vt 1.423048 0.611861
vt 1.427558 0.608061
vt 1.379106 0.529234
vt 1.420529 0.613984
vt 0.359905 2.164498
vt 0.428277 2.168696
vt 0.428277 2.175311
vt 0.359905 2.257398
vt 1.146913 2.011035
vt 1.215644 2.010822
vt 1.215625 2.188836
vt 1.146913 2.177812
vt 2.214880 0.302440
vt 2.268709 0.305744
vt 2.268709 0.374872
vt 2.214880 0.439490
vt 2.187734 -0.729449
vt 2.241846 -0.729623
vt 2.241846 -0.569342
vt 2.187734 -0.577983
vt 0.066529 2.087721
vt 0.131209 2.091690
vt 0.131209 2.213072
vt 0.112028 2.236097
vt 0.099534 2.241556
vt 0.076642 2.237851
vt 0.066529 2.236133
vt 0.140944 0.648117
vt 0.146893 0.648676
vt 0.140944 0.678112
vt 0.898043 2.090685
vt 0.963063 2.090476
vt 0.963063 2.238981
vt 0.933054 2.239077
vt 0.898043 2.233485
vt 2.138647 -1.058194
vt 2.158474 -1.079340
vt 2.195652 -1.101519
vt 2.195652 -0.948833
vt 2.127434 -0.944159
vt 2.134738 -1.018554
vt -0.942593 1.319654
vt -0.942593 1.206221
vt -0.921855 1.215973
vt -0.916636 1.218714
vt -0.915831 1.228716
vt -0.933644 1.319512
vt -0.630721 2.079705
vt -0.742084 2.079494
vt -0.742706 1.926304
vt -0.720257 1.930112
vt -0.706911 1.932517
vt -0.703683 1.933933
vt -0.668551 1.949447
vt -0.661034 1.952776
vt -0.630721 1.966258
vt 0.188003 1.609066
vt 0.173601 1.817251
vt 0.184867 1.793808
vt 0.157608 1.779776
vt 0.189227 1.713984
vt 0.147835 1.692647
vt 1.829017 1.000336
vt 1.878378 1.144338
vt 1.827105 1.172675
vt 1.769093 1.003433
vt 1.835428 0.911924
vt 1.878378 0.932244
vt -0.403212 1.635473
vt -0.336155 1.762364
vt -0.366609 1.786039
vt -0.441872 1.643616
vt -0.366160 1.495060
vt -0.336155 1.503902
vt -0.979915 0.152246
vt -1.030574 0.011855
vt -0.926960 -0.136017
vt -0.920763 -0.094765
vt -0.915689 -0.060828
vt -0.963427 0.007303
vt -0.925440 0.112583
vt -0.915689 0.115183
vt -0.920274 0.121478
vt -0.922835 0.125001
vt -0.973476 0.154019
vt 1.750755 0.775741
vt 1.751136 0.787359
vt 1.751292 0.799093
vt 1.751110 0.876244
vt 1.750932 0.902228
vt 1.729352 0.902420
vt 1.633888 0.902420
vt 1.632642 0.894564
vt 2.061035 0.760184
vt 1.961299 0.911713
vt 1.961299 0.733884
vt -1.132956 0.381171
vt -1.205270 0.544207
vt -1.276303 0.307053
vt -1.162515 0.237553
vt -1.148349 0.259291
vt -1.156008 0.380544
vt -1.165829 0.231792
vt -1.156661 0.196777
vt 2.060882 0.792463
vt -1.238983 0.558145
vt -1.302170 0.551808
vt -1.310357 0.545684
vt 2.060825 0.818436
vt -1.303268 1.844516
vt -1.200521 1.893430
vt -1.310357 1.862313
vt -1.176809 1.715041
vt -1.270189 1.759871
vt -1.166591 1.878820
vt -1.166591 1.710067
vt 0.429417 -0.980051
vt 0.420484 -0.977794
vt 0.429417 -1.231031
vt 0.368250 -1.304372
vt -1.146435 0.156848
vt -1.310357 0.217158
vt -1.237712 0.183957
vt -0.162162 0.856693
vt -0.154752 0.856001
vt -0.156794 0.948779
vt -0.187189 1.049055
vt 2.052817 0.115604
vt 2.015847 0.362174
vt 2.015847 0.152692
vt 2.067361 0.101007
vt 2.073118 0.327509
vt 2.081085 0.312855
vt 2.082936 0.323182
vt 0.253952 -1.091007
vt 0.236676 -1.136082
vt 0.219226 -1.046767
vt 0.208963 -1.073972
vt 2.071187 0.097154
vt -0.154752 1.023425
vt 0.234327 -1.142214
vt 0.334927 -1.287184
vt 0.218895 -1.182557
vt -0.312666 1.146651
vt -0.313700 1.138251
vt 0.475554 1.986617
vt 0.477022 1.991847
vt 0.481776 2.011896
vt 0.493595 2.062913
vt 0.489651 2.073571
vt 0.453174 2.170519
vt 0.446460 2.170515
vt 0.446460 1.982593
vt -0.272431 2.253941
vt -0.272369 2.273097
vt -0.298437 2.273097
vt -0.330824 2.272973
vt -0.279551 2.160565
vt -0.273320 2.163066
vt 1.307037 0.392266
vt 1.307037 0.524899
vt 1.164351 0.525214
vt 1.206305 0.386963
vt 1.208995 0.378692
vt 1.252188 0.384517
vt 1.258756 0.385432
vt 1.959918 0.591198
vt 1.959918 0.733884
vt 1.844041 0.726590
vt 1.843205 0.529234
vt 1.941308 1.932520
vt 1.873525 1.932473
vt 1.828825 1.814934
vt 1.828842 1.714108
vt 1.836251 1.713188
vt 1.941308 1.737746
vt -0.614549 1.095115
vt -0.629119 1.073646
vt -0.632540 1.067947
vt -0.624028 1.032767
vt -0.614549 0.992653
vt -0.330824 0.998064
vt -0.265369 0.869657
vt 1.415626 -0.925792
vt 1.357403 -0.891165
vt 1.347507 -0.750862
vt 1.415626 -0.637552
vt 1.391471 -0.589523
vt 1.294957 -0.750068
vt 1.305623 -0.899392
vt 1.398988 -0.943584
vt 1.010327 0.038958
vt 1.035350 -0.096100
vt 1.035350 0.031747
vt 0.846008 -0.091761
vt 0.911541 -0.099282
vt 0.911539 -0.129163
vt 0.966077 -0.135423
vt 0.966076 -0.180809
vt 1.035348 -0.188760
vt 0.846010 -0.025863
vt 0.819539 -0.670169
vt 0.831368 -0.670169
vt 0.861645 -0.550145
vt 0.761202 -0.550145
vt 0.774569 -0.617299
vt 0.809016 -0.617299
vt 0.842153 -0.670179
vt 0.843827 -0.678719
vt 0.888255 -0.574437
vt 0.879871 -0.550162
vt 0.889510 -0.550181
vt 0.846006 -0.015819
vt 0.901164 0.103117
vt 0.844430 0.084563
vt -0.821350 2.267904
vt -0.821350 2.191075
vt -0.752972 2.186969
vt -0.752972 2.271493
vt 2.164854 0.035747
vt 2.097353 0.035945
vt 2.097353 -0.168625
vt 2.164854 -0.168823
vt 2.233500 0.000313
vt 2.233500 0.088060
vt 2.164854 0.090752
vt 2.164854 -0.010150
vt 2.239001 -0.734888
vt 2.239001 -0.795820
vt 2.292834 -0.799053
vt 2.292834 -0.732061
vt 2.237145 0.651984
vt 2.184003 0.652140
vt 2.184003 0.480873
vt 2.237145 0.480718
vt 0.187134 -0.975363
vt 0.229446 -0.975363
vt 0.231566 -0.921320
vt 0.178896 -0.921320
vt 2.298218 -0.807546
vt 2.246924 -0.810626
vt 2.246924 -0.875429
vt 2.276443 -0.873656
vt 2.299170 -0.816197
vt 2.236562 -1.155030
vt 2.172705 -1.154842
vt 2.172705 -1.304185
vt 2.236562 -1.304372
vt -0.451697 1.674274
vt -0.444928 1.674274
vt -0.442380 1.739213
vt -0.461595 1.739213
vt 1.533656 -0.884250
vt 1.531390 -0.679817
vt 1.434331 -0.613099
vt 1.415626 -0.656911
vt 1.473886 -0.696960
vt 1.475784 -0.868112
vt 1.415626 -0.910882
vt 1.450203 -0.943584
vt 1.936855 0.051273
vt 1.959920 0.039733
vt 1.982133 -0.107856
vt 1.936854 -0.150577
vt 1.949004 -0.159338
vt 1.962313 -0.168823
vt 2.021339 -0.113130
vt 1.995868 0.056126
vt 1.945076 0.081541
vt 0.571060 0.824390
vt 0.440660 0.794086
vt 0.359904 0.606279
vt 0.407688 0.529001
vt 0.535512 0.580407
vt 0.558782 0.589912
vt 0.571133 0.595047
vt 0.571133 0.728005
vt -0.624597 2.254620
vt -0.652461 2.191312
vt -0.656579 2.181650
vt -0.646593 2.079705
vt -0.617167 2.100139
vt -0.617167 2.249391
vt -0.373370 0.225398
vt -0.347956 0.243876
vt -0.346054 0.318023
vt -0.350720 0.237091
vt -0.348502 0.238986
vt -0.644737 -0.514315
vt -0.644770 -0.540626
vt -0.642790 -0.537950
vt -0.343650 0.417986
vt -0.343519 0.427826
vt -0.459863 0.330545
vt -0.550736 0.146283
vt -0.596395 -0.346656
vt -0.616946 -0.333108
vt -0.622107 -0.516718
vt -0.637802 -0.362394
vt -0.644544 -0.354949
vt -0.644770 -0.322377
vt -0.644647 -0.336815
vt -0.641538 -0.318145
vt -0.444419 2.035575
vt -0.447244 2.037923
vt -0.498645 1.844310
vt -0.444463 1.956019
vt -0.444419 1.810316
vt -0.430309 0.427144
vt -0.470911 0.426658
vt -0.596090 0.351626
vt 1.772207 0.446940
vt 1.787016 0.352060
vt 1.805452 0.505761
vt 1.814808 0.367009
vt 1.814808 0.522306
vt 0.941283 1.599033
vt 0.986441 1.574481
vt 0.986441 1.638011
vt 0.960277 1.643270
vt -0.536242 0.312371
vt 0.941446 1.641398
vt -0.477902 1.981301
vt -0.612750 0.196899
vt -0.612750 0.332827
vt -0.569199 0.182126
vt -0.050260 0.786716
vt -0.071149 0.792832
vt -0.088543 0.797113
vt -0.075579 0.718619
vt -0.051713 0.574885
vt -0.000277 0.533466
vt 0.014226 0.521846
vt 0.054537 0.521468
vt 0.140715 0.521011
vt 0.140819 0.530657
vt 0.140819 0.628643
vt 0.140700 0.701322
vt 0.140274 0.706114
vt 0.113290 0.717547
vt 0.391891 1.795029
vt 0.391892 1.766369
vt 0.463569 1.650821
vt 0.514119 1.830990
vt 0.514119 1.835073
vt 0.445730 1.835876
vt 0.445732 1.794397
vt 0.514119 1.660370
vt 1.690865 1.725677
vt 1.677899 1.716086
vt 1.688191 1.525993
vt 1.745124 1.619789
vt 1.713801 1.719658
vt 1.699667 1.732186
vt 1.875885 0.305495
vt 1.825735 0.309644
vt 1.823959 0.100391
vt 1.936487 0.233607
vt 1.923026 0.234720
vt 1.923022 0.261271
vt 1.875891 0.265170
vt 0.359905 1.767035
vt 0.377221 1.749606
vt 0.373110 1.763010
vt -0.088543 0.521012
vt -0.092451 0.632994
vt -0.123462 0.596969
vt -0.137561 0.536723
vt -0.118479 0.618270
vt -0.096048 0.651476
vt -0.112736 0.642825
vt 1.816010 0.097154
vt 1.816042 0.106273
vt -0.088543 0.714002
vt -0.095841 0.722437
vt -0.098086 0.711220
vt 1.816010 0.310447
vt 1.673109 1.712464
vt 1.678840 1.511683
vt -0.103779 0.665649
vt -0.108395 0.661396
vt -0.101144 0.696008
vt 1.215644 2.010821
vt 1.284145 2.022589
vt 1.284145 2.186324
vt 1.273028 2.180030
vt 1.215644 2.147303
vt 2.211303 1.065258
vt 2.265233 1.074522
vt 2.265233 1.213035
vt 2.211303 1.182278
vt 0.140944 0.538146
vt 0.140944 0.506417
vt 0.147835 0.518915
vt 0.145778 0.538027
vt -1.165125 1.387873
vt -1.133396 1.387894
vt -1.133396 1.501037
vt -1.148798 1.492253
vt -1.166256 1.420968
vt -1.167434 1.414848
vt -1.166065 1.398779
vt 0.061382 1.952945
vt 0.061382 2.091015
vt 0.020858 2.102436
vt 0.020858 1.966390
vt 1.408000 -0.372977
vt 1.360859 -0.331351
vt 1.344172 -0.316678
vt 1.324927 -0.299782
vt 1.310357 -0.287043
vt 1.275655 -0.280681
vt 1.259256 -0.280529
vt 1.247071 -0.280633
vt 1.247071 -0.290173
vt 1.250759 -0.504907
vt 1.403340 -0.549331
vt 1.403453 -0.545210
vt 1.617647 1.670343
vt 1.617647 1.485700
vt -0.770978 1.765420
vt -0.770978 1.648775
vt -0.744296 1.639922
vt -0.744296 1.752704
vt -0.742977 1.757529
vt 0.716509 1.401691
vt 0.735527 1.486718
vt 0.692795 1.402688
vt -0.097056 1.806488
vt -0.114208 1.835871
vt -0.185465 1.844643
vt -0.139934 1.770439
vt 0.080680 1.527019
vt 0.095028 1.517055
vt 0.095027 1.389205
vt 0.141714 1.337950
vt 0.141714 1.554872
vt 0.122052 1.568526
vt -0.143729 2.015258
vt -0.116368 1.839535
vt -0.134715 1.860684
vt -0.105534 1.885203
vt -0.141373 1.926515
vt -0.097056 1.963751
vt 0.727622 1.614490
vt 0.735527 1.615388
vt 0.659638 1.606830
vt 0.610767 1.572393
vt -0.632540 1.276154
vt -0.632540 1.188368
vt -0.615673 1.258491
vt 0.603730 1.598985
vt 0.608672 1.601138
vt 0.606449 1.600884
vt 0.602203 1.596524
vt 0.576560 1.555031
vt 0.571133 1.528093
vt 0.638481 1.525169
vt 0.627579 1.471079
vt 0.671934 1.469155
vt 0.658834 1.404161
vt -0.752670 2.040259
vt -0.752670 2.186969
vt -0.821350 2.185408
vt -0.821350 1.993020
vt -0.794422 1.998384
vt -0.756363 2.034051
vt -0.754107 2.036175
vt 0.077368 2.241587
vt 0.101186 2.241556
vt 0.101495 2.310287
vt 0.066528 2.310287
vt 0.625203 2.275976
vt 0.571133 2.274748
vt 0.571133 2.151805
vt 0.625203 2.162584
vt 0.053491 1.860610
vt 0.062182 1.860610
vt 0.062355 1.914721
vt 0.044974 1.914721
vt 0.328077 1.811836
vt 0.294933 1.804305
vt 0.294933 1.729521
vt 0.359905 1.742474
vt 0.359905 1.813387
vt 0.332224 1.812758
vt -0.594873 -0.166550
vt -0.599321 -0.166564
vt -0.594873 -0.194252
vt 2.251136 2.164301
vt 2.267480 2.146113
vt 2.291016 2.120262
vt 2.291016 2.204582
vt 1.443382 1.770032
vt 1.447055 1.767482
vt 1.447055 1.687526
vt 1.477797 1.653762
vt 1.477797 1.792382
vt 1.470623 1.797364
vt -0.641461 0.156450
vt -0.615174 0.180081
vt -0.641319 0.339434
vt -0.641304 0.336265
vt -0.641489 0.264143
vt -0.641489 0.167694
vt 1.008714 -0.549331
vt 1.110590 -0.464423
vt 1.004449 -0.544734
vt 0.986589 1.388377
vt 1.180344 1.317874
vt 1.180334 1.327874
vt 1.057475 1.186277
vt 1.057479 1.229726
vt 1.061709 1.229984
vt 0.986590 1.373501
vt 0.986573 1.181948
vt 1.180300 1.338329
vt 1.011252 1.398850
vt 0.986573 1.393353
vt 1.004363 -0.208675
vt 1.003287 -0.232082
vt 1.021608 -0.207063
vt 1.967562 -1.153422
vt 1.923016 -1.076391
vt 1.862936 -1.092102
vt 1.862936 -1.207978
vt 1.927660 -1.227789
vt 1.929525 -1.180277
vt 1.906841 -1.141369
vt -0.925497 0.467390
vt -0.916636 0.475149
vt -0.925497 0.493464
vt -0.007266 1.172883
vt -0.042824 1.304648
vt -0.088543 1.087510
vt -0.088543 1.337950
vt 1.110590 -0.221893
vt 1.100291 -0.216061
vt 0.979415 -0.449286
vt 0.985160 -0.522619
vt 0.951657 -0.404484
vt 0.975781 -0.402894
vt 1.034441 -0.215512
vt 1.026893 -0.206579
vt 1.038789 -0.205864
vt 1.055122 -0.204893
vt 1.087402 -0.206399
vt -1.310357 1.226074
vt -1.277656 1.228938
vt -1.279183 1.236407
vt -1.262899 1.495252
vt -1.310357 1.502678
vt -1.264019 1.418535
vt -1.192710 1.352682
vt -1.237989 1.491349
vt -1.226983 1.350812
vt -1.223781 1.489120
vt -1.216728 1.487730
vt -1.173586 1.356784
vt -1.167434 1.439824
vt -1.195839 1.444507
vt 0.094407 1.195347
vt 0.028815 1.268134
vt 0.057715 1.175525
vt 0.058848 1.178519
vt 0.066071 1.175865
vt 0.087361 1.176731
vt -0.015693 1.259748
vt 0.030162 1.289350
vt 0.024276 1.316985
vt -1.234388 1.317242
vt -1.196577 1.278386
vt -1.216980 1.339979
vt -1.221696 1.340838
vt -1.276337 1.241457
vt -1.252407 1.226607
vt -1.263940 1.223677
vt 1.878379 1.133412
vt 1.947023 1.130720
vt 1.947023 1.232219
vt 1.878379 1.221661
vt 1.729980 -1.026262
vt 1.736268 -1.032107
vt 1.736268 -0.945341
vt 1.667572 -0.944963
vt 1.667573 -0.951781
vt 1.701620 -0.992647
vt 1.719625 -1.014067
vt -1.016177 2.168922
vt -0.962135 2.166801
vt -0.962135 2.282831
vt -1.012082 2.275191
vt -1.016177 2.274560
vt -0.566851 2.165259
vt -0.558666 2.176274
vt -0.558666 2.281754
vt -0.612750 2.282058
vt -0.612750 2.191505
vt -0.586833 2.168347
vt 2.192884 0.914471
vt 2.257822 0.911924
vt 2.257822 1.043149
vt 2.192884 1.033217
vt 0.340318 0.410811
vt 0.402093 0.494031
vt 0.402092 0.520685
vt 0.337106 0.521051
vt 0.337106 0.411307
vt 0.147836 0.458832
vt 0.147836 0.506418
vt 0.107414 0.491032
vt 0.147719 0.383579
vt 1.090717 2.116822
vt 0.986691 2.113500
vt 0.986573 2.082338
vt 1.019002 2.040015
vt 1.071299 1.972179
vt 1.074831 1.977008
vt 1.090717 2.000177
vt 1.496976 0.877695
vt 1.471879 0.911644
vt 1.471879 0.859224
vt 1.113288 1.233102
vt 1.113287 1.261698
vt 1.180346 1.265751
vt 0.066529 2.087719
vt 0.099669 2.002954
vt 0.066529 1.865083
vt 0.114137 1.863327
vt 0.145978 1.995793
vt 0.114019 2.076904
vt 2.078241 -0.398323
vt 2.040756 -0.299153
vt 2.016581 -0.289386
vt 2.008805 -0.290084
vt 2.047802 -0.393263
vt 2.008805 -0.547805
vt 2.040130 -0.549331
vt 1.924646 -1.304372
vt 1.974592 1.673018
vt 1.974589 1.533316
vt 1.939242 1.508437
vt 1.948798 1.485700
vt 1.960142 1.487816
vt 1.970923 1.489937
vt 2.026966 1.501210
vt 2.026966 1.677347
vt 2.011651 1.699327
vt 1.950334 1.707834
vt -0.498691 1.399297
vt -0.612750 1.372843
vt -0.612750 1.164691
vt -0.612740 1.148522
vt -0.612661 1.143082
vt -0.597798 1.135102
vt -0.593198 1.132762
vt -0.581184 1.131432
vt -0.564635 1.129732
vt -0.531846 1.131580
vt -0.527781 1.135713
vt -0.467523 1.197939
vt -0.449118 1.217410
vt -0.451621 1.228418
vt -0.469718 1.303454
vt -0.492516 1.396768
vt 1.993366 -0.736861
vt 1.988832 -0.733236
vt 1.974325 -0.749466
vt 2.008620 -0.749037
vt 2.013538 -0.752727
vt 0.147835 0.357718
vt 0.130420 0.383579
vt 0.108768 0.198719
vt 0.147835 0.176485
vt 2.044954 -0.776277
vt 1.974325 -0.943584
vt 2.039100 -0.877946
vt 2.032014 -0.858176
vt 2.049095 -0.787828
vt 1.871381 -0.955022
vt 1.862936 -0.968224
vt 1.862936 -1.076391
vt 1.891089 -1.075957
vt -0.334053 0.328592
vt -0.343519 0.340890
vt -0.335542 0.295612
vt -0.343519 0.146283
vt 1.296658 1.849525
vt 1.365174 1.897902
vt 1.400138 2.000309
vt 1.296658 2.032080
vt 1.296881 1.999067
vt 0.125268 0.165173
vt 1.931831 -1.075333
vt 1.942203 -1.075176
vt 1.898210 -0.944204
vt 1.947550 -1.075377
vt 1.915826 -0.951339
vt 1.962767 -1.036185
vt 1.942613 -1.035411
vt 2.145062 0.302440
vt 2.136917 0.290178
vt 2.104984 0.241689
vt 2.082936 0.208092
vt 2.082936 0.097519
vt 2.147809 0.097154
vt 2.151632 0.109035
vt 2.151632 0.296644
vt -0.186049 2.267954
vt -0.202918 2.252761
vt -0.208367 2.247811
vt -0.226530 2.231162
vt -0.229868 2.225825
vt -0.250922 2.191740
vt -0.186049 2.192047
vt -0.206873 1.846150
vt -0.188536 1.903819
vt -0.213417 1.926252
vt -0.213417 1.825815
vt 0.701864 2.178883
vt 0.661341 2.118894
vt 0.661341 2.017946
vt 0.701864 1.990316
vt 1.974916 -0.722100
vt 2.059200 -0.933994
vt -0.141433 0.500945
vt -0.140897 0.489017
vt -0.113074 0.519061
vt -0.142141 0.519061
vt -0.102344 0.504243
vt -0.096533 0.519056
vt -0.140121 0.470815
vt 2.197011 1.944354
vt 2.228588 1.976601
vt 2.235750 1.983981
vt 2.182638 1.953793
vt 2.182635 1.941318
vt 2.187574 2.120262
vt 2.182639 2.085690
vt 2.227039 2.014371
vt 2.204524 2.092421
vt 2.202587 2.099006
vt 2.198406 2.107242
vt 2.192767 2.114048
vt 2.182635 2.119060
vt 0.570558 1.827534
vt 0.531117 1.820896
vt 0.526841 1.804639
vt 0.555360 1.789933
vt 2.192883 0.981173
vt 2.142429 0.973621
vt 2.174802 0.917929
vt 2.192883 0.911924
vt 2.162892 0.921899
vt 2.132406 0.942845
vt 2.144718 0.928100
vt 2.163943 1.079692
vt 2.186042 1.072699
vt 2.184458 1.093673
vt 2.177062 1.102503
vt 2.188386 1.041374
vt 0.551911 1.781338
vt 0.514119 1.774691
vt 0.555158 1.751918
vt 0.558677 1.673538
vt 0.563517 1.676374
vt 0.564239 1.670007
vt 0.570558 1.650821
vt 0.568360 1.656306
vt 0.566649 1.652704
vt 2.170052 1.094890
vt 0.565947 1.662318
vt 0.564802 1.659385
vt 1.619739 0.510325
vt 1.608930 0.490662
vt 1.593032 0.461278
vt 1.562577 0.404800
vt 1.586727 0.335709
vt 1.615534 0.340509
vt 1.631920 0.343381
vt 1.631991 0.355687
vt 1.631991 0.485934
vt 1.631910 0.518903
vt 0.212949 -0.196950
vt 0.205736 -0.190105
vt 0.205736 -0.201726
vt 0.211235 -0.200466
vt 0.244151 -0.961447
vt 0.231905 -0.966007
vt 0.231566 -0.972757
vt 0.262706 -0.922362
vt 0.249462 -0.921876
vt 0.231786 -0.949591
vt 0.280228 -0.923020
vt 0.122690 -0.984130
vt 0.122690 -0.922475
vt 0.072948 -0.962192
vt 0.110132 -0.980813
vt 2.101131 2.270385
vt 2.085940 2.252192
vt 2.095389 2.236767
vt 2.111647 2.210226
vt 2.111647 2.282968
vt 2.102376 2.225332
vt 1.436961 -0.604059
vt 1.451784 -0.613099
vt 1.451784 -0.552911
vt 1.446046 -0.556487
vt 1.434856 -0.569119
vt 1.415626 -0.590930
vt 1.601936 1.260464
vt 1.602013 1.217993
vt 1.606930 1.201842
vt 1.628700 1.219849
vt 1.604535 1.256562
vt 1.601936 1.195707
vt 0.350798 -0.552158
vt 0.350798 -0.534409
vt 0.345600 -0.539443
vt 0.094407 1.134739
vt 0.101749 1.126545
vt 0.134001 1.090846
vt 0.146160 1.087510
vt 0.146160 1.221985
vt 0.103882 1.168428
vt 0.102795 1.164582
vt 0.146151 1.255081
vt 0.128245 1.252150
vt 0.126733 1.249147
vt 0.124558 1.241601
vt 0.141397 1.269027
vt 0.146109 1.269022
vt 0.145920 1.273638
vt 0.133762 1.260046
vt 0.129853 1.255399
vt -1.011491 2.000671
vt -0.917057 1.938137
vt -0.977770 2.041537
vt -0.991325 2.037709
vt -1.007677 1.857306
vt -0.960938 1.871525
vt -0.958386 1.875259
vt -1.011404 1.861777
vt -0.951210 1.917168
vt -0.934360 1.910411
vt -1.016171 1.963095
vt -1.016091 1.992173
vt -1.016177 1.888049
vt -1.016177 1.959349
vt -1.016158 1.880697
vt -1.015844 1.877807
vt -1.014062 1.870275
vt -0.915303 -0.819364
vt -0.914768 -0.815714
vt -0.915303 -0.809485
vt -0.919248 1.931390
vt 0.359904 1.983565
vt 0.367174 1.982593
vt 0.441330 2.073159
vt 0.431252 2.097146
vt 0.406972 2.143848
vt 0.362652 2.164498
vt 0.360491 2.160170
vt 0.360000 2.146638
vt 0.359904 2.114436
vt 1.169608 1.604448
vt 1.164440 1.641835
vt 1.124220 1.598222
vt 1.124223 1.594860
vt 1.342336 0.911555
vt 1.326399 0.892186
vt 1.340669 0.861541
vt 1.315723 0.879114
vt 1.316591 0.868882
vt 1.342336 0.855316
vt 1.124238 1.662114
vt 1.163594 1.647945
vt 1.132504 1.670930
vt 1.125682 1.673363
vt 1.124220 1.643840
vt -0.550219 -0.928727
vt -0.550219 -0.921369
vt -0.556479 -0.927019
vt -0.767432 1.952704
vt -0.782186 1.938880
vt -0.782186 1.846249
vt -0.742741 1.878299
vt -0.743132 1.881940
vt -0.748461 1.931333
vt -0.757472 1.961954
vt -0.750584 1.951120
vt -0.753177 1.962215
vt 0.144790 1.031985
vt 0.099333 1.086409
vt 0.099333 1.004679
vt -1.083003 2.179533
vt -1.076737 2.181037
vt -1.075530 2.187449
vt -1.068199 2.226722
vt -1.132956 2.273670
vt -1.132956 2.182511
vt 2.285866 -1.190664
vt 2.242269 -1.145575
vt 2.236562 -1.182224
vt 2.285871 -1.194344
vt 2.290792 1.736461
vt 2.278505 1.764961
vt 2.281238 1.741586
vt 2.284224 1.782681
vt 2.276269 1.783905
vt 1.452188 -1.003716
vt 1.480221 -1.003716
vt 1.478060 -0.957639
vt 1.454328 -0.980204
vt 1.453246 -0.992071
vt 1.456721 -0.953661
vt 2.243081 -1.140306
vt 2.285853 -1.150949
vt 2.285822 -1.130023
vt 2.300086 1.723207
vt 2.285871 -1.120316
vt 2.275801 -1.121471
vt 2.276551 1.740872
vt 2.276269 1.713188
vt 1.463776 -0.945987
vt 1.457338 -0.945603
vt -0.081652 -0.536081
vt -0.088384 -0.534750
vt -0.096604 -0.558392
vt -0.081640 -0.556760
vt -0.081636 -0.541692
vt -0.081636 -0.563670
vt -0.091207 -0.566016
vt 2.232274 1.228077
vt 2.232280 1.223893
vt 2.240695 1.229349
vt 2.232274 1.273285
vt 2.277811 1.277438
vt 2.269963 1.302862
vt 2.267426 1.310513
vt 2.261556 1.310504
vt 2.281301 1.266065
vt 2.238597 1.310361
vt 2.246360 1.233020
vt 2.284727 1.254903
vt 2.245776 1.310467
vt 2.232374 1.308228
vt 2.232287 1.297105
vt 1.138663 -0.959260
vt 1.153322 -1.006769
vt 1.162704 -1.006769
vt 1.176698 -1.006718
vt 1.184673 -0.953366
vt 1.173239 -0.943888
vt 1.164371 -0.943819
vt 0.235094 2.076721
vt 0.235094 2.035496
vt 0.235127 2.029557
vt 0.239804 2.028777
vt 0.244479 2.051842
vt 0.248249 2.070540
vt 0.323917 1.300632
vt 0.349711 1.313374
vt 0.324166 1.306044
vt 0.323690 1.351523
vt -0.930308 0.765276
vt -0.923419 0.765441
vt -0.929706 0.768382
vt -0.925229 0.791541
vt -0.918619 0.807486
vt -0.921005 0.813458
vt 0.323236 1.296681
vt -0.927136 0.735293
vt -0.920662 0.741131
vt -0.933757 0.750304
vt -0.936329 0.739085
vt 0.358152 1.338688
vt 0.359905 1.349660
vt 0.357927 1.352110
vt 0.323236 1.390140
vt -0.931704 0.759268
vt -0.918619 0.733143
vt 0.345600 -0.547307
vt 0.339492 -0.535832
vt 0.339492 -0.552158
vt 1.533656 -0.643907
vt 1.535156 -0.646413
vt 1.554398 -0.649865
vt 1.604954 -0.635388
vt 1.608647 -0.592522
vt 1.607137 -0.590182
vt 1.595638 -0.572896
vt 1.584536 -0.556684
vt 1.542528 -0.575698
vt 1.535711 -0.589726
vt 1.540582 -0.623751
vt 1.608264 -0.599224
vt 0.468398 -0.959346
vt 0.467948 -0.955459
vt 0.464594 -0.960645
vt 0.498870 -0.922207
vt 0.489219 -0.924997
vt 0.498870 -0.958774
vt 1.606940 -0.621788
vt 1.607699 -0.609230
vt 1.607975 -0.634369
vt 1.608647 -0.628336
vt 2.274339 0.488300
vt 2.274644 0.493710
vt 2.274644 0.539190
vt 2.274595 0.577811
vt 2.255841 0.582109
vt 2.251832 0.577566
vt 2.237501 0.538691
vt 2.237145 0.514437
vt 2.268546 0.480717
vt 2.273615 0.484356
vt 2.151928 2.105203
vt 2.134942 2.090234
vt 2.169675 2.060092
vt 2.182635 2.017721
vt 2.114007 1.941318
vt 0.805494 0.111621
vt 0.799034 0.377728
vt 0.764929 0.334154
vt 0.732220 0.248543
vt 1.137771 -0.941325
vt 1.232297 -0.850102
vt 1.294957 -0.742254
vt 1.169950 -0.649990
vt 2.142679 2.128705
vt 2.114007 2.138074
vt 0.875948 0.475961
vt 0.898281 0.461969
vt 0.877821 0.478349
vt 0.553403 1.043197
vt 0.514984 1.012349
vt 0.515305 0.873690
vt 0.517188 0.871198
vt 0.564624 0.883345
vt 0.568772 1.055519
vt 0.540620 0.840164
vt 1.135443 -0.640637
vt 1.135443 -0.943584
vt 0.542623 0.837502
vt 0.551917 0.824391
vt 0.568772 0.844784
vt 2.151632 0.262775
vt 2.210635 0.097154
vt 2.210731 0.155106
vt 2.210731 0.285699
vt 2.210706 0.288870
vt 2.194474 0.289670
vt 2.191316 0.287797
vt 2.154581 0.264647
vt 1.296658 1.247057
vt 1.296658 0.911925
vt 1.377867 0.996897
vt 1.415411 1.084785
vt 1.414667 1.260599
vt 1.329910 0.324244
vt 1.329239 0.162698
vt 1.353521 0.140315
vt 1.400125 0.097421
vt 1.444450 0.097154
vt 1.444450 0.427898
vt 1.395736 0.440076
vt 1.376257 0.444891
vt -1.158761 1.224801
vt -1.136426 1.223678
vt -1.136426 1.387874
vt -1.166694 1.260044
vt -1.167434 1.256886
vt 0.873066 0.115203
vt 0.898281 0.136742
vt -0.606791 1.427565
vt -0.546975 1.418725
vt -0.584012 1.512784
vt -0.606148 1.523335
vt -0.612750 1.451810
vt 1.991480 2.152936
vt 1.991480 2.236428
vt 1.940591 2.278695
vt 1.938759 2.191738
vt -0.568513 1.520022
vt -0.599635 1.399297
vt -0.464382 1.401575
vt -0.453104 1.455414
vt -0.597286 1.534824
vt -0.600338 1.530921
vt -0.453816 1.608425
vt -0.578573 1.558586
vt -0.442380 1.507230
vt -0.442380 1.607444
vt 2.115783 1.546662
vt 2.108226 1.493023
vt 2.165082 1.442462
vt 2.165082 1.684357
vt 2.123228 1.598202
vt -0.942593 1.319655
vt -0.917808 1.395303
vt -0.922953 1.403607
vt -0.925695 1.407884
vt -0.942593 1.433928
vt 1.758988 1.243002
vt 1.845837 1.235712
vt 1.861080 1.261106
vt 1.873983 1.282939
vt 1.873520 1.397226
vt 1.770126 1.483224
vt 1.758988 1.485700
vt -0.936741 0.492377
vt -0.929006 0.429451
vt -0.925667 0.496533
vt 0.595470 -0.859128
vt 0.595470 -0.659603
vt 0.577270 -0.919070
vt 1.626636 1.427377
vt 1.744490 1.485700
vt 1.617647 1.479575
vt 1.627944 1.419830
vt 1.758988 1.478044
vt 1.635803 1.373986
vt 1.718774 1.386723
vt -1.009958 0.476305
vt -1.132956 0.199976
vt -0.925667 0.214131
vt -1.096810 0.156848
vt -1.141133 1.974199
vt -1.138501 1.987091
vt -1.195184 2.134633
vt -1.195184 1.893430
vt -1.179617 1.900148
vt -1.136344 1.997077
vt -1.171072 2.113708
vt 0.561871 -0.635375
vt 0.457913 -0.603428
vt 0.447631 -0.604930
vt 0.422996 -0.643507
vt 0.392032 -0.831111
vt 0.376861 -0.715868
vt 0.394311 -0.853012
vt 0.399515 -0.859043
vt -1.090698 0.380188
vt 0.453022 -0.921320
vt 2.047838 -1.232939
vt 2.069950 -1.249385
vt 2.104333 -1.069966
vt 2.041305 -1.072987
vt 2.032118 -1.206069
vt 2.054324 -1.244023
vt 2.060044 -1.252203
vt 2.069139 -1.265198
vt 2.096569 -1.304372
vt 2.104333 -1.292757
vt 2.138423 -0.290674
vt 2.144667 -0.245102
vt 2.145672 -0.237594
vt 2.152717 -0.185690
vt 2.084839 -0.179533
vt 2.078240 -0.179025
vt 2.078240 -0.351204
vt 1.402686 -0.075025
vt 1.402686 0.097154
vt 1.379240 0.094223
vt 1.238899 0.012762
vt 1.237845 -0.168823
vt 1.367480 -0.115760
vt 1.891757 0.315971
vt 1.900189 0.310447
vt 1.910594 0.315823
vt 1.935815 0.328891
vt 1.935815 0.510479
vt 1.857772 0.475229
vt 1.816088 0.456108
vt 1.816010 0.437721
vt 1.837950 0.351630
vt 1.878357 0.324833
vt 0.470252 -0.189667
vt 0.470252 -0.199883
vt 0.470401 -0.213041
vt 0.478261 -0.196685
vt 1.631423 1.260599
vt 1.691540 1.275425
vt 1.617647 1.300473
vt 2.162535 1.720052
vt 2.206120 1.715245
vt 2.199167 1.865897
vt 2.169544 1.844398
vt -1.026840 -0.512133
vt -0.975237 -0.590874
vt -0.936638 -0.581288
vt -0.938342 -0.560225
vt -0.936357 -0.584711
vt -0.965781 -0.597663
vt -0.935843 -0.590932
vt -0.981703 -0.661250
vt -0.929618 -0.627352
vt -0.304813 -1.013041
vt -0.503794 -1.293690
vt -0.497074 -1.304372
vt -0.340079 -1.304372
vt -0.287835 -1.209961
vt -0.298180 -1.023387
vt 2.222340 1.713189
vt 2.222340 1.882998
vt -0.307538 -1.009747
vt -0.514678 -1.280519
vt -0.522634 -1.270981
vt -0.363931 -0.942170
vt -0.530303 -1.261824
vt -0.939465 -1.113733
vt -0.992587 -1.024468
vt -1.279323 -1.231971
vt -1.276935 -1.236077
vt -1.270408 -1.247273
vt -1.028839 -1.304140
vt -0.920254 -1.145938
vt -0.962433 -1.292330
vt -0.915575 -1.173016
vt -0.914767 -1.155074
vt -0.964345 -1.304372
vt -1.019091 -0.868116
vt -1.026840 -0.876260
vt -1.015016 -0.869700
vt -1.243594 -1.293060
vt -1.232643 -1.304372
vt -0.375227 -0.928727
vt -0.399335 -0.955726
vt -0.532855 -1.258787
vt -0.541431 -1.249687
vt -1.159880 -0.959359
vt -1.284642 -0.881395
vt -1.299649 -0.907375
vt -1.303150 -0.966270
vt -1.258449 -0.886585
vt -1.281317 -0.876260
vt -0.985904 -0.852929
vt -0.916292 -0.705177
vt -1.013719 -0.988803
vt -1.126921 -0.971066
vt -1.283039 -1.225551
vt -1.283752 -1.222126
vt -1.297413 -1.153955
vt -1.310357 -1.089052
vt -0.154752 1.355019
vt -0.154752 1.251143
vt -0.154713 1.213642
vt -0.154671 1.202986
vt -0.104279 1.279655
vt -0.097692 1.319409
vt -0.092833 1.350875
vt -0.094807 1.364232
vt -0.105701 1.373296
vt -0.113837 1.379644
vt -0.121742 1.385657
vt -0.124395 1.387623
vt -0.135364 1.390874
vt -0.154672 1.396474
vt 0.941283 1.574481
vt 0.941283 1.394933
vt 0.986168 1.512636
vt -0.441872 0.839839
vt -0.441872 0.427826
vt -0.416862 0.428668
vt -0.406114 0.439586
vt -0.379550 0.483190
vt -0.373082 0.493854
vt -0.370715 0.497765
vt -0.367029 0.503882
vt -0.366214 0.507249
vt -0.350455 0.574293
vt -0.335510 0.638128
vt -0.336201 0.820620
vt -0.348509 0.847807
vt -0.351266 0.853209
vt -0.364514 0.852910
vt -0.430691 0.849635
vt -0.433892 0.849365
vt 0.599007 -0.940237
vt 0.761202 -0.943584
vt 0.761202 -0.531570
vt 0.600634 -0.656460
vt 1.569466 1.142181
vt 1.542148 1.102995
vt 1.541489 0.958122
vt 1.559078 0.930670
vt 1.561939 0.926250
vt 1.567141 0.918305
vt 1.599846 0.916165
vt 1.669749 0.911924
vt 1.669749 1.195707
vt 1.579971 1.156671
vt -0.498645 1.955210
vt -0.612376 2.005968
vt -0.612750 1.913918
vt -0.601768 1.896890
vt -0.498645 1.810316
vt -0.528632 -1.082492
vt -0.545487 -1.118972
vt -0.556479 -1.233753
vt 0.934062 1.832596
vt 0.931588 1.829320
vt 0.927438 1.685832
vt 0.967844 1.657549
vt -0.865727 1.993304
vt -0.832832 2.034278
vt -0.914767 2.148069
vt -0.914767 1.994362
vt 0.971897 1.654713
vt 0.983713 1.646453
vt 0.983713 1.822406
vt 0.961246 1.868575
vt 0.943551 1.845160
vt -0.851932 1.993020
vt -0.821350 2.009198
vt 0.837738 0.986460
vt 0.888806 0.927632
vt 0.983634 1.106270
vt 0.813907 1.086588
vt 0.944347 1.164220
vt 0.795794 1.164220
vt 0.996057 1.132644
vt 0.986377 1.140227
vt 0.971702 1.151588
vt 0.952500 1.164205
vt 0.902482 0.911924
vt 0.932752 0.948960
vt 1.682127 2.224151
vt 1.682127 2.113441
vt 1.686170 2.114354
vt 1.701672 2.117872
vt 1.730554 2.124621
vt 1.720584 2.145611
vt 1.169609 1.674728
vt 1.169609 1.398851
vt 1.287614 1.412343
vt 1.287146 1.523051
vt 1.221126 1.608637
vt 1.727605 -1.290972
vt 1.732502 -1.292197
vt 1.781343 -1.304372
vt 1.781343 -1.032106
vt 1.673812 -1.134053
vt 1.667921 -1.139657
vt 1.667572 -1.223752
vt 1.677533 -1.237703
vt 1.713332 -1.287303
vt -0.188274 1.711551
vt -0.174182 1.679955
vt -0.174182 1.765430
vt -0.181774 1.742515
vt -0.185748 1.723892
vt 1.875798 -0.935597
vt 1.884135 -0.943584
vt 1.884135 -0.685932
vt 1.842821 -0.679677
vt 1.545741 -1.275670
vt 1.554613 -1.283283
vt 1.667572 -1.304372
vt 1.667572 -1.026016
vt 1.568425 -1.129781
vt -1.044096 1.875780
vt -1.113690 1.898127
vt -1.132956 1.879569
vt -1.016177 1.857306
vt -1.065325 1.890049
vt -1.016177 2.017711
vt -1.026722 1.907671
vt 1.778357 -0.807814
vt 1.785198 -0.848866
vt -0.530320 2.005968
vt -0.530320 2.165259
vt -0.537316 2.155953
vt -0.612750 2.054303
vt 2.064826 1.963842
vt 2.114007 2.073038
vt 2.026851 2.112215
vt 2.020782 2.074857
vt 0.325709 -0.922596
vt 0.338992 -0.944457
vt 0.356582 -0.972939
vt 0.368143 -0.976184
vt 0.368143 -0.922799
vt -0.914665 -0.787832
vt -0.593806 -0.911098
vt -0.593710 -0.550541
vt -0.612224 -0.540626
vt -0.914247 -0.723806
vt 0.916183 -0.425629
vt 0.787154 -0.345280
vt 0.885627 -0.475462
vt 0.785884 -0.503658
vt 0.856579 -0.533744
vt 0.787197 -0.525161
vt 0.826109 -0.549331
vt 0.775081 -0.325133
vt 0.599483 -0.314971
vt 0.599460 -0.499829
vt 0.784733 -0.383121
vt 0.783418 -0.370064
vt 0.948119 -0.385075
vt 0.951657 -0.371828
vt 0.921147 -0.314364
vt 0.599007 -0.531570
vt 0.611959 -0.529422
vt 0.785884 -0.394435
vt 0.171137 -0.741494
vt 0.178895 -0.728522
vt 0.073839 -0.551425
vt 0.034539 -0.546806
vt 0.019144 -0.554136
vt 0.013754 -0.556702
vt 0.084155 -0.874512
vt 0.094728 -0.869357
vt 0.885977 -0.248147
vt 0.834746 -0.220299
vt 0.786922 -0.254883
vt 0.809017 -0.312160
vt -0.761726 -0.595015
vt -0.850376 -0.646226
vt -0.914001 -0.704024
vt 0.048680 -0.540027
vt 0.067217 -0.538179
vt 0.060060 -0.534570
vt -0.001892 -0.564003
vt 0.080241 -0.876338
vt -0.013288 -0.569319
vt 0.001977 -0.912842
vt 0.785884 -0.193793
vt 1.237845 -0.183630
vt 1.237845 -0.144292
vt 1.226892 -0.157983
vt -0.882096 -0.869494
vt -0.593710 -0.921320
vt -0.914767 -0.833637
vt -0.017682 -0.571369
vt -0.027130 -0.575776
vt -0.027130 -0.890669
vt -0.016202 -0.921320
vt 1.219780 -0.166764
vt -0.130164 1.400934
vt -0.126134 1.406002
vt -0.114659 1.420701
vt -0.104903 1.438663
vt -0.097056 1.453144
vt -0.130091 1.753565
vt -0.167357 1.770439
vt -0.167357 1.409882
vt -0.167260 1.399660
vt -0.158675 1.399887
vt -0.154685 1.400005
vt -0.144339 1.400325
vt 1.709336 2.113441
vt 1.667825 2.109339
vt 1.624307 2.104735
vt 1.617647 1.963072
vt 1.625330 1.953342
vt 1.628548 1.953299
vt 1.692961 1.953299
vt 1.707927 1.953324
vt 1.710975 1.965117
vt 1.715578 1.983409
vt 1.713525 2.029368
vt 1.710404 2.093599
vt 0.819844 1.827617
vt 0.807950 1.822094
vt 0.797689 1.817202
vt 0.797342 1.801419
vt 0.795794 1.646453
vt 0.927438 1.699201
vt 0.927438 1.790692
vt 0.927223 1.869928
vt -0.627737 0.595662
vt -0.627373 0.549868
vt -0.614391 0.664549
vt -0.627737 0.678969
vt -0.110245 0.169482
vt -0.109613 0.201220
vt -0.108551 0.386074
vt -0.108551 0.470815
vt -0.142141 0.465150
vt -0.117463 0.162921
vt 0.760391 -0.243282
vt 0.703772 -0.197477
vt 0.649895 -0.193793
vt 0.599007 -0.230232
vt 1.138663 -1.285148
vt 1.138663 -1.127689
vt 1.047593 -1.242523
vt 1.053053 -1.253124
vt 1.115214 -1.288453
vt 1.043807 -1.235423
vt 1.138069 -1.304372
vt -0.914767 -0.978621
vt -0.898132 -0.921320
vt -0.914738 -0.930502
vt -0.914767 -1.259825
vt -0.576126 -1.150950
vt -0.576829 -1.093131
vt -0.642188 -1.019850
vt -0.577009 -1.073467
vt -0.740424 -0.969968
vt 1.033929 -1.216923
vt 1.138229 -1.033092
vt 1.113333 -0.958653
vt 1.079494 -0.972692
vt 1.018441 -1.187934
vt 0.985330 -1.125968
vt 1.010189 -1.002064
vt -0.914665 -1.304372
vt -0.613584 -1.241791
vt -0.914743 -1.277959
vt -0.575450 -1.200788
vt -0.071678 1.537447
vt -0.087443 1.522658
vt -0.088543 1.479284
vt -0.003633 1.361470
vt -0.065036 1.538968
vt 0.033918 1.337949
vt 0.057117 1.376763
vt -0.049658 1.542516
vt -0.556479 -1.058378
vt 0.080680 1.573280
vt 0.080680 1.416200
vt 1.695831 1.100793
vt 1.677046 1.119472
vt 1.669749 1.106304
vt 1.697032 1.063467
vt 1.734388 1.206597
vt 1.739119 1.208830
vt 1.724018 1.201749
vt -0.701632 1.011232
vt -0.697454 1.012531
vt -0.670989 1.020831
vt -0.668283 1.046980
vt -0.666457 1.064935
vt -0.638563 1.343416
vt -0.633824 1.391071
vt -0.653917 1.412199
vt -0.711106 1.430629
vt -0.711106 1.013015
vt 0.732220 0.111620
vt 0.732220 0.529234
vt 0.719872 0.529031
vt 0.710937 0.526502
vt 0.687588 0.519660
vt 0.650947 0.508745
vt 0.572603 0.485348
vt 0.571133 0.232134
vt 0.595972 0.180612
vt 0.620687 0.129847
vt 0.636280 0.123468
vt 1.833005 -0.168823
vt 1.833005 0.084396
vt 1.716288 0.022604
vt 1.716124 -0.016068
vt 2.132406 1.068440
vt 2.104773 1.094765
vt 2.065197 1.027594
vt 2.046756 0.994077
vt 2.132282 0.911925
vt 2.132327 0.918738
vt 2.132406 0.934521
vt -0.632019 -0.036861
vt -0.630282 -0.056449
vt -0.624996 -0.114030
vt -0.620372 -0.163658
vt -0.612750 -0.140726
vt -0.612750 -0.020191
vt 1.769094 0.911924
vt 1.769094 1.222981
vt 1.996914 1.223893
vt 2.041018 1.308182
vt 2.041018 1.441900
vt 1.994126 1.477030
vt 1.966827 1.417482
vt 2.010391 1.405270
vt 1.993289 1.368350
vt 1.998097 1.485700
vt -0.628541 0.615972
vt -0.684550 0.743343
vt -0.719146 0.500520
vt -0.685952 0.440565
vt -0.628539 0.524910
vt -0.813596 0.596654
vt -0.914767 0.764680
vt -0.900059 0.630869
vt -0.835655 0.517294
vt -0.751426 0.769963
vt -0.729232 0.763416
vt 2.147619 -0.650212
vt 2.142771 -0.626159
vt 2.176371 -0.620710
vt 2.184306 -0.601447
vt 2.174370 -0.551012
vt 2.122266 -0.588343
vt 2.122266 -0.729623
vt 2.187734 -0.618851
vt -0.728217 0.739022
vt -0.726207 0.762503
vt -0.726207 0.577133
vt -0.842898 0.435724
vt -0.871489 0.431500
vt -0.692129 0.431500
vt -0.652605 0.727549
vt -0.675134 0.763585
vt -0.639538 0.706667
vt -0.628539 0.689623
vt 2.204616 0.776334
vt 2.196968 0.765878
vt 2.241801 0.724177
vt 2.257285 0.709789
vt 2.257285 0.847494
vt 1.963163 0.925047
vt 1.983240 0.943110
vt 1.963195 1.021311
vt 1.878378 1.130720
vt 1.878378 0.911924
vt 1.954917 0.923530
vt 1.561234 0.049972
vt 1.516819 0.082578
vt 1.423488 0.082379
vt 1.403638 0.060935
vt 1.402686 -0.104908
vt 1.473577 -0.133539
vt 1.561234 -0.168823
vt 2.157278 0.302440
vt 2.157278 0.468286
vt 2.094780 0.404686
vt 2.084342 0.383280
vt 2.082936 0.380348
vt 2.118990 0.340411
vt 2.139893 0.317414
vt -0.644770 -0.182423
vt -0.644769 -0.276231
vt -0.599321 -0.318145
vt -0.599321 -0.179737
vt -0.610811 -0.180404
vt -0.914767 0.499386
vt 0.410943 0.123323
vt 0.412522 0.112080
vt 0.453588 0.111621
vt 0.422121 0.144360
vt -0.047599 0.106171
vt -0.053785 0.083303
vt 0.075635 -0.165619
vt 0.112732 -0.147555
vt 0.140762 0.133500
vt -0.011718 0.136572
vt 0.147835 -0.147410
vt 0.147835 0.056919
vt 0.480684 0.128747
vt 0.426393 0.152479
vt 0.429682 0.158778
vt 0.496742 0.150985
vt 0.571133 0.288222
vt 0.565773 0.302788
vt 0.416472 0.171189
vt 0.540620 0.371517
vt 0.473331 0.463666
vt 0.409245 0.177961
vt 0.425617 0.529002
vt 0.405570 0.513767
vt 0.405570 0.181394
vt -0.301160 -0.891301
vt -0.291942 -0.886853
vt -0.291942 -0.582486
vt -0.437978 -0.552124
vt -0.507480 -0.584735
vt -0.543132 -0.601540
vt -0.562289 -0.610655
vt -0.593710 -0.751549
vt -0.539801 -0.804530
vt -0.077987 -0.080314
vt -0.088544 -0.050321
vt -0.074206 -0.091047
vt 0.043993 -0.188759
vt 0.022036 0.165173
vt 0.019298 0.162853
vt -0.571502 -0.624315
vt 2.127433 -0.950402
vt 2.032118 -0.944159
vt 2.032118 -1.069966
vt 2.127280 -0.957983
vt 1.146913 1.674728
vt 1.146913 1.787619
vt 1.123083 1.776912
vt 1.139201 1.682632
vt -0.393651 -0.531570
vt 1.778357 -0.856015
vt 1.777172 -0.841602
vt 1.765062 -0.823200
vt 1.742433 -0.789081
vt 1.698228 -0.722689
vt 1.669885 -0.680546
vt 1.660884 -0.678834
vt 1.660884 -0.936898
vt 1.699534 -0.940421
vt 1.732935 -0.943336
vt 1.735884 -0.943584
vt 0.637192 1.401690
vt 0.609665 1.324934
vt 0.571133 1.216625
vt 0.571133 1.144114
vt 0.710893 1.129521
vt 0.734421 1.132404
vt 0.732923 1.390462
vt -0.612807 0.362181
vt -0.641488 0.428779
vt -0.641488 0.355063
vt -0.641448 0.339434
vt -0.633890 0.345407
vt 1.123694 1.863876
vt 1.137534 1.892644
vt 1.142830 1.903737
vt 1.146914 1.912338
vt 1.134206 1.924449
vt 1.127251 1.931052
vt 1.123715 1.934398
vt 1.123694 1.924163
vt 0.332867 -0.552158
vt 0.332867 -0.534207
vt 0.327021 -0.547330
vt -0.374054 -0.921320
vt -0.355403 -0.917612
vt 1.097392 2.179559
vt 1.091624 2.189214
vt 1.090717 2.176053
vt 1.119771 2.142123
vt 2.301150 0.379669
vt 2.294182 0.385233
vt 2.301137 0.368432
vt -1.138088 0.558145
vt -1.138068 0.581515
vt -1.148914 0.558693
vt 1.090717 1.972179
vt 1.145499 2.099937
vt 2.268709 0.356530
vt 2.280960 0.395803
vt 2.276021 0.399765
vt 2.301150 0.302440
vt -1.138068 0.856576
vt -1.184923 0.882836
vt -1.233973 0.873631
vt -1.138112 0.837571
vt -1.230506 0.901760
vt -1.226272 0.905047
vt -1.242114 0.892614
vt -1.283999 0.825498
vt 1.436769 1.220037
vt 1.422774 1.213557
vt 1.415411 1.210095
vt 1.415411 0.911925
vt 1.541489 0.993312
vt 1.522210 1.149707
vt 1.465403 1.212196
vt 1.448277 1.219685
vt 1.442023 1.222367
vt -1.014790 -0.207777
vt -1.014747 -0.227160
vt -1.014790 -0.488299
vt -1.014771 -0.512133
vt -1.004064 -0.507664
vt -0.962556 -0.490218
vt -0.916292 -0.464509
vt -0.942913 -0.167490
vt -0.953379 -0.173299
vt -1.310357 0.670647
vt -0.330824 1.995757
vt -0.330824 1.825815
vt -0.229059 1.890668
vt -0.320720 1.997713
vt 1.452998 0.098872
vt 1.552311 0.212682
vt 1.562577 0.311533
vt 1.453296 0.424481
vt 1.444450 0.422605
vt -0.252699 1.981693
vt -0.217560 1.925792
vt -0.219470 1.944795
vt -0.305848 2.000619
vt -0.214818 1.899697
vt 1.344795 -1.281815
vt 1.395961 -1.065812
vt 1.387004 -1.055484
vt 1.299973 -1.303592
vt 1.311586 -1.304372
vt 1.295980 -0.959312
vt 1.295980 -1.303326
vt 1.303954 -0.959947
vt 1.384474 -1.254328
vt 1.416219 -1.222463
vt -0.925309 0.292677
vt -0.915097 0.286339
vt -0.915097 0.296576
vt -0.915141 0.311646
vt -0.922709 0.297540
vt 0.327021 -0.543764
vt 0.320004 -0.535653
vt -1.150520 1.628782
vt -1.150615 1.645285
vt -1.294882 1.704140
vt -1.310357 1.710067
vt 1.632642 0.663700
vt 1.637136 0.647207
vt 1.669675 0.529234
vt 1.759381 0.568352
vt 1.759381 0.775741
vt 1.632784 0.694903
vt 1.460165 0.859224
vt 1.465148 0.877661
vt 1.471879 0.903022
vt 1.440673 0.903022
vt -0.525659 -0.928173
vt -0.525659 -0.922359
vt -0.528249 -0.925975
vt -0.272299 -0.930381
vt -0.266292 -0.924628
vt -0.272299 -0.921666
vt -0.533738 -0.927459
vt -0.530648 -0.928173
vt -0.530648 -0.922101
vt -0.257701 -0.930260
vt -0.257701 -0.921541
vt -0.260577 -0.924469
vt -0.536598 -0.928173
vt -0.533738 -0.925457
vt -0.536598 -0.921428
vt -0.273146 -0.926761
vt -0.279581 -0.924381
vt -0.279593 -0.930381
vt -0.272299 -0.930381
vt -0.274420 -0.922000
vt 0.263469 -0.201423
vt 0.266712 -0.200137
vt 0.265803 -0.191024
vt 0.263589 -0.192135
vt 0.263469 -0.197464
vt -0.525658 -0.924467
vt -0.523129 -0.928173
vt -0.523129 -0.922248
vt 0.255468 -0.191440
vt 0.255468 -0.201012
vt 0.259621 -0.199500
vt 0.258814 -0.193163
vt 0.217704 -0.198780
vt 0.219998 -0.191023
vt 0.212949 -0.191023
vt 0.216771 -0.201726
vt 0.332867 -0.546018
vt 0.339492 -0.536623
vt -0.544797 -0.927324
vt -0.540386 -0.928024
vt -0.540386 -0.921428
vt -0.331928 0.483880
vt -0.331928 0.499337
vt -0.335510 0.494440
vt -0.333922 0.486557
vt -0.520925 -0.925879
vt -0.523129 -0.921792
vt 1.963791 -0.977806
vt 1.963937 -0.980690
vt 1.980876 -0.988266
vt 1.981004 -0.983925
vt 1.279919 1.321650
vt 1.277556 1.313090
vt 1.294839 1.297155
vt 1.294839 1.304440
vt 1.981004 -0.944204
vt 1.962767 -0.960053
vt 1.294839 1.359071
vt 1.289998 1.358001
vt 1.286262 1.344570
vt 1.294836 1.373670
vt -1.212165 2.246368
vt -1.245640 2.252408
vt -1.245640 2.184970
vt -1.209265 2.211040
vt -1.205354 2.214264
vt -1.207167 2.222996
vt -1.223652 2.275694
vt -1.245628 2.265871
vt -1.215103 2.260067
vt -1.133525 1.099478
vt -1.151495 1.164233
vt -1.155100 1.177156
vt -1.155100 1.095527
vt -0.845321 2.159140
vt -0.842388 2.157354
vt -0.824374 2.148070
vt -0.824374 2.229710
vt -0.847549 2.235680
vt -0.851048 2.220724
vt -0.846024 2.166383
vt 0.140944 0.581851
vt 0.140944 0.538628
vt 0.144859 0.538146
vt 0.145024 0.545047
vt 0.145760 0.579751
vt -0.331540 0.483880
vt -0.335510 0.470127
vt -0.331540 0.467952
vt -0.613476 2.036859
vt -0.630107 2.008274
vt -0.630721 1.999630
vt -0.613476 1.999830
vt -0.628726 2.025993
vt -0.613487 2.044224
vt 0.402284 0.470877
vt 0.402284 0.448424
vt 0.405570 0.449293
vt 1.715578 2.019442
vt 1.730382 2.020666
vt 1.729855 2.029267
vt 1.728650 2.046895
vt 1.715578 2.065170
vt 0.504927 -0.205890
vt 0.509664 -0.196367
vt 0.504927 -0.189559
vt 0.885717 2.062130
vt 0.893856 2.050812
vt 0.893856 2.091413
vt 0.893856 2.174405
vt 0.881845 2.163754
vt 0.872809 2.130927
vt 0.880979 2.070434
vt 0.863994 2.095311
vt 0.877247 2.075846
vt 0.879140 2.073089
vt 0.220353 2.052983
vt 0.216832 2.067512
vt 0.209398 2.071809
vt 0.218822 2.030106
vt 0.225770 2.030126
vt 0.222231 2.045239
vt 0.221494 2.048315
vt 0.177250 2.090502
vt 0.175808 2.065866
vt 0.158534 2.102843
vt 0.147836 2.092036
vt 1.515774 -0.613099
vt 1.531986 -0.597762
vt 1.529826 -0.589352
vt 1.515786 -0.605997
vt 1.520524 -0.553303
vt 1.515774 -0.552066
vt 1.523972 -0.566624
vt -0.918617 0.184665
vt -0.915689 0.229672
vt -0.920245 0.227131
vt -0.921918 0.190219
vt -0.922187 0.183951
vt 0.235095 2.028777
vt 0.233962 2.038517
vt 0.233269 2.045887
vt 0.231910 2.048330
vt 0.230513 2.050870
vt 0.220749 2.068799
vt 0.232054 2.104275
vt 0.158450 2.135153
vt 0.158378 2.111585
vt 0.233353 2.138360
vt 0.221438 2.153390
vt 0.196447 2.159887
vt 0.158483 2.148971
vt 0.202895 2.161752
vt -0.923260 0.164760
vt -0.915689 0.154019
vt 0.232251 2.153318
vt 0.235095 2.151037
vt -0.182640 2.142267
vt -0.185465 2.139926
vt -0.185465 2.056208
vt -0.185409 2.015257
vt -0.169233 2.016695
vt -0.126489 2.053376
vt -0.098694 2.080203
vt -0.099561 2.087249
vt -0.106998 2.140667
vt -0.152962 2.153365
vt -0.628086 1.396432
vt -0.633512 1.386126
vt -0.633601 1.333875
vt -0.626112 1.333913
vt -0.618928 1.334249
vt -0.612750 1.381791
vt -0.618030 1.386849
vt -0.633601 1.399297
vt 2.030835 -0.972704
vt 2.019185 -0.946160
vt 2.019185 -0.994588
vt 1.015682 2.245395
vt 1.015908 2.248879
vt 1.008677 2.243451
vt 1.001916 2.241854
vt 1.016091 2.251782
vt 1.017769 2.279347
vt 0.986573 2.255502
vt 1.012179 2.289971
vt 0.990491 2.291327
vt 0.986573 2.285152
vt 1.002573 2.307180
vt 0.997960 2.303040
vt 1.727740 2.019442
vt 1.719944 2.002178
vt 1.715578 1.991454
vt 1.725582 1.960481
vt 1.726643 1.957218
vt 1.727926 1.953299
vt 1.727926 2.006101
vt -0.993106 1.623394
vt -0.989461 1.566872
vt -0.980895 1.542551
vt -0.980869 1.633164
vt -0.128864 2.265286
vt -0.128701 2.242860
vt -0.115467 2.257586
vt -0.128541 2.220559
vt -0.108346 2.231552
vt -0.107082 2.252780
vt -0.987341 1.533861
vt -0.980869 1.526865
vt -0.094477 2.153365
vt -0.088866 2.161386
vt -0.100279 2.202173
vt -0.128648 2.200857
vt -0.128848 2.165293
vt -0.124160 2.161261
vt -0.110760 2.157616
vt -0.107677 2.156795
vt -0.128864 2.162583
vt -0.666548 2.082626
vt -0.656579 2.084028
vt -0.656579 2.180300
vt -0.656634 2.196990
vt -0.670758 2.197808
vt -0.674075 2.197985
vt -0.673656 2.081654
vt -0.693633 2.198898
vt -0.688244 2.079705
vt -0.688553 2.198694
vt -0.742706 2.155454
vt -0.739456 2.130465
vt -0.736046 2.105282
vt -0.695975 2.196886
vt -0.726232 2.170293
vt 2.289940 0.107541
vt 2.295022 0.114948
vt 2.305386 0.130154
vt 2.290939 0.182213
vt 2.277448 0.179764
vt 2.269030 0.178133
vt 2.269030 0.101969
vt 2.282753 0.097154
vt 1.500327 0.909564
vt 1.500208 0.874631
vt 1.500208 0.814888
vt 1.572869 0.837760
vt 1.576939 0.861456
vt 1.545199 0.881713
vt -1.138756 1.520788
vt -1.134398 1.595334
vt -1.144350 1.607233
vt -1.144218 1.513618
vt -1.133396 1.612299
vt -1.144350 1.620242
vt -1.138121 1.501037
vt -0.108551 0.162922
vt -0.090082 0.163522
vt -0.090082 0.287048
vt -0.096432 0.276107
vt -0.107089 0.176740
vt 0.449798 -0.213041
vt 0.449798 -0.189859
vt 0.436295 -0.193526
vt 0.337106 0.644089
vt 0.358635 0.531040
vt 0.356362 0.548785
vt 0.346231 0.626685
vt -0.625962 -0.002092
vt -0.622430 -0.002164
vt -0.620257 0.012900
vt -0.935425 0.496533
vt -0.923370 0.517194
vt -0.914783 0.576704
vt -0.920457 0.597320
vt -0.936329 0.560842
vt -0.923714 0.609036
vt -0.936329 0.619867
vt -0.632601 -0.002079
vt -0.630234 -0.020191
vt -0.632125 0.054691
vt -0.612750 0.065388
vt -0.631997 0.088404
vt -0.632601 0.076251
vt -0.624438 0.096944
vt -0.629987 0.101479
vt -0.090141 0.287048
vt -0.090141 0.405945
vt -0.108551 0.379310
vt -0.101728 0.324033
vt -0.099745 0.308161
vt -0.593761 -0.194252
vt -0.599321 -0.198847
vt -0.594567 -0.318145
vt -0.593761 -0.253482
vt 2.300720 0.547461
vt 2.298150 0.543210
vt 2.274644 0.503857
vt 2.300720 0.480717
vt -0.518783 -0.925571
vt -0.520924 -0.922932
vt -0.520924 -0.928173
vt 1.935689 2.275429
vt 1.936521 2.280410
vt 1.896527 2.228559
vt 1.896657 2.224072
vt 1.937930 2.278404
vt 1.895330 2.270143
vt 1.935717 2.283321
vt 1.914403 2.292769
vt 1.895330 2.301202
vt 2.266505 0.582109
vt 2.285188 0.590192
vt 2.306065 0.599251
vt 2.308165 0.604074
vt 2.305903 0.607037
vt 2.266505 0.658179
vt -0.515763 -0.922932
vt -0.518783 -0.924124
vt -0.515763 -0.926566
vt 0.250807 -0.190839
vt 0.245495 -0.196398
vt 0.246768 -0.199287
vt 0.250807 -0.201429
vt -0.251598 -0.928175
vt -0.254519 -0.922804
vt -0.254519 -0.930241
vt 0.263469 -0.191024
vt 0.259621 -0.196633
vt 0.261757 -0.201012
vt 0.263469 -0.200398
vt -0.332565 0.177384
vt -0.334028 0.169354
vt -0.330905 0.162804
vt -0.330905 0.175400
vt 1.858702 1.220423
vt 1.854949 1.212435
vt 1.852010 1.174219
vt 1.858700 1.198597
vt 1.858700 1.175862
vt 2.299830 0.403655
vt 2.307135 0.399765
vt 2.308722 0.402988
vt 2.268709 0.430452
vt 1.858702 1.172675
vt 1.529383 -0.959303
vt 1.523054 -0.949097
vt 1.510509 -1.003716
vt 1.531204 -1.003716
vt 1.509717 -0.957786
vt 1.506045 -1.003104
vt 1.837324 1.175188
vt 1.528969 -0.949547
vt 0.072948 -0.922096
vt 0.019877 -0.922096
vt 0.021724 -0.980615
vt 0.022521 -0.984130
vt 0.041443 -0.980666
vt 0.061142 -0.976959
vt 0.063900 -0.976407
vt 0.065544 -0.966626
vt 1.105809 -0.197333
vt 1.087866 -0.160376
vt 1.077212 -0.144293
vt 1.077212 -0.203635
vt 1.100918 -0.198776
vt -0.107938 0.405945
vt -0.090141 0.461675
vt -0.107938 0.467979
vt 2.308722 0.465022
vt 2.272291 0.477679
vt -0.916217 -0.865550
vt -0.916217 -0.876260
vt -0.916211 -0.868909
vt 1.476321 1.797363
vt 1.477797 1.806153
vt 1.467476 1.820287
vt 1.451452 1.802330
vt 1.451452 1.797824
vt 1.451452 1.842126
vt -0.613652 0.153823
vt -0.619469 0.109639
vt -0.613652 0.101479
vt -0.613654 0.143401
vt 1.191753 -0.574363
vt 1.184090 -0.604240
vt 1.201657 -0.583741
vt 1.199189 -0.577945
vt 1.153467 -0.549655
vt 1.151761 -0.557292
vt 1.178708 -0.575831
vt -0.632601 0.118607
vt 1.181286 -0.618030
vt 1.184062 -0.616755
vt 1.135444 -0.640637
vt 1.144540 -0.593703
vt 1.206624 -0.640637
vt 1.192956 -0.626115
vt 1.226985 -0.640637
vt 1.229751 -0.638900
vt 1.235798 -0.635082
vt 1.271164 -0.612653
vt 1.273426 -0.606920
vt 1.273770 -0.601207
vt 1.276674 -0.550638
vt 1.206624 -0.550638
vt 1.216929 -0.597065
vt 1.225086 -0.633083
vt 2.288114 2.236629
vt 2.291321 2.259910
vt 2.288799 2.284937
vt 2.283952 2.282895
vt 2.251136 2.204582
vt 2.271477 2.278185
vt 2.251136 2.270512
vt 2.292962 2.241703
vt 2.301079 -0.351204
vt 2.301079 -0.285786
vt 2.264129 -0.272493
vt 2.261655 -0.297393
vt 2.260045 -0.315503
vt -0.335510 0.467952
vt -0.335510 0.427826
vt -0.332594 0.449206
vt -0.330915 0.462329
vt -0.095150 0.520602
vt -0.095150 0.467979
vt -0.090141 0.474605
vt -0.530648 -0.921630
vt -0.530648 -0.928173
vt -0.528249 -0.925848
vt 0.376861 -0.660108
vt 0.178896 -0.552740
vt 0.205240 -0.611878
vt 0.199558 -0.670134
vt 0.197478 -0.692818
vt 1.566649 1.745500
vt 1.524988 1.752340
vt 1.478776 1.792051
vt 1.478776 1.583529
vt 1.613978 1.592606
vt 1.617647 1.639366
vt 1.604012 1.569002
vt 1.612826 1.577943
vt 0.184436 -0.835296
vt -0.617167 1.447223
vt -0.626298 1.625344
vt -0.704740 1.675009
vt -0.712718 1.665173
vt -0.712837 1.477800
vt -0.736350 1.447223
vt -0.712722 1.668437
vt 1.871542 0.841334
vt 1.884239 0.833788
vt 1.925718 0.906032
vt 1.902650 0.903076
vt 0.178916 -0.895758
vt 0.355954 -0.837419
vt 1.858619 0.822112
vt 1.902574 0.781593
vt 1.945196 0.908587
vt 1.961299 0.910701
vt 0.324727 -0.868074
vt 1.961299 0.768536
vt 1.958231 0.740012
vt -0.702324 1.717318
vt 1.912233 0.782486
vt 0.178895 -0.904489
vt 0.305211 -0.921320
vt 2.122266 -0.943584
vt 2.185190 -0.939420
vt 2.182185 -0.752583
vt 2.182125 -0.749329
vt -0.355142 1.190789
vt -0.375154 1.212759
vt -0.440876 1.206389
vt -0.441872 0.954240
vt -0.331340 0.950471
vt -0.331316 1.164431
vt 1.938286 -0.323241
vt 1.934677 -0.383822
vt 1.926499 -0.526598
vt 1.925236 -0.549331
vt 2.008805 -0.549331
vt 2.008128 -0.296375
vt 1.985051 -0.293762
vt 1.963651 -0.305071
vt 1.945896 -0.314869
vt 1.987203 -0.270174
vt 2.029358 -0.270210
vt 2.029358 -0.168823
vt 1.945789 -0.169012
vt 1.942700 -0.227424
vt 1.936854 -0.284693
vt -0.331316 0.889432
vt -0.441832 0.853209
vt 0.766719 2.274193
vt 0.705812 2.278191
vt 0.722955 2.230817
vt 0.728417 2.215956
vt 0.733119 2.207596
vt 0.766719 2.211131
vt 1.843205 0.799222
vt 1.873417 0.733885
vt 1.882658 0.734779
vt 1.126063 0.516810
vt 1.118586 0.508236
vt 1.131636 0.511766
vt 1.197979 -0.187816
vt 1.205598 -0.193331
vt 1.201594 -0.184399
vt 1.082066 0.416957
vt 1.164351 0.320132
vt 1.149339 0.360188
vt 1.158728 0.436465
vt 1.164351 0.482148
vt 1.155561 -0.424780
vt 1.133379 -0.249223
vt 1.208923 -0.359967
vt 1.227523 -0.365099
vt 1.247071 -0.280366
vt -0.905245 0.402644
vt -0.785871 0.401145
vt -0.914664 0.431500
vt -0.914767 0.424403
vt -0.909578 0.420625
vt -0.905785 0.407755
vt 1.110590 -0.415935
vt 1.114623 -0.267178
vt 1.037329 0.354874
vt 1.159525 0.257675
vt 0.251375 2.010802
vt 0.147835 1.927027
vt 0.251371 1.936380
vt 0.248084 1.880169
vt 0.251418 1.885216
vt 1.068705 0.170166
vt 1.149767 0.153734
vt 1.148692 0.142159
vt 1.238367 -0.546353
vt 1.247071 -0.549331
vt -0.877212 0.156450
vt -0.757973 0.184024
vt -0.890373 0.269601
vt 0.218731 1.835593
vt 0.207026 1.818240
vt -0.752697 0.188744
vt 1.151350 0.107399
vt 1.147722 0.131439
vt -1.061183 2.029820
vt -1.061814 2.038797
vt -1.132956 2.024722
vt -1.116272 2.017711
vt -1.060916 2.026407
vt 0.251418 2.028777
vt 0.196364 2.009148
vt -0.680093 0.156450
vt -0.679527 0.172297
vt -1.107309 2.136045
vt -1.127107 2.179532
vt -1.132956 2.179242
vt 1.102437 0.127216
vt 1.152994 0.097154
vt -0.641489 0.296539
vt -0.675035 0.180811
vt -1.132485 2.036433
vt -1.065509 2.093218
vt 0.145977 1.603052
vt 0.145977 1.720279
vt 0.145388 1.858037
vt 0.145336 1.863327
vt 0.069743 1.652132
vt 0.091730 1.573280
vt 0.095830 1.575497
vt 0.132002 1.595207
vt -0.441872 2.122419
vt -0.441872 2.046528
vt -0.441836 1.994356
vt -0.360435 2.003003
vt -0.359787 2.141906
vt -0.378545 2.157374
vt -0.386612 2.163901
vt -0.431609 2.145223
vt -0.439014 2.142059
vt -0.441808 2.140759
vt 2.074593 -0.168823
vt 2.068010 -0.168902
vt 2.029358 -0.169403
vt 2.029358 -0.289214
vt 2.035565 -0.287192
vt 2.044125 -0.261607
vt 2.073004 -0.173730
vt 2.041043 1.234656
vt 2.041018 1.223893
vt 2.124881 1.334625
vt 2.041018 1.413317
vt 2.041693 1.350677
vt 2.041098 1.246280
vt 1.556333 -0.336932
vt 1.676108 -0.336932
vt 1.672344 -0.294350
vt 1.665917 -0.223270
vt 1.664311 -0.195431
vt 1.554874 -0.171143
vt 1.546815 -0.324175
vt 1.552389 -0.331004
vt -0.739979 0.414621
vt 1.493266 1.545275
vt 1.485092 1.517893
vt 1.477797 1.486748
vt 1.493266 1.467306
vt -0.688099 0.911950
vt -0.723079 0.963055
vt -0.914767 0.945365
vt -0.683907 0.829656
vt -0.683228 0.816096
vt -0.818214 0.829934
vt -0.860465 0.834020
vt -0.909360 0.859211
vt -0.914767 0.770159
vt -0.894884 0.769963
vt -0.827902 0.773000
vt 1.936487 0.471259
vt 1.937181 0.415981
vt 2.010102 0.384539
vt 2.035391 0.471259
vt 1.918202 0.065861
vt 1.833005 0.006508
vt 1.850881 -0.086585
vt 1.930364 0.016142
vt 1.902846 -0.101177
vt 1.936854 -0.011385
vt 1.937390 0.394071
vt 1.947475 0.364848
vt 1.892255 -0.129118
vt 1.833005 -0.168823
vt -0.743822 0.993152
vt -0.756203 1.011020
vt -0.862635 1.011232
vt 0.705812 2.028185
vt 0.795382 1.872752
vt 0.795382 2.058338
vt 0.782843 2.061818
vt 0.751152 2.070297
vt 0.722028 2.043237
vt -0.860898 1.609346
vt -0.913800 1.576644
vt -0.914767 1.447222
vt -0.736350 1.465926
vt -0.736350 1.577728
vt -0.736403 1.612491
vt -0.810955 1.639922
vt -0.829600 1.628550
vt 2.122723 2.198327
vt 2.114007 2.187359
vt 2.114008 2.171762
vt 2.123015 2.146912
vt 2.175869 2.138073
vt 2.175869 2.264853
vt 1.617647 2.251146
vt 1.617647 2.137850
vt 1.672853 2.113442
vt 1.677290 2.132311
vt 1.682128 2.150578
vt 1.681994 2.191801
vt 1.655676 2.232446
vt 1.648011 2.245344
vt 2.166305 0.377402
vt 2.198578 0.306426
vt 2.214100 0.302440
vt 2.214880 0.438131
vt 2.214880 0.480579
vt 2.157278 0.442295
vt 2.027501 1.642120
vt 2.038420 1.545533
vt 2.108226 1.580970
vt 2.026967 1.646845
vt 2.072279 1.674749
vt 2.062829 1.678728
vt 2.066261 1.681779
vt 2.026967 1.485700
vt 2.040870 1.523862
vt 0.251418 1.904825
vt 0.356876 1.818240
vt 0.282881 1.998698
vt 0.812451 2.028590
vt 0.795794 1.912493
vt 0.898042 1.869927
vt 0.882338 1.900035
vt 0.889188 1.966304
vt 2.069103 1.684357
vt 0.356876 1.998477
vt 0.294623 2.006814
vt 0.289644 2.007445
vt 0.895680 2.028353
vt 0.898042 2.050812
vt 0.986573 1.972180
vt 0.986573 1.821300
vt 1.123639 1.818427
vt 1.123169 1.917264
vt 1.938965 1.974693
vt 1.947666 1.969979
vt 2.020782 2.101959
vt 1.938788 2.152936
vt 1.938759 2.126415
vt 1.938759 2.053100
vt 1.478777 2.174771
vt 1.528830 2.173873
vt 1.537131 2.236713
vt 1.478777 2.273678
vt 1.520823 2.165009
vt 1.524843 2.165101
vt 1.528173 2.168855
vt 1.478832 2.164116
vt 0.457440 -0.213041
vt 0.459891 -0.189197
vt 0.449798 -0.189197
vt 0.545663 1.301463
vt 0.545663 1.274378
vt 0.547608 1.254153
vt 0.556417 1.164009
vt 0.556854 1.159600
vt 0.567506 1.159702
vt 0.568833 1.296792
vt 1.848837 -0.309773
vt 1.820254 -0.403215
vt 1.863316 -0.534764
vt 1.925236 -0.373946
vt -0.944283 0.538029
vt -0.936329 0.552399
vt -0.941419 0.641017
vt -0.944855 0.662469
vt -1.064719 0.814598
vt 0.205560 0.351174
vt 0.405570 0.118627
vt 0.405570 0.369381
vt 0.239589 0.390210
vt -0.976231 0.501130
vt -0.965406 0.500003
vt -0.962178 0.505746
vt -1.132955 0.552167
vt -0.967927 0.496533
vt 0.755396 0.803052
vt 0.571529 0.803052
vt 0.571132 0.800735
vt 0.580882 0.793784
vt 0.795794 0.771338
vt 1.238153 1.821780
vt 1.287615 1.761177
vt 1.287075 1.830472
vt 1.206418 1.719322
vt 0.325141 0.410811
vt 0.320896 0.127141
vt -0.330824 0.102410
vt -0.310841 0.052904
vt -0.276652 0.162506
vt 0.415506 -0.216483
vt 0.413157 -0.214241
vt 0.385551 -0.213041
vt 0.385412 -0.228655
vt 0.384811 -0.314221
vt 0.384811 -0.469832
vt 0.387820 -0.473968
vt 0.430188 -0.531570
vt 0.448832 -0.522212
vt 0.599007 -0.445626
vt 0.596766 -0.402220
vt 0.595366 -0.375666
vt -0.156818 0.060863
vt -0.123031 0.111508
vt -0.162176 0.050631
vt -0.330824 -0.109395
vt -0.307499 -0.122154
vt -0.153136 -0.021794
vt 0.794609 0.690281
vt 0.681538 0.615637
vt 0.699445 0.537195
vt 0.710345 0.529233
vt 0.752599 0.560939
vt 0.650321 0.696106
vt 0.659842 0.647057
vt 0.662367 0.624988
vt 1.163904 1.869947
vt 1.146914 1.868750
vt 1.146914 1.674728
vt 0.215527 0.376948
vt 2.020782 1.969979
vt 1.999363 1.966565
vt 1.941308 1.786088
vt 2.020689 1.954365
vt 0.280797 0.111620
vt 0.204487 0.348966
vt 0.147835 0.170309
vt 2.048705 0.606436
vt 2.039992 0.509548
vt 2.122947 0.480718
vt 2.122828 0.649294
vt 2.112354 0.672804
vt 2.051434 0.628191
vt 2.122947 0.670154
vt -1.132955 0.784825
vt 0.794514 0.668979
vt 0.755605 0.563197
vt 2.020333 1.868799
vt 2.020782 1.713188
vt 1.146913 2.010821
vt 1.146913 1.873586
vt 1.277833 1.869946
vt 1.270164 1.928806
vt 1.264399 1.957468
vt 1.244824 1.967969
vt 1.199094 1.988097
vt 2.116658 -0.688932
vt 2.116658 -0.557962
vt 2.021181 -0.558323
vt 2.016381 -0.619267
vt 2.011671 -0.680284
vt 2.093465 -0.691169
vt 2.112281 -0.692436
vt 0.347907 2.007445
vt 0.344957 2.134945
vt 0.330305 2.137373
vt 0.297400 2.142603
vt 0.291558 2.143197
vt 0.288191 2.139149
vt 0.270260 2.080687
vt 0.251418 2.018954
vt 0.252428 2.007445
vt 1.932748 -0.583370
vt 1.931069 -0.581724
vt 1.921267 -0.603250
vt 1.884135 -0.692325
vt 2.011671 -0.692436
vt 2.011671 -0.555200
vt 1.944015 -0.579319
vt 0.639257 0.751934
vt -0.269375 -0.143011
vt -0.144169 -0.094271
vt 0.642100 0.603917
vt 0.598104 0.564073
vt 0.596354 0.558746
vt -0.091017 0.159455
vt -0.099626 0.162922
vt -0.711106 1.237810
vt -0.713065 1.240861
vt -0.891805 1.201381
vt -0.873271 1.068706
vt -0.724633 1.011232
vt -0.715179 1.036828
vt -0.720575 1.052422
vt -0.751239 1.165213
vt -0.752608 1.170246
vt -0.711106 1.025030
vt 0.154473 -0.009344
vt 0.376174 -0.188321
vt 0.407795 -0.188759
vt 0.396786 -0.003399
vt 0.160520 0.068916
vt 0.147835 -0.003981
vt 1.812977 -1.128259
vt 1.860288 -1.180863
vt 1.857530 -1.133084
vt 1.836133 -1.304372
vt 1.862936 -1.226860
vt -0.914768 1.157292
vt 0.192792 0.083473
vt 0.407795 0.075859
vt 0.224511 0.097016
vt 1.856759 -1.119833
vt 1.858812 -1.062878
vt 1.204907 -0.166388
vt 1.193873 -0.145806
vt 0.259612 0.111620
vt -0.708555 1.897059
vt -0.724947 1.869517
vt -0.742706 1.838984
vt -0.725406 1.763785
vt -0.714302 1.717318
vt -0.617167 1.727882
vt -0.617167 1.926304
vt -0.691099 1.924969
vt 1.352397 0.534032
vt 1.361734 0.529234
vt 1.379106 0.562670
vt 1.379106 0.846806
vt 1.379101 0.855316
vt 1.242747 0.688221
vt 1.243613 0.581408
vt 1.247732 0.579655
vt 1.340060 0.540452
vt -1.230657 2.078154
vt -1.230657 2.184970
vt -1.292699 2.136445
vt -1.310357 2.052605
vt -1.308292 2.050550
vt 1.741368 2.195899
vt 1.769519 2.220959
vt 1.796608 2.245121
vt 1.733555 2.273446
vt 1.733555 2.188969
vt 1.862936 -0.971673
vt 1.781344 -1.088277
vt 2.165081 1.711457
vt 2.186329 1.603601
vt 2.234347 1.711457
vt 0.505124 1.435317
vt 0.567097 1.592803
vt 0.505124 1.642747
vt 0.520802 1.403328
vt 0.505180 1.390140
vt 1.959918 0.670818
vt 2.019672 0.485625
vt 2.039971 0.480718
vt 2.039990 0.498161
vt 2.039990 0.733884
vt 0.962097 0.899244
vt 0.974392 0.885453
vt 0.974392 0.910548
vt 1.792949 -0.504121
vt 1.820254 -0.296569
vt 1.701987 -0.296569
vt 1.761205 -0.526842
vt 1.765607 -0.543877
vt 1.785640 -0.549331
vt 0.783195 0.108496
vt 0.764232 0.101683
vt 0.842432 -0.013704
vt 0.844431 0.068065
vt 0.824310 0.077737
vt 0.743942 -0.065039
vt 0.737625 -0.066745
vt 0.841325 -0.058899
vt 0.712731 -0.154137
vt 0.732081 -0.173431
vt 0.838542 -0.084674
vt 0.744158 -0.185438
vt 0.765391 -0.188760
vt 0.769734 -0.186102
vt 0.830620 -0.157860
vt -1.134844 0.961054
vt -1.155100 1.002470
vt -1.154392 0.973870
vt 0.639565 0.062300
vt 0.656122 0.019614
vt 0.731438 -0.058125
vt 0.643683 0.063373
vt 0.724280 -0.080609
vt 0.709726 -0.151072
vt 0.669547 -0.096499
vt -1.150665 0.905047
vt -1.153956 0.950597
vt -1.155100 0.914859
vt 0.643360 -0.043089
vt 0.639565 -0.035290
vt 0.666407 -0.090107
vt 0.109015 0.999967
vt 0.099333 0.797113
vt 0.111533 0.823202
vt 0.130971 0.864979
vt 0.133845 0.871431
vt 0.144024 0.950912
vt 0.140396 0.956058
vt 0.113554 0.993784
vt 1.291502 -1.042215
vt 1.251819 -1.036361
vt 1.159479 -1.012177
vt 1.138663 -1.006769
vt 1.138663 -1.304372
vt 1.162706 -1.299414
vt 1.294926 -1.129996
vt 1.294626 -1.094353
vt 1.295326 -1.071332
vt 1.295980 -1.043056
vt 2.027956 -1.301445
vt 2.032119 -1.304372
vt 2.032119 -1.006769
vt 1.989381 -1.034816
vt 1.968183 -1.043841
vt 1.967562 -1.271041
vt 1.939242 1.485699
vt 1.939242 1.713188
vt 1.868099 1.638186
vt 1.828825 1.596728
vt 1.857463 1.567822
vt 0.680095 0.071256
vt -0.717417 1.338693
vt -0.716380 1.354722
vt -0.782059 1.443097
vt -0.910013 1.260986
vt -0.910712 1.256333
vt -0.814124 1.404911
vt -0.914767 1.302811
vt -0.783560 1.243007
vt -0.913045 1.240861
vt -0.729124 1.240861
vt 0.725192 -1.304372
vt 0.822091 -1.284771
vt 0.708786 -1.296380
vt 0.632864 -1.180735
vt 0.822093 -1.264818
vt 0.630502 -1.224968
vt -0.745833 1.429305
vt -0.778623 1.447222
vt 0.122690 -0.956626
vt 0.167724 -0.930517
vt 0.171450 -0.924618
vt 0.359904 1.359455
vt 0.448256 1.355196
vt 0.416815 1.390140
vt 0.127962 -0.965634
vt 0.171450 -0.984130
vt 0.515364 1.268397
vt 0.461933 1.171877
vt 0.542474 1.185938
vt 0.545663 1.251407
vt 0.822093 -0.988732
vt 0.627287 -1.182752
vt 0.431056 1.168159
vt 0.359904 1.159600
vt 0.511492 1.284997
vt 2.019185 -0.986998
vt 1.999776 -0.960989
vt 1.991480 2.300675
vt 2.015245 2.241300
vt 2.015245 2.306047
vt 2.228352 -0.010150
vt 2.164854 -0.017777
vt 2.164854 -0.168823
vt 2.180967 -0.161987
vt 2.185813 -0.159912
vt 2.228684 -0.131647
vt 0.147835 0.729367
vt 0.147835 0.448604
vt 0.147872 0.428305
vt 0.204062 0.410811
vt 0.324621 0.518323
vt 0.337105 0.669044
vt 0.328970 0.693669
vt 0.262471 0.766353
vt 0.227794 0.755226
vt 1.727485 1.930807
vt 1.693399 1.953299
vt 1.617647 1.858310
vt 1.686795 1.765938
vt 1.715422 1.735401
vt 1.718587 1.732186
vt 1.727153 1.738544
vt 1.727485 1.802694
vt 1.247071 -0.201311
vt 1.287022 -0.248419
vt 1.349069 -0.280530
vt 1.349069 -0.175858
vt 2.248003 0.080174
vt 2.233557 0.003266
vt 2.233500 -0.021689
vt 2.265926 -0.009951
vt 2.270234 -0.007304
vt 2.233500 0.090752
vt 0.366210 1.406596
vt 0.380762 1.390140
vt 0.365672 1.410763
vt 0.986573 1.556708
vt 1.022220 1.399545
vt 0.991746 1.560244
vt 0.359904 1.457181
vt 0.425118 1.459364
vt 0.359904 1.584016
vt 0.505123 1.650821
vt 0.360022 1.642210
vt 1.024730 1.581384
vt 1.169268 1.539192
vt 1.169608 1.549554
vt 1.045773 1.594859
vt 1.679406 -0.587654
vt 1.709094 -0.678465
vt 1.760567 -0.677589
vt 1.760567 -0.554137
vt 1.688441 -0.678834
vt 1.660884 -0.667049
vt 0.427550 1.452690
vt 1.631575 0.814888
vt 1.504245 0.757731
vt 1.626916 0.784738
vt 1.626754 0.792003
vt 1.628605 0.803887
vt 1.632642 0.808016
vt 1.169608 1.398850
vt 1.164160 1.407879
vt 1.167141 1.483101
vt 1.014906 1.575089
vt 1.500208 0.536346
vt 1.506309 0.532105
vt -0.332149 1.212759
vt -0.332149 1.469707
vt -0.440390 1.495060
vt -0.441872 1.479138
vt -0.440059 1.472102
vt -0.407967 1.348614
vt -0.376232 1.224632
vt -0.344766 1.216131
vt -0.243867 2.188372
vt -0.243867 2.000618
vt -0.203575 2.024244
vt -0.186049 2.083474
vt -0.189797 2.091468
vt -0.210425 2.134345
vt -0.238121 2.191740
vt 0.239290 -0.191347
vt 0.233218 -0.192799
vt 0.232657 -0.201304
vt 0.239290 -0.201896
vt 0.182576 -0.190204
vt 0.182576 -0.201128
vt 0.191085 -0.200680
vt 0.187555 -0.195878
vt 0.026573 2.306576
vt -0.020037 2.303560
vt -0.020037 2.239871
vt 0.001729 2.241280
vt 2.153279 -0.543580
vt 2.183833 -0.549331
vt 2.187826 -0.546770
vt 2.217369 -0.523330
vt 2.216935 -0.388794
vt 2.153279 -0.386718
vt 1.632642 0.529233
vt 1.630009 0.657186
vt 0.064858 1.071957
vt 0.043713 1.087510
vt -0.079101 1.073039
vt -0.088543 1.050027
vt -0.088543 0.836197
vt -0.065164 0.827469
vt 0.016887 0.797113
vt 0.021742 0.798358
vt 0.074078 0.813790
vt 0.092028 0.968829
vt 0.099333 1.040802
vt 0.097712 1.047358
vt 0.074654 1.064639
vt 1.735837 2.005521
vt 1.812038 1.997718
vt 1.733555 2.030196
vt 0.661341 1.990316
vt 0.623704 2.144441
vt 0.612954 2.141501
vt 0.575549 2.093874
vt 0.571133 2.032531
vt 0.619163 2.151805
vt 0.661341 2.077977
vt -0.157539 -0.776941
vt -0.034035 -0.566016
vt -0.123873 -0.602585
vt -0.042328 -0.782245
vt -0.053979 -0.762516
vt -0.027130 -0.573338
vt 1.742219 1.937686
vt -0.212097 -0.634902
vt 1.733555 1.830747
vt 1.828825 1.869224
vt 1.749112 1.864850
vt 1.617647 1.516350
vt 1.571865 1.569002
vt 1.493351 1.468561
vt 1.516560 1.294286
vt 1.515866 1.288473
vt 1.561321 1.296120
vt -0.033634 -0.797001
vt -0.036335 -0.897409
vt -0.240384 -0.816613
vt -0.037153 -0.904607
vt -0.027130 -0.816479
vt 1.578632 1.278105
vt 1.607070 1.286292
vt 1.513060 1.262548
vt 1.524132 1.260599
vt 1.555509 1.271506
vt 1.592960 1.339421
vt -0.086935 -0.921320
vt -0.032723 -0.911967
vt 1.617647 1.291425
vt -1.132956 1.857306
vt -1.132956 1.669531
vt -0.981495 1.671829
vt -1.020067 1.740393
vt -1.056065 1.804235
vt -1.069233 1.827439
vt 1.616233 2.163642
vt 1.566336 2.173091
vt 1.556725 2.164104
vt 1.556725 1.973622
vt 1.613675 1.976370
vt -0.171630 -0.532101
vt -0.191582 -0.548797
vt -0.182653 -0.566015
vt -0.171567 -0.565698
vt -0.171567 -0.538262
vt -0.988225 1.520813
vt -0.991457 1.509106
vt -0.992602 1.479831
vt -0.993456 1.456051
vt -0.993362 1.422960
vt -0.980869 1.438683
vt -0.683228 0.825275
vt -0.614550 0.769963
vt -0.614550 0.959127
vt -0.660666 0.992653
vt -0.670372 0.975791
vt -0.677596 0.963148
vt -0.677904 0.938069
vt -0.682804 0.834498
vt 1.746010 0.352061
vt 1.772207 0.360362
vt 1.772207 0.514849
vt 1.632711 0.529234
vt 1.632642 0.503218
vt -0.291943 -0.747028
vt -0.516936 -0.523313
vt -0.521878 -0.271751
vt -0.528409 -0.531570
vt -0.436545 -0.511341
vt -0.444998 -0.227147
vt -0.363202 -0.244340
vt 1.408000 -0.349084
vt 1.417870 -0.474398
vt 1.449443 -0.266410
vt 1.426537 -0.482161
vt 1.541940 -0.464523
vt 1.546612 -0.340283
vt 1.546815 -0.335600
vt 1.539830 -0.286872
vt 1.543284 -0.274243
vt -0.585829 -0.273811
vt -0.590828 -0.285430
vt -0.593710 -0.292156
vt -0.593710 -0.519521
vt -0.295331 -0.523429
vt -0.195762 -0.531570
vt -0.146332 -0.396283
vt -0.150804 -0.390805
vt -0.150612 -0.382995
vt -0.207548 -0.391918
vt -0.216422 -0.389392
vt -0.312491 -0.516903
vt -0.330824 -0.438148
vt -0.462399 1.608425
vt -0.612750 1.810316
vt -0.612750 1.636181
vt -0.330824 -0.282627
vt -0.340685 -0.256528
vt -0.516077 1.795166
vt -0.349456 -0.236079
vt -0.351837 -0.230697
vt 1.430015 -0.485275
vt 1.505138 -0.549331
vt 1.546815 -0.512683
vt 1.544478 -0.504981
vt 1.540860 -0.498142
vt 2.153279 -0.360167
vt 2.152130 -0.356731
vt 2.146070 -0.351204
vt 2.087724 -0.387691
vt 2.086496 -0.399151
vt 2.153115 -0.380676
vt 2.082068 -0.440815
vt 2.153207 -0.530467
vt 0.621692 1.788863
vt 0.608272 1.761635
vt 0.642867 1.791248
vt 0.571133 1.686316
vt 0.576275 1.623583
vt 0.583986 1.615388
vt 0.709991 1.623441
vt 0.709991 1.832103
vt 0.661875 1.793390
vt -0.088543 -0.477224
vt -0.092235 -0.462408
vt -0.381687 -0.163658
vt -0.146714 -0.372826
vt -0.267657 -0.192172
vt -0.276025 -0.196467
vt -0.511863 1.794836
vt 2.153279 -0.549331
vt 2.078241 -0.476961
vt 0.686919 1.837945
vt 0.696841 1.990316
vt 0.571133 1.990316
vt 0.671990 1.842008
vt 0.678787 1.832104
vt 1.561741 -0.129900
vt 1.561866 -0.148763
vt 1.577650 -0.168823
vt 1.703359 -0.168823
vt 1.716124 -0.058965
vt 1.561341 0.040399
vt 1.561234 0.019890
vt 2.038708 -0.168823
vt 2.097353 -0.008184
vt 2.021339 0.055365
vt 2.028087 0.006604
vt 2.027860 0.001921
vt 2.022582 -0.122294
vt 2.021339 -0.155908
vt 2.035936 -0.168662
vt -0.376885 2.263869
vt -0.376885 2.164792
vt -0.337750 2.163901
vt -0.337243 2.185366
vt -0.336822 2.204642
vt -0.350814 2.257638
vt -0.355990 2.261911
vt -0.364954 2.269261
vt 2.175227 1.213034
vt 2.136220 1.213034
vt 2.132406 1.102503
vt 2.211303 1.102503
vt 2.184833 1.183686
vt 0.016443 2.041662
vt -0.009658 2.104363
vt -0.088543 2.105640
vt -0.088543 1.952945
vt -0.081417 1.958179
vt 0.004679 2.021693
vt 0.020858 2.034498
vt 0.313667 -0.532774
vt 0.310863 -0.539985
vt 0.306567 -0.546791
vt 0.313667 -0.552158
vt -0.039997 1.770067
vt -0.063327 1.769582
vt -0.088543 1.757104
vt -0.088543 1.659251
vt -0.088216 1.655036
vt -0.081162 1.648459
vt -0.000278 1.573280
vt 0.028134 1.597436
vt 0.060805 1.625433
vt 0.069743 1.633231
vt 0.061869 1.733535
vt 0.058871 1.737544
vt 0.051335 1.747515
vt -0.033322 1.768707
vt -0.171886 -0.143011
vt -0.088543 -0.221587
vt -0.089723 -0.202302
vt -0.142704 0.535258
vt -0.330824 0.369051
vt -0.142141 0.330183
vt -0.142141 0.531156
vt -0.295307 0.333411
vt -0.142141 0.325754
vt 1.816010 0.343619
vt 1.746099 0.103684
vt 1.816010 0.122741
vt 1.750765 0.097154
vt 1.744894 -0.259856
vt 1.782266 -0.184767
vt 1.776283 -0.181783
vt 1.676114 -0.272223
vt 1.676109 -0.287780
vt 1.676109 -0.171143
vt -0.330824 0.554751
vt -0.230952 0.536641
vt -0.330824 0.804304
vt -0.140839 0.665303
vt -0.330821 0.856001
vt -0.218964 0.543067
vt -0.224757 0.535258
vt 1.697790 0.220534
vt 1.771105 0.351801
vt -0.222537 0.164723
vt -0.153051 0.162921
vt -0.284488 -1.110070
vt -0.287835 -1.113952
vt -0.155044 -1.304372
vt -0.139685 -1.301417
vt -0.039964 -1.281450
vt -0.039964 -1.031769
vt -0.039999 -0.980044
vt -0.058609 -0.969515
vt -0.129031 -0.930380
vt -0.132332 -0.933924
vt 1.385747 1.654260
vt 1.406309 1.653762
vt 1.442234 1.849525
vt 1.308136 1.656721
vt 0.728431 1.872752
vt 0.718304 1.860873
vt 0.795382 1.718737
vt 0.795382 1.857047
vt 0.709991 1.851144
vt 0.714660 1.627249
vt 0.795377 1.651125
vt 0.732315 1.615389
vt 0.795372 1.645420
vt -1.070160 1.463871
vt -1.132087 1.603647
vt -1.132955 1.422960
vt 1.876689 1.485700
vt 1.874222 1.386658
vt 1.940722 1.436876
vt 1.941396 1.458853
vt 1.939833 1.407078
vt 1.873983 1.377080
vt 0.208963 -0.984130
vt 0.164556 -1.038359
vt 0.208963 -1.233084
vt 0.136365 -1.214890
vt 0.145234 -1.061579
vt -0.993456 1.548343
vt -1.053551 1.470536
vt -1.115187 1.638383
vt -1.131866 1.650655
vt 0.683856 2.269608
vt 0.701864 2.274887
vt -0.039965 -1.304372
vt 0.062997 -1.289931
vt -0.039637 -1.300718
vt 0.120444 -1.024582
vt -0.038323 -1.286478
vt 0.097959 -0.990867
vt -0.013733 -1.023770
vt 1.873983 1.249407
vt 1.873985 1.232667
vt 1.966827 1.334692
vt 1.951416 1.375923
vt 0.638144 2.237733
vt 0.651797 2.260205
vt 2.131814 1.094861
vt 2.123218 1.123819
vt 2.102742 1.190852
vt 2.094516 1.200170
vt 2.084465 1.211483
vt 2.068857 1.190886
vt 2.047740 1.162958
vt 2.047255 1.133608
vt 2.046755 1.094765
vt 2.087281 1.094765
vt -1.048312 1.626789
vt -0.765852 -0.138790
vt -0.777161 -0.138305
vt -0.894191 -0.133408
vt -0.907779 -0.287340
vt -0.914314 -0.362656
vt -0.914767 -0.369071
vt -0.766094 -0.505264
vt -0.727394 -0.540626
vt -0.705077 -0.531447
vt -0.666457 -0.511610
vt -0.644804 -0.500451
vt -0.644789 -0.496768
vt -0.644770 -0.482415
vt -0.644770 -0.217587
vt -0.658791 -0.208430
vt 1.641834 -0.753129
vt 1.539925 -0.662305
vt 1.535301 -0.755966
vt 1.607953 -0.681484
vt 1.540541 -0.649865
vt 1.057467 2.240698
vt 0.987838 2.241854
vt 1.057470 2.229638
vt 1.533656 -0.815796
vt 1.634095 -0.755860
vt 1.533656 -0.943584
vt 1.576302 -0.939808
vt 1.657608 -0.854636
vt 1.594945 -0.938177
vt 1.599009 -0.938642
vt 1.620599 -0.919978
vt 1.660884 -0.848820
vt 1.653543 -0.762481
vt -0.325996 1.371391
vt -0.321130 1.356552
vt -0.261853 1.399660
vt -0.255259 1.396248
vt 1.044318 2.165822
vt 0.986573 2.234863
vt 1.057470 2.183011
vt 1.055595 2.116822
vt -0.157016 1.146651
vt -0.157016 1.326545
vt -0.175480 1.376317
vt -0.866076 0.096831
vt -0.900864 0.047972
vt -0.913169 -0.054615
vt -0.914767 -0.068263
vt -0.907292 -0.077657
vt -0.875606 -0.116944
vt -0.809176 -0.133408
vt -0.634127 -0.087321
vt -0.634127 0.120500
vt -0.719523 0.156450
vt -0.330824 1.249058
vt -0.317001 1.236460
vt 1.860631 -0.615471
vt 1.855334 -0.611365
vt 1.795463 -0.565394
vt 1.760566 -0.557701
vt 1.760566 -0.678834
vt 1.845052 -0.625820
vt 1.162752 -0.164164
vt 1.177832 -0.183485
vt 1.177832 -0.146488
vt -1.268122 2.256592
vt -1.310357 2.277509
vt -1.310357 2.184970
vt -1.245640 2.220034
vt -1.245707 2.244544
vt -1.249663 2.247320
vt 2.124880 1.426309
vt 2.124880 1.223893
vt 2.186109 1.299765
vt 2.186710 1.418421
vt -0.245051 1.167385
vt 0.514984 0.930441
vt 0.420627 0.903848
vt 0.397223 0.851682
vt 0.512321 0.924295
vt 0.411627 0.824391
vt 0.483623 0.859288
vt 0.889509 -0.551558
vt 0.889514 -0.555543
vt 0.906201 -0.571980
vt 0.985323 -0.670097
vt 0.976782 -0.658337
vt 0.889509 -0.678719
vt 0.359904 1.108279
vt 0.367890 0.979060
vt 0.359904 0.884337
vt -0.444419 2.078987
vt -0.515877 2.190577
vt -0.515681 2.145241
vt -0.475048 2.037923
vt -0.515877 2.044502
vt -1.139729 1.817667
vt -1.152141 1.832988
vt -1.162477 1.713739
vt -1.156757 1.724213
vt -1.139002 1.776215
vt -1.138118 1.798914
vt 0.510065 0.942312
vt 0.511048 0.994467
vt 0.483278 1.159600
vt 0.372881 1.124376
vt -1.155175 1.035374
vt -1.250051 0.923337
vt -1.155100 0.905047
vt -1.310357 1.000223
vt -1.291601 1.172754
vt -1.305688 1.152531
vt -1.166592 1.712548
vt -1.164459 1.710067
vt -1.166592 1.851033
vt 0.795794 0.529234
vt 0.899605 0.600726
vt 0.936645 0.626171
vt 0.948637 0.754924
vt 0.822129 0.911924
vt 0.808913 0.901150
vt 0.795794 0.888067
vt 0.947215 2.074807
vt 0.920642 2.083361
vt 0.898042 2.090476
vt 0.898042 1.888849
vt 0.962579 1.869927
vt 0.973798 1.955336
vt 0.978860 1.993953
vt 0.970071 2.016869
vt -0.744933 1.845645
vt -0.770978 1.795262
vt -0.744933 1.765420
vt 2.269955 1.694109
vt 2.234347 1.597258
vt 2.245841 1.602541
vt 2.247957 1.610405
vt -0.979004 1.716537
vt -0.978744 1.572488
vt -0.967609 1.550724
vt -0.920510 1.458693
vt -0.914767 1.447222
vt -0.914767 1.746495
vt -0.963640 1.721377
vt -0.975027 1.717806
vt 1.983240 0.916674
vt 2.003387 0.911924
vt 2.045401 1.027714
vt 2.046756 1.031462
vt 1.987400 1.198795
vt 1.983400 1.198758
vt 1.983240 1.047001
vt -1.155100 1.187132
vt -1.255365 1.223677
vt -1.028141 2.017711
vt -1.016177 2.198852
vt -1.055835 2.195284
vt -1.055858 2.097776
vt -1.055858 2.208839
vt 1.756437 2.188969
vt 1.733555 2.161113
vt 1.804432 2.038148
vt 1.805187 2.124613
vt -0.606255 -0.030616
vt -0.612750 -0.109774
vt -0.601150 -0.134010
vt -0.418350 0.110747
vt -0.605478 -0.026350
vt -0.483008 0.146282
vt -0.600037 0.003319
vt 1.733555 2.091282
vt 1.804383 2.030196
vt -0.330824 0.114181
vt -0.340896 0.129533
vt -0.330824 -0.096215
vt -0.574330 -0.163186
vt -0.425135 -0.123544
vt -0.586959 -0.163658
vt 0.481943 -1.277823
vt 0.627287 -1.304372
vt 0.605928 -1.079360
vt 0.600235 -1.022794
vt 0.627287 -0.961463
vt 0.429417 -1.073010
vt -0.443106 1.064924
vt -0.454580 1.088248
vt -0.612750 1.089532
vt -0.509029 0.875486
vt -0.472291 0.909975
vt -0.612750 0.816782
vt -0.577951 0.810834
vt 0.375495 -0.509851
vt 0.384812 -0.508729
vt 0.384812 -0.202753
vt 0.345586 -0.325293
vt 0.370351 -0.510543
vt 0.254656 -0.433506
vt 0.348071 -0.517880
vt 0.315448 -0.528657
vt 0.296796 -0.521946
vt 0.306573 -0.531570
vt 0.310876 -0.530176
vt 0.450985 -1.247678
vt -0.411447 -0.127713
vt 0.173768 -0.390026
vt 0.193335 -0.291431
vt 0.356829 -0.221790
vt -0.474986 1.129731
vt 0.165356 -0.406523
vt 2.020783 1.923355
vt 2.020783 1.713189
vt 2.083491 1.713340
vt 2.096058 1.941318
vt 2.047886 1.929901
vt -0.330824 1.619244
vt -0.188536 1.615649
vt -0.188536 1.825815
vt -0.330112 1.763634
vt -0.914767 1.846248
vt -0.782186 1.848619
vt -0.782186 1.993020
vt -0.828158 1.971046
vt -0.914385 1.929553
vt 0.515564 1.069588
vt 0.567279 1.068463
vt 0.567297 1.151769
vt 0.536664 1.147127
vt 0.528432 1.137716
vt 0.524144 1.132504
vt 0.520867 1.108938
vt 0.516189 1.074427
vt 0.543768 1.059764
vt 0.567297 1.055519
vt 0.514984 1.065046
vt 2.162535 1.836859
vt 2.162535 1.921586
vt 2.096058 1.842326
vt 2.126171 1.713188
vt 2.138836 1.715864
vt 2.154497 1.800222
vt 2.155512 1.804827
vt 1.478776 1.792052
vt 1.609584 1.848160
vt 1.609471 1.938944
vt 1.541446 1.969427
vt 1.531941 1.973622
vt 1.478776 1.912862
vt 1.827992 -0.253278
vt 1.838300 -0.309773
vt 1.899244 -0.294994
vt 1.922648 -0.176473
vt 1.836180 -0.176473
vt 1.828228 -0.176493
vt 1.820254 -0.194094
vt 1.200648 2.217607
vt 1.201289 2.229048
vt 1.146914 2.199532
vt 1.202702 2.205386
vt 1.154914 2.188835
vt 1.203561 2.200529
vt 1.536300 -0.185317
vt 1.513616 -0.169123
vt 1.504843 -0.186860
vt 1.084937 0.529234
vt 1.105220 0.555119
vt 1.105206 0.622356
vt 1.155916 2.280337
vt 1.203561 2.266840
vt 1.179309 2.287087
vt -0.317868 2.005884
vt -0.243867 2.002135
vt -0.260622 2.155690
vt -0.329203 2.016671
vt -0.325667 2.081053
vt -0.330824 2.000619
vt 1.539880 -0.258561
vt 1.539880 -0.187873
vt 1.491620 -0.213598
vt 1.537886 -0.266365
vt -0.936168 1.172222
vt -0.998115 1.157919
vt -0.998115 1.010700
vt -0.926882 1.159413
vt -0.243867 2.160565
vt -0.919303 1.148948
vt -0.939370 0.898760
vt -0.923448 0.910569
vt -0.998107 0.932866
vt -0.992041 0.814598
vt 2.270233 0.052435
vt 2.270233 -0.021308
vt 2.305739 -0.021690
vt 2.300405 0.041959
vt 2.297271 0.049092
vt 2.282378 0.050957
vt 0.325189 0.833433
vt 0.325189 0.766353
vt 0.351114 0.784408
vt 0.349660 1.089429
vt 0.325274 1.059513
vt 0.327502 1.729521
vt 0.295627 1.712878
vt 0.296002 1.407854
vt 0.331815 1.395567
vt 0.342669 1.391895
vt 0.354994 1.390608
vt 0.359904 1.390140
vt 0.359904 1.722353
vt 0.331918 1.728546
vt 1.057470 2.258095
vt 1.057470 2.187408
vt 1.082578 2.235925
vt 0.948637 0.653891
vt 1.105220 0.848966
vt 1.041087 0.885366
vt -1.132955 1.205113
vt -1.132955 0.871225
vt -1.091940 0.816848
vt -1.075189 0.814599
vt -1.018541 0.865676
vt -0.998114 0.985258
vt -1.027268 1.061681
vt -1.082571 1.206221
vt -1.112859 1.205565
vt -1.005141 -0.142568
vt -1.014790 -0.142252
vt -1.014787 -0.163258
vt -0.991082 -0.149490
vt -0.992343 -0.143046
vt -1.014790 -0.167490
vt -0.989807 -0.155879
vt -0.613842 -0.176256
vt -0.613842 -0.165248
vt -0.621779 -0.173279
vt -0.621226 -0.179738
vt 0.147194 0.678112
vt 0.147194 0.705644
vt 0.140944 0.691665
vt -0.046796 -0.536478
vt -0.051007 -0.541151
vt -0.042511 -0.541845
vt -0.042511 -0.531832
vt 0.459891 -0.199015
vt 0.463947 -0.213041
vt 0.470250 -0.209271
vt 0.470252 -0.201136
vt 0.470252 -0.190379
vt 0.462633 -0.191803
vt 0.146994 0.705644
vt 0.147041 0.709741
vt 0.147041 0.730024
vt 0.140944 0.724564
vt 0.198257 -0.552740
vt 0.198257 -0.531573
vt 0.178895 -0.535012
vt 0.184503 -0.544812
vt 0.669442 -0.988732
vt 0.661945 -0.966476
vt 0.639656 -0.988717
vt 0.627287 -0.986094
vt 0.630218 -0.988732
vt 0.655616 -0.947660
vt 0.634498 -0.945161
vt 1.999776 -0.986998
vt 1.999776 -0.944204
vt 1.981004 -0.954316
vt 1.988118 -0.980417
vt 1.671423 0.041642
vt 1.673683 0.044267
vt 1.646250 0.085001
vt 1.646250 0.040399
vt 0.948637 0.898284
vt 0.962097 0.885367
vt 0.962097 0.904909
vt 0.950098 0.910549
vt 2.304029 2.016056
vt 2.304029 2.081439
vt 2.292128 2.084743
vt 2.273184 2.064326
vt 2.287288 2.042101
vt 0.555383 -0.932477
vt 0.552296 -0.923558
vt 0.534137 -0.960645
vt 0.565065 -0.960645
vt 2.248883 -0.934279
vt 2.299231 -0.943584
vt 2.299231 -0.886645
vt 2.261315 -0.875429
vt 2.246924 -0.887189
vt 2.265233 1.071315
vt 2.293746 1.065258
vt 2.303870 1.108795
vt 2.280043 1.148041
vt 2.265233 1.136697
vt 0.363630 -0.547565
vt 0.363630 -0.536570
vt 0.358205 -0.534409
vt 0.357410 -0.540015
vt 0.198719 -0.200695
vt 0.205736 -0.201726
vt 0.205736 -0.189701
vt -0.550218 -0.921369
vt -0.550218 -0.928023
vt -0.547232 -0.927696
vt -0.544797 -0.923452
vt -0.539868 -0.926771
vt -0.536599 -0.921428
vt 0.357410 -0.540793
vt 0.353974 -0.534409
vt 0.350797 -0.535023
vt 0.350797 -0.548107
vt 1.144003 -0.157967
vt 1.129239 -0.161556
vt 1.124980 -0.176172
vt 1.144009 -0.183485
vt 0.580247 -0.594112
vt 0.598986 -0.603427
vt 0.598717 -0.594498
vt 0.580041 -0.587481
vt 0.598419 -0.583451
vt 0.579685 -0.570375
vt 1.132172 -0.151563
vt 1.144009 -0.144292
vt 0.597163 -0.535150
vt 0.586175 -0.557165
vt 0.598570 -0.570579
vt 0.598986 -0.539874
vt -0.334821 0.419486
vt -0.343519 0.346479
vt -0.331689 0.340890
vt -0.331689 0.423103
vt 2.277307 -0.461871
vt 2.291732 -0.469389
vt 2.301606 -0.474451
vt 2.301606 -0.400927
vt 2.280268 -0.430859
vt 2.271453 -0.443395
vt 2.274566 -0.453623
vt 2.281187 1.604830
vt 2.302104 1.619159
vt 2.303491 1.625161
vt 2.306653 1.640675
vt 2.293042 1.653702
vt 2.269955 1.675442
vt 2.269955 1.597258
vt 1.396007 0.449107
vt 1.398160 0.469714
vt 1.366235 0.450214
vt 1.366971 0.444891
vt 1.736268 -1.026797
vt 1.764542 -1.032107
vt 1.765850 -1.026834
vt 1.775129 -0.987739
vt 1.758944 -0.944447
vt 1.736268 -0.961703
vt 0.337105 0.644089
vt 0.359491 0.666209
vt 0.352215 0.727282
vt 0.337105 0.738705
vt 1.215644 2.263297
vt 1.215694 2.201431
vt 1.278831 2.186324
vt 1.278831 2.280940
vt 1.268402 2.278084
vt 1.235645 2.269094
vt -0.461707 1.651415
vt -0.442380 1.608425
vt -0.442380 1.674274
vt 1.387729 0.526347
vt 1.329239 0.526347
vt 1.360390 0.489583
vt 1.401233 0.503429
vt 1.402206 0.514163
vt -0.291943 -0.566016
vt -0.264806 -0.566016
vt -0.266226 -0.558082
vt -0.266648 -0.555770
vt -0.290665 -0.542680
vt -0.987065 -0.143064
vt -0.989807 -0.157240
vt -0.965595 -0.167490
vt -0.965595 -0.141487
vt -0.974139 -0.142091
vt -0.268955 -0.543108
vt -0.290090 -0.533355
vt -0.269664 -0.539127
vt 1.277833 1.869947
vt 1.295918 1.884025
vt 1.289864 1.897716
vt 1.277845 1.883395
vt 1.279498 1.921238
vt 1.277833 1.916603
vt 0.064507 2.253132
vt 0.052086 2.303076
vt 0.046312 2.304099
vt 0.048514 2.240494
vt 0.057765 2.240838
vt 2.055802 0.685586
vt 2.049502 0.676533
vt 2.055809 0.672803
vt 2.055809 0.707341
vt 2.053795 0.719527
vt 2.039990 0.682157
vt -0.596395 -0.540626
vt -0.593902 -0.536952
vt -0.596395 -0.516024
vt 0.376861 -0.552740
vt 0.376861 -0.531722
vt 0.374114 -0.536392
vt 0.371026 -0.541854
vt 2.251214 -0.630983
vt 2.279736 -0.634168
vt 2.291061 -0.635286
vt 2.291089 -0.619979
vt 2.291089 -0.582214
vt 2.276820 -0.562171
vt 2.259148 -0.572932
vt 2.248234 -0.594547
vt 2.241846 -0.607277
vt 0.026574 2.258735
vt 0.026574 2.239871
vt 0.031099 2.239886
vt 0.045820 2.240394
vt 0.041250 2.304794
vt 0.026652 2.291060
vt 1.393539 0.904847
vt 1.406948 0.903777
vt 1.406120 0.911554
vt 1.406835 0.900026
vt 1.379233 0.895432
vt 1.379271 0.869991
vt 1.404945 0.890910
vt 1.379233 0.859224
vt 1.400324 0.869297
vt 2.299380 1.063071
vt 2.277404 1.055156
vt 2.276682 1.052351
vt 2.294628 1.044600
vt 2.273905 1.041857
vt 2.293606 1.040497
vt 2.272402 1.036245
vt 2.299380 0.998082
vt 2.265320 1.015419
vt 2.286066 0.995263
vt 2.257822 0.993385
vt 1.442767 0.502510
vt 1.442017 0.528391
vt 1.434580 0.529061
vt 1.431337 0.528091
vt 1.424530 0.521677
vt 2.296880 -0.230189
vt 2.295261 -0.224705
vt 2.292079 -0.214448
vt 2.290935 -0.211710
vt 2.281768 -0.203763
vt 2.260045 -0.185291
vt 2.260045 -0.272492
vt 2.279096 -0.250743
vt -0.534629 2.266563
vt -0.548631 2.271039
vt -0.551987 2.243355
vt -0.558666 2.181373
vt -0.546715 2.175034
vt -0.519882 2.165259
vt -0.519882 2.257986
vt 1.402206 0.485098
vt 1.442767 0.444891
vt 1.408470 0.506293
vt 1.403262 0.488951
vt -0.839857 2.237661
vt -0.838006 2.241873
vt -0.846659 2.254935
vt -0.851048 2.236732
vt -0.843673 2.235681
vt 0.898042 2.258157
vt 0.924196 2.293162
vt 0.898042 2.306410
vt 0.930998 2.284396
vt 0.933717 2.288244
vt 0.930070 2.290183
vt 0.921256 2.275720
vt -0.846342 2.297735
vt -0.850649 2.299287
vt -0.833936 2.248746
vt -0.821962 2.269454
vt -0.851048 2.302987
vt 1.730836 1.748584
vt 1.739085 1.734007
vt 1.745124 1.738283
vt 1.745113 1.775817
vt 1.728147 1.786971
vt 1.730267 1.755574
vt 1.731141 1.744202
vt 1.735766 1.732187
vt 0.932725 2.265810
vt 0.944265 2.274711
vt 0.945449 2.279328
vt 1.745124 1.801138
vt 0.898281 2.239077
vt 2.235832 1.391608
vt 2.232274 1.395745
vt 2.232274 1.310513
vt 2.252354 1.316139
vt 2.282131 1.324530
vt 2.276855 1.342350
vt 1.558454 0.445533
vt 1.557425 0.465381
vt 1.540372 0.518978
vt 1.518985 0.524797
vt 1.518985 0.424481
vt 1.525306 0.427724
vt 1.456043 -0.591259
vt 1.485211 -0.613099
vt 1.485102 -0.606892
vt 1.485211 -0.569011
vt 1.470773 -0.565387
vt 1.451784 -0.582707
vt 1.485162 -0.552290
vt 1.228173 -0.956404
vt 1.236709 -0.952249
vt 1.227998 -0.945080
vt 1.227998 -1.006769
vt 1.258335 -0.999484
vt 1.269825 -0.975311
vt -0.238652 -0.566015
vt -0.216287 -0.561113
vt -0.238652 -0.534399
vt 1.216152 -0.953093
vt 1.184673 -0.945197
vt 1.184673 -1.006769
vt 1.196623 -0.998436
vt 1.223516 -0.979259
vt 1.227997 -0.976051
vt 2.257822 0.920916
vt 2.279003 0.911924
vt 2.297769 0.959238
vt 2.297673 0.970897
vt 2.275031 0.983804
vt 0.240849 -0.550636
vt 0.252240 -0.552740
vt 0.250612 -0.547971
vt 0.269474 -0.534707
vt 0.269474 -0.552740
vt 0.280334 -0.543185
vt 0.278789 -0.535495
vt 0.306567 -0.546207
vt 0.306567 -0.532698
vt 0.298971 -0.538053
vt 0.306048 -0.552158
vt 0.244721 -0.533958
vt 0.237073 -0.536243
vt 0.233600 -0.552740
vt 0.269474 -0.552452
vt 0.269438 -0.541318
vt 0.269474 -0.536727
vt 0.262811 -0.534799
vt 0.258556 -0.540959
vt 0.254613 -0.548178
vt 0.252240 -0.552740
vt 0.247832 -0.540429
vt 1.440673 0.899785
vt 1.410182 0.879126
vt 1.406949 0.876860
vt 1.410102 0.874032
vt 1.419193 0.869518
vt 1.440673 0.859224
vt 1.818741 2.071285
vt 1.805187 2.062778
vt 1.818741 2.034172
vt 1.818689 2.030196
vt 0.815725 0.514913
vt 0.836869 0.496218
vt 0.845833 0.503966
vt 0.848917 0.508131
vt 0.815682 0.525881
vt 0.815682 0.478349
vt 0.415676 -0.977793
vt 0.427000 -0.941897
vt 0.429417 -0.930534
vt 0.415676 -0.922127
vt -0.331903 1.994356
vt -0.333577 1.997822
vt -0.338899 1.996907
vt 1.567690 1.214309
vt 1.572097 1.223503
vt 1.549226 1.248998
vt 1.541499 1.251892
vt 1.541595 1.202224
vt 1.541489 1.195707
vt -0.335081 2.001419
vt -0.339161 2.008481
vt -0.347873 2.000191
vt -0.341760 2.013210
vt -0.352242 2.014348
vt -0.333463 2.077535
vt -0.337739 2.078715
vt -0.359787 2.056181
vt 1.541489 1.256646
vt -0.331903 2.083666
vt -0.921748 1.850138
vt -0.930251 1.854938
vt -0.943610 1.847229
vt -0.914918 1.821921
vt -0.915124 1.846386
vt -0.979445 1.777671
vt -0.969733 1.769486
vt -0.914767 1.795198
vt -0.979445 1.820097
vt -0.915865 1.790347
vt -0.937547 1.746496
vt -0.914767 -0.819364
vt -0.915507 -0.844428
vt -0.916211 -0.871774
vt -0.914767 -0.876260
vt -0.742449 2.286273
vt -0.742706 2.279952
vt -0.737504 2.215302
vt -0.733983 2.211214
vt -0.728529 2.205149
vt -0.726313 2.201942
vt -0.723957 2.198898
vt -0.696100 2.239536
vt -0.689552 2.286297
vt -0.695308 2.286288
vt -0.738315 2.286297
vt 0.676503 -0.961967
vt 0.669442 -0.966542
vt 0.679071 -0.971567
vt 0.708712 -0.988732
vt 0.708712 -0.945056
vt -0.635678 -0.178029
vt -0.642906 -0.134215
vt -0.644770 -0.171924
vt 0.143807 1.300795
vt 0.131244 1.327353
vt 0.131244 1.306299
vt 0.131380 1.335339
vt 0.143801 1.315423
vt 0.147442 1.309311
vt -0.633147 -0.170457
vt -0.633147 -0.179737
vt 0.131471 1.273638
vt -0.924177 0.252142
vt -0.924570 0.241319
vt -0.922709 0.238675
vt -0.915689 0.229672
vt -0.915689 0.278974
vt -1.133552 1.684994
vt -1.133757 1.694577
vt -1.150441 1.658221
vt -1.133396 1.620242
vt -1.133396 1.659638
vt -0.925497 0.385158
vt -0.914767 0.421161
vt -0.925497 0.420110
vt -0.925303 0.424270
vt -0.916110 0.431500
vt 1.385949 2.281042
vt 1.377180 2.274833
vt 1.359031 2.247761
vt 1.386079 2.276333
vt 1.386079 2.215650
vt 1.375935 2.204985
vt 1.386070 2.197185
vt 1.947023 1.155694
vt 1.947298 1.143795
vt 1.964448 1.196751
vt 1.950145 1.163319
vt 1.979912 1.223002
vt 1.974640 1.189167
vt 1.972823 1.130720
vt 1.979912 1.141662
vt 1.947468 1.136425
vt 1.958346 1.133950
vt -0.918788 0.443206
vt -0.925159 0.440807
vt -0.925497 0.431500
vt -0.915928 0.433739
vt -0.917086 0.456603
vt -0.925285 0.450748
vt -0.915793 0.466660
vt -0.925497 0.467390
vt 1.601936 1.231324
vt 1.575158 1.253786
vt 1.572096 1.256610
vt 1.572096 1.198073
vt 1.588666 1.195707
vt 1.591130 1.202225
vt 0.353566 0.763048
vt 0.337105 0.763048
vt 0.338797 0.738705
vt 0.348273 0.744630
vt 0.350313 0.751674
vt 2.235940 2.023725
vt 2.243473 2.016057
vt 2.254206 2.017563
vt 2.272188 2.020137
vt 2.273184 2.046090
vt 2.248378 2.113840
vt 2.238423 2.119998
vt 2.235750 2.116109
vt 2.235750 2.045363
vt 0.861081 2.213859
vt 0.875824 2.256623
vt 0.849978 2.222214
vt 0.850002 2.204057
vt 0.857046 2.288329
vt 0.849978 2.267981
vt -0.618948 1.999630
vt -0.630721 1.991033
vt -0.622437 1.934029
vt -0.621708 1.929145
vt -0.618948 1.926304
vt 0.866258 2.219368
vt -0.023330 -0.961587
vt -0.039965 -0.956833
vt -0.039443 -0.971257
vt -0.029191 -0.966904
vt 0.849984 2.294402
vt 0.887481 2.242484
vt 1.631947 1.230844
vt 1.652789 1.240213
vt 1.652789 1.259894
vt 1.636849 1.256786
vt 1.632353 1.248226
vt 1.628700 1.240889
vt 2.301681 1.214643
vt 2.265237 1.167571
vt 2.265233 1.148980
vt 2.267956 1.148042
vt 2.303706 1.206193
vt 2.276336 1.221772
vt 2.265233 1.218915
vt 2.281328 1.220648
vt -0.016090 -0.955031
vt 0.019877 -0.979238
vt 0.019877 -0.922149
vt 0.004599 -0.936102
vt 0.019859 -0.984130
vt 0.201275 2.269346
vt 0.194734 2.276917
vt 0.147835 2.219581
vt 0.162804 2.204138
vt 0.204216 2.161752
vt 0.204463 2.181285
vt 0.204463 2.230777
vt 0.204398 2.259375
vt 1.636670 1.195707
vt 1.652728 1.204284
vt 1.652786 1.213564
vt 1.286485 1.928019
vt 1.294744 1.978263
vt 1.283385 1.983232
vt 1.283394 1.921238
vt 1.285723 1.923512
vt 1.295918 1.985431
vt 1.283385 1.992450
vt 2.237145 0.650024
vt 2.250451 0.644435
vt 2.261802 0.700962
vt 2.253319 0.690985
vt -0.513618 -0.922601
vt -0.515763 -0.923075
vt -0.513618 -0.926566
vt 2.266505 0.585407
vt 2.266505 0.707111
vt 2.251954 0.637266
vt 2.262543 0.587012
vt 2.266469 0.582109
vt 2.263476 0.582501
vt 0.402149 0.470877
vt 0.405570 0.481144
vt 0.402149 0.487892
vt -1.217361 2.161569
vt -1.230657 2.177786
vt -1.230657 2.055965
vt -1.230623 2.052664
vt -1.226382 2.050550
vt -1.204313 2.111423
vt -1.201046 2.120474
vt -0.599519 -0.165578
vt -0.602925 -0.166168
vt -0.599519 -0.179252
vt -0.604713 -0.179738
vt 0.179320 -0.190568
vt 0.177045 -0.202753
vt 0.174270 -0.190204
vt 0.252246 -0.199210
vt 0.255468 -0.201012
vt 0.250807 -0.196478
vt 0.255468 -0.192357
vt 0.252395 -0.190839
vt -0.621780 -0.179738
vt -0.621780 -0.166828
vt -0.624602 -0.166264
vt -0.626263 -0.179544
vt -0.633148 -0.168045
vt -0.992213 1.172807
vt -0.983648 1.173669
vt -0.985387 1.186782
vt -0.132382 -0.543383
vt -0.146479 -0.561403
vt -0.132382 -0.566016
vt -0.998115 1.172223
vt -0.998115 1.184396
vt -0.132622 -0.533409
vt -0.150938 -0.551265
vt -0.132385 -0.539301
vt -0.997506 1.192041
vt -0.983965 1.197190
vt -0.996912 1.199506
vt -0.098745 -0.564822
vt -0.096604 -0.539601
vt -0.100857 -0.539279
vt -0.115799 -0.539279
vt -0.114980 -0.544915
vt -0.111912 -0.566016
vt -0.051007 -0.541845
vt -0.050873 -0.545737
vt -0.050741 -0.548311
vt -0.049835 -0.562585
vt -0.041635 -0.564620
vt -0.035982 -0.566016
vt -0.031907 -0.541845
vt -0.046804 -0.541871
vt 1.105810 -0.183252
vt 1.118585 -0.178456
vt 1.121824 -0.171031
vt 1.124980 -0.163774
vt 1.109861 -0.148391
vt 1.105810 -0.144292
vt 1.794316 1.175906
vt 1.801536 1.175100
vt 1.800336 1.184845
vt 1.814178 1.179236
vt 1.814174 1.172675
vt 1.814178 1.186912
vt 1.794528 1.194196
vt 1.793707 1.190506
vt 1.792355 1.183025
vt 1.606565 -1.007798
vt 1.594678 -1.009311
vt 1.600142 -1.014756
vt -0.633600 1.433755
vt -0.621095 1.399296
vt -0.614233 1.405649
vt -0.633601 1.445897
vt -0.633601 1.399844
vt 1.608965 -1.004314
vt 1.609638 -0.987422
vt 1.582091 -0.953158
vt 1.559531 -0.969642
vt 1.559016 -0.972646
vt 1.558521 -0.975577
vt 1.562907 -0.949835
vt 1.576090 -0.945630
vt 0.171450 -0.972058
vt 0.177804 -0.953755
vt 0.176973 -0.950689
vt 0.171450 -0.930471
vt 0.178617 -0.956746
vt 0.171451 -0.984130
vt 1.545742 -1.000893
vt 1.549676 -1.026016
vt 1.596579 -1.021698
vt 1.083044 2.206545
vt 1.087354 2.198928
vt 1.091117 2.192419
vt 1.127117 2.190043
vt 1.140001 2.189214
vt 1.145499 2.214045
vt 1.142323 2.225754
vt 1.131318 2.266083
vt 1.118292 2.271102
vt 1.083044 2.249583
vt 1.609638 -0.969291
vt 1.813166 1.229934
vt 1.798824 1.211275
vt -1.166590 1.880579
vt -1.166541 1.856061
vt -1.152387 1.861015
vt -1.147695 1.871124
vt -1.166261 1.888866
vt -1.142248 1.875308
vt -1.161545 1.890607
vt -1.166021 1.892469
vt -1.152040 1.886587
vt 0.290705 -0.533218
vt 0.292467 -0.548590
vt 0.298970 -0.552158
vt 0.298970 -0.535682
vt -1.147920 1.856777
vt -1.166590 1.851034
vt -1.146112 1.859686
vt -1.144081 1.863032
vt 0.296279 -0.551030
vt -0.333815 0.177384
vt -0.332294 0.184536
vt -0.333815 0.187888
vt -0.330905 0.182300
vt 0.426936 -0.190862
vt 0.422842 -0.190991
vt 0.422842 -0.202970
vt 0.423232 -0.212986
vt 0.430178 -0.213041
vt 0.434748 -0.198056
vt 0.436295 -0.192687
vt 0.435428 -0.189453
vt 1.687187 -0.307882
vt 1.700400 -0.306173
vt 1.700989 -0.302300
vt 1.699824 -0.295617
vt 1.695390 -0.297456
vt 1.685979 -0.301419
vt 1.700989 -0.322563
vt 1.676109 -0.319503
vt 1.678180 -0.325006
vt 1.680181 -0.328429
vt 1.681963 -0.331404
vt 1.700726 -0.336932
vt 1.876728 1.214056
vt 1.858702 1.215120
vt 1.858702 1.172675
vt 1.878158 1.217345
vt 1.871722 1.223429
vt 1.858708 1.221493
vt 0.200534 -0.552740
vt 0.213654 -0.551858
vt 0.215811 -0.538674
vt 0.201037 -0.546458
vt 0.201707 -0.537952
vt 0.283557 -0.925654
vt 0.283246 -0.929112
vt 0.280228 -0.972757
vt 0.325709 -0.972757
vt 0.302984 -0.922596
vt 1.150987 -0.145491
vt 1.144009 -0.145074
vt 1.144009 -0.183485
vt 1.162752 -0.154527
vt 1.157757 -0.150684
vt 0.368144 -0.976184
vt 0.413629 -0.976184
vt 0.406846 -0.934281
vt 0.405695 -0.928014
vt 0.391895 -0.926771
vt 0.216515 -0.531872
vt 0.198257 -0.531872
vt 0.371026 -0.544984
vt 0.371026 -0.531722
vt 0.367351 -0.541947
vt 0.365191 -0.544551
vt 0.368304 -0.549499
vt 0.370228 -0.552438
vt 2.272232 -1.288419
vt 2.272323 -1.293357
vt 2.280694 -1.303027
vt 2.289744 -1.304372
vt 2.272140 -1.261025
vt 2.295218 -1.288591
vt 2.272140 -1.243462
vt 2.272149 -1.233918
vt 2.301612 -1.249930
vt 2.280268 -1.231097
vt -0.915308 0.328987
vt -0.923440 0.347891
vt -0.925309 0.341062
vt -0.925309 0.311645
vt -0.347981 2.083667
vt -0.344202 2.084754
vt -0.338099 2.086776
vt -0.341578 2.147711
vt -0.359787 2.139301
vt -0.353508 2.099894
vt -0.266293 -0.930260
vt -0.260576 -0.926021
vt -0.266293 -0.921666
vt -0.335288 2.086744
vt -0.330989 2.094705
vt -0.330907 2.099731
vt -0.330824 2.127594
vt -0.330824 2.145456
vt -0.330832 2.155162
vt -0.332846 2.162015
vt 1.256540 0.878175
vt 1.249437 0.890872
vt 1.256970 0.868154
vt 1.936487 0.473322
vt 1.949755 0.471259
vt 1.943980 0.505497
vt 1.936487 0.514974
vt 1.952524 0.494593
vt 1.956305 0.481302
vt 1.959356 0.485035
vt 1.252003 0.892537
vt 1.256477 0.891840
vt 1.955050 0.478363
vt 1.253579 0.863484
vt 1.257309 0.861600
vt 1.242746 0.887734
vt -0.951546 -0.167490
vt -0.945952 -0.167060
vt -0.948935 -0.140870
vt -0.964897 -0.161467
vt -0.965595 -0.167490
vt -0.962394 -0.139831
vt -0.957679 1.190181
vt -0.970344 1.200151
vt -0.967114 1.172993
vt -0.964412 1.177850
vt 1.452188 -0.969168
vt 1.416219 -0.947017
vt 1.416219 -1.003716
vt 1.440224 -0.994769
vt 1.442846 -0.989198
vt 1.279400 0.855316
vt 1.279400 0.911678
vt 1.271788 0.906317
vt 1.263140 0.899872
vt -0.632433 1.124362
vt -0.632450 1.119353
vt -0.625354 1.122354
vt -0.632445 1.131229
vt -0.632540 1.095115
vt 0.545663 1.325242
vt 0.568070 1.301464
vt 0.568106 1.313415
vt 0.548004 1.385384
vt -0.616588 1.182383
vt 0.233600 -0.551065
vt 0.233600 -0.531607
vt 0.218607 -0.543142
vt 0.216514 -0.552740
vt 0.568106 1.380566
vt -0.616097 0.691048
vt -0.613985 0.678968
vt -0.613985 0.767416
vt -0.627737 0.758922
vt -1.138391 1.026792
vt -1.135306 1.031815
vt -1.136387 1.038651
vt -1.145522 1.095527
vt -1.155100 1.090917
vt 2.267130 0.776292
vt 2.257286 0.762558
vt 2.274684 0.764488
vt 2.260003 0.784838
vt 2.296926 0.715902
vt 2.301953 0.721781
vt 2.257286 0.709789
vt 0.799858 0.526735
vt 0.815682 0.483003
vt 0.815682 0.527042
vt 0.803280 0.526811
vt -0.084666 2.272973
vt -0.088544 2.268976
vt -0.068180 2.242150
vt -0.057357 2.241226
vt -0.053956 2.240958
vt -0.041600 2.299003
vt -0.062640 2.305404
vt -0.077034 2.280703
vt -0.041600 2.239995
vt 2.235858 2.006253
vt 2.235750 1.992194
vt 2.235750 1.941318
vt 2.271706 1.961966
vt 2.283877 1.968875
vt 2.288443 1.998486
vt 2.282881 1.999990
vt 2.272012 2.002830
vt 2.246512 2.016056
vt 2.057627 0.055364
vt 2.057627 0.095920
vt 2.039539 0.071847
vt 0.775146 0.507306
vt 0.784794 0.501343
vt 0.809725 0.478350
vt 0.788990 0.526453
vt 0.358523 0.766353
vt 0.358501 0.775561
vt 0.351536 0.778540
vt 0.351114 0.774567
vt 0.358523 0.796229
vt 0.353090 0.792188
vt 0.229413 -0.201046
vt 0.232656 -0.201726
vt 0.232656 -0.191347
vt 0.225785 -0.196100
vt -0.613842 -0.179737
vt -0.604713 -0.179737
vt -0.605203 -0.173821
vt -0.609841 -0.167353
vt -0.916130 -0.163016
vt -0.916130 -0.146069
vt -0.916232 -0.138500
vt -0.924425 -0.139204
vt -0.926044 -0.161675
vt -0.924526 -0.167301
vt -0.921228 -0.167490
vt 0.500195 -0.193355
vt 0.504927 -0.212089
vt 0.147086 0.581851
vt 0.147815 0.588307
vt 0.147815 0.611992
vt 0.140944 0.608657
vt 0.141046 0.604821
vt 0.141527 0.591622
vt 2.281145 0.262788
vt 2.276889 0.261838
vt 2.270179 0.240904
vt 2.299483 0.226248
vt 0.775146 0.505992
vt 0.739811 0.527254
vt 0.763863 0.491177
vt 0.767321 0.495698
vt 0.732220 0.523871
vt 0.733863 0.489831
vt 0.732220 0.478349
vt 0.757378 0.482422
vt 2.269145 0.187753
vt 2.274115 0.182212
vt 2.278292 0.183668
vt 2.278839 0.188561
vt 2.287488 0.195078
vt 2.289085 0.197336
vt 2.269030 0.201390
vt 2.269030 0.237353
vt 2.306618 0.223202
vt 1.531204 -0.959443
vt 1.535765 -0.972315
vt 1.545370 -0.960997
vt 1.545373 -0.955975
vt 1.545164 -0.946393
vt 1.542931 -0.975116
vt 1.545373 -0.972442
vt -1.017079 2.218153
vt -1.016177 2.278907
vt -1.031811 2.211092
vt -1.016177 2.212435
vt -1.058021 2.208839
vt -1.024483 2.282467
vt -1.033241 2.272588
vt -1.056048 2.246076
vt -1.065790 2.221568
vt 1.538553 -1.003716
vt 1.539215 -0.999586
vt -0.331901 0.499337
vt -0.331901 0.513955
vt -0.335510 0.503576
vt 1.821808 2.190571
vt 1.825071 2.188970
vt 1.827528 2.261734
vt 1.828219 2.268372
vt 1.796676 2.293371
vt 1.796608 2.279629
vt 1.796608 2.237790
vt 1.809064 2.202525
vt 1.810424 2.199741
vt 0.746283 -0.988732
vt 0.760948 -0.981409
vt 0.785524 -0.969079
vt 0.771701 -0.950682
vt 0.746283 -0.948281
vt 0.351476 0.832269
vt 0.352845 0.822365
vt 0.359166 0.823880
vt 0.359058 0.839190
vt 0.359166 0.846809
vt 0.351114 0.835108
vt 2.268888 -1.263948
vt 2.269890 -1.255084
vt 2.239289 -1.255575
vt 2.255630 -1.292832
vt 2.243775 -1.298820
vt 2.250486 -1.304372
vt 2.236562 -1.287549
vt 0.045022 1.782957
vt 0.044974 1.770067
vt 0.068616 1.798239
vt 0.066100 1.860610
vt 0.044990 1.849289
vt 0.044974 1.854990
vt 2.272140 -1.234952
vt 2.269026 -1.232248
vt 2.236562 -1.194344
vt -0.915308 0.367080
vt -0.925497 0.385158
vt -0.925497 0.360054
vt -0.925312 0.352267
vt -0.922445 0.347891
vt 1.472741 -0.168823
vt 1.413534 -0.169667
vt 1.410997 -0.171918
vt 1.475174 -0.203817
vt 1.485846 -0.187314
vt 1.489875 -0.193187
vt 1.491619 -0.198511
vt 1.700566 0.047128
vt 1.711845 0.041879
vt 1.715124 0.040399
vt 1.715124 0.089313
vt 1.704585 0.059219
vt 1.452864 -0.240048
vt 1.467396 -0.231137
vt 1.405185 -0.193874
vt 1.402686 -0.203606
vt 1.402686 -0.262072
vt 1.416168 -0.266366
vt 1.480275 -0.223200
vt -0.673800 2.301811
vt -0.689552 2.280709
vt -0.688901 2.265102
vt -0.688123 2.247511
vt -0.689270 2.200875
vt -0.681688 2.200111
vt -0.666426 2.198898
vt -0.658593 2.209732
vt -0.658539 2.222622
vt -0.658539 2.288954
vt -0.658552 2.294656
vt 1.666492 1.242302
vt 1.662544 1.239628
vt 1.660021 1.231886
vt 1.652789 1.208232
vt 1.669162 1.221271
vt 1.669162 1.209203
vt 1.662431 1.195707
vt 1.669153 1.203547
vt 0.486019 -0.189000
vt 0.478261 -0.197115
vt 0.486019 -0.213041
vt 1.814178 1.201482
vt 1.827565 1.183348
vt 1.837324 1.199342
vt 1.837305 1.213320
vt 1.819917 1.222540
vt 1.837324 1.181385
vt 1.831956 1.177285
vt 1.833634 1.172675
vt 2.039539 0.082745
vt 2.021339 0.095699
vt 2.021339 0.081614
vt 2.021366 0.063523
vt 2.025550 0.055365
vt 2.038454 0.066020
vt 2.039220 0.077385
vt 0.404054 -0.190702
vt 0.404054 -0.213041
vt 0.414078 -0.208152
vt 0.422842 -0.196876
vt 1.465742 2.194120
vt 1.469060 2.194572
vt 1.466138 2.200808
vt 1.455064 2.225206
vt 1.449587 2.199193
vt 1.453834 2.197044
vt 1.282718 -0.636885
vt 1.289527 -0.624282
vt 1.278332 -0.629496
vt 1.277910 -0.633942
vt 1.280844 -0.640170
vt 1.276674 -0.640637
vt 0.514348 -0.568429
vt 0.509716 -0.565945
vt 0.445689 -0.603427
vt 0.474485 -0.600944
vt 0.481234 -0.595482
vt 1.292343 -0.620232
vt 1.289696 -0.549543
vt 1.277739 -0.611873
vt 0.445689 -0.537663
vt 0.488288 -0.554473
vt 0.481900 -0.552210
vt 0.455420 -0.537109
vt 1.276674 -0.581472
vt 0.449739 -0.534359
vt 1.454156 2.233923
vt 1.473343 2.198624
vt 1.477152 2.238202
vt 1.468313 2.254969
vt 1.455227 2.273038
vt 1.449587 2.276830
vt 1.472881 2.194035
vt 1.493083 -0.990907
vt 1.506045 -0.980348
vt 1.480222 -0.948301
vt 1.480222 -1.003716
vt 1.077212 -0.167740
vt 1.076593 -0.144293
vt 1.037329 -0.156629
vt 1.037329 -0.197726
vt 1.037356 -0.202482
vt 1.043389 -0.202214
vt 1.046905 -0.200859
vt 1.058045 -0.188749
vt -0.926044 -0.140207
vt -0.945952 -0.140207
vt -0.938073 -0.167490
vt -0.933523 -0.167036
vt 1.769211 1.172675
vt 1.776184 1.173490
vt 1.792355 1.216786
vt 1.770910 1.234557
vt 1.769094 1.229765
vt 1.769690 1.204075
vt 1.769094 1.197930
vt 1.769174 1.177169
vt 0.146562 0.616247
vt 0.146568 0.642973
vt 0.141362 0.627995
vt 0.146568 0.611992
vt 1.578870 0.068706
vt 1.575169 0.068811
vt 1.592358 0.063110
vt 1.569161 0.040669
vt 1.589509 0.057517
vt 0.146552 0.648117
vt 0.140944 0.634583
vt 1.561234 0.040399
vt 1.561540 0.082671
vt 1.561234 0.075605
vt 1.573184 0.071781
vt 0.534137 -0.955570
vt 0.528011 -0.957711
vt 0.534012 -0.960645
vt 0.533724 -0.924787
vt 0.527418 -0.924705
vt 0.501945 -0.934694
vt 0.498870 -0.941751
vt 0.534137 -0.929075
vt 0.408609 -0.538040
vt 0.380467 -0.600752
vt 0.445689 -0.553734
vt 0.445689 -0.534058
vt 0.445669 -0.569777
vt 0.094408 1.297624
vt 0.094408 1.273638
vt 0.103083 1.278983
vt 0.131244 1.295513
vt 0.130042 1.308043
vt 0.094417 1.337949
vt 0.376861 -0.600282
vt 2.041018 1.468654
vt 2.046240 1.458929
vt 2.041552 1.481087
vt 0.396129 -0.603428
vt 0.445007 -0.591748
vt -0.025209 2.136474
vt -0.021769 2.140219
vt -0.020037 2.167828
vt -0.028714 2.169390
vt -0.037690 2.137854
vt -0.040476 2.127852
vt -0.032724 2.217267
vt -0.063646 2.231938
vt -0.022481 2.177428
vt -0.088444 2.220155
vt -0.073525 2.236578
vt -0.088543 2.239995
vt -0.088431 2.235928
vt 0.792767 1.118716
vt 0.792590 1.154073
vt 0.768526 1.156543
vt 0.762105 1.157868
vt 0.747499 1.159084
vt 0.737830 1.159881
vt 0.739207 1.127256
vt 0.739854 1.117087
vt 0.790026 1.091797
vt 0.792767 1.107451
vt 2.269030 0.216208
vt 2.248994 0.228845
vt 2.232670 0.238665
vt 2.210731 0.236975
vt 2.210731 0.117196
vt 2.210763 0.100709
vt 2.213045 0.097154
vt 2.255008 0.152244
vt 2.260321 0.176098
vt 2.106742 1.481087
vt 2.054128 1.444232
vt 2.056194 1.437620
vt 2.068362 1.413317
vt 2.096015 1.444285
vt 2.102638 1.451769
vt 0.402320 0.410811
vt 0.405570 0.447755
vt 0.402320 0.448424
vt -0.035258 -0.535143
vt -0.032513 -0.541809
vt -0.032513 -0.531832
vt 0.897809 0.528296
vt 0.880415 0.514511
vt 0.895251 0.478349
vt 0.897809 0.481566
vt 1.379233 0.898655
vt 1.342336 0.911554
vt 1.342336 0.871188
vt 1.368252 0.886349
vt 1.379198 0.892765
vt -0.188274 1.615649
vt -0.167358 1.660793
vt -0.185112 1.679955
vt -0.188274 1.678924
vt 1.314827 0.883492
vt 1.315723 0.892165
vt 1.304936 0.897587
vt 1.279400 0.910403
vt 1.279400 0.855315
vt 1.485226 -0.591529
vt 1.486212 -0.613099
vt 1.493876 -0.603832
vt 2.010160 2.159075
vt 2.017535 2.152936
vt 2.017542 2.163683
vt 2.000475 2.228034
vt 1.991480 2.211257
vt 1.999704 2.188138
vt 2.017542 2.222348
vt 2.007577 2.241300
vt 0.287396 -0.550000
vt 0.290705 -0.544960
vt 0.280334 -0.534707
vt 0.280334 -0.552158
vt 0.855246 0.493648
vt 0.863225 0.481784
vt 0.866887 0.519677
vt 0.876805 0.523194
vt 0.870514 0.527784
vt 0.880415 0.478349
vt 0.879117 0.500099
vt 0.878079 0.517301
vt 0.848918 0.478349
vt 1.515774 -0.566521
vt 1.497896 -0.552301
vt 1.485211 -0.550378
vt 1.485211 -0.568439
vt 1.506123 -0.583003
vt -0.279592 -0.926974
vt -0.287835 -0.921466
vt -0.287835 -0.930381
vt 1.576944 0.814888
vt 1.596329 0.824569
vt 1.612911 0.845245
vt 1.625833 0.861537
vt 1.622585 0.877775
vt 1.597759 0.902348
vt 1.590002 0.909998
vt 1.580572 0.906782
vt 1.576939 0.884959
vt 1.576939 0.825738
vt 0.493595 2.080659
vt 0.570211 2.141317
vt 0.567432 2.148739
vt 0.493597 2.090904
vt 0.559317 2.170330
vt 0.543502 2.211934
vt 0.493595 2.200429
vt 0.712736 -0.968804
vt 0.746283 -0.988732
vt 0.734261 -0.944543
vt 0.795794 2.050812
vt 0.844379 2.101056
vt 0.863994 2.154521
vt 0.795794 2.140380
vt 0.799762 2.201623
vt 0.797318 2.165534
vt 0.796173 2.146814
vt 0.841606 2.204057
vt 2.249165 -0.635286
vt 2.241846 -0.685251
vt 2.280377 -0.729623
vt 2.280377 -0.652195
vt -0.090780 0.833808
vt -0.109080 0.842446
vt -0.137560 0.770446
vt -0.090819 0.722437
vt -0.090780 0.731950
vt 0.560614 -0.549320
vt 0.578952 -0.587291
vt 0.579685 -0.555797
vt 0.522524 -0.536659
vt 0.579265 -0.594827
vt 0.541357 -0.603427
vt 0.579685 -0.601840
vt 0.579427 -0.597957
vt 0.516580 -0.534686
vt 0.514348 -0.542156
vt 0.781299 2.196065
vt 0.731912 2.207596
vt 0.728645 2.198158
vt 0.191085 -0.201128
vt 0.196193 -0.196091
vt 0.191085 -0.189701
vt 0.198719 -0.193635
vt 2.175550 0.798169
vt 2.136308 0.801659
vt 2.148733 0.709789
vt 2.196968 0.856280
vt 2.144538 0.897846
vt 2.141816 0.897456
vt 2.136308 0.896578
vt 2.194323 0.848768
vt 1.938083 2.101314
vt 1.938083 2.224072
vt 1.908567 2.213059
vt 1.901686 2.209971
vt 1.898839 2.208659
vt 1.895330 2.206977
vt -1.204036 2.050550
vt -1.212165 2.048982
vt -1.263917 2.038653
vt -1.287432 2.031537
vt -1.310357 1.893431
vt -1.195185 1.934363
vt -1.195185 2.043312
vt 0.781299 2.070297
vt 0.705812 2.134260
vt 0.739023 1.595123
vt 0.736625 1.593466
vt 0.740551 1.586605
vt 0.751835 1.594065
vt -0.877384 2.200156
vt -0.914767 2.206933
vt -0.906721 2.186684
vt -0.877429 2.165759
vt -0.867795 2.184475
vt -0.865943 2.181478
vt -0.852657 2.148070
vt -0.851048 2.156994
vt 1.401927 -0.233443
vt 1.355720 -0.242678
vt 1.363268 -0.261886
vt 1.392590 -0.280529
vt 1.351385 -0.194136
vt 1.349069 -0.231046
vt 1.353667 -0.238978
vt 1.390292 -0.173496
vt 1.401927 -0.176876
vt 1.394701 -0.171157
vt -0.851048 2.257086
vt -0.881790 2.250654
vt -0.909333 2.221296
vt 0.776698 1.503166
vt 0.790487 1.515887
vt 0.795794 1.597449
vt 0.779874 1.596245
vt 0.776830 1.596001
vt 0.751796 1.480477
vt 0.736625 1.519640
vt 1.088545 2.116822
vt 1.088545 2.187408
vt 1.064662 2.181750
vt 1.062007 2.164527
vt 1.057470 2.133562
vt 2.305438 -0.544642
vt 2.305438 -0.474451
vt 2.277717 -0.475942
vt 2.271453 -0.546250
vt 2.291861 -0.549331
vt 2.296152 -0.547806
vt -0.530320 2.054440
vt -0.530320 2.005968
vt -0.516781 2.030205
vt 2.239001 -0.775447
vt 2.238170 -0.772162
vt 2.213935 -0.752985
vt 2.185190 -0.730459
vt 2.185190 -0.799053
vt 2.233522 -0.777857
vt -0.925690 2.199255
vt -0.925690 2.261307
vt -0.937550 2.276960
vt -0.951270 2.262216
vt -0.962135 2.236670
vt -0.955405 2.166801
vt -0.039101 -0.531832
vt -0.042511 -0.541087
vt -0.036246 -0.537628
vt -0.035258 -0.541087
vt 0.493130 -0.201721
vt 0.493147 -0.211159
vt 0.500122 -0.212293
vt 0.500195 -0.209176
vt 0.500195 -0.189559
vt 0.359166 0.860381
vt 0.351488 0.872279
vt 0.351488 0.846809
vt 0.356537 0.847654
vt 0.358915 0.849870
vt 0.588680 -0.954083
vt 0.596623 -0.960645
vt 0.596623 -0.931410
vt 0.588590 -0.950048
vt 0.404054 -0.213041
vt 0.388805 -0.202538
vt 0.385132 -0.204984
vt 0.384812 -0.213041
vt -0.067675 -0.565864
vt -0.051007 -0.566016
vt -0.051007 -0.538075
vt 1.805481 -0.185264
vt 1.793770 -0.175252
vt 1.782266 -0.191236
vt 1.782266 -0.262869
vt 1.811432 -0.287780
vt 1.819665 -0.213499
vt 0.386232 -0.191032
vt 0.973775 2.246189
vt 0.980914 2.309880
vt 0.945449 2.308412
vt 0.945449 2.239077
vt 0.464593 -0.956712
vt 0.464593 -0.927821
vt 0.456254 -0.922208
vt 0.442759 -0.932930
vt 0.429417 -0.961462
vt 1.870236 -0.578492
vt 1.860631 -0.605895
vt 1.865347 -0.678834
vt 1.884061 -0.668077
vt 1.884061 -0.593426
vt 0.245495 -0.201428
vt 0.243108 -0.191347
vt 0.239290 -0.201428
vt -0.081636 -0.533819
vt -0.081636 -0.566016
vt -0.067675 -0.547936
vt -0.071423 -0.532515
vt 0.486019 -0.209004
vt 0.493130 -0.213041
vt 0.493130 -0.189559
vt 0.166043 -0.190615
vt 0.165356 -0.200436
vt 0.174270 -0.202753
vt 0.172247 -0.190615
vt -0.132383 -0.552692
vt -0.115800 -0.566016
vt -0.115800 -0.533533
vt -0.126843 -0.533935
vt -0.257701 -0.924459
vt -0.257533 -0.929130
vt -0.254519 -0.930260
vt 0.357770 0.882988
vt 0.355584 0.896819
vt 0.351488 0.890919
vt 0.351488 0.872371
vt 0.358770 0.872279
vt -0.332865 0.153498
vt -0.334053 0.146933
vt -0.330905 0.146283
vt -0.330905 0.162804
vt 0.355904 0.817249
vt 0.351114 0.822365
vt 0.351114 0.796229
vt 0.355365 0.797153
vt 0.358678 0.798565
vt -0.593880 -0.501891
vt -0.596395 -0.510404
vt -0.593880 -0.516024
vt 0.958118 0.513228
vt 0.898281 0.111620
vt 1.010034 0.144191
vt 1.037329 0.212736
vt 1.035140 0.399924
vt 0.970138 0.516810
vt 1.002380 0.124874
vt 0.792856 0.803281
vt 0.792856 1.009949
vt 0.744056 0.953720
vt 0.769752 0.825224
vt 0.788656 0.803053
vt 0.758048 1.056479
vt 0.737830 0.984749
vt 0.788910 1.078739
vt 0.767825 1.091797
vt 1.907078 -0.692436
vt 1.886181 -0.709341
vt 1.949176 -0.779127
vt 1.946638 -0.760908
vt 1.884135 -0.810667
vt 1.953929 -0.812362
vt -0.153741 0.856001
vt -0.135374 0.859238
vt -0.089733 1.167484
vt -0.121053 1.195236
vt -0.129905 1.202986
vt -0.141303 1.192291
vt -0.154726 1.179082
vt -0.154752 1.170232
vt -0.154752 1.097065
vt -0.154566 0.992752
vt 0.950848 0.511071
vt 0.898281 0.383040
vt 0.094136 0.487998
vt 0.008667 0.485938
vt 0.094437 0.479152
vt 0.737830 0.806217
vt 0.642166 0.878754
vt 0.718081 0.803053
vt 0.107062 0.501694
vt -0.024912 0.521011
vt 0.097141 0.406036
vt -0.056250 0.373830
vt 0.101183 0.301801
vt 0.101615 0.165363
vt 0.107062 0.165173
vt 0.737830 1.129522
vt 0.654113 0.881014
vt 0.070975 0.189881
vt -1.291975 -0.136017
vt -1.292248 -0.176088
vt -1.085156 -0.138074
vt -1.016270 -0.136017
vt -1.092234 -0.364406
vt 1.948212 -0.943584
vt 1.974325 -0.835428
vt 1.884135 -0.937924
vt -1.015987 -0.237360
vt -1.260321 -0.456872
vt -1.310357 -0.417805
vt 0.663246 1.127213
vt 0.571133 0.968687
vt -0.088543 0.415741
vt -0.167357 1.560675
vt -0.330824 1.615649
vt -0.330824 1.399660
vt -0.200168 1.409687
vt -0.168615 1.412128
vt 0.359905 1.839646
vt 0.493595 1.835876
vt 0.493595 1.982593
vt 0.422360 1.961439
vt 0.387266 1.950835
vt 0.360253 1.889358
vt 0.768165 2.207596
vt 0.777654 2.208052
vt 0.793273 2.208893
vt 0.793273 2.283025
vt 0.783837 2.267234
vt 0.766719 2.238353
vt 2.085940 2.166633
vt 2.085940 2.248764
vt 2.020782 2.197922
vt 2.023110 2.112214
vt 1.316249 2.197185
vt 1.298471 2.153709
vt 1.365400 2.174488
vt 0.546908 2.080658
vt 0.497942 2.044713
vt 0.493594 1.967830
vt 0.564016 2.044752
vt 1.696578 -0.413996
vt 1.701987 -0.336932
vt 1.557404 -0.357813
vt 1.546815 -0.441553
vt 1.569978 -0.462882
vt 1.653589 -0.517771
vt 1.701987 -0.549331
vt 1.296741 2.056271
vt 1.296751 2.053222
vt 1.365400 2.032080
vt 0.527881 1.835876
vt 0.566476 1.856644
vt 0.566476 2.039596
vt 1.296658 2.149282
vt 0.796167 1.581278
vt 0.795794 1.508134
vt 0.941283 1.394933
vt 0.941283 1.599138
vt 0.871343 1.646453
vt 0.868807 1.644485
vt -0.189217 1.930459
vt -0.185735 1.926252
vt -0.185735 1.999398
vt -0.188298 1.995742
vt -0.213417 1.959817
vt 2.134886 0.911713
vt 2.061034 0.906701
vt 2.061034 0.709789
vt 2.100136 0.719975
vt 2.113567 0.779182
vt 2.136307 0.881573
vt 0.147835 1.075378
vt 0.255408 0.782966
vt 0.322224 0.850983
vt 0.325189 0.992091
vt 0.291014 1.044352
vt 0.239083 0.766353
vt 0.147835 0.870127
vt 0.234643 0.767322
vt 0.214285 0.771744
vt -1.016177 2.166801
vt -0.986044 2.041537
vt -0.929918 2.166801
vt 0.280960 1.059529
vt -0.576154 0.803841
vt -0.578380 0.796259
vt -0.441873 0.737461
vt -0.441873 0.810834
vt 0.407795 0.033214
vt 0.497716 -0.188760
vt 0.410425 0.101574
vt -0.612750 0.726560
vt -0.588698 0.549726
vt -0.485809 0.427826
vt -0.460867 0.430071
vt -0.585973 0.780850
vt -0.450326 0.431028
vt -0.459580 2.260300
vt -0.464163 2.266447
vt -0.476115 2.249319
vt -0.515876 2.190577
vt -0.448934 2.190577
vt -0.457214 2.244891
vt 1.697466 0.233381
vt 1.562577 0.335709
vt 1.562577 0.097154
vt 1.697791 0.164458
vt 1.134221 -0.643244
vt 1.016749 -0.587436
vt 0.988079 -0.573890
vt 0.988079 -0.943584
vt 1.135443 -0.881795
vt 0.766886 1.474920
vt 0.757928 1.476582
vt 0.736742 1.480477
vt 0.736742 1.170029
vt 0.740661 1.168974
vt 0.758607 1.164219
vt 0.795794 1.287574
vt 0.632783 -0.022216
vt 0.639565 0.101574
vt 0.822093 -1.001499
vt 0.822093 -1.294125
vt 0.826178 -1.293741
vt 0.975758 -1.071784
vt 0.325189 1.104859
vt 0.339988 1.089428
vt 0.359048 1.124486
vt 0.357858 1.141904
vt 0.906433 -0.957496
vt 0.822210 -0.958176
vt 0.344881 1.287267
vt 0.325189 1.294613
vt 0.338315 1.221122
vt 0.352164 1.225141
vt -0.612807 0.428779
vt -0.612807 0.549868
vt -0.627737 0.513109
vt 0.830722 -1.304372
vt 1.895330 2.173857
vt 1.895330 2.245065
vt 1.884487 2.243243
vt 1.850857 2.216461
vt 0.855671 -1.267398
vt 0.886319 -1.269796
vt 0.971262 -1.205484
vt 0.980597 -1.177649
vt 0.985331 -1.090233
vt 1.869168 2.108497
vt 1.872865 2.101314
vt 1.872209 2.150675
vt 1.843527 2.210555
vt 1.835592 2.197771
vt 1.838428 2.168126
vt 1.828825 2.186741
vt 0.946112 -1.261524
vt 0.958452 -1.234452
vt 0.912143 -1.285818
vt 1.210491 1.003224
vt 1.226397 0.977744
vt 1.232231 0.972127
vt 1.281282 0.926194
vt 1.296658 0.911924
vt 1.296658 1.297155
vt 1.226604 1.288337
vt 1.188325 1.197335
vt 1.180345 1.178250
vt 1.180839 1.057162
vt 1.193864 1.030537
vt 1.843205 0.530928
vt 1.843205 0.816883
vt 1.843051 0.859331
vt 1.827581 0.872462
vt 1.759381 0.551830
vt 1.768979 0.544488
vt 1.780205 0.536042
vt 1.789445 0.534762
vt 1.831771 0.529234
vt 1.227251 0.897625
vt 1.201487 0.714076
vt 1.237236 0.898036
vt 1.213541 0.615683
vt 1.240092 0.898146
vt 1.242746 0.602154
vt 1.242746 0.898247
vt -1.310357 -0.456873
vt -1.310357 -0.763331
vt -1.210410 -0.496995
vt -1.111773 -0.536623
vt -1.055192 -0.666875
vt 1.786414 1.827144
vt 1.776398 1.830747
vt 1.745124 1.711358
vt 1.753698 1.644364
vt 1.810476 1.620000
vt 1.828825 1.655147
vt 1.819912 1.815152
vt 1.165527 0.884057
vt 1.152220 0.854101
vt 1.189792 0.889394
vt 1.114874 0.678685
vt 1.105220 0.748248
vt 1.118997 0.649051
vt 1.173716 0.535980
vt 1.185733 0.534679
vt 1.131404 0.581192
vt 1.237609 0.529234
vt 1.241311 0.539608
vt -1.280152 -0.836123
vt -1.277486 -0.847543
vt -1.154974 -0.876260
vt -1.026840 -0.734336
vt 1.808674 1.616531
vt 1.745124 1.487749
vt 1.768167 1.491781
vt 1.788002 1.506839
vt 2.226938 1.446340
vt 2.226920 1.449984
vt 2.214786 1.442462
vt 2.210800 1.599023
vt 2.226938 1.603601
vt 2.165082 1.479707
vt 1.760157 1.485700
vt 1.417057 -1.189933
vt 1.545742 -1.304372
vt 1.545742 -1.057649
vt 1.444791 -1.015586
vt 1.263760 0.372604
vt 1.234068 0.374479
vt 1.164351 0.378692
vt 1.164351 0.131969
vt 1.195911 0.100250
vt 1.199033 0.097154
vt 1.328145 0.151090
vt 1.329240 0.341659
vt 2.231987 1.400158
vt 2.232274 1.403944
vt 2.186710 1.414465
vt 2.186710 1.223893
vt 2.209737 1.236015
vt 2.219038 1.240917
vt 1.405860 2.071148
vt 1.402895 2.068811
vt 1.400138 2.066626
vt 1.400138 1.959162
vt 1.400363 1.853092
vt 1.411045 1.852223
vt 1.446740 1.849525
vt 1.476589 2.033131
vt 1.452856 2.051227
vt 1.416220 2.079104
vt 2.257285 0.846056
vt 2.280097 0.799432
vt 2.290782 0.854363
vt 2.257285 0.884762
vt 1.592359 0.081876
vt 1.592359 0.040400
vt 1.621410 0.043493
vt 1.623230 0.064217
vt 1.599054 0.082354
vt 2.277256 0.784838
vt 2.257296 0.821031
vt 2.270590 0.796878
vt 2.248372 -1.096229
vt 2.259446 -1.084378
vt 2.268921 -1.074208
vt 2.258362 -1.053401
vt 2.283196 -1.020696
vt 2.269528 -1.006032
vt 1.499736 0.426006
vt 1.511646 0.424481
vt 1.518985 0.449284
vt 1.445541 0.485133
vt 1.453515 0.457903
vt 2.260373 -1.103006
vt 2.283196 -1.101341
vt 2.248960 -1.103837
vt 0.311690 2.261024
vt 0.299543 2.260280
vt 0.256211 2.225600
vt 0.251418 2.189218
vt 0.293930 2.152832
vt 0.305253 2.143197
vt 0.312022 2.147542
vt 0.312022 2.201304
vt -0.616869 1.333876
vt -0.633553 1.278530
vt -0.612750 1.278530
vt 1.488420 0.526307
vt 1.471138 0.513355
vt 1.444450 0.493251
vt 1.518985 0.513499
vt -0.918008 0.733142
vt -0.936329 0.712712
vt -0.935655 0.646856
vt -0.927048 0.633661
vt -0.918008 0.619867
vt -0.169033 -0.546908
vt -0.152444 -0.554352
vt -0.150938 -0.533674
vt -0.171567 -0.533674
vt 0.246603 2.176690
vt 0.245140 2.190973
vt 0.213753 2.200906
vt 0.214585 2.185221
vt 0.248142 2.161751
vt -0.165369 -0.566016
vt 0.204464 2.192323
vt 1.932469 -0.254979
vt 1.936074 -0.192173
vt 1.922648 -0.176473
vt 1.922651 -0.233790
vt 1.922648 -0.262685
vt 2.035391 0.364848
vt 2.069390 0.384353
vt 2.079646 0.390259
vt 2.075704 0.418279
vt 2.067708 0.473870
vt 2.048615 0.473879
vt 2.035391 0.473832
vt 0.228603 2.263131
vt 0.248142 2.256322
vt 1.320571 0.504414
vt 1.307037 0.484272
vt 1.308639 0.481878
vt 1.328900 0.486668
vt 1.328462 0.516110
vt 1.328900 0.451927
vt 0.817331 -0.946541
vt 0.791159 -0.945046
vt 0.785524 -0.952848
vt 0.817473 -0.988732
vt 0.817473 -0.949706
vt 0.225785 -0.194083
vt 0.219998 -0.189132
vt 0.219998 -0.201726
vt 0.588591 -0.960645
vt 0.588580 -0.936558
vt 0.568382 -0.950633
vt 0.588591 -0.922549
vt 0.565065 -0.940366
vt 1.271191 -1.006769
vt 1.294934 -0.965509
vt 1.293617 -0.952971
vt 1.269824 -0.943637
vt 1.269824 -0.973171
vt 2.258597 -0.414937
vt 2.269512 -0.423324
vt 2.267135 -0.417814
vt 1.328646 0.410343
vt 1.307036 0.412158
vt 1.320920 0.390740
vt 1.328764 0.378693
vt 1.328764 0.451927
vt 1.325822 0.446574
vt 2.251120 -0.409050
vt 2.269060 -0.359514
vt 2.223300 -0.364660
vt 2.217370 -0.382456
vt 2.269512 -0.353405
vt 2.224539 -0.361476
vt 0.344354 2.194814
vt 0.325377 2.225134
vt 0.312022 2.192754
vt 0.348018 2.152660
vt 0.356568 2.143198
vt 0.356354 2.154134
vt 0.355849 2.176549
vt 1.649045 -1.026016
vt 1.613677 -0.987993
vt 1.609638 -1.026016
vt 1.664983 -1.018054
vt 1.665290 -1.004248
vt 1.662782 -0.994418
vt 1.651005 -0.949987
vt 1.655183 -1.026016
vt 0.795794 2.263678
vt 0.813838 2.210165
vt 0.838111 2.206057
vt 0.839938 2.273023
vt 0.822140 2.288562
vt 0.849977 2.204057
vt 0.849977 2.264269
vt 1.392203 2.269300
vt 1.387208 2.257777
vt 1.395485 2.223129
vt 1.402031 2.196908
vt 1.449526 2.194035
vt 1.449587 2.206399
vt 1.449587 2.258480
vt 1.444622 2.260185
vt 1.396979 2.272442
vt 0.356568 2.230818
vt 0.325397 2.247641
vt 0.325269 2.228702
vt -0.444690 1.742021
vt -0.445014 1.747791
vt -0.451357 1.749374
vt -0.449029 1.739212
vt 1.682128 2.224151
vt 1.691913 2.227777
vt 1.701146 2.235737
vt 1.675312 0.060146
vt 1.700566 0.040399
vt 1.700566 0.081949
vt 1.695245 0.085898
vt 1.673683 0.082432
vt -0.457842 1.804831
vt -0.444730 1.798049
vt -0.444690 1.804373
vt 1.631957 0.044103
vt 1.646249 0.044185
vt 1.646250 0.054945
vt 1.627909 0.071105
vt 1.646250 0.096297
vt -0.461595 1.800633
vt -0.453670 1.760752
vt 1.646248 0.040399
vt 1.146914 1.787619
vt 1.146914 1.863875
vt 1.141042 1.861526
vt 1.126261 1.808144
vt 1.124619 1.802193
vt 1.614247 -0.592815
vt 1.610096 -0.602760
vt 1.608647 -0.606261
vt 1.613164 -0.610821
vt 1.649140 -0.646929
vt 1.654060 -0.649865
vt 1.654060 -0.554905
vt 1.630229 -0.554609
vt 1.623229 0.066839
vt 1.627518 0.043186
vt 1.727109 2.286791
vt 1.682130 2.295041
vt 1.682128 2.287931
vt 1.733502 2.263552
s 0
usemtl PILIER_BRISE
f 33/1/1 36/2/1 37/3/1 39/4/1 2/5/1 40/6/1 34/7/1
f 36/2/2 33/1/2 41/8/2
f 40/6/3 2/5/3 45/9/3 43/10/3 66/11/3
f 47/12/4 49/13/4 46/14/4
f 50/15/5 46/14/5 49/13/5 52/16/5 54/17/5 55/18/5
f 45/19/6 2/20/6 58/21/6 55/18/6 54/17/6 59/22/6 56/23/6
f 2/20/7 5/24/7 61/25/7 58/21/7
f 62/26/8 61/27/8 5/28/8 4/29/8
f 62/26/9 4/29/9 63/30/9
f 65/31/10 1/32/10 64/33/10
f 64/34/11 1/35/11 2/5/11 39/4/11
f 4/36/12 2/20/12 1/37/12
f 5/24/13 2/20/13 4/36/13
f 63/30/14 4/29/14 1/32/14 65/31/14
f 69/38/15 71/39/15 48/40/15 18/41/15 51/42/15
f 42/43/16 72/44/16 70/45/16 38/46/16 9/47/16
f 73/48/15 67/49/15 60/50/15 22/51/15 53/52/15
f 68/53/16 74/54/16 35/55/16 12/56/16
f 44/57/15 17/58/15 57/59/15
f 7/60/17 16/61/17 26/62/17 27/63/17
f 31/64/18 32/65/18 14/66/18 10/67/18 8/68/18 21/69/18 24/70/18 25/71/18 28/72/18 29/73/18 30/74/18
f 3/75/17 15/76/17 11/77/17 13/78/17 6/79/17 23/80/17 19/81/17 20/82/17
f 75/83/19 80/84/19 77/85/19
f 83/86/20 77/85/20 80/84/20
f 83/87/21 87/88/21 77/89/21
f 87/88/22 79/90/22 77/89/22
f 79/91/23 116/92/23 117/93/23 75/94/23 77/95/23
f 76/96/24 80/97/24 75/94/24
f 120/98/25 121/99/25 83/86/25 80/84/25
f 76/96/26 82/100/26 80/97/26
f 82/100/27 81/101/27 80/97/27
f 118/102/28 135/103/28 122/104/28 76/96/28 75/94/28 117/93/28
f 83/87/29 121/105/29 123/106/29
f 88/107/30 83/87/30 123/106/30 124/108/30
f 88/107/31 87/88/31 83/87/31
f 127/109/32 89/110/32 115/111/32 125/112/32
f 128/113/32 87/114/32 129/115/32
f 130/116/33 87/114/33 128/113/33
f 116/117/34 79/90/34 87/88/34 130/118/34 131/119/34
f 87/114/35 88/120/35 89/110/35 127/109/35 133/121/35 129/115/35
f 122/104/36 78/122/36 76/96/36
f 78/123/37 82/124/37 76/125/37
f 84/126/38 138/127/38 110/128/38
f 81/129/39 82/124/39 84/130/39
f 78/123/40 90/131/40 82/124/40
f 90/131/41 86/132/41 82/124/41
f 113/133/17 136/134/17 119/135/17 139/136/17 134/137/17 104/138/17 126/139/17
f 88/120/42 124/140/42 138/141/42 84/142/42
f 89/110/43 88/120/43 84/142/43
f 90/131/44 78/123/44 89/143/44
f 89/143/45 78/123/45 122/144/45 115/145/45
f 89/110/46 84/142/46 85/146/46
f 85/147/47 90/131/47 89/143/47
f 85/147/48 86/132/48 90/131/48
f 114/148/15 112/149/15 100/150/15
f 108/151/49 91/152/49 101/153/49 109/154/49
f 105/155/50 102/156/50 103/157/50 107/158/50 140/159/50 132/160/50
f 106/161/51 92/162/51 95/163/51 94/164/51 93/165/51
f 99/166/52 98/167/52 97/168/52 96/169/52 137/170/52 111/171/52
f 81/172/53 84/126/53 110/128/53 120/98/53 80/84/53
f 86/132/54 85/147/54 84/130/54 82/124/54
f 170/173/55 173/174/55 141/175/55 175/176/55 174/177/55 172/178/55
f 172/178/56 174/177/56 178/179/56 180/180/56 182/181/56 176/182/56
f 141/183/57 173/184/57 184/185/57 186/186/57
f 188/187/58 143/188/58 141/183/58 187/189/58
f 141/183/59 143/188/59 189/190/59 190/191/59
f 141/183/60 190/191/60 191/192/60
f 191/193/61 175/176/61 141/175/61
f 141/183/62 186/186/62 187/189/62
f 194/194/63 196/195/63 198/196/63 200/197/63 201/198/63 192/199/63
f 200/197/64 189/200/64 143/201/64 188/202/64 201/198/64
f 179/203/16 203/204/16 205/205/16 181/206/16
f 197/207/65 206/208/65 204/209/65 199/210/65
f 183/211/16 207/212/16 209/213/16 177/214/16
f 193/215/65 210/216/65 208/217/65 195/218/65
f 171/219/16 211/220/16 185/221/16 149/222/16
f 160/223/65 159/224/65 158/225/65 157/226/65 212/227/65 202/228/65
f 166/229/18 147/230/18 153/231/18 151/232/18 152/233/18 163/234/18 162/235/18 161/236/18 165/237/18
f 168/238/17 144/239/17 156/240/17 154/241/17 142/242/17 167/243/17
f 169/244/17 146/245/17 148/246/17 150/247/17 155/248/17 145/249/17 164/250/17
f 272/251/66 274/252/66 264/253/66 263/254/66 276/255/66 265/256/66 213/257/66 214/258/66 267/259/66
f 263/254/67 264/253/67 261/260/67
f 267/261/68 214/262/68 217/263/68 270/264/68 268/265/68
f 217/263/69 271/266/69 270/264/69
f 217/263/70 278/267/70 271/266/70
f 217/263/71 216/268/71 279/269/71 278/267/71
f 216/268/72 218/270/72 280/271/72 279/269/72
f 281/272/73 284/273/73 283/274/73
f 285/275/73 286/276/73 288/277/73 280/278/73 218/279/73 290/280/73 291/281/73
f 285/275/74 291/281/74 292/282/74
f 229/283/75 258/284/75 294/285/75 295/286/75 213/287/75
f 215/288/76 213/287/76 295/286/76 296/289/76 298/290/76
f 213/287/77 215/288/77 216/291/77
f 213/287/78 216/291/78 217/292/78
f 213/287/79 217/292/79 214/293/79
f 216/294/80 215/295/80 300/296/80 299/297/80
f 283/298/81 284/299/81 301/300/81 290/301/81 218/302/81 216/294/81 299/297/81
f 215/288/82 298/290/82 300/303/82
f 259/304/83 257/305/83 266/306/83
f 255/307/84 253/308/84 297/309/84 303/310/84 305/311/84 282/312/84 246/313/84 254/314/84
f 262/315/83 306/316/83 304/317/83 277/318/83 227/319/83
f 243/320/85 302/321/85 307/322/85 309/323/85 293/324/85 247/325/85
f 273/326/83 310/327/83 308/328/83 275/329/83
f 311/330/86 289/331/86 287/332/86
f 241/333/52 312/334/52 269/335/52 233/336/52 234/337/52 237/338/52 238/339/52 239/340/52
f 265/256/87 260/341/87 229/342/87 213/257/87
f 249/343/88 230/344/88 225/345/88 236/346/88 219/347/88 252/348/88 250/349/88 251/350/88
f 235/351/17 221/352/17 256/353/17 244/354/17 245/355/17 220/356/17 226/357/17 228/358/17
f 232/359/17 223/360/17 242/361/17 240/362/17 248/363/17 222/364/17 224/365/17 231/366/17
f 402/367/89 385/368/89 319/369/89
f 388/370/90 321/371/90 389/372/90
f 389/372/91 321/371/91 320/373/91 392/374/91 390/375/91
f 393/376/92 392/374/92 320/373/92
f 394/377/93 393/376/93 320/373/93
f 395/378/94 394/377/94 320/373/94
f 396/379/95 395/378/95 320/373/95
f 398/380/96 397/381/96 315/382/96
f 399/383/97 398/380/97 315/382/97 317/384/97
f 317/385/98 319/386/98 384/387/98 399/388/98
f 406/389/99 403/390/99 405/391/99 319/369/99 315/382/99 414/392/99 410/393/99 320/394/99 321/395/99
f 388/396/100 406/389/100 321/395/100
f 319/369/100 405/391/100 407/397/100 409/398/100
f 409/398/101 402/367/101 319/369/101
f 319/369/102 317/384/102 315/382/102
f 320/373/103 410/399/103 411/400/103
f 396/379/104 320/373/104 411/400/104 412/401/104
f 381/402/105 314/403/105 415/404/105
f 418/405/106 420/406/106 422/407/106 376/408/106 314/409/106 381/410/106 400/411/106 416/412/106
f 397/381/107 415/404/107 314/403/107 315/382/107
f 315/413/108 314/409/108 424/414/108 425/415/108 414/416/108
f 377/417/109 424/414/109 314/409/109
f 377/417/110 314/409/110 376/408/110
f 427/418/15 379/419/15 371/420/15 368/421/15
f 378/422/111 428/423/111 401/424/111 380/425/111
f 429/426/15 431/427/15 370/428/15 382/429/15
f 432/430/112 430/431/112 419/432/112 417/433/112
f 433/434/15 435/435/15 386/436/15 332/437/15 346/438/15 351/439/15 408/440/15
f 373/441/83 375/442/83 423/443/83
f 436/444/113 434/445/113 374/446/113 361/447/113 421/448/113
f 335/449/50 336/450/50 391/451/50 437/452/50 404/453/50 349/454/50
f 439/455/52 413/456/52 353/457/52 352/458/52 355/459/52 426/460/52
f 440/461/114 438/462/114 338/463/114 337/464/114 339/465/114 340/466/114 341/467/114 342/468/114 354/469/114
f 372/470/115 384/387/115 319/386/115 385/471/115 387/472/115 383/473/115 369/474/115 367/475/115
f 316/476/17 359/477/17 358/478/17 313/479/17 329/480/17 330/481/17
f 322/482/17 362/483/17 360/484/17 318/485/17 334/486/17 333/487/17
f 324/488/116 323/489/116 350/490/116 348/491/116 347/492/116 325/493/116 326/494/116 365/495/116 364/496/116 366/497/116 363/498/116
f 356/499/18 357/500/18 343/501/18 344/502/18 345/503/18 331/504/18 328/505/18 327/506/18
f 487/507/117 447/508/117 479/509/117
f 479/510/118 447/511/118 441/512/118 482/513/118 483/514/118 480/515/118
f 485/516/119 482/513/119 441/512/119
f 441/512/120 486/517/120 485/516/120
f 487/507/121 489/518/121 447/508/121
f 446/519/122 448/520/122 447/511/122
f 448/520/123 442/521/123 447/511/123
f 441/512/124 447/511/124 442/521/124
f 447/508/125 489/518/125 490/522/125
f 491/523/126 447/524/126 490/525/126
f 492/526/127 447/524/127 491/523/127 493/527/127
f 446/528/128 447/524/128 492/526/128 495/529/128
f 442/530/129 445/531/129 441/532/129
f 445/531/130 443/533/130 441/532/130
f 496/534/131 486/517/131 441/512/131 443/535/131
f 449/536/132 496/534/132 443/535/132
f 498/537/133 496/538/133 449/539/133 444/540/133
f 504/541/134 446/542/134 495/543/134
f 504/541/135 511/544/135 448/545/135 446/542/135
f 511/544/136 445/546/136 448/545/136
f 445/546/137 442/547/137 448/545/137
f 507/548/138 509/549/138 443/533/138 445/531/138 510/550/138 505/551/138
f 510/552/139 445/546/139 511/544/139
f 444/540/140 449/539/140 443/553/140
f 509/549/141 512/554/141 444/555/141 443/533/141
f 513/556/142 444/555/142 512/554/142
f 513/557/143 501/558/143 444/540/143
f 473/559/16 472/560/16 471/561/16 465/562/16 463/563/16 494/564/16 514/565/16 506/566/16
f 462/567/65 461/568/65 460/569/65 488/570/65 515/571/65 464/572/65
f 508/573/51 516/574/51 502/575/51 468/576/51 478/577/51 477/578/51 476/579/51
f 503/580/144 517/581/144 518/582/144 500/583/144
f 519/584/145 481/585/145 484/586/145 497/587/145 467/588/145 499/589/145
f 456/590/146 455/591/146 458/592/146 459/593/146 466/594/146
f 501/558/147 469/595/147 470/596/147 498/537/147 444/540/147
f 457/597/148 452/598/148 451/599/148 475/600/148 474/601/148 450/602/148 453/603/148 454/604/148
f 522/605/149 553/606/149 554/607/149
f 557/608/150 555/609/150 559/610/150 561/611/150 563/612/150 565/613/150 553/606/150 522/605/150 567/614/150
f 568/615/151 572/616/151 573/617/151 574/618/151 576/619/151 570/620/151
f 578/621/152 580/622/152 522/623/152 581/624/152 573/617/152 572/616/152
f 581/624/153 522/623/153 554/625/153
f 582/626/154 567/614/154 522/605/154
f 582/626/155 522/605/155 580/627/155 583/628/155
f 575/629/65 585/630/65 587/631/65 577/632/65
f 588/633/156 586/634/156 591/635/156 589/636/156
f 564/637/157 590/638/157 592/639/157 566/640/157
f 571/641/65 593/642/65 595/643/65 569/644/65
f 596/645/158 594/646/158 599/647/158 597/648/158
f 560/649/157 598/650/157 600/651/157 562/652/157
f 579/653/65 601/654/65 603/655/65 584/656/65 549/657/65
f 604/658/158 602/659/158 607/660/158 605/661/158
f 558/662/157 606/663/157 608/664/157 556/665/157
f 520/666/17 521/667/17 539/668/17 540/669/17 525/670/17 523/671/17 547/672/17 546/673/17
f 535/674/17 529/675/17 527/676/17 550/677/17 544/678/17 542/679/17 524/680/17 526/681/17 541/682/17
f 538/683/18 532/684/18 531/685/18 545/686/18 543/687/18 548/688/18 534/689/18 533/690/18
f 537/691/17 536/692/17 551/693/17 552/694/17 528/695/17 530/696/17
f 614/697/159 635/698/159 636/699/159
f 614/697/160 613/700/160 637/701/160 635/698/160
f 638/702/161 637/703/161 613/704/161
f 639/705/162 640/706/162 616/707/162
f 636/699/163 639/705/163 616/707/163 614/697/163
f 614/697/164 616/707/164 615/708/164
f 615/709/165 619/710/165 614/711/165
f 614/711/166 619/710/166 612/712/166
f 614/711/167 612/712/167 613/704/167
f 613/704/168 612/712/168 641/713/168 638/702/168
f 643/714/169 642/715/169 619/710/169 609/716/169
f 612/712/170 619/710/170 642/715/170 641/713/170
f 643/717/171 609/718/171 610/719/171 644/720/171
f 644/720/172 610/719/172 645/721/172
f 616/707/173 647/722/173 646/723/173 620/724/173
f 647/722/174 616/707/174 640/706/174
f 645/725/175 610/726/175 648/727/175
f 620/728/176 646/729/176 648/727/176 610/726/176
f 618/730/177 611/731/177 609/732/177 619/733/177
f 620/724/178 617/734/178 616/707/178
f 618/730/179 619/733/179 615/735/179
f 611/736/180 610/719/180 609/718/180
f 611/737/181 620/724/181 610/738/181
f 618/739/182 620/724/182 611/737/182
f 617/734/183 620/724/183 618/739/183
f 627/740/18 628/741/18 629/742/18 630/743/18 631/744/18 634/745/18 632/746/18 633/747/18 626/748/18 625/749/18 622/750/18 621/751/18 623/752/18 624/753/18
f 618/739/184 615/708/184 616/707/184 617/734/184
f 685/754/185 687/755/185 650/756/185 689/757/185 690/758/185 692/759/185 683/760/185
f 689/757/186 650/756/186 694/761/186
f 714/762/187 715/763/187 653/764/187 650/765/187 651/766/187 695/767/187
f 704/768/188 703/769/188 649/770/188 708/771/188 709/772/188 711/773/188 706/774/188
f 695/775/189 651/776/189 697/777/189
f 697/777/190 651/776/190 650/756/190 687/755/190
f 650/778/191 653/779/191 713/780/191 694/781/191
f 716/782/192 713/780/192 653/779/192 654/783/192
f 717/784/193 716/782/193 654/783/193
f 718/785/194 649/770/194 700/786/194
f 654/783/195 649/787/195 718/788/195 719/789/195
f 701/790/196 700/786/196 649/770/196 703/769/196
f 653/764/197 720/791/197 654/792/197
f 715/763/198 720/791/198 653/764/198
f 717/784/199 654/783/199 652/793/199 721/794/199
f 654/783/200 719/789/200 722/795/200 652/793/200
f 652/793/201 722/795/201 721/794/201
f 693/796/16 691/797/16 702/798/16 665/799/16 705/800/16
f 686/801/16 684/802/16 707/803/16 712/804/16
f 698/805/202 696/806/202 671/807/202 688/808/202
f 673/809/16 699/810/16 710/811/16 667/812/16 680/813/16 675/814/16 674/815/16
f 669/816/17 660/817/17 656/818/17 666/819/17
f 662/820/18 672/821/18 676/822/18 677/823/18 681/824/18 682/825/18 679/826/18 678/827/18 663/828/18 664/829/18 658/830/18 657/831/18
f 720/791/203 708/832/203 649/833/203 654/792/203
f 661/834/17 670/835/17 668/836/17 655/837/17 659/838/17
f 753/839/204 724/840/204 752/841/204
f 754/842/205 756/843/205 724/844/205 753/845/205
f 781/846/17 791/847/17 758/848/17 773/849/17 790/850/17 770/851/17
f 768/852/206 724/844/206 756/843/206 774/853/206 776/854/206 778/855/206 780/856/206 769/857/206
f 782/858/207 724/840/207 768/859/207
f 724/840/208 782/858/208 783/860/208 723/861/208
f 723/862/209 783/863/209 784/864/209
f 788/865/210 723/861/210 784/866/210 785/867/210
f 723/861/211 788/865/211 787/868/211 771/869/211
f 772/870/212 757/871/212 759/872/212 761/873/212 763/874/212 752/841/212 724/840/212 723/861/212 771/869/212
f 786/875/83 766/876/83 789/877/83 739/878/83 738/879/83 750/880/83 751/881/83
f 740/882/213 725/883/213 765/884/213 767/885/213
f 792/886/83 793/887/83 760/888/83 736/889/83
f 779/890/112 794/891/112 726/892/112 742/893/112
f 732/894/83 755/895/83 764/896/83 762/897/83 795/898/83 775/899/83
f 796/900/113 777/901/113 744/902/113
f 731/903/17 730/904/17 735/905/17 733/906/17
f 745/907/17 728/908/17 734/909/17 737/910/17 727/911/17 743/912/17
f 741/913/18 729/914/18 749/915/18 748/916/18 747/917/18 746/918/18
f 824/919/214 797/920/214 875/921/214
f 885/922/215 861/923/215 876/924/215
f 877/925/216 881/926/216 821/927/216 883/928/216 879/929/216
f 876/924/217 884/930/217 803/931/217 886/932/217 885/922/217
f 886/933/218 803/934/218 887/935/218
f 895/936/219 897/937/219 798/938/219 797/939/219 873/940/219 889/941/219 898/942/219
f 892/943/220 894/944/220 891/945/220
f 798/946/221 802/947/221 797/948/221
f 802/947/222 799/949/222 797/948/222
f 799/950/223 804/951/223 797/920/223
f 875/921/224 797/920/224 804/951/224 902/952/224 900/953/224
f 804/951/225 803/934/225 884/954/225 903/955/225 902/952/225
f 887/935/226 803/934/226 805/956/226 905/957/226
f 905/957/227 805/956/227 804/951/227 906/958/227
f 907/959/228 906/958/228 804/951/228 811/960/228
f 907/961/229 811/962/229 908/963/229
f 804/951/230 805/956/230 803/934/230
f 911/964/231 909/965/231 912/966/231
f 807/967/232 913/968/232 911/964/232 912/966/232 914/969/232
f 913/968/233 807/967/233 888/970/233
f 872/971/234 806/972/234 917/973/234 915/974/234
f 917/975/235 806/976/235 798/946/235 897/977/235 918/978/235 891/979/235 894/980/235
f 806/976/236 800/981/236 798/946/236
f 800/981/237 802/947/237 798/946/237
f 807/982/238 808/983/238 802/947/238
f 920/984/239 802/985/239 808/986/239 921/987/239
f 811/962/240 802/985/240 920/984/240 922/988/240
f 811/962/241 799/989/241 802/985/241
f 800/981/242 807/982/242 802/947/242
f 811/962/243 804/990/243 799/989/243
f 811/962/244 922/988/244 908/963/244
f 921/987/245 808/986/245 807/967/245 914/969/245
f 888/970/246 807/967/246 806/972/246 872/971/246
f 800/981/247 806/976/247 807/982/247
f 923/991/157 870/992/157 878/993/157 880/994/157
f 853/995/248 871/996/248 869/997/248 924/998/248 910/999/248 850/1000/248 852/1001/248
f 925/1002/157 927/1003/157 867/1004/157 866/1005/157 882/1006/157
f 836/1007/84 893/1008/84 928/1009/84 926/1010/84 916/1011/84 854/1012/84
f 929/1013/157 931/1014/157 863/1015/157 864/1016/157
f 839/1017/85 896/1018/85 932/1019/85 930/1020/85 919/1021/85
f 842/1022/145 904/1023/145 933/1024/145 901/1025/145
f 934/1026/249 935/1027/249 890/1028/249 823/1029/249 874/1030/249 825/1031/249 841/1032/249
f 936/1033/86 899/1034/86 834/1035/86
f 868/1036/250 865/1037/250 862/1038/250 861/923/250 885/922/250 883/928/250 821/927/250
f 855/1039/17 809/1040/17 828/1041/17 829/1042/17 801/1043/17 856/1044/17
f 810/1045/17 840/1046/17 837/1047/17 857/1048/17 812/1049/17 818/1050/17 822/1051/17
f 797/939/251 824/1052/251 873/940/251
f 815/1053/17 814/1054/17 843/1055/17 831/1056/17 827/1057/17 817/1058/17 819/1059/17 813/1060/17 835/1061/17 838/1062/17
f 816/1063/18 830/1064/18 820/1065/18 826/1066/18 832/1067/18 833/1068/18 844/1069/18 845/1070/18 846/1071/18 847/1072/18 860/1073/18 858/1074/18 859/1075/18 851/1076/18 849/1077/18 848/1078/18
f 960/1079/252 961/1080/252 939/1081/252
f 939/1081/253 962/1082/253 960/1079/253
f 962/1082/254 939/1081/254 968/1083/254
f 939/1084/255 966/1085/255 937/1086/255
f 939/1084/256 937/1086/256 940/1087/256
f 969/1088/257 968/1083/257 939/1081/257 940/1089/257 973/1090/257 974/1091/257 971/1092/257
f 937/1093/258 976/1094/258 977/1095/258 979/1096/258
f 976/1097/259 937/1098/259 980/1099/259
f 937/1098/260 966/1100/260 980/1099/260
f 945/1101/261 985/1102/261 978/1103/261 951/1104/261 954/1105/261
f 938/1106/262 940/1087/262 937/1086/262
f 981/1107/263 937/1093/263 979/1096/263
f 963/1108/264 938/1109/264 937/1093/264 981/1107/264
f 963/1108/265 964/1110/265 940/1111/265 938/1109/265
f 984/1112/266 940/1111/266 964/1110/266 982/1113/266
f 956/1114/84 955/1115/84 952/1116/84 953/1117/84 986/1118/84 970/1119/84 972/1120/84 965/1121/84
f 967/1122/83 943/1123/83 942/1124/83 944/1125/83 946/1126/83 949/1127/83 941/1128/83
f 947/1129/84 958/1130/84 983/1131/84 975/1132/84
f 950/1133/17 948/1134/17 957/1135/17 959/1136/17
f 966/1137/267 939/1081/267 961/1080/267
f 940/1089/268 984/1138/268 973/1090/268
f 995/1139/269 997/1140/269 1015/1141/269 1014/1142/269
f 999/1143/270 1016/1144/270 1015/1141/270 997/1140/270 998/1145/270
f 999/1146/271 1002/1147/271 1003/1148/271 1017/1149/271 1016/1150/271
f 1011/1151/272 1018/1152/272 1017/1149/272 1003/1148/272 1005/1153/272 1009/1154/272 1008/1155/272 1007/1156/272 1006/1157/272
f 1018/1152/273 1011/1151/273 1019/1158/273
f 999/1159/274 998/1160/274 987/1161/274 1002/1162/274
f 1021/1163/275 988/1164/275 995/1165/275 1014/1166/275
f 997/1167/276 995/1165/276 988/1164/276 987/1168/276 998/1169/276
f 989/1170/277 1022/1171/277 1020/1172/277 1013/1173/277
f 1023/1174/278 1022/1171/278 989/1170/278
f 1003/1175/279 987/1161/279 988/1176/279 1005/1177/279
f 1005/1177/280 988/1176/280 989/1178/280 1009/1179/280
f 989/1178/281 1008/1180/281 1009/1179/281
f 1011/1181/282 1006/1182/282 1013/1183/282
f 1013/1173/283 990/1184/283 989/1170/283
f 1006/1182/284 1007/1185/284 990/1186/284 1013/1183/284
f 1023/1174/285 989/1170/285 988/1164/285 1021/1163/285
f 1008/1180/286 989/1178/286 990/1186/286 1007/1185/286
f 1002/1162/287 987/1161/287 1003/1175/287
f 1012/1187/18 992/1188/18 993/1189/18 991/1190/18 994/1191/18 996/1192/18 1000/1193/18 1001/1194/18 1004/1195/18 1010/1196/18
f 1013/1197/288 1020/1198/288 1019/1199/288 1011/1200/288
f 1028/1201/289 1035/1202/289 1034/1203/289
f 1030/1204/290 1029/1205/290 1037/651/290 1036/1206/290
f 1035/1202/291 1028/1201/291 1033/1207/291 1030/1204/291 1036/1206/291
f 1034/1208/274 1038/1209/274 1033/1210/274 1028/1211/274
f 1039/1212/275 1037/1213/275 1029/1214/275
f 1033/1215/276 1038/1216/276 1039/1212/276 1029/1214/276 1030/1217/276
f 1025/1218/18 1024/1219/18 1026/1220/18 1027/1221/18 1031/1222/18 1032/1223/18
f 1065/1224/292 1064/1225/292 1042/1226/292 1044/1227/292 1045/1228/292
f 1072/1229/293 1042/1226/293 1064/1225/293
f 1049/1230/294 1066/1231/294 1067/1232/294
f 1052/1233/295 1050/1234/295 1049/1235/295 1067/1236/295 1068/1237/295 1054/1238/295 1051/1239/295
f 1069/1240/296 1057/1241/296 1058/1242/296 1055/1243/296 1054/1238/296 1068/1237/296
f 1063/1244/297 1070/1245/297 1071/1246/297
f 1070/1245/298 1063/1244/298 1061/1247/298 1062/1248/298 1057/1241/298 1069/1240/298
f 1050/1249/274 1072/1250/274 1066/1251/274 1049/1252/274
f 1071/1253/299 1065/1254/299 1045/1255/299 1063/1256/299
f 1040/1257/300 1063/1256/300 1045/1255/300 1044/1258/300
f 1051/1259/279 1040/1257/279 1052/1260/279
f 1055/1261/280 1040/1257/280 1051/1259/280 1054/1262/280
f 1058/1263/301 1057/1264/301 1040/1257/301 1055/1261/301
f 1040/1257/302 1057/1264/302 1061/1265/302 1063/1256/302
f 1057/1266/303 1062/1267/303 1061/1268/303
f 1042/1269/304 1072/1250/304 1050/1249/304 1052/1260/304 1040/1257/304 1044/1258/304
f 1048/1270/18 1047/1271/18 1041/1272/18 1043/1273/18 1046/1274/18 1060/1275/18 1059/1276/18 1056/1277/18 1053/1278/18
f 1087/1279/305 1090/1280/305 1078/1281/305 1089/1282/305
f 1091/1283/306 1081/1284/306 1092/1285/306
f 1082/1286/307 1074/1287/307 1093/1288/307 1092/1285/307 1081/1284/307
f 1084/1289/308 1093/1290/308 1074/1291/308 1086/1292/308
f 1090/1280/309 1093/1290/309 1084/1289/309 1085/1293/309 1078/1281/309
f 1086/1294/310 1074/1295/310 1082/1296/310
f 1081/1297/311 1091/1298/311 1094/1299/311 1089/1300/311 1078/1301/311 1085/1302/311 1082/1303/311
f 1082/1303/312 1085/1302/312 1084/1304/312 1086/1305/312
f 1077/1306/84 1095/1307/84 1088/1308/84
f 1080/1309/18 1083/1310/18 1075/1311/18 1076/1312/18 1073/1313/18 1079/1314/18
f 1104/1315/313 1121/1316/313 1122/1317/313 1124/1318/313
f 1098/1319/314 1125/1320/314 1126/1321/314
f 1127/1322/315 1128/1323/315 1125/1320/315 1098/1319/315
f 1130/1324/316 1127/1325/316 1098/1326/316 1109/1327/316 1110/1328/316
f 1098/1326/317 1112/1329/317 1109/1327/317
f 1133/1330/318 1121/1316/318 1104/1315/318 1113/1331/318 1114/1332/318
f 1099/1333/319 1098/1319/319 1126/1321/319
f 1116/1334/320 1097/1335/320 1133/1330/320 1114/1332/320
f 1133/1336/321 1097/1337/321 1099/1333/321 1126/1321/321
f 1112/1329/322 1098/1326/322 1099/1338/322 1117/1339/322
f 1117/1340/323 1099/1341/323 1097/1342/323 1118/1343/323 1119/1344/323
f 1120/1345/324 1118/1343/324 1097/1342/324 1116/1346/324
f 1104/1347/311 1124/1348/311 1131/1349/311 1113/1350/311
f 1109/1351/325 1112/1352/325 1117/1353/325 1119/1354/325 1110/1355/325
f 1120/1356/326 1132/1357/326 1130/1358/326 1110/1355/326 1119/1354/326 1118/1359/326
f 1116/1360/312 1114/1361/312 1113/1350/312 1131/1349/312 1132/1357/312 1120/1356/312
f 1111/1362/84 1100/1363/84 1096/1364/84 1103/1365/84 1123/1366/84 1129/1367/84 1107/1368/84
f 1102/1369/18 1101/1370/18 1115/1371/18 1106/1372/18 1105/1373/18 1108/1374/18
f 1158/1375/327 1142/1376/327 1159/1377/327
f 1159/1377/328 1142/1376/328 1160/1378/328
f 1146/1379/329 1142/1380/329 1147/1381/329
f 1147/1381/330 1142/1380/330 1148/1382/330
f 1148/1382/331 1142/1380/331 1161/1383/331 1166/1384/331
f 1161/1385/332 1142/1376/332 1158/1375/332
f 1151/1386/333 1141/1387/333 1142/1380/333 1152/1388/333 1153/1389/333
f 1141/1390/334 1154/1391/334 1156/1392/334 1142/1376/334
f 1160/1378/335 1142/1376/335 1156/1392/335 1162/1393/335
f 1152/1388/336 1142/1380/336 1146/1379/336 1157/1394/336
f 1151/1386/337 1154/1395/337 1141/1387/337
f 1134/1396/338 1163/1397/338 1164/1398/338
f 1136/1399/339 1165/1400/339 1162/1401/339 1156/1402/339
f 1146/1403/340 1147/1404/340 1148/1405/340 1166/1406/340 1163/1407/340 1134/1408/340 1135/1409/340 1157/1410/340
f 1136/1411/341 1167/1412/341 1165/1413/341
f 1167/1412/342 1136/1411/342 1134/1414/342 1164/1415/342
f 1135/1416/343 1134/1414/343 1136/1411/343
f 1157/1410/326 1135/1409/326 1153/1417/326 1152/1418/326
f 1156/1402/312 1154/1419/312 1151/1420/312 1153/1417/312 1135/1409/312 1136/1399/312
f 1143/1421/18 1144/1422/18 1145/1423/18 1155/1424/18 1139/1425/18 1140/1426/18 1138/1427/18 1137/1428/18 1149/1429/18 1150/1430/18
f 1191/1431/344 1168/1432/344 1192/1433/344
f 1194/1434/345 1192/1433/345 1168/1432/345 1193/1435/345
f 1168/1436/346 1198/1437/346 1196/1438/346 1193/1439/346
f 1214/1440/347 1211/1441/347 1213/1442/347 1170/1443/347
f 1199/1444/348 1201/1445/348 1168/1432/348 1191/1431/348
f 1203/1446/349 1169/1447/349 1204/1448/349
f 1210/1449/350 1208/1450/350 1205/1451/350 1207/1452/350
f 1170/1453/351 1213/1454/351 1210/1449/351 1207/1452/351 1215/1455/351
f 1169/1456/352 1179/1457/352 1214/1440/352 1170/1443/352
f 1216/1458/353 1204/1459/353 1169/1460/353 1170/1453/353
f 1216/1458/354 1170/1453/354 1215/1455/354
f 1206/1461/51 1197/1462/51 1176/1463/51 1180/1464/51 1181/1465/51 1190/1466/51 1189/1467/51 1183/1468/51
f 1209/1469/144 1195/1470/144 1173/1471/144 1175/1472/144 1182/1473/144
f 1212/1474/145 1200/1475/145 1171/1476/145 1172/1477/145 1174/1478/145 1185/1479/145 1184/1480/145 1187/1481/145
f 1178/1482/249 1177/1483/249 1186/1484/249 1188/1485/249 1202/1486/249
f 1169/1447/355 1203/1446/355 1198/1437/355 1168/1436/355 1201/1487/355 1179/1488/355
f 1237/1489/356 1217/1490/356 1219/1491/356 1240/1492/356 1238/1493/356
f 1235/1494/357 1217/1495/357 1236/1496/357 1233/1497/357
f 1218/1498/358 1219/1491/358 1217/1490/358
f 1236/1499/359 1217/1490/359 1237/1489/359
f 1217/1490/360 1235/1500/360 1241/1501/360 1218/1498/360
f 1218/1498/361 1242/1502/361 1243/1503/361
f 1218/1498/362 1244/1504/362 1245/1505/362 1242/1502/362
f 1241/1501/363 1247/1506/363 1218/1498/363
f 1243/1503/364 1240/1492/364 1219/1491/364 1218/1498/364
f 1248/1507/365 1244/1504/365 1218/1498/365 1247/1506/365
f 1226/1508/50 1222/1509/50 1234/1510/50 1249/1511/50 1231/1512/50
f 1239/1513/52 1223/1514/52 1228/1515/52 1227/1516/52 1246/1517/52
f 1221/1518/114 1220/1519/114 1224/1520/114 1225/1521/114 1230/1522/114 1229/1523/114 1232/1524/114
f 1257/1525/366 1251/1526/366 1253/1527/366
f 1251/1528/367 1252/1529/367 1253/1530/367
f 1282/1531/368 1253/1532/368 1281/1533/368
f 1253/1532/369 1282/1531/369 1283/1534/369 1257/1535/369
f 1283/1534/370 1284/1536/370 1255/1537/370 1257/1535/370
f 1255/1538/371 1251/1526/371 1257/1525/371
f 1255/1538/372 1256/1539/372 1251/1526/372
f 1251/1526/373 1256/1539/373 1252/1540/373
f 1256/1539/374 1258/1541/374 1252/1540/374
f 1285/1542/375 1288/1543/375 1252/1544/375 1258/1545/375 1287/1546/375
f 1289/1547/376 1250/1548/376 1252/1544/376 1288/1543/376
f 1250/1549/377 1289/1550/377 1290/1551/377 1292/1552/377
f 1293/1553/378 1250/1549/378 1292/1552/378 1294/1554/378
f 1296/1555/379 1280/1556/379 1250/1549/379 1293/1553/379
f 1254/1557/380 1256/1539/380 1255/1538/380
f 1250/1549/381 1280/1556/381 1281/1558/381 1253/1530/381 1252/1529/381
f 1303/1559/382 1256/1560/382 1254/1561/382 1273/1562/382 1301/1563/382
f 1303/1559/383 1304/1564/383 1256/1560/383
f 1304/1564/384 1305/1565/384 1256/1560/384
f 1306/1566/385 1256/1560/385 1305/1565/385
f 1287/1567/386 1258/1568/386 1256/1560/386 1306/1566/386
f 1263/1569/50 1262/1570/50 1261/1571/50 1260/1572/50 1259/1573/50 1297/1574/50 1298/1575/50
f 1299/1576/51 1272/1577/51 1270/1578/51 1295/1579/51 1302/1580/51 1300/1581/51
f 1278/1582/144 1277/1583/144 1276/1584/144 1275/1585/144 1271/1586/144 1269/1587/144 1291/1588/144 1286/1589/144 1266/1590/144 1279/1591/144
f 1267/1592/387 1265/1593/387 1264/1594/387 1268/1595/387
f 1273/1596/388 1254/1597/388 1255/1537/388 1284/1536/388 1274/1598/388
f 1359/1599/389 1361/1600/389 1362/1601/389 1357/1602/389
f 1363/1603/390 1309/1604/390 1366/1605/390 1364/1606/390
f 1309/1604/391 1367/1607/391 1366/1605/391
f 1312/1608/392 1368/1609/392 1367/1607/392 1309/1604/392
f 1368/1609/393 1312/1608/393 1308/1610/393 1369/1611/393
f 1376/1612/394 1378/1613/394 1377/1614/394 1379/1615/394 1380/1616/394 1374/1617/394
f 1379/1618/395 1377/1619/395 1362/1601/395 1361/1600/395
f 1378/1613/396 1376/1612/396 1372/1620/396 1382/1621/396
f 1383/1622/397 1382/1621/397 1372/1620/397 1373/1623/397
f 1384/1624/398 1383/1622/398 1373/1623/398
f 1385/1625/399 1386/1626/399 1388/1627/399 1387/1628/399
f 1389/1629/400 1308/1630/400 1390/1631/400 1385/1625/400 1387/1628/400
f 1390/1631/401 1308/1630/401 1309/1632/401 1363/1633/401 1391/1634/401
f 1312/1635/402 1309/1632/402 1308/1630/402
f 1310/1636/403 1396/1637/403 1395/1638/403
f 1396/1639/404 1310/1640/404 1308/1630/404 1389/1629/404
f 1373/1623/405 1397/1641/405 1313/1642/405 1398/1643/405 1384/1624/405
f 1398/1643/406 1313/1642/406 1399/1644/406
f 1311/1645/407 1400/1646/407 1401/1647/407 1403/1648/407
f 1311/1645/408 1313/1649/408 1397/1650/408 1400/1646/408
f 1308/1610/409 1310/1636/409 1395/1638/409 1393/1651/409 1370/1652/409 1369/1611/409
f 1386/1626/410 1404/1653/410 1307/1654/410 1405/1655/410 1388/1627/410
f 1406/1656/411 1405/1655/411 1307/1654/411 1311/1645/411
f 1406/1656/412 1311/1645/412 1407/1657/412
f 1407/1657/413 1311/1645/413 1403/1648/413 1408/1658/413
f 1338/1659/50 1336/1660/50 1340/1661/50 1392/1662/50 1358/1663/50 1315/1664/50 1325/1665/50 1326/1666/50 1331/1667/50 1333/1668/50 1334/1669/50 1346/1670/50 1348/1671/50 1352/1672/50
f 1402/1673/145 1409/1674/145 1351/1675/145
f 1375/1676/249 1394/1677/249 1343/1678/249 1345/1679/249 1341/1680/249 1337/1681/249 1339/1682/249 1353/1683/249 1354/1684/249 1355/1685/249 1356/1686/249 1350/1687/249 1349/1688/249 1347/1689/249 1335/1690/249 1332/1691/249 1330/1692/249
f 1371/1693/86 1344/1694/86 1329/1695/86 1381/1696/86
f 1316/1697/52 1360/1698/52 1365/1699/52 1319/1700/52 1321/1701/52 1322/1702/52 1323/1703/52 1324/1704/52 1328/1705/52 1327/1706/52
f 1317/1707/114 1314/1708/114 1342/1709/114 1318/1710/114 1320/1711/114
f 1313/1642/414 1311/1712/414 1307/1713/414 1404/1714/414 1399/1644/414
f 1431/1715/415 1432/1716/415 1434/1717/415 1436/1718/415
f 1438/1719/416 1411/1720/416 1410/1721/416 1437/1722/416
f 1439/1723/417 1437/1724/417 1410/1725/417 1440/1726/417 1441/1727/417
f 1431/1715/418 1436/1718/418 1439/1723/418 1441/1727/418
f 1411/1720/419 1438/1719/419 1442/1728/419 1444/1729/419
f 1446/1730/420 1448/1731/420 1411/1732/420 1445/1733/420
f 1445/1733/421 1411/1732/421 1451/1734/421 1449/1735/421
f 1411/1732/422 1444/1736/422 1452/1737/422
f 1411/1732/423 1452/1737/423 1453/1738/423
f 1451/1734/424 1411/1732/424 1453/1738/424 1454/1739/424
f 1448/1731/425 1440/1740/425 1410/1741/425 1411/1732/425
f 1447/1742/51 1433/1743/51 1412/1744/51 1420/1745/51 1419/1746/51 1425/1747/51
f 1450/1748/144 1435/1749/144 1413/1750/144 1424/1751/144 1423/1752/144
f 1418/1753/145 1415/1754/145 1414/1755/145 1426/1756/145 1427/1757/145 1455/1758/145 1443/1759/145 1417/1760/145 1416/1761/145
f 1421/1762/249 1422/1763/249 1430/1764/249 1429/1765/249 1428/1766/249
f 1468/1767/426 1469/1768/426 1456/1769/426 1457/1770/426
f 1471/1771/427 1470/1772/427 1456/1773/427 1469/1774/427 1473/1775/427
f 1475/1776/428 1457/1777/428 1456/1778/428 1470/1779/428
f 1475/1776/429 1476/1780/429 1457/1777/429
f 1477/1781/430 1457/1777/430 1476/1780/430 1478/1782/430
f 1468/1767/431 1457/1770/431 1477/1783/431 1480/1784/431
f 1474/1785/51 1459/1786/51 1458/1787/51 1481/1788/51
f 1479/1789/432 1472/1435/432 1460/1790/432 1467/1791/432 1465/1792/432
f 1464/1793/145 1463/1794/145 1461/1795/145 1462/1796/145 1466/1797/145
f 1555/1798/433 1554/1799/433 1532/1800/433 1484/1801/433 1552/1802/433
f 1487/1803/434 1483/1804/434 1488/1805/434
f 1488/1805/435 1483/1804/435 1484/1806/435
f 1526/1807/436 1488/1805/436 1484/1806/436 1532/1808/436 1530/1809/436
f 1528/1810/437 1491/1811/437 1535/1812/437 1536/1813/437 1533/1814/437
f 1493/1815/438 1537/1816/438 1539/1817/438 1487/1803/438
f 1540/1818/439 1486/1819/439 1541/1820/439 1536/1813/439 1535/1812/439
f 1542/1821/440 1541/1822/440 1486/1823/440 1543/1824/440 1544/1825/440
f 1542/1821/441 1544/1825/441 1547/1826/441 1548/1827/441 1545/1828/441
f 1549/1829/442 1551/1830/442 1482/1831/442 1487/1803/442 1539/1817/442
f 1487/1803/443 1482/1831/443 1489/1832/443
f 1487/1803/444 1489/1832/444 1483/1804/444
f 1489/1832/445 1482/1831/445 1483/1804/445
f 1484/1801/446 1483/1833/446 1482/1834/446
f 1484/1801/447 1482/1834/447 1553/1835/447 1552/1802/447
f 1558/1836/448 1486/1823/448 1540/1837/448 1556/1838/448
f 1548/1827/449 1547/1826/449 1560/1839/449 1559/1840/449
f 1559/1840/450 1560/1839/450 1562/1841/450 1561/1842/450
f 1551/1830/451 1553/1843/451 1482/1831/451
f 1486/1823/452 1558/1836/452 1543/1824/452
f 1485/1844/453 1563/1845/453 1564/1846/453
f 1485/1847/454 1565/1848/454 1554/1799/454 1555/1798/454 1563/1849/454
f 1566/1850/455 1565/1851/455 1485/1852/455
f 1562/1841/456 1566/1850/456 1485/1852/456 1567/1853/456 1561/1842/456
f 1485/1844/457 1564/1846/457 1567/1854/457
f 1506/1855/50 1505/1856/50 1504/1857/50 1516/1858/50 1557/1859/50 1531/1860/50 1495/1861/50 1514/1862/50 1523/1863/50 1524/1864/50 1519/1865/50 1517/1866/50
f 1512/1867/249 1510/1868/249 1550/1869/249 1546/1870/249 1508/1871/249 1518/1872/249 1520/1873/249 1525/1874/249 1522/1875/249 1521/1876/249 1513/1877/249 1511/1878/249
f 1534/1879/86 1498/1880/86 1502/1881/86 1503/1882/86 1507/1883/86 1509/1884/86 1499/1885/86 1538/1886/86
f 1492/1887/52 1497/1888/52 1500/1889/52 1529/1890/52
f 1501/1891/114 1496/1892/114 1527/1893/114 1490/1894/114 1494/1895/114 1515/1896/114
f 1493/1897/458 1487/1898/458 1488/1899/458 1526/1900/458 1491/1811/458 1528/1810/458
f 1570/1901/459 1568/1902/459 1604/1903/459 1605/1904/459 1607/1905/459
f 1604/1903/460 1568/1902/460 1608/1906/460
f 1607/1905/461 1609/1907/461 1570/1901/461
f 1610/1908/462 1570/1909/462 1609/1910/462
f 1610/1908/463 1611/1911/463 1612/1912/463 1613/1913/463 1570/1909/463
f 1569/1914/464 1570/1909/464 1613/1913/464 1614/1915/464
f 1570/1909/465 1569/1914/465 1568/1916/465
f 1615/1917/466 1608/1906/466 1568/1902/466 1569/1918/466
f 1615/1917/467 1569/1918/467 1629/1919/467 1621/1920/467 1616/1921/467
f 1617/1922/468 1616/1921/468 1621/1920/468 1619/1923/468
f 1622/1924/469 1571/1925/469 1623/1926/469
f 1623/1926/470 1571/1925/470 1624/1927/470 1612/1912/470 1611/1911/470
f 1626/1928/471 1624/1929/471 1571/1930/471 1572/1931/471 1625/1932/471
f 1572/1931/472 1631/1933/472 1632/1934/472 1628/1935/472 1625/1932/472
f 1629/1936/473 1569/1914/473 1614/1915/473
f 1635/1937/474 1628/1935/474 1632/1934/474 1633/1938/474
f 1573/1939/475 1638/1940/475 1631/1941/475 1572/1942/475
f 1639/1943/476 1573/1939/476 1572/1942/476 1599/1944/476
f 1638/1940/477 1573/1939/477 1639/1943/477 1640/1945/477
f 1602/1946/50 1637/1947/50 1589/1948/50 1590/1949/50 1582/1950/50 1579/1951/50 1578/1952/50 1576/1953/50 1606/1954/50 1641/1955/50
f 1603/1956/51 1575/1957/51 1574/1958/51 1577/1959/51 1584/1960/51 1585/1961/51 1618/1962/51 1634/1963/51 1594/1964/51 1600/1965/51 1601/1966/51
f 1597/1967/144 1587/1968/144 1620/1969/144 1636/1970/144
f 1598/1971/145 1588/1972/145 1586/1973/145 1630/1974/145 1627/1975/145 1592/1976/145 1595/1977/145
f 1583/1978/249 1581/1979/249 1580/1980/249 1591/1981/249 1593/1982/249 1596/1983/249
f 1599/1944/478 1572/1942/478 1571/1984/478 1622/1985/478
f 1675/1986/479 1643/1987/479 1642/1988/479 1671/1989/479 1678/1990/479 1676/1991/479 1673/1992/479
f 1672/1993/480 1671/1989/480 1642/1988/480
f 1695/1994/481 1645/1995/481 1646/1996/481 1691/1997/481 1693/1998/481
f 1644/1999/482 1642/2000/482 1643/2001/482
f 1644/1999/483 1643/2001/483 1646/2002/483
f 1680/2003/484 1642/2000/484 1644/1999/484 1681/2004/484
f 1682/2005/485 1684/2006/485 1686/2007/485 1687/2008/485 1672/2009/485 1642/2010/485 1680/2011/485
f 1687/2008/486 1686/2007/486 1688/2012/486
f 1645/2013/487 1690/2014/487 1681/2004/487 1644/1999/487
f 1645/1995/488 1644/2015/488 1646/1996/488
f 1669/2016/489 1646/2002/489 1670/2017/489
f 1691/1997/490 1646/1996/490 1669/2018/490
f 1645/1995/491 1692/2019/491 1690/2020/491
f 1696/2021/492 1645/1995/492 1695/1994/492 1697/2022/492
f 1692/2019/493 1645/1995/493 1696/2021/493
f 1647/2023/85 1649/2024/85 1658/2025/85 1689/2026/85 1679/2027/85
f 1662/2028/249 1660/2029/249 1651/2030/249 1674/2031/249 1694/2032/249 1663/2033/249
f 1650/2034/86 1677/2035/86 1685/2036/86 1683/2037/86 1698/2038/86 1666/2039/86 1665/2040/86
f 1668/2041/52 1656/2042/52 1653/2043/52 1654/2044/52 1661/2045/52 1664/2046/52 1667/2047/52
f 1657/2048/17 1648/2049/17 1652/2050/17 1659/2051/17 1655/2052/17
f 1675/2053/494 1670/2017/494 1646/2002/494 1643/2001/494
f 1734/2054/495 1705/2055/495 1703/2056/495 1735/2057/495
f 1742/2058/496 1747/2059/496 1699/2060/496 1703/2061/496 1702/2062/496 1744/2063/496
f 1705/2064/497 1701/2065/497 1703/2061/497
f 1735/2057/498 1703/2056/498 1699/2066/498 1741/2067/498
f 1701/2065/499 1702/2062/499 1703/2061/499
f 1748/2068/500 1700/2069/500 1751/2070/500 1750/2071/500 1749/2072/500
f 1749/2072/501 1750/2071/501 1753/2073/501 1745/2074/501 1752/2075/501
f 1745/2074/502 1746/2076/502 1704/2077/502 1755/2078/502 1752/2075/502
f 1756/2079/503 1755/2080/503 1704/2081/503 1757/2082/503 1758/2083/503
f 1748/2068/504 1741/2067/504 1699/2066/504 1700/2069/504
f 1723/2084/505 1736/2085/505 1702/2086/505 1701/2087/505
f 1762/2088/506 1699/2060/506 1747/2059/506 1760/2089/506
f 1699/2060/507 1762/2088/507 1751/2090/507 1700/2091/507
f 1702/2062/508 1764/2092/508 1763/2093/508
f 1744/2063/509 1702/2062/509 1763/2093/509
f 1736/2085/510 1738/2094/510 1702/2086/510
f 1740/2095/511 1764/2096/511 1702/2097/511 1738/2098/511
f 1765/2099/512 1704/2100/512 1746/2101/512 1766/2102/512
f 1757/2082/513 1704/2081/513 1765/2103/513
f 1739/2104/50 1737/2105/50 1759/2106/50 1721/2107/50 1720/2108/50 1732/2109/50 1767/2110/50 1743/2111/50 1710/2112/50 1727/2113/50 1728/2114/50
f 1731/2115/51 1716/2116/51 1754/2117/51 1761/2118/51 1711/2119/51 1709/2120/51 1733/2121/51
f 1725/2122/144 1717/2123/144 1712/2124/144 1713/2125/144 1726/2126/144
f 1706/2127/249 1707/2128/249 1708/2129/249 1714/2130/249 1715/2131/249 1718/2132/249 1719/2133/249 1722/2134/249
f 1729/2135/514 1724/2136/514 1730/2137/514
f 1723/2084/515 1701/2087/515 1705/2138/515 1734/2139/515 1756/2079/515 1758/2083/515
f 1787/2140/516 1788/2141/516 1768/2142/516
f 1789/2143/517 1787/2140/517 1768/2142/517
f 1794/2144/518 1796/2145/518 1790/2146/518
f 1788/2147/519 1797/2148/519 1768/2149/519
f 1768/2142/520 1780/2150/520 1792/2151/520 1789/2143/520
f 1770/2152/521 1802/2153/521 1801/2154/521
f 1770/2152/522 1791/2155/522 1790/2146/522 1796/2145/522 1802/2153/522
f 1791/2156/523 1770/2157/523 1769/2158/523 1779/2159/523
f 1803/2160/524 1769/2158/524 1770/2157/524 1801/2161/524
f 1769/2158/525 1803/2160/525 1804/2162/525
f 1769/2158/526 1804/2162/526 1781/2163/526
f 1783/2164/52 1776/2165/52 1795/2166/52 1793/2167/52 1799/2168/52 1800/2169/52 1786/2170/52 1785/2171/52 1782/2172/52
f 1784/2173/114 1798/2174/114 1778/2175/114 1772/2176/114 1771/2177/114 1773/2178/114 1774/2179/114 1777/2180/114 1775/2181/114
f 1780/2182/527 1768/2149/527 1797/2148/527 1779/2159/527 1769/2158/527 1781/2163/527
f 1823/2183/528 1825/2184/528 1826/2185/528 1824/2186/528
f 1829/1478/529 1827/2187/529 1830/2188/529 1825/2189/529 1823/2190/529 1832/2191/529
f 1805/2192/530 1834/2193/530 1833/2194/530
f 1834/2193/531 1805/2192/531 1837/2195/531 1824/2186/531 1826/2185/531 1835/2196/531
f 1805/2197/532 1844/2198/532 1841/2199/532 1838/2200/532 1837/2201/532
f 1829/2202/533 1832/2203/533 1838/2200/533 1841/2199/533 1839/2204/533
f 1844/2198/534 1805/2197/534 1833/2205/534 1842/2206/534
f 1810/2207/50 1806/2208/50 1807/2209/50 1816/2210/50 1819/2211/50
f 1828/273/249 1813/2212/249 1840/2213/249
f 1831/965/86 1812/2214/86 1820/2215/86 1818/2216/86 1845/2217/86
f 1836/2218/52 1809/2219/52 1808/2220/52 1811/2221/52 1822/2222/52 1843/2223/52
f 1814/2224/114 1815/2225/114 1817/2226/114 1821/2227/114
f 1850/2228/535 1851/2229/535 1848/2230/535
f 1852/2231/17 1849/2232/17 1847/2233/17
f 1848/2234/480 1851/2235/480 1846/2236/480
f 1846/2237/485 1850/2238/485 1848/2239/485
f 1854/2240/536 1855/2241/536 1856/2242/536
f 1857/2243/537 1862/2244/537 1854/2245/537 1856/2246/537
f 1862/2244/538 1857/2243/538 1861/2247/538
f 1856/2248/480 1855/2249/480 1860/2250/480 1861/2251/480 1857/2252/480
f 1853/2253/539 1858/2254/539 1859/2255/539
f 1860/2256/540 1855/2257/540 1854/2258/540 1862/2259/540
f 1869/2260/541 1868/2261/541 1867/2262/541
f 1874/2263/542 1869/2260/542 1867/2262/542
f 1872/2264/17 1870/1398/17 1873/2265/17
f 1868/2266/480 1871/2267/480 1867/2268/480
f 1864/2269/85 1863/2270/85 1865/2271/85 1866/2272/85
f 1881/2254/543 1878/2273/543 1879/2274/543
f 1899/2275/544 1898/2276/544 1889/2277/544 1888/2278/544
f 1891/2279/545 1889/2280/545 1898/2281/545 1900/2282/545
f 1899/2275/546 1888/2278/546 1903/2283/546 1901/2284/546
f 1891/2279/547 1900/2282/547 1904/2285/547 1895/2286/547 1896/2287/547
f 1895/2286/548 1904/2285/548 1905/2288/548
f 1896/2289/549 1906/2290/549 1903/2291/549 1888/2292/549 1889/2293/549 1891/2294/549
f 1905/2295/550 1907/2296/550 1906/2290/550 1896/2289/550 1895/2297/550
f 1893/2298/52 1884/2299/52 1908/2300/52 1902/2301/52
f 1886/2302/114 1887/2303/114 1892/2304/114 1885/2305/114 1897/2306/114 1894/2307/114 1890/2308/114
f 1917/2309/551 1918/2310/551 1913/2311/551 1914/2312/551 1915/2313/551
f 1919/2314/552 1917/2315/552 1915/2316/552
f 1914/2317/550 1920/2318/550 1919/2319/550 1915/2320/550
f 1921/2321/553 1920/2318/553 1914/2317/553 1913/2322/553
f 1921/2323/554 1913/2324/554 1918/2325/554
f 1911/2326/114 1916/2327/114 1909/2328/114 1910/2329/114 1912/2330/114
f 1954/2331/555 1925/2332/555 1953/2333/555
f 1927/2334/556 1954/2335/556 1955/2336/556
f 1927/2334/557 1955/2336/557 1956/2337/557 1931/2338/557 1930/2339/557 1932/2340/557
f 1935/2341/558 1934/2342/558 1933/2343/558 1932/2340/558 1930/2339/558
f 1936/2344/559 1938/2345/559 1937/2346/559
f 1953/2347/560 1925/2348/560 1939/2349/560 1940/2350/560 1936/2344/560 1937/2346/560 1941/2351/560 1957/2352/560
f 1941/2351/561 1943/2353/561 1958/2354/561 1957/2352/561
f 1958/2355/562 1943/2356/562 1946/2357/562 1959/2358/562
f 1948/2359/563 1960/2360/563 1959/2358/563 1946/2357/563 1949/2361/563
f 1961/2362/564 1960/2363/564 1948/2364/564 1952/2365/564 1951/2366/564
f 1939/2349/565 1925/2348/565 1954/2367/565 1927/2368/565 1932/2369/565 1933/2370/565
f 1933/2370/566 1934/2371/566 1940/2350/566 1939/2349/566
f 1940/2350/567 1934/2371/567 1935/2372/567 1938/2345/567 1936/2344/567
f 1930/2373/549 1949/2374/549 1946/2375/549 1943/2353/549 1941/2351/549 1937/2346/549 1938/2345/549 1935/2372/549
f 1931/2376/550 1922/2377/550 1952/2378/550 1948/2379/550 1949/2374/550 1930/2373/550
f 1922/2377/553 1951/2380/553 1952/2378/553
f 1922/2381/568 1962/2382/568 1961/2362/568 1951/2366/568
f 1962/2383/569 1922/2377/569 1931/2376/569 1956/2384/569
f 1923/2385/114 1929/2386/114 1928/2387/114 1926/2388/114 1924/2389/114 1942/2390/114 1944/2391/114 1945/2392/114 1947/2393/114 1950/2394/114
f 1968/2395/570 1976/2396/570 1977/2397/570 1969/2398/570 1974/2399/570 1972/2400/570 1971/2401/570
f 1976/2396/571 1968/2395/571 1978/2402/571
f 1975/2403/572 1972/2404/572 1974/2405/572
f 1977/2406/573 1979/2407/573 1969/2408/573
f 1974/2409/566 1969/2408/566 1979/2407/566 1980/2410/566
f 1974/2409/567 1980/2410/567 1981/2411/567 1975/2412/567
f 1981/2411/549 1982/2413/549 1971/2414/549 1972/2415/549 1975/2412/549
f 1982/2413/574 1978/2416/574 1968/2417/574 1971/2414/574
f 1973/2418/50 1966/2419/50 1965/2420/50 1964/2421/50 1963/2422/50 1970/2423/50 1967/2424/50
f 2005/2425/575 2008/2426/575 1988/2427/575 2007/2428/575
f 2010/2429/576 1990/2430/576 2009/2431/576
f 1990/2430/577 1994/2432/577 2013/2433/577 2011/2434/577 2009/2431/577
f 2014/2435/578 1996/2436/578 1988/2427/578 2008/2426/578
f 1996/2437/579 2014/2438/579 2015/2439/579 2002/2440/579 2001/2441/579 1999/2442/579 2000/2443/579 1998/2444/579
f 1999/2442/580 2001/2441/580 2004/2445/580
f 2015/2439/581 2013/2433/581 1994/2432/581 2002/2440/581
f 2016/2446/573 2007/2447/573 1988/2448/573 1996/2449/573 1998/2450/573
f 2000/2451/566 2017/2452/566 2016/2446/566 1998/2450/566
f 2004/2453/567 2018/2454/567 2017/2452/567 2000/2451/567 1999/2455/567
f 1994/2456/549 1990/2457/549 2010/2458/549 2018/2454/549 2004/2453/549 2001/2459/549 2002/2460/549
f 1983/2461/52 1984/2462/52 1985/2463/52 1992/2464/52 1991/2465/52 2012/2466/52 2006/2467/52 1989/2468/52
f 1997/2469/114 1987/2470/114 1986/2471/114 1993/2472/114 1995/2473/114 2003/2474/114
f 2028/2475/582 2027/2476/582 2022/2477/582 2021/2478/582
f 2022/2477/583 2027/2476/583 2029/2479/583 2031/2480/583
f 2032/2481/584 2028/2475/584 2021/2478/584
f 2031/2482/585 2033/2483/585 2032/2484/585 2021/2485/585 2022/2486/585
f 2034/2487/52 2025/2488/52 2030/2489/52
f 2026/2490/114 2019/1020/114 2024/2491/114 2020/2492/114 2023/2493/114
f 2039/2494/586 2049/2495/586 2048/2496/586
f 2052/2497/587 2037/2498/587 2036/2499/587 2043/2500/587 2050/2501/587
f 2050/2501/588 2043/2500/588 2045/2502/588 2051/2503/588
f 2039/2494/573 2037/2504/573 2052/2505/573 2049/2495/573
f 2036/2506/589 2047/2507/589 2045/2508/589 2043/2509/589
f 2047/2507/569 2054/2510/569 2051/2511/569 2045/2508/569
f 2053/2512/50 2055/2513/50 2038/2514/50 2040/2515/50 2041/2516/50
f 2044/2517/590 2035/2518/590 2046/2519/590 2042/2520/590
f 2047/2507/591 2036/2506/591 2037/2504/591 2039/2494/591 2048/2496/591
f 2066/2521/592 2063/2522/592 2062/2523/592 2065/2524/592
f 2056/2525/593 2068/2526/593 2067/2527/593
f 2069/2528/594 2056/2529/594 2063/2530/594 2066/2531/594
f 2068/2532/595 2056/2529/595 2069/2528/595
f 2063/2530/300 2056/2529/300 2062/2533/300
f 2062/2533/596 2056/2529/596 2067/2534/596 2070/2535/596 2065/2536/596
f 2061/2537/18 2059/2538/18 2057/2539/18 2058/2540/18 2060/2541/18 2064/2542/18
f 2080/2543/597 2077/2544/597 2076/2545/597
f 2078/2546/598 2075/2547/598 2076/2548/598 2077/2549/598
f 2076/2550/599 2079/2551/599 2080/2552/599
f 2078/2553/600 2079/2554/600 2076/2555/600 2075/2556/600
f 2073/2557/601 2071/2558/601 2074/2559/601 2072/2560/601
f 2089/2561/602 2083/2562/602 2084/2563/602 2088/2564/602
f 2090/2565/603 2088/2564/603 2084/2563/603
f 2083/2566/604 2089/2567/604 2087/2568/604 2082/2569/604
f 2091/2570/605 2090/2565/605 2084/2563/605
f 2093/2571/606 2084/2572/606 2095/2573/606 2096/2574/606
f 2084/2572/607 2082/2575/607 2100/2576/607 2095/2573/607
f 2084/2563/608 2083/2562/608 2082/2577/608
f 2084/2572/609 2093/2571/609 2091/2578/609
f 2096/2579/610 2102/2580/610 2087/2581/610 2089/2582/610 2088/2583/610 2090/2584/610 2091/2585/610 2093/2586/610
f 2086/2587/611 2098/2588/611 2101/2589/611 2094/2590/611 2092/2591/611
f 2099/2592/612 2081/2593/612 2097/2594/612
f 2082/2569/613 2087/2568/613 2085/2595/613 2100/2596/613
f 2128/2597/17 2120/2598/17 2119/2599/17
f 2103/2600/614 2108/2601/614 2110/2602/614 2121/2603/614 2122/2604/614
f 2123/2605/615 2121/2603/615 2110/2602/615
f 2128/2606/616 2105/2607/616 2124/2608/616 2120/2609/616
f 2105/2610/617 2103/2611/617 2122/2612/617 2124/2613/617
f 2128/2614/618 2127/2615/618 2104/2616/618
f 2104/2617/619 2105/2607/619 2128/2606/619
f 2104/2616/620 2103/2611/620 2105/2610/620
f 2116/2618/621 2108/2619/621 2103/2611/621 2104/2616/621
f 2125/2620/622 2116/2618/622 2104/2616/622 2126/2621/622
f 2126/2621/623 2104/2616/623 2127/2615/623
f 2123/2622/624 2110/2623/624 2108/2619/624 2116/2618/624 2125/2620/624
f 2114/2624/18 2106/2625/18 2107/2626/18 2113/2627/18 2111/2628/18 2109/2629/18 2112/2630/18 2117/2631/18 2118/2632/18 2115/2633/18
f 2129/2634/625 2137/2635/625 2138/2636/625 2140/2637/625
f 2145/2638/626 2143/2639/626 2141/2640/626
f 2143/2639/627 2145/2638/627 2129/2634/627 2140/2637/627
f 2129/2634/628 2144/2641/628 2137/2635/628
f 2136/2642/18 2142/2643/18 2139/2644/18 2130/2645/18 2135/2646/18
f 2132/2647/84 2133/2648/84 2134/2649/84 2131/2650/84
f 2145/2651/629 2144/2652/629 2129/2653/629
f 2148/2654/630 2147/2655/630 2146/2656/630
f 2149/2657/631 2180/2658/631 2181/2659/631 2182/2660/631 2184/2661/631
f 2187/2662/632 2189/2663/632 2180/2664/632 2149/2665/632 2190/2666/632 2185/2667/632
f 2192/2668/633 2191/2669/633 2190/2666/633 2149/2665/633
f 2149/2657/634 2184/2661/634 2193/2670/634
f 2149/2671/635 2150/2672/635 2152/2673/635
f 2149/2671/636 2152/2673/636 2194/2674/636 2195/2675/636 2192/2676/636
f 2194/2674/637 2152/2673/637 2172/2677/637
f 2203/2678/638 2155/2679/638 2206/2680/638 2204/2681/638
f 2202/2682/639 2150/2683/639 2149/2657/639 2193/2670/639
f 2155/2679/640 2203/2678/640 2207/2684/640 2154/2685/640
f 2155/2679/641 2154/2685/641 2197/2686/641 2206/2680/641
f 2198/2687/642 2197/2686/642 2154/2685/642
f 2202/2682/643 2151/2688/643 2150/2683/643
f 2151/2689/644 2154/2685/644 2150/2690/644
f 2150/2672/645 2154/2691/645 2152/2673/645
f 2153/2692/646 2198/2687/646 2154/2685/646
f 2151/2688/647 2202/2682/647 2198/2693/647 2153/2694/647
f 2151/2689/648 2153/2692/648 2154/2685/648
f 2200/2011/649 2208/2695/649 2196/2696/649 2169/2697/649 2199/2698/649
f 2177/2699/650 2173/2700/650 2205/2701/650 2210/2702/650 2209/2703/650 2201/2704/650
f 2171/2705/651 2168/2706/651 2158/2707/651 2183/2708/651 2211/2709/651 2174/2710/651 2175/2711/651 2178/2712/651 2179/2713/651
f 2162/2714/652 2188/2715/652 2156/2716/652 2159/2717/652 2161/2718/652 2160/2719/652
f 2186/2720/653 2209/2703/653 2210/2702/653 2165/2721/653
f 2157/2722/654 2163/2723/654 2164/2724/654 2166/2725/654 2167/2726/654 2170/2727/654
f 2207/2684/655 2176/2728/655 2172/2729/655 2152/2730/655 2154/2685/655
f 2256/2731/656 2219/2732/656 2257/2733/656
f 2258/2734/657 2219/2735/657 2256/2736/657
f 2219/2732/658 2215/2737/658 2259/2738/658 2261/2739/658 2262/2740/658
f 2257/2733/659 2219/2732/659 2262/2740/659 2263/2741/659
f 2224/2742/660 2219/2735/660 2258/2734/660 2265/2743/660
f 2219/2735/661 2224/2742/661 2225/2744/661
f 2225/2744/662 2218/2745/662 2219/2735/662
f 2218/2745/663 2215/2746/663 2219/2735/663
f 2266/2747/664 2214/2748/664 2271/2749/664 2269/2750/664 2272/2751/664 2267/2752/664
f 2214/2753/665 2224/2742/665 2265/2743/665 2271/2754/665
f 2259/2738/666 2215/2737/666 2218/2755/666 2278/2756/666
f 2273/2757/667 2212/2758/667 2274/2759/667
f 2275/2760/668 2276/2761/668 2274/2759/668 2212/2758/668
f 2218/2755/669 2216/2762/669 2279/2763/669 2278/2756/669
f 2279/2763/670 2216/2762/670 2280/2764/670
f 2224/2742/671 2222/2765/671 2218/2745/671
f 2218/2745/672 2225/2744/672 2224/2742/672
f 2222/2765/673 2216/2766/673 2218/2745/673
f 2282/2767/674 2212/2768/674 2281/2769/674
f 2214/2748/675 2266/2747/675 2281/2769/675 2212/2768/675
f 2283/2770/676 2275/2760/676 2212/2758/676
f 2283/2770/677 2212/2758/677 2282/2771/677
f 2214/2748/678 2212/2768/678 2213/2772/678
f 2280/2764/679 2216/2762/679 2286/2773/679 2284/2774/679
f 2287/2775/680 2288/2776/680 2221/2777/680
f 2220/2778/681 2289/2779/681 2287/2775/681 2221/2777/681
f 2289/2780/682 2220/2781/682 2212/2758/682 2273/2757/682
f 2212/2768/683 2220/2782/683 2221/2783/683
f 2213/2772/684 2212/2768/684 2221/2783/684
f 2217/2784/685 2216/2785/685 2222/2786/685
f 2217/2787/686 2290/2788/686 2286/2773/686 2216/2762/686
f 2213/2772/687 2221/2783/687 2222/2789/687
f 2221/2783/688 2223/2790/688 2222/2789/688
f 2223/2791/689 2217/2784/689 2222/2786/689
f 2221/2777/690 2288/2776/690 2290/2792/690 2217/2784/690
f 2223/2791/691 2221/2777/691 2217/2784/691
f 2248/2793/692 2247/2794/692 2237/2795/692 2268/2796/692 2291/2797/692 2277/2798/692 2243/2799/692 2249/2800/692
f 2241/2801/693 2242/2802/693 2244/2803/693 2292/2804/693 2285/2805/693 2250/2806/693 2255/2807/693 2253/2808/693 2252/2809/693 2254/2810/693
f 2227/2811/694 2228/2812/694 2264/2813/694 2270/2814/694 2236/2815/694 2234/2816/694 2229/2817/694
f 2246/2818/695 2251/2819/695 2293/2820/695 2260/2821/695 2240/2822/695 2245/2823/695
f 2235/2824/696 2233/2825/696 2231/2826/696 2232/2827/696 2230/2828/696 2226/2829/696 2238/2830/696 2239/2831/696
f 2214/2748/697 2213/2772/697 2222/2789/697 2224/2832/697
f 2322/2833/698 2324/2834/698 2325/2835/698 2327/2836/698
f 2329/2837/699 2332/2838/699 2294/2839/699 2331/2840/699
f 2333/2841/700 2331/2840/700 2294/2839/700 2335/2842/700
f 2338/2843/701 2296/2844/701 2339/2845/701 2340/2846/701 2336/2847/701
f 2335/2842/702 2294/2839/702 2296/2844/702 2338/2843/702
f 2320/2848/703 2341/2849/703 2296/2850/703 2294/2851/703
f 2320/2852/704 2294/2853/704 2295/2854/704 2321/2855/704
f 2321/2855/705 2295/2854/705 2344/2856/705 2342/2857/705
f 2345/2858/706 2339/2859/706 2296/2850/706 2341/2849/706
f 2347/2860/707 2344/2856/707 2295/2854/707
f 2347/2860/708 2295/2854/708 2348/2861/708
f 2294/2839/709 2332/2838/709 2349/2862/709
f 2349/2862/710 2348/2863/710 2295/2864/710 2294/2839/710
f 2343/2865/711 2350/2866/711 2346/2867/711 2312/2868/711 2311/2869/711 2313/2870/711
f 2303/2871/712 2330/2872/712 2351/2873/712 2314/2874/712 2315/2875/712 2317/2876/712 2318/2877/712 2319/2878/712
f 2304/2879/713 2334/2880/713 2328/2881/713 2326/2882/713 2352/2883/713 2302/2884/713
f 2316/2885/714 2297/2886/714 2301/2887/714 2299/2888/714 2323/2889/714 2337/2890/714 2308/2891/714 2307/2892/714
f 2298/2893/715 2300/2894/715 2306/2895/715 2305/2896/715 2310/2897/715 2309/2898/715
f 2374/2899/716 2375/2900/716 2353/2901/716
f 2377/2902/717 2374/2899/717 2353/2901/717 2355/2903/717 2376/2904/717
f 2379/2905/718 2376/2904/718 2355/2903/718
f 2381/2906/719 2353/2901/719 2375/2900/719 2380/2907/719
f 2353/2908/720 2354/2909/720 2355/2910/720
f 2354/2911/721 2353/2912/721 2381/2913/721 2383/2914/721 2385/2915/721
f 2388/2916/722 2379/2905/722 2355/2903/722
f 2386/2917/723 2387/2918/723 2388/2919/723 2355/2910/723 2354/2909/723
f 2385/2915/724 2393/2920/724 2354/2911/724
f 2393/2920/725 2394/2921/725 2354/2911/725
f 2391/2922/726 2395/2923/726 2398/2924/726 2389/2925/726
f 2384/2926/727 2396/2927/727 2392/2928/727 2373/2929/727 2372/2930/727 2365/2931/727
f 2399/2932/728 2368/2933/728 2367/2934/728 2390/2935/728
f 2360/2936/694 2362/2937/694 2369/2938/694 2368/2933/694 2399/2932/694 2378/2939/694
f 2382/2940/729 2397/2941/729 2366/2942/729
f 2364/2943/730 2363/2944/730 2359/2945/730 2358/2946/730 2361/2947/730 2356/2948/730 2357/2949/730
f 2394/2950/731 2371/2951/731 2370/2952/731 2386/2708/731 2354/2953/731
f 2450/2954/732 2448/2955/732 2451/2956/732 2452/2957/732 2403/2958/732
f 2409/2959/733 2411/2960/733 2412/2961/733 2406/2962/733
f 2413/2963/734 2456/2964/734 2455/2965/734 2411/2966/734
f 2457/2967/735 2456/2964/735 2413/2963/735
f 2403/2968/736 2452/2969/736 2461/2970/736 2423/2971/736 2402/2972/736
f 2402/2973/737 2412/2974/737 2403/2975/737
f 2407/2976/738 2412/2974/738 2402/2973/738
f 2407/2977/739 2406/2962/739 2412/2961/739
f 2409/2959/740 2410/2978/740 2411/2960/740
f 2410/2979/741 2408/2980/741 2411/2981/741
f 2478/2982/742 2454/2983/742 2453/2984/742 2477/2985/742 2485/2986/742 2446/2987/742 2445/2988/742 2444/2989/742 2443/2990/742 2480/2991/742 2468/2992/742 2429/2993/742
f 2463/2994/743 2425/2995/743 2408/2980/743
f 2465/2996/744 2463/2994/744 2408/2980/744 2467/2997/744 2430/2998/744 2464/2999/744
f 2400/3000/745 2401/3001/745 2405/3002/745 2482/3003/745 2483/3004/745
f 2401/3001/746 2400/3000/746 2476/3005/746 2475/3006/746 2474/3007/746
f 2400/3008/747 2404/3009/747 2402/2973/747
f 2404/3009/748 2407/2976/748 2402/2973/748
f 2404/3009/749 2406/3010/749 2407/2976/749
f 2409/2959/750 2406/2962/750 2437/3011/750
f 2437/3012/751 2406/3013/751 2404/3014/751 2438/3015/751
f 2408/3016/752 2409/2959/752 2439/3017/752 2467/3018/752
f 2408/3016/753 2410/2978/753 2409/2959/753
f 2469/3019/754 2441/3020/754 2440/3021/754 2481/3022/754
f 2405/3023/755 2470/3024/755 2469/3019/755 2481/3022/755 2482/3025/755
f 2411/2966/756 2455/2965/756 2450/2954/756 2403/2958/756 2412/3026/756
f 2404/3027/757 2400/3000/757 2483/3004/757 2484/3028/757
f 2447/3029/758 2438/3015/758 2404/3014/758
f 2404/3014/759 2484/3030/759 2447/3029/759
f 2459/3031/760 2486/3032/760 2472/3033/760 2473/3034/760 2434/3035/760 2435/3036/760 2436/3037/760
f 2471/3038/761 2487/3039/761 2466/3040/761 2427/3041/761 2479/3042/761 2442/3043/761 2431/3044/761
f 2488/3045/694 2449/3046/694 2417/3047/694 2419/3048/694 2420/3049/694 2421/3050/694 2462/3051/694 2426/3052/694 2428/3053/694
f 2424/3054/762 2418/3055/762 2416/3056/762 2415/3057/762 2414/3058/762 2458/3059/762 2460/3060/762
f 2422/3061/763 2476/3005/763 2400/3000/763 2402/2972/763 2423/2971/763
f 2430/2998/764 2440/3062/764 2441/3063/764 2464/2999/764
f 2401/3001/765 2474/3007/765 2433/3064/765 2432/3065/765 2470/3066/765 2405/3002/765
f 2457/3067/766 2413/3068/766 2411/2981/766 2408/2980/766 2425/2995/766
f 2529/3069/767 2528/3070/767 2492/3071/767 2490/3072/767 2489/3073/767 2515/3074/767 2516/3075/767 2517/3076/767 2530/3077/767
f 2515/3074/768 2489/3073/768 2513/3078/768
f 2523/3079/769 2514/3080/769 2489/3081/769 2490/3082/769 2534/3083/769 2535/3084/769
f 2492/3085/770 2524/3086/770 2525/3087/770
f 2524/3086/771 2492/3085/771 2528/3088/771 2526/3089/771
f 2492/3071/772 2491/3090/772 2490/3072/772
f 2533/3091/773 2490/3082/773 2491/3092/773 2532/3093/773
f 2534/3083/774 2490/3082/774 2533/3091/774
f 2492/3085/775 2525/3087/775 2522/3094/775
f 2492/3085/776 2522/3094/776 2537/3095/776
f 2489/3096/777 2514/3097/777 2513/58/777
f 2491/3092/778 2538/3098/778 2532/3093/778
f 2507/3099/779 2506/3100/779 2512/3101/779 2511/3102/779 2521/3103/779 2518/3104/779 2536/3105/779 2508/3106/779
f 2496/3107/780 2494/3108/780 2495/3109/780 2499/3110/780 2509/3111/780 2519/3112/780 2531/3113/780 2498/3114/780 2497/3115/780
f 2505/3116/781 2520/3117/781 2527/3118/781 2502/3119/781 2504/3120/781
f 2501/3121/782 2500/3122/782 2503/3123/782 2493/3124/782 2510/3125/782
f 2537/3095/783 2538/3126/783 2491/3127/783 2492/3085/783
f 2539/3128/784 2548/3129/784 2547/3130/784
f 2549/3131/785 2539/3132/785 2547/3133/785
f 2540/3134/786 2539/3132/786 2549/3131/786 2552/3135/786
f 2539/3136/787 2540/3137/787 2550/3138/787 2551/3139/787
f 2551/3139/788 2548/3140/788 2539/3136/788
f 2552/3141/789 2550/3142/789 2540/3143/789
f 2543/3144/715 2541/3145/715 2542/3146/715 2545/3147/715 2544/3148/715 2546/3149/715
f 2582/3150/790 2585/3151/790 2586/3152/790 2587/3153/790 2584/3154/790
f 2553/3155/791 2556/3156/791 2591/3157/791
f 2556/3156/792 2593/3158/792 2592/3159/792 2594/3160/792 2591/3157/792
f 2594/3160/793 2592/3159/793 2597/3161/793 2599/3162/793 2601/3163/793 2595/3164/793
f 2555/3165/794 2603/3166/794 2602/3167/794
f 2603/3168/795 2555/3169/795 2554/3170/795 2574/3171/795
f 2574/3171/796 2554/3170/796 2553/3155/796
f 2553/3155/797 2554/3170/797 2556/3156/797
f 2557/3172/798 2604/3173/798 2593/3158/798 2556/3156/798
f 2556/3156/799 2554/3170/799 2557/3172/799
f 2605/3174/800 2604/3173/800 2557/3172/800
f 2606/3175/801 2555/3165/801 2602/3167/801 2609/3176/801 2607/3177/801
f 2610/3178/802 2555/3169/802 2606/3179/802
f 2610/3178/803 2611/3180/803 2554/3170/803 2555/3169/803
f 2611/3180/804 2605/3174/804 2557/3172/804 2554/3170/804
f 2577/3181/805 2608/1308/805 2598/3182/805 2565/3183/805 2566/3184/805 2575/3185/805 2576/3186/805 2581/3187/805 2580/3188/805
f 2590/3189/806 2589/3190/806 2558/3191/806 2583/3192/806 2600/3193/806 2569/3194/806 2578/3195/806 2579/3196/806 2572/3197/806 2573/3198/806
f 2570/3199/807 2568/3200/807 2560/3201/807 2561/3202/807 2588/3203/807 2596/3204/807
f 2571/3205/715 2562/3206/715 2559/3207/715 2564/3208/715 2567/3209/715
f 2553/3155/808 2591/3157/808 2586/3152/808 2585/3151/808 2563/3210/808 2574/3171/808
f 2612/3211/809 2613/3212/809 2641/3213/809
f 2639/3214/810 2640/3215/810 2612/3211/810 2641/3213/810 2642/3216/810 2637/3217/810
f 2645/3218/811 2612/3211/811 2640/3215/811 2643/3219/811
f 2646/3220/812 2612/3211/812 2645/3218/812
f 2612/3221/813 2646/3222/813 2613/3223/813
f 2614/3224/814 2613/3223/814 2646/3222/814 2652/3225/814
f 2613/3223/815 2614/3224/815 2615/3226/815
f 2613/3212/816 2615/3227/816 2647/3228/816 2641/3213/816
f 2648/3229/817 2616/3230/817 2614/3231/817
f 2614/3232/818 2658/3233/818 2648/3234/818
f 2616/3230/819 2648/3229/819 2647/3235/819 2615/3236/819
f 2655/3237/820 2649/3238/820 2650/3239/820 2660/3240/820
f 2653/3241/821 2614/3224/821 2652/3225/821
f 2615/3226/822 2614/3224/822 2616/3242/822
f 2654/3243/823 2614/3232/823 2653/3244/823
f 2655/3237/824 2656/3245/824 2658/3233/824 2614/3232/824 2654/3243/824 2649/3238/824
f 2661/3246/825 2657/2404/825 2631/3247/825
f 2663/3248/826 2662/3249/826 2651/3250/826
f 2659/3251/827 2664/3252/827 2644/3253/827 2622/3254/827 2621/3255/827 2638/3256/827
f 2634/3257/715 2626/3258/715 2625/3259/715 2624/3260/715 2623/3261/715 2617/3262/715 2633/3263/715 2632/3264/715 2635/3265/715
f 2636/3266/828 2630/3267/828 2620/3268/828 2619/3269/828 2618/3270/828 2627/3271/828 2628/3272/828 2629/3273/828
f 2715/3274/829 2700/3275/829 2702/3276/829 2704/3277/829
f 2668/3278/830 2707/3279/830 2705/3280/830 2708/3281/830 2709/3282/830
f 2668/3278/831 2710/3283/831 2707/3279/831
f 2710/3284/832 2668/3285/832 2711/3286/832
f 2714/3287/833 2665/3288/833 2724/3289/833
f 2712/3290/834 2666/3291/834 2713/3292/834
f 2713/3292/835 2666/3291/835 2665/3293/835 2714/3294/835
f 2719/3295/836 2716/3296/836 2715/3297/836 2704/3298/836
f 2668/3299/837 2721/3300/837 2720/3301/837 2667/3302/837
f 2722/3303/838 2721/3300/838 2668/3299/838 2709/3304/838
f 2711/3286/839 2668/3285/839 2667/3305/839 2712/3290/839
f 2712/3290/840 2667/3305/840 2666/3291/840
f 2727/3306/841 2665/3307/841 2686/3308/841 2728/3309/841 2730/3310/841 2725/3311/841
f 2665/3288/842 2727/3312/842 2731/3313/842 2733/3314/842 2734/3315/842 2724/3289/842
f 2665/3307/843 2666/3316/843 2667/3317/843
f 2716/3296/844 2719/3295/844 2734/3315/844 2733/3314/844
f 2723/3318/845 2735/3319/845 2738/3320/845 2729/3321/845 2717/3322/845 2718/3323/845 2688/3324/845 2689/3325/845
f 2739/3326/846 2736/3327/846 2701/3328/846 2683/3329/846 2684/3330/846 2696/3331/846 2732/3332/846
f 2693/3333/694 2726/3334/694 2740/3335/694 2697/3336/694
f 2694/3337/847 2669/3338/847 2692/3339/847 2695/3340/847
f 2672/3341/848 2737/3342/848 2741/3343/848 2703/3344/848
f 2690/3345/849 2677/3346/849 2678/3347/849 2706/3348/849 2742/3349/849 2670/3350/849
f 2667/3317/850 2720/3351/850 2687/3352/850 2686/3308/850 2665/3307/850
f 2685/3353/715 2673/3354/715 2674/3355/715 2671/3356/715 2675/3357/715 2676/3358/715 2679/3359/715 2680/3360/715 2691/3361/715 2682/3362/715 2681/3363/715 2698/3364/715 2699/3365/715
f 2775/3366/851 2744/3367/851 2776/3368/851
f 2744/3369/852 2749/3370/852 2777/3371/852 2778/3372/852 2776/3373/852
f 2783/3374/853 2777/3371/853 2749/3370/853
f 2748/3375/854 2749/3370/854 2744/3369/854
f 2750/3376/855 2749/3377/855 2748/3378/855
f 2750/3376/856 2782/3379/856 2780/3380/856 2783/3381/856 2749/3377/856
f 2784/3382/857 2744/3367/857 2775/3366/857
f 2750/3376/858 2748/3378/858 2744/3383/858
f 2799/3384/859 2743/3385/859 2744/3367/859 2784/3382/859 2785/3386/859
f 2745/3387/860 2743/3388/860 2799/3389/860 2797/3390/860 2796/3391/860 2747/3392/860
f 2750/3376/861 2787/3393/861 2782/3379/861
f 2789/3394/862 2750/3376/862 2745/3395/862 2800/3396/862
f 2787/3393/863 2750/3376/863 2789/3394/863 2788/3397/863
f 2747/3392/864 2790/3398/864 2791/3399/864
f 2747/3392/865 2792/3400/865 2793/3401/865 2795/3402/865 2790/3398/865
f 2792/3400/866 2747/3392/866 2796/3391/866
f 2746/3403/867 2745/3387/867 2747/3392/867
f 2746/3404/868 2802/3405/868 2800/3396/868 2745/3395/868
f 2791/3399/869 2802/3406/869 2746/3403/869 2747/3392/869
f 2779/3407/727 2803/3408/727 2786/3409/727 2760/3410/727 2754/3411/727 2755/3412/727
f 2756/3413/649 2753/3414/649 2757/3415/649 2781/3416/649 2804/3417/649
f 2798/3418/805 2806/3419/805 2794/3420/805 2767/3421/805 2770/3422/805
f 2801/2436/870 2774/3423/870 2766/3424/870 2765/3425/870 2769/3426/870 2768/3427/870 2807/3428/870
f 2773/3429/871 2808/3430/871 2805/3431/871 2758/3432/871 2759/3433/871 2762/3434/871 2764/3435/871 2763/3436/871
f 2771/3437/872 2761/3438/872 2752/3439/872 2751/3440/872 2772/3441/872
f 2745/3395/873 2750/3376/873 2744/3383/873 2743/3442/873
f 2815/3443/874 2814/3444/874 2816/3445/874
f 2812/3446/875 2814/3444/875 2815/3443/875
f 2817/3447/876 2814/3444/876 2818/3448/876
f 2817/3449/877 2865/3450/877 2814/3451/877
f 2865/3450/878 2866/3452/878 2868/3453/878 2867/3454/878 2814/3451/878
f 2814/3451/879 2867/3454/879 2869/3455/879 2870/3456/879 2872/3457/879
f 2814/3444/880 2872/3458/880 2873/3459/880 2816/3445/880
f 2816/3445/881 2873/3459/881 2874/3460/881 2809/3461/881
f 2816/3462/882 2809/3463/882 2877/3464/882 2875/3465/882
f 2875/3465/883 2882/3466/883 2811/3467/883 2816/3462/883
f 2810/3468/884 2816/3462/884 2811/3467/884
f 2810/3468/885 2815/3469/885 2816/3462/885
f 2812/3470/886 2815/3469/886 2810/3468/886
f 2810/3471/887 2881/3472/887 2812/3473/887
f 2818/3448/888 2881/3474/888 2879/3475/888
f 2881/3472/889 2810/3471/889 2884/3476/889
f 2880/3477/890 2818/3448/890 2879/3475/890
f 2880/3477/891 2878/3478/891 2818/3448/891
f 2885/3479/892 2886/3480/892 2862/3481/892 2887/3482/892 2888/3483/892
f 2868/3453/893 2866/3452/893 2885/3479/893 2888/3483/893
f 2891/3484/894 2863/3485/894 2862/3486/894 2886/3487/894 2893/3488/894 2890/3489/894
f 2894/3490/895 2895/3491/895 2890/3489/895 2893/3488/895
f 2897/3492/896 2899/3493/896 2896/3494/896
f 2899/3493/897 2900/3495/897 2902/3496/897 2903/3497/897 2809/3498/897 2874/3499/897 2904/3500/897 2896/3494/897
f 2877/3464/898 2809/3463/898 2903/3501/898 2905/3502/898
f 2865/3503/899 2817/3447/899 2818/3448/899 2878/3478/899
f 2883/3504/900 2860/3505/900 2911/3506/900 2810/3468/900 2882/3466/900
f 2810/3468/901 2811/3467/901 2882/3466/901
f 2884/3476/902 2810/3471/902 2911/3507/902
f 2856/3508/903 2895/3491/903 2894/3490/903 2910/3509/903
f 2876/3510/904 2912/3511/904 2908/3512/904 2859/3513/904 2832/3514/904
f 2846/3515/905 2906/3516/905 2907/3517/905 2913/3518/905 2915/3519/905 2892/3520/905 2842/3521/905
f 2845/3522/906 2916/3523/906 2871/3524/906 2827/3525/906 2822/3526/906 2823/3527/906 2889/3528/906 2864/3529/906
f 2826/3530/907 2917/3531/907 2898/3532/907 2848/3533/907 2851/3534/907 2829/3535/907 2828/3536/907 2825/3537/907
f 2849/3538/653 2820/3539/653 2914/3540/653 2901/3541/653 2850/3542/653
f 2853/3543/908 2852/3544/908 2819/3545/908 2830/3546/908 2831/3547/908 2855/3548/908 2854/3549/908
f 2840/3550/909 2838/3551/909 2839/3552/909 2844/3553/909
f 2835/3554/910 2833/3555/910 2813/3556/910 2834/3557/910 2861/3558/910 2909/3559/910 2858/3560/910 2847/3561/910 2843/3562/910 2841/3563/910 2837/3564/910 2824/3565/910 2821/3566/910 2836/3567/910
f 2910/3568/911 2860/3505/911 2883/3504/911 2857/3569/911 2856/3570/911
f 2818/3448/912 2814/3444/912 2812/3446/912 2881/3474/912
f 2935/3571/913 2924/3572/913 2937/3573/913 2936/3574/913
f 2937/3573/914 2924/3572/914 2922/3575/914 2938/3576/914
f 2922/3577/915 2919/3578/915 2923/3579/915
f 2923/3579/916 2919/3578/916 2925/3580/916
f 2923/3581/917 2925/3582/917 2920/3583/917
f 2923/3581/918 2920/3583/918 2942/3584/918 2939/3585/918
f 2942/3584/919 2920/3583/919 2943/3586/919
f 2943/3587/920 2920/3588/920 2944/3589/920
f 2920/3588/921 2918/3590/921 2931/3591/921 2944/3589/921
f 2920/3588/922 2919/3592/922 2918/3590/922
f 2920/3588/923 2925/3593/923 2919/3592/923
f 2918/3594/924 2919/3578/924 2922/3577/924 2924/3595/924
f 2923/3596/925 2939/3597/925 2938/3576/925 2922/3575/925
f 2927/3598/926 2928/3599/926 2929/3600/926 2932/3601/926 2933/3602/926 2934/3603/926 2941/3604/926 2940/3605/926 2921/3606/926 2926/3607/926
f 2930/3608/927 2931/3609/927 2918/3610/927 2924/1101/927 2935/3611/927
f 2976/3612/928 2975/3613/928 2977/3614/928 2978/3615/928
f 2979/3616/929 2947/3617/929 2980/3618/929 2977/3614/929 2975/3613/929
f 2980/3618/930 2947/3617/930 2945/3619/930 2981/3620/930
f 2945/3621/931 2982/3622/931 2981/3623/931
f 2978/3624/932 2983/3625/932 2984/3626/932 2976/3627/932
f 2985/3628/933 2984/3626/933 2983/3625/933 2986/3629/933
f 2979/3630/934 2987/3631/934 2947/3632/934
f 2948/3633/935 2947/3632/935 2987/3631/935 2988/3634/935
f 2948/3635/936 2945/3621/936 2947/3636/936
f 2982/3622/937 2945/3621/937 2946/3637/937 2989/3638/937
f 2990/3639/938 2949/1133/938 2991/3640/938
f 2991/3641/939 2949/3642/939 2948/3633/939 2992/3643/939
f 2992/3643/940 2948/3633/940 2988/3634/940 2994/3644/940 2993/3645/940
f 2993/3645/941 2994/3644/941 2996/3646/941 2995/3647/941
f 2997/3648/942 2995/3649/942 2996/3650/942 2998/3651/942
f 2998/3651/943 2985/3628/943 2986/3629/943 2997/3648/943
f 2989/3638/944 2946/3637/944 2999/3408/944
f 2946/3652/945 2949/1133/945 2990/3639/945 2999/3653/945
f 2963/3654/946 2962/3655/946 2954/3656/946 2950/3657/946 2952/3658/946 2958/3659/946 2960/3660/946 2972/3661/946 2970/3662/946 2969/3663/946
f 2949/3664/947 2946/3637/947 2945/3621/947 2948/3635/947
f 2961/3665/715 2959/3666/715 2953/3667/715 2951/3668/715 2955/3669/715 2956/3670/715 2957/3671/715 2964/3672/715 2974/3673/715 2965/3674/715 2966/3675/715 2967/3676/715 2968/3677/715 2971/3678/715 2973/3679/715
f 3004/3680/948 3025/3681/948 3026/3682/948
f 3025/3681/949 3004/3680/949 3005/3683/949 3027/3684/949
f 3027/3685/950 3005/3686/950 3029/3687/950
f 3028/3688/951 3003/3689/951 3026/3682/951
f 3030/3690/952 3032/3691/952 3004/3680/952 3028/3688/952
f 3004/3680/953 3003/3689/953 3028/3688/953
f 3026/3682/954 3003/3689/954 3004/3680/954
f 3035/3692/955 3004/3680/955 3032/3691/955 3036/3693/955 3037/3694/955 3033/3695/955
f 3039/3696/956 3001/3697/956 3004/3680/956 3035/3692/956
f 3004/3698/957 3001/3699/957 3005/3700/957
f 3005/3700/958 3001/3699/958 3002/3701/958
f 3000/3702/959 3005/3686/959 3002/3703/959
f 3005/3686/960 3000/3702/960 3040/3704/960 3029/3687/960
f 3000/3702/961 3041/3705/961 3040/3704/961
f 3042/3706/962 3041/3707/962 3000/3708/962
f 3012/3709/963 3009/3710/963 3008/3711/963 3010/3712/963 3011/3713/963 3020/3714/963 3021/3715/963 3022/3716/963 3050/3717/963 3031/3718/963
f 3001/3699/964 3039/3719/964 3046/3720/964
f 3002/3701/965 3001/3699/965 3000/3708/965
f 3019/3721/966 3018/3722/966 3034/3723/966 3047/3724/966 3045/3725/966 3024/3726/966
f 3038/3727/967 3048/3728/967 3017/3729/967
f 3013/3730/968 3014/3731/968 3051/3732/968 3049/3733/968 3015/3734/968 3016/3735/968
f 3007/3736/969 3043/3737/969 3044/3738/969 3006/3739/969
f 3000/3708/970 3001/3699/970 3046/3720/970 3023/3740/970 3042/3706/970
f 3088/3741/971 3052/3742/971 3053/3743/971 3089/3744/971
f 3089/3744/972 3053/3743/972 3092/3745/972 3090/3746/972
f 3094/3747/973 3097/3748/973 3096/3749/973
f 3086/3750/974 3098/3751/974 3096/3749/974 3097/3748/974 3099/3752/974
f 3110/3753/975 3054/3754/975 3052/3742/975
f 3054/3754/976 3053/3743/976 3052/3742/976
f 3054/3754/977 3055/3755/977 3053/3743/977
f 3055/3756/978 3100/3757/978 3101/3758/978 3053/3759/978
f 3053/3759/979 3101/3758/979 3092/3760/979
f 3102/3761/980 3105/3762/980 3107/3763/980 3106/3764/980 3108/3765/980 3104/3766/980
f 3110/3753/981 3052/3742/981 3088/3741/981 3083/3767/981 3085/3768/981 3086/3769/981 3099/3770/981
f 3112/3771/982 3054/3772/982 3110/3773/982
f 3055/3774/983 3054/3772/983 3080/3775/983 3100/3776/983
f 3111/3777/984 3115/3778/984 3107/3763/984 3105/3762/984 3113/3779/984
f 3087/3780/985 3059/3781/985 3084/3782/985 3117/3783/985 3103/3784/985 3074/3785/985 3109/3786/985
f 3078/3787/986 3072/3788/986 3073/3789/986 3119/3790/986 3093/3791/986 3071/3792/986 3070/3793/986 3114/3794/986
f 3062/3795/987 3118/3796/987 3091/3797/987
f 3061/3798/988 3056/3130/988 3058/3799/988 3057/3800/988 3060/3801/988
f 3116/3802/989 3095/3803/989 3065/3804/989 3067/3805/989 3066/3806/989 3076/3807/989 3075/3808/989 3077/3809/989
f 3069/3810/715 3068/3811/715 3063/3812/715 3064/3813/715 3082/3814/715 3079/3815/715 3081/3816/715
f 3112/3771/990 3111/3817/990 3113/3818/990 3080/3775/990 3054/3772/990
f 3160/3819/991 3126/3820/991 3163/3821/991 3161/3822/991
f 3164/3823/992 3163/3821/992 3126/3820/992
f 3164/3824/993 3126/3825/993 3167/3826/993 3165/3827/993
f 3168/3828/994 3170/3829/994 3172/3830/994 3123/3831/994 3169/3832/994
f 3123/3831/995 3126/3833/995 3160/3834/995 3169/3832/995
f 3126/3825/996 3123/3835/996 3173/3836/996 3167/3826/996
f 3174/3837/997 3173/3838/997 3123/3831/997 3120/3839/997
f 3127/3840/998 3124/3841/998 3123/3831/998 3172/3830/998 3193/3842/998
f 3121/3843/999 3178/3844/999 3175/3845/999 3177/3846/999 3174/3847/999 3120/3848/999
f 3181/3849/1000 3183/3850/1000 3121/3851/1000 3184/3852/1000 3179/3853/1000
f 3184/3852/1001 3121/3851/1001 3187/3854/1001 3185/3855/1001
f 3188/3856/1002 3187/3857/1002 3121/3858/1002
f 3121/3858/1003 3128/3859/1003 3189/3860/1003 3188/3856/1003
f 3129/3861/1004 3190/3862/1004 3189/3860/1004 3128/3859/1004
f 3191/3863/1005 3190/3862/1005 3129/3861/1005
f 3127/3864/1006 3193/3865/1006 3192/3866/1006 3191/3863/1006 3129/3861/1006
f 3124/3841/1007 3120/3839/1007 3123/3831/1007
f 3122/3867/1008 3121/3843/1008 3120/3848/1008
f 3124/3841/1009 3125/3868/1009 3120/3839/1009
f 3125/3869/1010 3129/3861/1010 3120/3870/1010
f 3129/3861/1011 3128/3859/1011 3120/3870/1011
f 3128/3859/1012 3122/3871/1012 3120/3870/1012
f 3183/3850/1013 3178/3872/1013 3121/3851/1013
f 3122/3871/1014 3128/3859/1014 3121/3858/1014
f 3125/3869/1015 3124/3873/1015 3129/3861/1015
f 3124/3873/1016 3127/3864/1016 3129/3861/1016
f 3182/3874/651 3194/3875/651 3176/3876/651 3147/3877/651 3150/3878/651
f 3197/3879/1017 3195/3880/1017 3151/3881/1017 3180/3882/1017
f 3200/3883/1018 3198/3884/1018 3148/3885/1018 3149/3886/1018 3186/3887/1018
f 3158/3888/728 3201/3889/728 3152/3890/728 3153/3891/728 3154/3892/728 3155/3893/728 3156/3894/728 3157/3895/728
f 3141/3896/694 3171/3897/694 3201/3889/694 3158/3888/694 3159/3898/694
f 3133/3899/1019 3162/3900/1019 3199/3901/1019 3130/3902/1019 3139/3903/1019 3140/3904/1019 3142/3905/1019
f 3196/3906/1020 3131/3907/1020 3134/3908/1020 3135/3909/1020 3136/3910/1020 3166/3911/1020
f 3146/3912/1021 3145/3913/1021 3132/3914/1021 3138/3915/1021 3137/3916/1021 3143/3917/1021 3144/3918/1021
f 3230/3919/1022 3231/3920/1022 3204/3921/1022 3229/3922/1022
f 3229/3922/1023 3204/3921/1023 3234/3923/1023 3232/3924/1023
f 3237/3925/1024 3235/3926/1024 3240/3927/1024
f 3202/3928/1025 3242/3929/1025 3241/3930/1025
f 3202/3931/1026 3204/3921/1026 3231/3920/1026 3243/3932/1026 3242/3933/1026
f 3204/3934/1027 3202/3935/1027 3205/3936/1027
f 3246/3937/1028 3204/3934/1028 3205/3936/1028 3245/3938/1028
f 3204/3934/1029 3246/3937/1029 3234/3939/1029
f 3248/3940/1030 3250/3941/1030 3237/3925/1030 3240/3927/1030 3252/3942/1030 3247/3943/1030
f 3247/3944/1031 3252/3945/1031 3253/3946/1031 3238/3947/1031
f 3205/3936/1032 3202/3935/1032 3203/3948/1032
f 3239/3949/1033 3205/3950/1033 3203/3951/1033
f 3256/3952/1034 3205/3950/1034 3239/3949/1034 3238/3947/1034 3253/3946/1034
f 3205/3950/1035 3256/3952/1035 3245/3953/1035
f 3227/3954/1036 3254/3955/1036 3257/3956/1036 3249/3957/1036 3221/3958/1036 3224/3959/1036
f 3215/3960/1037 3216/3961/1037 3244/3962/1037 3258/3963/1037 3255/3964/1037
f 3251/3965/1038 3259/3966/1038 3217/3967/1038 3209/3968/1038 3208/3969/1038 3207/3970/1038 3233/3971/1038 3236/3972/1038 3213/3973/1038
f 3220/3974/1039 3222/3975/1039 3206/3976/1039
f 3203/3977/1040 3202/3928/1040 3241/3930/1040 3226/3978/1040 3239/3979/1040
f 3212/3980/715 3210/3981/715 3211/3982/715 3219/3983/715 3218/3984/715 3228/3985/715 3225/3986/715 3223/3987/715 3214/3988/715
f 3263/3989/1041 3272/3990/1041 3271/3991/1041 3262/3992/1041 3261/3993/1041
f 3271/3991/1042 3273/3994/1042 3267/3995/1042 3262/3992/1042
f 3267/3996/1043 3276/3997/1043 3275/3998/1043 3269/3999/1043
f 3267/4000/1044 3273/4001/1044 3276/4002/1044
f 3262/4003/1045 3267/4004/1045 3269/4005/1045 3261/4006/1045
f 3275/4007/1046 3277/4008/1046 3272/4009/1046 3263/4010/1046
f 3275/4007/1047 3263/4010/1047 3261/4011/1047 3269/4012/1047
f 3274/4013/1048 3264/4014/1048 3265/4015/1048 3278/4016/1048
f 3266/4017/1049 3260/4018/1049 3268/4019/1049 3270/4020/1049
f 3292/4021/1050 3300/4022/1050 3295/4023/1050
f 3286/4024/1051 3301/4025/1051 3295/4023/1051 3300/4022/1051 3302/4026/1051 3289/4027/1051
f 3305/4028/1052 3289/4029/1052 3302/4030/1052 3303/4031/1052
f 3301/4032/1053 3286/4033/1053 3280/4034/1053 3296/4035/1053
f 3297/4036/1054 3282/4037/1054 3291/4038/1054 3304/4039/1054
f 3294/4040/1055 3298/4041/1055 3290/4042/1055 3288/4043/1055 3285/4044/1055
f 3284/4045/1056 3287/4046/1056 3279/4047/1056 3293/4048/1056
f 3280/4049/1057 3286/4050/1057 3289/4051/1057 3305/4052/1057 3299/4053/1057
f 3283/4054/1058 3296/4055/1058 3280/4056/1058 3299/4057/1058 3281/4058/1058
f 3312/4059/1059 3307/4060/1059 3308/4061/1059 3313/4062/1059
f 3314/4063/1060 3307/4064/1060 3312/4065/1060
f 3307/4066/1061 3314/4067/1061 3315/4068/1061 3308/4069/1061
f 3315/2268/1047 3313/4070/1047 3308/4071/1047
f 3310/4072/715 3306/4073/715 3311/4074/715 3309/4075/715
f 3318/4076/1062 3330/4077/1062 3331/4078/1062 3319/4079/1062
f 3319/4080/1063 3331/4081/1063 3332/4082/1063 3320/4083/1063
f 3320/4083/1064 3332/4082/1064 3333/4084/1064 3322/4085/1064
f 3334/4086/1065 3330/4077/1065 3318/4076/1065 3336/4087/1065
f 3337/4088/1066 3326/4089/1066 3340/4090/1066 3338/4091/1066
f 3340/4090/1067 3326/4089/1067 3322/4085/1067 3333/4084/1067
f 3339/4092/1054 3335/4093/1054 3325/4094/1054 3327/4095/1054
f 3317/4096/1068 3316/4097/1068 3324/4098/1068 3328/4099/1068 3329/4100/1068 3323/4101/1068 3321/4102/1068
f 3318/4103/1057 3319/4104/1057 3320/4105/1057 3322/4106/1057 3326/4107/1057 3337/4108/1057 3336/4109/1057
f 3353/4110/1069 3355/4111/1069 3345/4112/1069 3352/4113/1069
f 3362/4114/1053 3352/4115/1053 3345/4116/1053 3351/4117/1053 3364/4118/1053 3360/4119/1053
f 3361/4120/1054 3343/4121/1054 3359/4122/1054 3357/4123/1054
f 3354/4124/1070 3363/4125/1070 3341/4126/1070 3356/4127/1070 3358/4128/1070 3346/4129/1070
f 3344/4130/715 3342/4131/715 3347/4132/715
f 3348/4133/1057 3364/4134/1057 3351/4135/1057
f 3348/4133/1071 3351/4135/1071 3345/4112/1071 3355/4111/1071 3350/4136/1071 3349/4137/1071
f 3386/4138/1072 3372/4139/1072 3371/4140/1072 3370/4141/1072 3385/4142/1072
f 3375/4143/1073 3372/4144/1073 3386/4145/1073 3387/4146/1073 3376/4147/1073
f 3385/4142/1074 3370/4141/1074 3378/4148/1074 3388/4149/1074
f 3388/4149/1075 3378/4148/1075 3380/4150/1075
f 3388/4151/1076 3380/4152/1076 3382/4153/1076 3389/4154/1076
f 3382/4153/1077 3390/4155/1077 3391/4156/1077 3389/4154/1077
f 3375/4157/1061 3393/4158/1061 3394/4159/1061 3371/4160/1061 3372/4161/1061
f 3395/4162/1078 3376/4163/1078 3387/4164/1078
f 3395/4162/1047 3396/4165/1047 3393/4166/1047 3375/4167/1047 3376/4163/1047
f 3392/4168/1054 3383/4169/1054 3398/4170/1054
f 3397/4171/1079 3399/4172/1079 3366/4173/1079 3365/4174/1079
f 3374/4175/1080 3373/4176/1080 3379/4177/1080 3381/4178/1080 3384/4179/1080 3367/4180/1080 3369/4181/1080 3368/4182/1080 3377/4183/1080
f 3382/4184/1057 3380/4185/1057 3378/4186/1057 3370/4187/1057 3371/4160/1057 3394/4159/1057 3400/4188/1057 3390/4189/1057
f 3421/4190/1081 3402/4191/1081 3420/4192/1081
f 3405/4193/1082 3402/4191/1082 3421/4190/1082 3422/4194/1082
f 3424/4195/1083 3407/4196/1083 3405/4193/1083 3422/4194/1083
f 3407/4196/1084 3424/4195/1084 3425/4197/1084 3410/4198/1084
f 3410/4199/1085 3425/4200/1085 3426/4201/1085
f 3412/4202/1086 3410/4199/1086 3426/4201/1086 3427/4203/1086
f 3414/4204/1087 3412/4202/1087 3427/4203/1087 3428/4205/1087
f 3434/4206/1088 3414/4204/1088 3428/4205/1088 3429/4207/1088 3430/4208/1088
f 3430/4208/1089 3429/4207/1089 3431/4209/1089
f 3433/4210/1061 3420/4211/1061 3402/4212/1061 3405/4213/1061 3407/4214/1061
f 3415/4215/1090 3413/4216/1090 3411/4217/1090 3409/4218/1090 3408/4219/1090 3423/4220/1090 3432/4221/1090 3418/4222/1090
f 3404/4223/1091 3403/4224/1091 3401/4225/1091 3416/4226/1091 3417/4227/1091 3419/4228/1091 3406/4229/1091
f 3414/4230/1057 3434/4231/1057 3433/4210/1057 3407/4214/1057 3410/4232/1057 3412/4233/1057
f 3438/4234/1092 3437/4235/1092 3456/4236/1092 3461/4237/1092 3440/4238/1092
f 3464/4239/1093 3442/4240/1093 3465/4241/1093
f 3448/4242/1094 3447/4243/1094 3446/4244/1094 3442/4240/1094 3464/4239/1094 3445/4245/1094
f 3455/4246/1095 3457/4247/1095 3456/4236/1095 3437/4235/1095 3450/4248/1095 3454/4249/1095
f 3455/4246/1096 3458/4250/1096 3457/4247/1096
f 3446/4251/1097 3440/4252/1097 3461/4253/1097 3460/4254/1097 3465/4255/1097 3442/4256/1097
f 3447/4257/1098 3438/4258/1098 3440/4252/1098 3446/4251/1098
f 3450/4259/1099 3437/4260/1099 3438/4261/1099 3447/4243/1099 3448/4242/1099 3445/4245/1099
f 3460/4254/1100 3462/4262/1100 3465/4255/1100
f 3464/4239/1101 3454/4263/1101 3450/4259/1101 3445/4245/1101
f 3451/4264/1102 3459/4265/1102 3463/4266/1102 3435/4267/1102 3439/4268/1102 3441/4269/1102
f 3449/4270/1103 3443/4271/1103 3444/4272/1103 3436/4273/1103 3453/4274/1103 3452/4275/1103
f 3471/4276/1104 3478/4277/1104 3477/4278/1104 3483/4279/1104 3480/4280/1104 3479/4281/1104
f 3480/4280/1105 3483/4279/1105 3481/4282/1105
f 3484/4283/1106 3471/4284/1106 3479/4285/1106
f 3471/4284/1107 3484/4283/1107 3485/4286/1107 3487/4287/1107 3478/4288/1107
f 3486/4289/1108 3489/4290/1108 3488/4291/1108
f 3468/4292/1109 3490/4293/1109 3482/4294/1109 3474/4295/1109 3472/4296/1109 3473/4297/1109
f 3476/4209/715 3466/4298/715 3469/4299/715 3467/4300/715 3470/4301/715 3475/4302/715
f 3493/4303/1110 3500/4304/1110 3501/4305/1110
f 3504/4306/1111 3500/4307/1111 3493/4308/1111 3497/4309/1111
f 3503/4310/1112 3504/4311/1112 3497/4312/1112
f 3497/4312/1113 3505/4313/1113 3503/4310/1113
f 3493/4303/1114 3506/4314/1114 3505/4315/1114 3497/4316/1114
f 3496/4317/1115 3491/4318/1115 3492/4319/1115 3498/4320/1115 3502/4321/1115 3495/4322/1115 3494/4323/1115
f 3506/4314/1116 3493/4303/1116 3501/4305/1116 3499/4324/1116
f 3516/4325/1117 3513/4326/1117 3514/4327/1117 3512/4328/1117 3511/4329/1117 3518/4330/1117
f 3516/4331/1097 3515/4332/1097 3513/4333/1097
f 3513/4333/1113 3515/4332/1113 3514/4334/1113
f 3517/4335/1118 3511/4336/1118 3512/4337/1118 3514/4338/1118 3515/4339/1118
f 3518/4340/1106 3511/4336/1106 3517/4335/1106
f 3510/4341/715 3509/4342/715 3507/4343/715 3508/4344/715
f 3556/4345/1119 3544/4346/1119 3523/4347/1119
f 3527/4348/1120 3540/4349/1120 3541/4350/1120 3551/4351/1120 3543/4352/1120 3542/4353/1120
f 3545/4354/1121 3546/4355/1121 3531/4356/1121 3523/4347/1121 3544/4346/1121
f 3531/4356/1122 3546/4355/1122 3547/4357/1122
f 3536/4358/1123 3531/4356/1123 3547/4357/1123 3548/4359/1123 3550/4360/1123 3549/4361/1123
f 3552/4362/1124 3551/4351/1124 3541/4350/1124
f 3550/4360/1125 3548/4359/1125 3553/4363/1125
f 3523/4364/1126 3531/4365/1126 3536/4366/1126 3555/4367/1126 3556/4368/1126
f 3540/4369/1106 3527/4370/1106 3558/4371/1106 3555/4367/1106 3536/4366/1106 3549/4372/1106
f 3559/4373/1107 3558/4371/1107 3527/4370/1107 3542/4374/1107
f 3557/4375/946 3519/4376/946 3520/4377/946 3560/4378/946
f 3539/4379/1127 3537/4380/1127 3534/4381/1127 3532/4382/1127 3533/4383/1127 3524/4384/1127 3522/4385/1127 3521/4386/1127 3526/4387/1127 3530/4388/1127 3528/4389/1127
f 3538/4390/1128 3554/4391/1128 3529/4392/1128 3525/4393/1128 3535/4394/1128
f 3570/4395/1129 3579/4396/1129 3571/4397/1129
f 3561/4398/1130 3573/4399/1130 3574/4400/1130
f 3575/4401/1131 3573/4399/1131 3561/4398/1131 3577/4402/1131
f 3578/4403/1132 3577/4402/1132 3561/4398/1132
f 3561/4404/1133 3579/4396/1133 3570/4395/1133 3578/4405/1133
f 3579/4406/1134 3561/4398/1134 3574/4400/1134
f 3567/4407/715 3568/4408/715 3562/4409/715 3572/4410/715 3576/4411/715
f 3564/4412/1135 3566/4413/1135 3563/4414/1135 3569/4415/1135 3565/4416/1135
f 3617/4417/1136 3583/4418/1136 3603/4419/1136
f 3600/4420/1137 3603/4419/1137 3583/4418/1137 3602/4421/1137
f 3602/4422/1138 3583/4423/1138 3585/4424/1138 3604/4425/1138
f 3585/4424/1139 3605/4426/1139 3604/4425/1139
f 3605/4426/1140 3585/4424/1140 3593/4427/1140 3606/4428/1140
f 3608/4429/1141 3607/4430/1141 3617/4431/1141 3618/4432/1141
f 3583/4433/1142 3617/4431/1142 3585/4434/1142
f 3597/4435/1143 3593/4436/1143 3617/4431/1143 3607/4430/1143 3610/4437/1143 3598/4438/1143
f 3593/4436/1144 3585/4434/1144 3617/4431/1144
f 3597/4439/1145 3611/4440/1145 3606/4441/1145 3593/4442/1145
f 3598/4443/1146 3612/4444/1146 3611/4440/1146 3597/4439/1146
f 3610/4445/1147 3613/4446/1147 3612/4444/1147 3598/4443/1147
f 3582/4447/1148 3587/4448/1148 3601/4449/1148 3615/4450/1148 3609/4451/1148 3596/4452/1148
f 3595/4453/1149 3616/4454/1149 3614/4455/1149 3599/4456/1149 3594/4457/1149
f 3592/4458/715 3581/4459/715 3584/4460/715 3586/4461/715 3580/4462/715 3588/4463/715 3589/4464/715 3590/4465/715 3591/4466/715
f 3624/4467/1150 3620/4468/1150 3640/4469/1150 3639/4470/1150
f 3640/4469/1151 3620/4468/1151 3621/4471/1151 3641/4472/1151
f 3644/4473/1152 3630/4474/1152 3629/4475/1152 3628/4476/1152 3643/4477/1152
f 3624/4467/1153 3632/4478/1153 3620/4468/1153
f 3633/4479/1154 3620/4480/1154 3637/4481/1154 3634/4482/1154
f 3621/4471/1155 3642/4483/1155 3641/4472/1155
f 3637/4484/1156 3620/4468/1156 3632/4478/1156
f 3621/4485/1157 3635/4486/1157 3630/4487/1157 3644/4488/1157 3645/4489/1157
f 3642/4490/1158 3621/4485/1158 3645/4489/1158
f 3637/4491/1159 3646/4492/1159 3643/4493/1159 3628/4494/1159 3634/4495/1159
f 3624/4496/1145 3639/4497/1145 3646/4492/1145 3637/4491/1145 3632/4498/1145
f 3636/4499/1160 3629/4500/1160 3630/4501/1160 3635/4502/1160
f 3634/4482/1161 3628/4503/1161 3629/4500/1161 3636/4499/1161 3633/4479/1161
f 3638/4504/715 3631/4505/715 3627/4506/715 3619/4507/715 3622/4508/715 3623/4509/715 3625/4510/715 3626/4511/715
f 3635/4486/1162 3621/4485/1162 3620/4512/1162 3633/4513/1162 3636/4514/1162
f 3652/4515/1163 3653/4516/1163 3660/4517/1163 3659/4518/1163 3650/4519/1163
f 3655/4520/1164 3661/4521/1164 3660/4517/1164 3653/4516/1164
f 3661/4522/1165 3655/4523/1165 3664/4524/1165 3662/4525/1165
f 3650/4526/1166 3659/4527/1166 3665/4528/1166
f 3668/4529/1160 3666/4530/1160 3664/4524/1160 3655/4523/1160 3653/4531/1160 3652/4532/1160
f 3665/4533/1161 3668/4529/1161 3652/4532/1161 3650/4534/1161
f 3663/4535/1135 3657/4536/1135 3667/4537/1135
f 3658/4538/715 3648/4539/715 3649/4540/715 3647/4541/715 3651/4542/715 3654/4543/715 3656/4544/715
f 3672/4545/1167 3669/4546/1167 3671/4547/1167
f 3673/4548/1168 3671/4547/1168 3669/4546/1168
f 3669/3337/1169 3670/4549/1169 3673/4550/1169
f 3670/4549/1170 3674/4551/1170 3673/4550/1170
f 3669/4552/1171 3672/4553/1171 3670/4554/1171
f 3675/4555/1172 3674/4556/1172 3670/4554/1172 3672/4553/1172
f 3673/4557/1173 3674/4558/1173 3675/4559/1173 3671/4560/1173
f 3672/4561/1174 3671/4560/1174 3675/4559/1174
f 3690/4562/1175 3691/4563/1175 3677/4564/1175
f 3692/4565/1176 3677/4566/1176 3691/4567/1176
f 3693/4568/1177 3690/4562/1177 3677/4564/1177 3695/4569/1177
f 3696/4570/1178 3676/4571/1178 3677/4566/1178 3692/4565/1178 3697/4572/1178
f 3698/4573/1179 3677/4564/1179 3676/4574/1179 3699/4575/1179
f 3677/4564/1180 3698/4573/1180 3695/4569/1180
f 3676/4576/1181 3696/4577/1181 3700/4578/1181 3701/4579/1181 3703/4580/1181
f 3676/4576/1182 3703/4580/1182 3699/4581/1182
f 3683/4582/1183 3684/4583/1183 3680/4584/1183 3679/4585/1183 3678/4586/1183 3694/4587/1183 3702/4588/1183 3688/4589/1183
f 3681/4590/715 3682/4591/715 3685/4592/715 3686/4593/715 3689/4594/715 3687/4595/715
f 3710/4596/1184 3708/4597/1184 3709/4598/1184
f 3726/4599/1185 3709/4598/1185 3708/4597/1185 3727/4600/1185
f 3709/4598/1186 3726/4599/1186 3728/4601/1186
f 3709/4598/1187 3706/4602/1187 3707/4603/1187
f 3714/4604/1188 3710/4596/1188 3709/4598/1188 3707/4603/1188
f 3707/4605/1189 3715/4606/1189 3714/4607/1189
f 3729/4608/1190 3708/4609/1190 3710/4610/1190 3730/4611/1190
f 3727/4612/1191 3708/4609/1191 3729/4608/1191
f 3706/4613/1192 3718/4614/1192 3707/4605/1192
f 3723/4615/1193 3720/4616/1193 3721/4617/1193 3722/4618/1193 3715/4606/1193 3707/4605/1193 3718/4614/1193
f 3733/4619/1194 3720/4616/1194 3723/4615/1194 3732/4620/1194
f 3734/4621/1195 3721/4622/1195 3720/4623/1195 3733/4624/1195
f 3722/4625/1196 3721/4622/1196 3734/4621/1196 3735/4626/1196
f 3722/4618/1174 3735/4627/1174 3730/4628/1174 3710/4629/1174 3714/4607/1174 3715/4606/1174
f 3713/4630/715 3711/4631/715 3712/4632/715 3716/4633/715 3717/4634/715 3705/4635/715 3704/4636/715 3725/4637/715 3724/4638/715 3731/4639/715
f 3718/4614/1173 3719/4640/1173 3732/4620/1173 3723/4615/1173
f 3728/4601/1197 3719/4641/1197 3718/4642/1197 3706/4602/1197 3709/4598/1197
f 3756/4643/1198 3758/4644/1198 3742/4645/1198
f 3756/4643/1199 3742/4645/1199 3741/4646/1199 3755/4647/1199
f 3755/4647/1200 3741/4646/1200 3739/4648/1200 3747/4649/1200 3757/4650/1200
f 3748/4651/1201 3747/4649/1201 3739/4648/1201
f 3748/4652/1202 3739/4653/1202 3754/4654/1202 3749/4655/1202
f 3751/4656/1203 3742/4645/1203 3758/4644/1203 3759/4657/1203
f 3742/4645/1204 3751/4656/1204 3752/4658/1204 3741/4646/1204
f 3741/4646/1205 3752/4658/1205 3753/4659/1205 3739/4648/1205
f 3740/4660/1206 3754/4654/1206 3739/4653/1206
f 3753/4661/1207 3740/4662/1207 3739/4663/1207
f 3754/4664/1208 3740/4662/1208 3753/4661/1208
f 3762/4665/1209 3761/4666/1209 3760/4667/1209 3750/4668/1209 3743/4669/1209 3745/4670/1209 3744/4671/1209 3746/4672/1209
f 3749/4673/1173 3736/4674/1173 3737/4675/1173 3757/4676/1173 3747/4677/1173 3748/4678/1173
f 3738/4679/1174 3736/4674/1174 3749/4673/1174 3754/4680/1174 3753/4681/1174 3752/4682/1174 3751/4683/1174 3759/4684/1174
f 3766/4685/1210 3775/4686/1210 3774/4687/1210
f 3770/4688/1211 3764/4689/1211 3778/4690/1211 3775/4686/1211 3766/4685/1211
f 3780/4691/1212 3778/4692/1212 3764/4693/1212 3779/4694/1212
f 3779/4694/1213 3764/4693/1213 3776/4695/1213
f 3770/4696/1174 3766/4697/1174 3774/4698/1174 3782/4699/1174 3769/4700/1174
f 3768/4701/1214 3777/4702/1214 3783/4703/1214 3781/4704/1214 3772/4705/1214
f 3763/4706/715 3765/4707/715 3767/4708/715 3771/4709/715 3773/4710/715
f 3764/4693/1215 3770/4711/1215 3769/4712/1215 3776/4695/1215
f 3786/4713/1216 3787/4714/1216 3788/4715/1216
f 3786/4713/1217 3788/4715/1217 3789/4716/1217 3790/4717/1217
f 3790/4717/1218 3791/4718/1218 3786/4713/1218
f 3792/4719/1219 3787/4720/1219 3786/4721/1219 3791/4722/1219
f 3792/4719/1220 3791/4722/1220 3793/4723/1220
f 3793/4723/1221 3791/4722/1221 3794/4724/1221 3795/4725/1221
f 3800/4726/1222 3795/4725/1222 3794/4724/1222 3796/4727/1222 3799/4728/1222
f 3784/4729/1223 3801/4730/1223 3799/4731/1223 3796/4732/1223
f 3791/4733/1174 3790/4734/1174 3789/4735/1174 3784/4736/1174 3796/4737/1174 3794/4738/1174
f 3797/4739/715 3785/4740/715 3798/4741/715
f 3788/4742/1173 3787/4743/1173 3792/4744/1173 3793/4745/1173 3795/4746/1173 3800/4747/1173 3801/4748/1173 3784/4736/1173 3789/4735/1173
f 3807/4749/1224 3804/4750/1224 3808/4751/1224
f 3819/4752/1225 3803/4753/1225 3809/4754/1225 3818/4755/1225
f 3812/4756/1226 3809/4754/1226 3803/4753/1226 3805/4757/1226
f 3805/4757/1227 3806/4758/1227 3812/4756/1227
f 3805/4759/1228 3804/4750/1228 3806/4760/1228
f 3803/4753/1229 3804/4761/1229 3805/4757/1229
f 3823/4762/1230 3813/4763/1230 3808/4751/1230 3804/4750/1230 3803/4764/1230
f 3822/4765/1231 3823/4766/1231 3803/4767/1231 3824/4768/1231 3820/4769/1231
f 3803/4767/1232 3819/4770/1232 3824/4768/1232
f 3821/4771/1233 3825/4772/1233 3827/331/1233 3814/4773/1233 3816/4774/1233
f 3811/4775/715 3810/4776/715 3826/4777/715 3815/4778/715 3817/4779/715
f 3806/4760/1173 3807/4749/1173 3808/4751/1173 3813/4763/1173 3802/4780/1173 3818/4781/1173 3809/4782/1173 3812/4783/1173
f 3804/4750/1234 3807/4749/1234 3806/4760/1234
f 3838/4784/1235 3839/4785/1235 3829/4786/1235
f 3840/4787/1236 3838/4784/1236 3829/4786/1236
f 3839/4785/1237 3841/4788/1237 3829/4786/1237
f 3829/4789/1238 3841/4790/1238 3843/4791/1238 3828/4792/1238
f 3829/4786/1239 3828/4793/1239 3844/863/1239 3840/4787/1239
f 3828/4794/1240 3847/4795/1240 3845/4796/1240 3844/4797/1240
f 3847/4798/1241 3828/4792/1241 3843/4791/1241
f 3834/4799/1242 3842/4800/1242 3846/4801/1242 3837/4802/1242
f 3833/3166/1243 3831/4803/1243 3830/4804/1243 3832/4805/1243 3835/4806/1243 3836/4807/1243
f 3863/4808/1244 3852/4809/1244 3864/4810/1244
f 3852/4809/1245 3863/4808/1245 3865/4811/1245
f 3864/4810/1246 3852/4809/1246 3851/4812/1246 3866/4813/1246
f 3857/4814/1247 3851/4812/1247 3852/4809/1247
f 3859/4815/1248 3851/4816/1248 3857/4817/1248 3858/4818/1248
f 3873/4819/1249 3871/4820/1249 3862/4821/1249 3859/4822/1249 3858/4823/1249
f 3852/4824/1250 3865/4825/1250 3874/4826/1250 3873/4819/1250 3858/4823/1250 3857/4827/1250
f 3853/4828/1251 3854/4829/1251 3856/4830/1251 3870/4831/1251 3868/4832/1251 3872/4833/1251 3849/4834/1251 3850/4835/1251 3855/4836/1251
f 3869/4837/715 3848/4838/715 3867/4839/715
f 3861/4840/1252 3860/4841/1252 3866/4842/1252 3851/4816/1252 3859/4815/1252 3862/4843/1252
f 3886/4844/1253 3887/4845/1253 3880/4846/1253 3879/4847/1253
f 3888/4848/1254 3883/4849/1254 3880/4846/1254 3887/4845/1254
f 3889/4850/1255 3875/4851/1255 3883/4852/1255 3888/4853/1255
f 3879/4854/1256 3876/4855/1256 3894/4856/1256 3886/4857/1256
f 3884/4858/1257 3882/4859/1257 3881/4860/1257 3895/4861/1257 3891/4862/1257 3890/4863/1257 3885/4864/1257
f 3893/4865/1258 3892/4866/1258 3878/2333/1258
f 3875/4867/1259 3877/4868/1259 3876/4869/1259 3879/4870/1259 3880/4871/1259 3883/4872/1259
f 3904/4873/1260 3905/4874/1260 3903/4875/1260 3898/4876/1260
f 3904/4877/1261 3898/4878/1261 3907/4879/1261 3906/4880/1261
f 3907/4879/1262 3898/4878/1262 3919/4881/1262 3920/4882/1262 3921/4883/1262 3923/4884/1262
f 3912/4885/1263 3935/4886/1263 3925/4887/1263 3924/4888/1263
f 3912/4885/1264 3924/4888/1264 3927/4889/1264 3929/4890/1264 3898/4876/1264 3916/4891/1264
f 3898/4876/1265 3903/4875/1265 3918/4892/1265 3916/4891/1265
f 3919/4893/1266 3898/4876/1266 3929/4890/1266
f 3930/4894/1249 3896/4895/1249 3906/4896/1249 3907/4897/1249 3923/4898/1249
f 3896/4895/1267 3905/4899/1267 3904/4900/1267 3906/4896/1267
f 3933/4901/1268 3935/4902/1268 3934/4903/1268 3931/4904/1268
f 3930/4905/1269 3934/4903/1269 3935/4902/1269 3912/4906/1269 3916/4907/1269 3918/4908/1269 3896/4909/1269
f 3905/4899/1270 3896/4895/1270 3918/4910/1270 3903/4911/1270
f 3926/4912/1037 3928/4913/1037 3913/4914/1037
f 3914/4915/1271 3902/4916/1271 3901/4917/1271 3932/4918/1271 3922/4919/1271 3909/4920/1271 3908/4921/1271 3917/4922/1271 3915/4923/1271
f 3899/4924/715 3900/4925/715 3897/4926/715 3911/4927/715 3910/4928/715
f 3942/4929/1272 3943/4930/1272 3960/4931/1272 3961/4932/1272
f 3942/4929/1273 3961/4932/1273 3962/4933/1273 3946/4934/1273
f 3948/4935/1274 3949/4936/1274 3938/4937/1274 3950/4938/1274
f 3960/4939/1275 3943/4940/1275 3950/4938/1275 3938/4937/1275 3963/4941/1275
f 3964/4942/1276 3963/4943/1276 3938/4944/1276 3937/4945/1276
f 3964/4942/1277 3937/4945/1277 3965/4946/1277
f 3965/4946/1278 3937/4945/1278 3966/4947/1278
f 3938/4937/1279 3949/4936/1279 3956/4948/1279 3955/4949/1279
f 3937/4950/1280 3938/4937/1280 3955/4949/1280
f 3966/4951/1281 3937/4952/1281 3959/4953/1281 3957/4954/1281 3967/4955/1281
f 3937/4956/1282 3955/4957/1282 3956/4958/1282 3936/4959/1282 3959/4960/1282
f 3936/4959/1283 3957/4961/1283 3959/4960/1283
f 3936/4959/1284 3967/4962/1284 3957/4961/1284
f 3943/4963/1285 3942/4964/1285 3946/4965/1285 3948/4966/1285 3950/4967/1285
f 3968/4968/1270 3969/4969/1270 3936/4959/1270 3956/4958/1270 3949/4970/1270 3948/4971/1270 3946/4972/1270 3962/4973/1270
f 3969/4969/1286 3970/4974/1286 3936/4959/1286
f 3958/4975/1287 3941/4976/1287 3939/4977/1287 3940/4978/1287 3947/4979/1287 3945/4980/1287 3944/4981/1287 3951/4982/1287 3952/4983/1287 3953/4984/1287 3954/4985/1287
f 3967/4962/1288 3936/4959/1288 3970/4974/1288
f 3984/4986/1289 3977/4987/1289 3978/4988/1289 3974/4989/1289 3983/4990/1289
f 3983/4990/1290 3974/4989/1290 3985/4991/1290
f 3985/4991/1291 3974/4989/1291 3988/4992/1291 3986/4993/1291
f 3989/4994/1292 3988/4995/1292 3974/4996/1292
f 3974/4997/1293 3978/4998/1293 3992/4999/1293 3990/5000/1293 3989/5001/1293
f 3993/5002/1283 3992/4999/1283 3978/4998/1283 3977/5003/1283
f 3984/5004/1294 3993/5002/1294 3977/5003/1294
f 3987/5005/1037 3991/5006/1037 3972/5007/1037 3973/5008/1037 3976/5009/1037 3975/5010/1037 3979/5011/1037
f 3971/5012/1243 3980/5013/1243 3981/5014/1243 3982/5015/1243
f 4001/5016/1295 4002/5017/1295 4003/5018/1295
f 4004/5019/1296 3999/5020/1296 4001/5016/1296 4003/5018/1296
f 4001/5016/1297 3999/5020/1297 4000/5021/1297
f 4001/5022/1298 4000/5023/1298 4018/5024/1298 4019/5025/1298
f 4002/5026/1299 4001/5022/1299 4019/5025/1299 4020/5027/1299
f 4021/5028/1300 4022/5029/1300 3999/5030/1300 4004/5031/1300 4008/5032/1300
f 3999/5033/1301 4040/5034/1301 4026/5035/1301 4018/5024/1301
f 4018/5024/1302 4000/5023/1302 3999/5033/1302
f 4040/5036/1303 3999/5030/1303 4022/5029/1303 4023/5037/1303 4024/5038/1303 4025/5039/1303
f 4027/5040/1304 4026/5035/1304 4040/5034/1304
f 4029/5041/1305 4040/5036/1305 4025/5039/1305
f 4008/5042/1306 4031/5043/1306 4032/5044/1306 4034/5045/1306 4035/5046/1306 4021/5047/1306
f 4002/5017/1307 4020/5048/1307 4031/5043/1307 4008/5042/1307 4004/5019/1307 4003/5018/1307
f 3997/5049/1308 4033/5050/1308 4037/5051/1308 4036/5052/1308
f 4028/5053/946 4038/5054/946 3996/5055/946 3995/5056/946 4007/5057/946 4006/5058/946 4005/5059/946 4012/5060/946
f 4039/5061/1309 4016/5062/1309 4011/5063/1309 4030/5064/1309
f 4009/5065/1310 3998/5066/1310 3994/5067/1310 4017/5068/1310 4015/5069/1310 4014/5070/1310 4013/5071/1310 4010/5072/1310
f 4045/5073/1311 4049/5074/1311 4043/5075/1311 4044/5076/1311
f 4043/5077/1312 4041/5078/1312 4044/5079/1312
f 4041/5078/1313 4046/5080/1313 4047/5081/1313 4044/5079/1313
f 4048/5082/1314 4042/5083/1314 4043/5075/1314 4049/5074/1314
f 4051/5084/1315 4046/5080/1315 4041/5078/1315 4048/5085/1315 4050/5086/1315
f 4048/5085/1316 4041/5078/1316 4042/5087/1316
f 4042/5087/1317 4041/5078/1317 4043/5077/1317
f 4049/5088/1318 4050/5089/1318 4048/5090/1318
f 4044/5091/1319 4047/5092/1319 4046/5093/1319 4051/5094/1319
f 4044/5091/1320 4051/5094/1320 4050/5089/1320 4049/5088/1320 4045/5095/1320
f 4053/5096/1321 4055/5097/1321 4078/5098/1321 4077/5099/1321
f 4078/5098/1322 4055/5097/1322 4079/5100/1322
f 4082/5101/1323 4080/5102/1323 4083/5103/1323
f 4084/5104/1324 4053/5105/1324 4077/5106/1324 4082/5101/1324 4083/5103/1324
f 4055/5097/1325 4053/5096/1325 4054/5107/1325
f 4084/5108/1326 4085/5109/1326 4053/5110/1326
f 4079/5100/1327 4055/5097/1327 4073/5111/1327 4089/5112/1327
f 4055/5113/1328 4054/5114/1328 4071/5115/1328
f 4055/5113/1329 4071/5115/1329 4076/5116/1329 4075/5117/1329 4073/5118/1329
f 4070/5119/1330 4090/5120/1330 4072/5121/1330
f 4075/5117/1318 4091/5122/1318 4089/3545/1318 4073/5118/1318
f 4071/5115/1307 4072/5121/1307 4090/5120/1307 4092/5123/1307 4093/5124/1307 4095/5125/1307 4076/5116/1307
f 4091/5122/1320 4075/5117/1320 4076/5116/1320 4095/5125/1320
f 4052/5126/1331 4088/5127/1331 4087/5128/1331 4086/5129/1331 4067/5130/1331 4066/5131/1331 4064/5132/1331 4081/5133/1331 4094/5134/1331 4057/5135/1331
f 4060/5136/715 4061/5137/715 4062/5138/715 4074/5139/715 4056/5140/715 4059/5141/715 4058/5142/715 4063/5143/715 4065/5144/715
f 4054/5145/1332 4053/5110/1332 4085/5109/1332 4068/5146/1332 4069/5147/1332 4070/5148/1332 4072/5149/1332 4071/5150/1332
f 4110/5151/1333 4099/5152/1333 4108/5153/1333
f 4111/5154/1334 4113/5155/1334 4110/5156/1334
f 4109/5157/1335 4114/5158/1335 4112/5159/1335 4100/5160/1335
f 4102/5161/1336 4115/5162/1336 4105/5163/1336 4107/5164/1336 4103/5165/1336
f 4104/5166/715 4096/5167/715 4101/5168/715 4106/5169/715
f 4110/5170/1337 4113/5171/1337 4098/5172/1337 4097/5173/1337 4099/5174/1337
f 4133/5175/1338 4134/5176/1338 4123/5177/1338
f 4123/5178/1339 4134/5179/1339 4135/5180/1339 4125/5181/1339 4126/5182/1339 4127/5183/1339
f 4136/5184/1340 4130/5185/1340 4125/5181/1340 4135/5180/1340
f 4145/5186/1341 4130/5187/1341 4136/5188/1341 4137/5189/1341
f 4139/5190/1342 4116/5191/1342 4140/5192/1342
f 4145/5193/1343 4141/5194/1343 4140/5192/1343 4116/5191/1343 4126/5195/1343 4125/5196/1343 4130/5197/1343
f 4139/5190/1344 4143/5198/1344 4116/5191/1344
f 4126/5199/1345 4116/5200/1345 4143/5201/1345 4144/5202/1345 4127/5203/1345
f 4127/5203/1346 4144/5202/1346 4133/5175/1346 4123/5177/1346
f 4138/5204/1347 4142/5205/1347 4131/5206/1347
f 4124/5207/715 4122/5208/715 4121/5209/715 4120/5210/715 4117/5211/715 4118/5212/715 4119/5213/715 4132/5214/715 4129/5215/715 4128/5216/715
f 4157/5217/1348 4149/5218/1348 4150/5219/1348
f 4158/5220/1349 4157/5217/1349 4150/5219/1349 4152/5221/1349
f 4158/5220/1350 4152/5221/1350 4153/5222/1350 4162/5223/1350
f 4159/5224/1351 4162/4393/1351 4153/5225/1351 4161/5226/1351
f 4157/5227/1352 4163/5228/1352 4165/5229/1352 4149/5230/1352
f 4153/5231/1346 4152/5232/1346 4150/5233/1346 4149/5230/1346 4165/5229/1346 4161/5234/1346
f 4156/5235/1258 4147/5236/1258 4164/5237/1258 4160/5238/1258
f 4154/5239/1353 4155/5240/1353 4146/5241/1353 4148/5242/1353 4151/5243/1353
f 4184/5244/1354 4185/5245/1354 4182/5246/1354
f 4186/5247/1355 4187/5248/1355 4185/5245/1355 4184/5244/1355
f 4173/5249/1356 4189/5250/1356 4188/5251/1356 4187/5248/1356 4186/5247/1356 4190/5252/1356 4175/5253/1356
f 4189/5254/1357 4173/5255/1357 4177/5256/1357
f 4191/5257/1358 4181/5258/1358 4190/5259/1358
f 4175/5260/1359 4190/5259/1359 4181/5258/1359
f 4179/5261/1360 4194/5262/1360 4193/5263/1360
f 4173/5264/1346 4175/5265/1346 4181/5266/1346 4191/5267/1346 4194/5262/1346 4179/5261/1346 4177/5268/1346
f 4192/5269/1361 4183/5270/1361 4169/5271/1361 4170/5272/1361 4172/5273/1361 4174/5274/1361
f 4176/5275/1362 4171/5276/1362 4168/5277/1362 4167/5278/1362 4178/5279/1362 4166/5280/1362 4180/5281/1362
f 4193/5282/1363 4189/5254/1363 4177/5256/1363 4179/5283/1363
f 4226/5284/1364 4229/5285/1364 4208/5286/1364 4206/5287/1364
f 4203/5288/1365 4201/5289/1365 4224/5290/1365 4225/5291/1365 4202/5292/1365
f 4205/5293/1366 4202/5292/1366 4225/5291/1366 4226/5294/1366 4206/5295/1366
f 4212/5296/1367 4232/5297/1367 4230/5298/1367 4233/5299/1367
f 4234/5300/1368 4227/5301/1368 4228/5302/1368 4235/5303/1368
f 4212/5296/1369 4208/5304/1369 4229/5305/1369 4235/5303/1369 4228/5302/1369 4232/5297/1369
f 4203/5288/1343 4236/5306/1343 4221/5307/1343 4200/5308/1343 4201/5289/1343
f 4237/5309/1370 4236/5310/1370 4203/5311/1370 4202/5312/1370 4205/5313/1370
f 4233/5314/1346 4237/5309/1346 4205/5313/1346 4206/5287/1346 4208/5286/1346 4212/5315/1346
f 4231/5316/1258 4222/5317/1258 4196/5318/1258 4197/5319/1258 4213/5320/1258
f 4215/5321/1371 4219/5322/1371 4223/5323/1371 4210/5324/1371 4211/5325/1371 4217/5326/1371
f 4220/5327/1372 4195/5328/1372 4218/5329/1372
f 4209/5330/715 4207/5331/715 4204/5332/715 4198/5333/715 4214/5334/715 4216/5335/715
f 4234/5336/1373 4224/5337/1373 4201/5338/1373 4200/5339/1373 4199/5340/1373 4227/5341/1373
f 4247/5342/1374 4248/5343/1374 4239/5344/1374
f 4241/5345/1375 4239/5344/1375 4248/5343/1375
f 4242/5346/1376 4241/5347/1376 4248/5348/1376 4245/5349/1376
f 4246/5350/1377 4242/5346/1377 4245/5349/1377
f 4242/5351/1346 4246/5352/1346 4247/5353/1346 4239/5354/1346 4241/5355/1346
f 4240/5356/715 4238/5357/715 4244/5358/715 4243/5359/715
f 4259/5360/1378 4251/5361/1378 4271/5362/1378 4260/5363/1378
f 4264/5364/1379 4262/5365/1379 4265/5366/1379
f 4268/5367/1380 4251/5368/1380 4259/5369/1380 4264/5370/1380 4265/5371/1380 4266/5372/1380
f 4271/5362/1381 4251/5361/1381 4268/5373/1381
f 4263/5374/1382 4269/5375/1382 4267/5376/1382 4256/5377/1382
f 4270/5378/1383 4261/5379/1383 4250/5380/1383 4258/5381/1383 4257/5382/1383
f 4253/5383/715 4249/5384/715 4254/5385/715 4255/5386/715 4252/5387/715
f 4278/5388/1384 4280/5389/1384 4285/5390/1384
f 4280/5391/1385 4281/5392/1385 4283/5393/1385 4285/5394/1385
f 4286/5395/1386 4284/5396/1386 4282/5397/1386
f 4275/5398/1387 4274/5399/1387 4287/5400/1387 4279/5401/1387
f 4272/5402/715 4273/5403/715 4277/5404/715 4276/5405/715
f 4295/2551/1388 4296/5406/1388 4300/5407/1388 4302/5408/1388
f 4303/5409/1385 4298/5410/1385 4297/5411/1385 4295/5412/1385 4302/5413/1385
f 4288/5414/1389 4294/5415/1389 4301/5416/1389 4299/5417/1389
f 4291/5418/1390 4292/5419/1390 4293/5420/1390 4290/5421/1390 4289/5422/1390
f 4304/5423/715 4306/5424/715 4305/5425/715
f 4342/5426/1391 4308/5427/1391 4345/5428/1391 4343/5429/1391 4346/5430/1391 4340/5431/1391
f 4308/5427/1392 4348/5432/1392 4345/5428/1392
f 4317/5433/1393 4315/5434/1393 4349/5435/1393 4350/5436/1393 4352/5437/1393
f 4349/5435/1394 4315/5434/1394 4355/5438/1394 4353/5439/1394
f 4315/5434/1395 4316/5440/1395 4356/5441/1395 4355/5438/1395
f 4356/5442/1396 4316/5443/1396 4359/5444/1396 4357/5445/1396
f 4316/5443/1397 4312/5446/1397 4360/5447/1397 4359/5444/1397
f 4325/5448/1398 4351/5449/1398 4344/5450/1398 4323/5451/1398 4324/5452/1398 4361/5453/1398 4364/5454/1398 4363/5455/1398 4338/5456/1398 4366/5457/1398
f 4362/5458/1399 4307/5459/1399 4308/5427/1399 4342/5426/1399
f 4336/5460/1400 4318/5461/1400 4335/5462/1400
f 4348/5463/1401 4311/5464/1401 4337/5465/1401
f 4337/5466/1402 4311/5467/1402 4318/5461/1402 4336/5460/1402
f 4365/5468/1403 4335/5462/1403 4318/5461/1403 4314/5469/1403
f 4365/5468/1404 4314/5469/1404 4339/5470/1404
f 4339/5470/1405 4314/5469/1405 4317/5471/1405 4352/5472/1405
f 4307/5473/1406 4311/5464/1406 4308/5474/1406
f 4348/5463/1407 4308/5474/1407 4311/5464/1407
f 4314/5469/1408 4313/5475/1408 4317/5471/1408
f 4317/5476/1409 4313/5477/1409 4315/5478/1409
f 4316/5479/1410 4315/5478/1410 4309/5480/1410
f 4307/5481/1411 4362/5482/1411 4360/5447/1411 4312/5446/1411 4309/5483/1411
f 4312/5484/1412 4316/5479/1412 4309/5480/1412
f 4310/5485/1413 4309/5480/1413 4314/5486/1413
f 4307/5473/1414 4309/5487/1414 4310/5488/1414
f 4307/5473/1415 4310/5488/1415 4311/5464/1415
f 4311/5467/1416 4314/5469/1416 4318/5461/1416
f 4311/5467/1417 4310/5489/1417 4314/5469/1417
f 4347/5490/1418 4322/5491/1418 4327/5492/1418 4326/5493/1418 4354/5494/1418
f 4341/5495/1419 4321/5496/1419 4328/5497/1419 4329/5498/1419 4330/5499/1419 4358/5500/1419
f 4334/5501/1420 4320/5502/1420 4319/5503/1420 4331/5504/1420 4332/5505/1420 4333/5506/1420
f 4313/5477/1421 4314/5486/1421 4309/5480/1421 4315/5478/1421
f 4369/5507/1422 4392/5508/1422 4390/5509/1422 4389/5510/1422
f 4393/5511/1423 4394/5512/1423 4368/5513/1423
f 4393/5514/1424 4368/5515/1424 4367/5516/1424 4383/5517/1424
f 4367/5518/1425 4368/5519/1425 4369/5520/1425
f 4369/5520/1426 4389/5521/1426 4395/5522/1426 4367/5518/1426
f 4396/5523/1427 4367/5518/1427 4395/5522/1427
f 4388/5524/1428 4367/5518/1428 4396/5523/1428
f 4397/5525/1429 4392/5526/1429 4369/5527/1429
f 4367/5516/1430 4388/5528/1430 4386/5529/1430 4384/5530/1430 4383/5517/1430
f 4397/5525/1431 4369/5527/1431 4368/5513/1431 4394/5512/1431 4398/5531/1431
f 4399/5532/1421 4385/5533/1421 4387/5534/1421 4391/5535/1421 4375/5536/1421 4381/5537/1421
f 4371/5538/1432 4372/5539/1432 4382/5540/1432 4377/5541/1432 4376/5542/1432
f 4379/5543/1433 4374/5544/1433 4370/5545/1433 4373/5546/1433 4380/5547/1433 4378/5548/1433
f 4401/5549/1434 4421/5550/1434 4419/5551/1434 4422/5552/1434 4424/5553/1434
f 4425/5554/1435 4421/5550/1435 4401/5549/1435 4400/5555/1435 4427/5556/1435
f 4427/5556/1436 4400/5555/1436 4428/5557/1436
f 4429/5558/1437 4428/5559/1437 4400/5560/1437
f 4401/5549/1438 4424/5553/1438 4439/5561/1438
f 4439/5562/1439 4440/5563/1439 4402/5564/1439 4401/5565/1439
f 4402/5566/1440 4434/5567/1440 4401/5568/1440
f 4436/5569/1441 4432/5570/1441 4430/5571/1441 4438/5572/1441 4435/5573/1441
f 4438/5572/1442 4434/5574/1442 4402/5564/1442 4440/5563/1442 4435/5573/1442
f 4417/5575/1443 4416/5576/1443 4405/5577/1443 4423/5578/1443 4437/5579/1443 4414/5580/1443
f 4406/5581/1444 4420/5582/1444 4433/5583/1444 4415/5584/1444
f 4403/5585/1445 4404/5586/1445 4426/5587/1445 4431/5588/1445 4412/5589/1445
f 4418/5590/1446 4413/5591/1446 4411/5592/1446 4407/5593/1446 4408/5594/1446 4409/5595/1446 4410/5596/1446
f 4434/5567/1447 4429/5597/1447 4400/5598/1447 4401/5568/1447
f 4469/5599/1448 4470/5600/1448 4444/5601/1448 4441/5602/1448
f 4441/5603/1449 4466/5604/1449 4467/5605/1449 4475/5606/1449
f 4442/5607/1450 4471/5608/1450 4469/5599/1450 4441/5602/1450
f 4473/5609/1451 4471/5610/1451 4442/5611/1451 4472/5612/1451
f 4475/5606/1452 4472/5612/1452 4442/5611/1452 4441/5603/1452
f 4479/5613/1453 4468/5614/1453 4458/5615/1453
f 4444/5601/1454 4470/5600/1454 4476/5616/1454
f 4445/5617/1455 4444/5618/1455 4476/5619/1455 4477/5620/1455
f 4443/5621/1456 4444/5601/1456 4445/5622/1456
f 4441/5602/1457 4444/5601/1457 4443/5621/1457
f 4441/5602/1458 4443/5621/1458 4445/5622/1458
f 4441/5602/1459 4445/5622/1459 4480/5623/1459 4478/5624/1459 4466/5625/1459
f 4482/5626/1460 4481/5627/1460 4446/5628/1460
f 4482/5626/1461 4446/5628/1461 4485/5629/1461 4484/5630/1461 4483/5631/1461
f 4486/5632/1462 4483/5631/1462 4484/5630/1462
f 4445/5617/1463 4477/5620/1463 4485/5629/1463 4446/5628/1463
f 4481/5633/1464 4488/5634/1464 4445/5622/1464 4446/5635/1464
f 4480/5623/1465 4445/5622/1465 4488/5634/1465
f 4465/5636/1466 4459/5637/1466 4460/5638/1466 4463/5639/1466 4487/5640/1466 4474/5641/1466 4449/5642/1466 4451/5643/1466 4452/5644/1466 4456/5645/1466 4457/5646/1466
f 4453/5647/1467 4447/5648/1467 4448/5649/1467 4450/5650/1467 4464/5651/1467 4461/5652/1467 4462/5653/1467 4455/5654/1467 4454/5655/1467
f 4521/5656/1468 4491/5657/1468 4522/5658/1468
f 4491/5657/1469 4496/5659/1469 4523/5660/1469 4522/5658/1469
f 4496/5659/1470 4493/5661/1470 4524/5662/1470 4523/5660/1470
f 4524/5663/1471 4493/5664/1471 4525/5665/1471
f 4526/5666/715 4525/5665/715 4493/5664/715 4489/5667/715
f 4527/5668/1472 4526/5669/1472 4489/5670/1472 4490/5671/1472
f 4527/5668/1473 4490/5671/1473 4532/5672/1473 4530/5673/1473 4528/5674/1473
f 4533/5675/1474 4536/5676/1474 4535/5677/1474
f 4539/5678/1475 4491/5657/1475 4521/5656/1475 4535/5677/1475 4536/5676/1475 4537/5679/1475
f 4491/5657/1476 4539/5678/1476 4540/5680/1476
f 4543/5681/1477 4497/5682/1477 4491/5657/1477 4540/5680/1477 4541/5683/1477
f 4496/5659/1478 4491/5657/1478 4497/5682/1478
f 4496/5659/1479 4497/5682/1479 4493/5661/1479
f 4497/5682/1480 4495/5684/1480 4493/5661/1480
f 4495/5684/1481 4492/5685/1481 4493/5661/1481
f 4492/5686/1482 4489/5667/1482 4493/5664/1482
f 4492/5686/1483 4495/5687/1483 4489/5667/1483
f 4489/5667/1484 4495/5687/1484 4494/5688/1484
f 4489/5667/1485 4494/5688/1485 4490/5689/1485
f 4490/5671/1486 4544/5690/1486 4532/5672/1486
f 4544/5690/1487 4490/5671/1487 4494/5691/1487 4547/5692/1487 4545/5693/1487
f 4543/5694/1488 4548/5695/1488 4497/5696/1488
f 4494/5697/1489 4497/5696/1489 4548/5695/1489 4549/5698/1489
f 4497/5696/1490 4494/5697/1490 4495/5699/1490
f 4547/5692/1491 4494/5691/1491 4549/5700/1491
f 4534/4777/1492 4529/5701/1492 4531/5702/1492 4538/5703/1492 4509/5704/1492
f 4513/5705/1493 4512/5706/1493 4511/5707/1493 4506/5708/1493 4507/5709/1493 4516/5710/1493 4546/5711/1493 4542/5712/1493
f 4519/5713/1494 4515/5714/1494 4514/5715/1494 4517/5716/1494 4518/5717/1494 4520/5718/1494
f 4499/5719/1495 4500/5720/1495 4501/5721/1495 4502/5722/1495 4503/5723/1495 4504/5724/1495 4505/5725/1495 4508/5726/1495 4510/5727/1495 4498/5728/1495
f 4551/5729/1496 4567/5730/1496 4568/5731/1496 4554/5732/1496
f 4554/5733/1497 4568/5734/1497 4569/5735/1497 4571/5736/1497 4556/5737/1497
f 4572/5738/1498 4567/5730/1498 4551/5729/1498 4560/5739/1498 4558/5740/1498
f 4573/5741/1499 4561/5742/1499 4564/5743/1499 4574/5744/1499
f 4565/5745/1500 4575/5746/1500 4574/5744/1500 4564/5743/1500
f 4576/5747/1501 4575/5748/1501 4565/5749/1501 4556/5750/1501 4571/5751/1501
f 4558/5752/1502 4560/5753/1502 4564/5743/1502 4561/5742/1502
f 4572/5754/1503 4558/5752/1503 4561/5742/1503 4573/5741/1503
f 4566/5755/1504 4577/5756/1504 4570/5757/1504 4553/5758/1504 4552/5759/1504 4559/5760/1504 4562/5761/1504 4563/5762/1504
f 4550/5763/1505 4557/5764/1505 4555/5765/1505
f 4560/5766/1506 4551/5767/1506 4554/5768/1506 4556/5750/1506 4565/5749/1506 4564/5769/1506
f 4591/5770/1507 4589/5771/1507 4587/5772/1507 4586/5773/1507 4590/5774/1507
f 4592/5775/1508 4578/5776/1508 4589/5777/1508 4591/5778/1508
f 4586/5779/1509 4587/5780/1509 4579/5781/1509
f 4579/5781/1510 4593/5782/1510 4590/5783/1510 4586/5779/1510
f 4578/5776/1511 4592/5775/1511 4594/5784/1511
f 4593/5782/1512 4579/5781/1512 4595/5785/1512
f 4579/5786/1513 4578/5787/1513 4594/5788/1513 4596/5789/1513
f 4595/5790/1514 4579/5786/1514 4596/5789/1514
f 4585/5791/1515 4581/5792/1515 4582/5793/1515 4584/5794/1515 4583/5795/1515 4580/5796/1515 4588/5797/1515
f 4578/5798/1516 4579/5781/1516 4587/5780/1516 4589/5799/1516
f 4602/5800/1517 4605/5801/1517 4604/5802/1517 4607/5803/1517 4606/5804/1517
f 4608/5805/1518 4607/5803/1518 4604/5802/1518
f 4605/5806/715 4597/5807/715 4609/5808/715 4608/5809/715 4604/5810/715
f 4597/5811/1519 4610/5812/1519 4609/5813/1519
f 4605/5814/1520 4602/5815/1520 4597/5816/1520
f 4606/5817/1521 4610/5818/1521 4597/5816/1521 4602/5815/1521
f 4598/5819/1522 4599/5820/1522 4600/5821/1522 4601/5822/1522 4603/5823/1522
f 4612/5824/1523 4640/5825/1523 4635/5826/1523
f 4633/5827/1524 4617/5828/1524 4615/5829/1524 4632/5830/1524
f 4634/5831/1525 4618/5832/1525 4617/5828/1525 4633/5827/1525
f 4621/5833/1526 4612/5824/1526 4635/5826/1526
f 4621/5833/1527 4635/5826/1527 4636/5834/1527 4624/5835/1527 4623/5836/1527
f 4636/5834/1528 4637/5837/1528 4625/5838/1528 4624/5835/1528
f 4627/5839/1529 4625/5840/1529 4637/5841/1529 4638/5842/1529
f 4638/5842/1530 4639/5843/1530 4631/5844/1530 4630/5845/1530 4627/5839/1530
f 4618/5846/1531 4611/5847/1531 4617/5848/1531
f 4640/5849/1532 4612/5850/1532 4621/5851/1532 4623/5852/1532 4611/5847/1532 4618/5846/1532 4634/5853/1532
f 4611/5854/1533 4630/5855/1533 4631/5856/1533 4615/5857/1533 4617/5858/1533
f 4639/5859/1534 4632/5860/1534 4615/5857/1534 4631/5856/1534
f 4613/5861/1535 4619/5862/1535 4616/5863/1535 4614/5864/1535 4629/5865/1535 4628/5866/1535 4626/5867/1535 4622/5868/1535 4620/5869/1535
f 4611/5870/1536 4623/5871/1536 4624/5872/1536 4625/5840/1536 4627/5839/1536 4630/5845/1536
f 4658/5873/1537 4660/5874/1537 4646/5875/1537 4661/5876/1537
f 4661/5877/1538 4646/5878/1538 4650/5879/1538
f 4664/5880/1539 4663/5881/1539 4653/5882/1539 4656/5883/1539 4666/5884/1539
f 4641/5885/1540 4667/5886/1540 4668/5887/1540
f 4641/5888/1541 4670/5889/1541 4669/5890/1541
f 4656/5891/1542 4641/5888/1542 4669/5890/1542 4666/5892/1542
f 4660/5874/1543 4667/5886/1543 4641/5885/1543 4652/5893/1543 4650/5894/1543 4646/5875/1543
f 4641/5888/1544 4668/5895/1544 4670/5889/1544
f 4665/5896/1545 4659/5897/1545 4649/5898/1545 4662/5899/1545 4654/5900/1545
f 4644/5901/1546 4645/5902/1546 4643/5903/1546 4642/5904/1546 4648/5905/1546 4647/5906/1546 4655/5907/1546 4657/5908/1546
f 4656/5891/1547 4653/5909/1547 4652/5910/1547 4641/5888/1547
f 4653/5911/1421 4663/5912/1421 4651/5913/1421 4661/5877/1421 4650/5879/1421 4652/5914/1421
l 1876 1875
l 1875 1877
l 1879 1880
l 1882 1883
