# Blender 4.5.2 LTS
# www.blender.org
mtllib LIANE1.mtl
o LIANE1
v 0.176889 -0.001628 -0.091025
v 0.176274 -0.001994 -0.092245
v 0.176110 -0.001628 -0.092571
v 0.176274 -0.000262 -0.092245
v 0.176889 -0.000628 -0.091025
v 0.176949 -0.001128 -0.090905
v 0.018622 -0.001994 -0.175562
v 0.018978 -0.001628 -0.175645
v 0.019109 -0.001128 -0.175676
v 0.018978 -0.000628 -0.175645
v 0.018622 -0.000262 -0.175562
v 0.017292 -0.000628 -0.175249
v 0.017162 -0.001128 -0.175218
v 0.022265 -0.001994 -0.174676
v 0.021771 -0.002128 -0.174755
v 0.021277 -0.001994 -0.174834
v 0.020916 -0.001628 -0.174892
v 0.020916 -0.000628 -0.174892
v 0.021277 -0.000262 -0.174834
v 0.022265 -0.000262 -0.174676
v 0.088556 -0.001628 -0.008584
v 0.088217 -0.001994 -0.008445
v 0.086954 -0.001628 -0.007925
v 0.086954 -0.000628 -0.007925
v 0.087755 -0.000128 -0.008255
v 0.088217 -0.000262 -0.008445
v 0.088556 -0.000628 -0.008584
v 0.016804 -0.003208 0.145255
v 0.016720 -0.002208 0.146251
v 0.016732 -0.001708 0.146118
v 0.016762 -0.001342 0.145753
v 0.016877 -0.001708 0.144392
v 0.204528 -0.003074 0.075259
v 0.204129 -0.003208 0.075561
v 0.204129 -0.001208 0.075561
v 0.134212 -0.003208 0.166175
v 0.134973 -0.001708 0.165761
v 0.134212 -0.001208 0.166175
v 0.004305 -0.002708 0.067347
v 0.004641 -0.003074 0.067492
v 0.005560 -0.003074 0.067886
v 0.005897 -0.002708 0.068031
v 0.005560 -0.001342 0.067886
v 0.004641 -0.001342 0.067492
v 0.004305 -0.001708 0.067347
v 0.004182 -0.002208 0.067294
v -0.040622 -0.001994 0.166720
v -0.040163 -0.002128 0.166522
v -0.039367 -0.001628 0.166181
v -0.039704 -0.000262 0.166325
v -0.159668 -0.002128 0.056578
v -0.158907 -0.001628 0.056992
v -0.158907 -0.000628 0.056992
v -0.159228 -0.000262 0.056817
v -0.160107 -0.000262 0.056340
v -0.160428 -0.000628 0.056165
v -0.118135 -0.001628 0.119735
v -0.117787 -0.001994 0.119849
v -0.117311 -0.002128 0.120003
v -0.116836 -0.001994 0.120158
v -0.116488 -0.000628 0.120272
v -0.116836 -0.000262 0.120158
v -0.117311 -0.000128 0.120003
v -0.117787 -0.000262 0.119849
v -0.118135 -0.000628 0.119735
v -0.144585 -0.001628 -0.093640
v -0.143769 -0.002128 -0.093932
v -0.143299 -0.001994 -0.094101
v -0.142954 -0.001628 -0.094224
v -0.142828 -0.001128 -0.094269
v -0.143769 -0.000128 -0.093932
v -0.144240 -0.000262 -0.093764
v -0.144711 -0.001128 -0.093595
v -0.284003 -0.002128 -0.048116
v -0.283858 -0.000262 -0.048595
v -0.284255 -0.000628 -0.047287
v -0.284294 -0.001128 -0.047159
v -0.434034 -0.001628 0.062934
v -0.434356 -0.001994 0.062760
v -0.434796 -0.002128 0.062522
v -0.435557 -0.001628 0.062109
v -0.435557 -0.000628 0.062109
v -0.435236 -0.000262 0.062284
v -0.434796 -0.000128 0.062522
v -0.434356 -0.000262 0.062760
v -0.434034 -0.000628 0.062934
v -0.433916 -0.001128 0.062998
v -0.215989 -0.001628 0.109173
v -0.214788 -0.001628 0.107925
v -0.214695 -0.001128 0.107829
v -0.215389 -0.000128 0.108549
v -0.426145 -0.001628 0.060822
v -0.426178 -0.001128 0.060692
v -0.426145 -0.000628 0.060822
v -0.425705 -0.000628 0.062497
v -0.425671 -0.001128 0.062627
v 0.212254 -0.001628 -0.140933
v 0.212002 -0.002128 -0.141761
v 0.211712 -0.001128 -0.142718
v 0.211751 -0.000628 -0.142590
v 0.212002 -0.000128 -0.141761
v 0.091863 -0.001628 -0.008947
v 0.091590 -0.001994 -0.009191
v 0.090843 -0.001994 -0.009856
v 0.090569 -0.001628 -0.010099
v 0.090469 -0.001128 -0.010188
v 0.091216 -0.000128 -0.009523
v 0.091590 -0.000262 -0.009191
v -0.212619 -0.001560 -0.040080
v -0.212873 -0.001876 -0.040269
v -0.213219 -0.001991 -0.040527
v -0.213565 -0.001876 -0.040785
v -0.213219 -0.000265 -0.040527
v -0.212873 -0.000380 -0.040269
v -0.219403 -0.001875 0.113587
v -0.219832 -0.001991 0.113637
v -0.220690 -0.001128 0.113736
v -0.219832 -0.000265 0.113637
v -0.219403 -0.000380 0.113587
v -0.151592 -0.001876 -0.097352
v -0.151938 -0.001991 -0.097610
v -0.152537 -0.001560 -0.098057
v -0.152630 -0.001128 -0.098127
v -0.152537 -0.000696 -0.098057
v -0.151938 -0.000265 -0.097610
v -0.151592 -0.000380 -0.097352
v -0.151339 -0.000696 -0.097163
v -0.151246 -0.001128 -0.097094
v -0.167851 -0.001875 0.056380
v -0.168205 -0.001991 0.056134
v -0.168819 -0.001559 0.055707
v -0.168914 -0.001128 0.055641
v -0.168560 -0.000380 0.055888
v -0.167591 -0.000696 0.056560
v -0.167496 -0.001128 0.056626
v -0.093034 -0.001994 -0.168784
v -0.093915 -0.001994 -0.169258
v -0.094237 -0.001628 -0.169431
v -0.094355 -0.001128 -0.169495
v -0.094237 -0.000628 -0.169431
v -0.093915 -0.000262 -0.169258
v -0.093034 -0.000262 -0.168784
v -0.092594 -0.001128 -0.168547
v -0.085990 -0.002128 0.009921
v -0.086438 -0.001994 0.009699
v -0.085990 -0.000128 0.009921
v -0.085542 -0.000262 0.010143
v -0.085214 -0.000628 0.010306
v 0.174234 -0.001628 -0.016696
v 0.174154 -0.001128 -0.016804
v 0.174234 -0.000628 -0.016696
v 0.174748 -0.000128 -0.015999
v 0.175262 -0.000628 -0.015302
v 0.175341 -0.001128 -0.015194
v 0.105065 -0.002128 0.148988
v 0.104755 -0.001994 0.148596
v 0.104528 -0.000628 0.148309
v 0.105375 -0.000262 0.149380
v 0.105602 -0.000628 0.149667
v 0.105685 -0.001128 0.149772
v 0.089033 -0.001128 -0.013782
v 0.089330 -0.000262 -0.013379
v 0.019406 -0.001628 0.151331
v 0.019323 -0.001128 0.151226
v 0.019944 -0.000128 0.152010
v 0.020254 -0.000262 0.152402
v 0.020481 -0.000628 0.152689
v -0.071915 -0.001628 -0.043381
v -0.072908 -0.001994 -0.044319
v -0.073174 -0.001628 -0.044571
v -0.073272 -0.001128 -0.044663
v -0.072908 -0.000262 -0.044319
v -0.072545 -0.000128 -0.043976
v -0.071915 -0.000628 -0.043381
v -0.071818 -0.001128 -0.043289
v -0.111870 -0.002128 0.130752
v -0.112519 -0.001628 0.130179
v -0.111220 -0.000628 0.131325
v 0.047300 -0.001628 -0.107507
v 0.047034 -0.001994 -0.107758
v 0.046670 -0.002128 -0.108102
v 0.046307 -0.001994 -0.108445
v 0.046041 -0.001628 -0.108696
v 0.046670 -0.000128 -0.108102
v 0.047397 -0.001128 -0.107415
v 0.007995 -0.001628 0.067200
v 0.007346 -0.002128 0.066626
v 0.006971 -0.001994 0.066296
v 0.006696 -0.000628 0.066053
v 0.006971 -0.000262 0.066296
v 0.007346 -0.000128 0.066627
v 0.008095 -0.001128 0.067288
v 0.029474 -0.001628 -0.175479
v 0.029430 -0.001128 -0.175605
v 0.029474 -0.000628 -0.175479
v 0.030043 -0.000628 -0.173842
v 0.030087 -0.001128 -0.173716
v -0.085561 -0.001994 -0.037314
v -0.085741 -0.002128 -0.037780
v -0.086053 -0.001628 -0.038588
v -0.086053 -0.000628 -0.038588
v -0.085741 -0.000128 -0.037780
v -0.085381 -0.001128 -0.036847
v -0.155461 -0.001994 0.065783
v -0.155001 -0.002128 0.065586
v -0.154542 -0.001994 0.065388
v -0.154205 -0.001628 0.065244
v -0.154205 -0.000628 0.065244
v -0.154542 -0.000262 0.065388
v -0.155001 -0.000128 0.065586
v -0.155461 -0.000262 0.065783
v -0.155920 -0.001128 0.065980
v -0.274945 -0.001994 -0.044597
v -0.274506 -0.002128 -0.044358
v -0.273745 -0.001628 -0.043945
v -0.274945 -0.000262 -0.044597
v -0.275267 -0.000628 -0.044772
v -0.275385 -0.001128 -0.044836
v -0.237347 -0.001628 0.114004
v -0.237696 -0.002128 0.113211
v -0.238045 -0.000628 0.112419
v -0.237696 -0.000128 0.113211
v -0.237494 -0.000262 0.113669
v -0.237347 -0.000628 0.114004
v -0.237293 -0.001128 0.114127
v -0.429516 -0.001628 0.081185
v -0.428360 -0.001994 0.080457
v -0.428050 -0.000628 0.080262
v -0.428783 -0.000128 0.080724
v -0.429516 -0.000628 0.081185
v -0.429630 -0.001128 0.081256
v 0.036727 -0.003208 0.149933
v 0.037062 -0.003074 0.149562
v 0.037397 -0.002208 0.149191
v 0.037308 -0.001708 0.149291
v 0.036727 -0.001208 0.149933
v 0.036146 -0.001708 0.150576
v -0.118241 -0.001342 0.099814
v -0.118606 -0.001708 0.099790
v 0.077894 -0.002708 0.089602
v 0.078173 -0.003074 0.089365
v 0.078555 -0.003208 0.089041
v 0.078936 -0.003074 0.088718
v 0.079215 -0.002708 0.088481
v 0.079317 -0.002208 0.088394
v 0.078936 -0.001342 0.088718
v 0.078555 -0.001208 0.089041
v 0.077894 -0.001708 0.089602
v 0.077792 -0.002208 0.089688
v -0.068443 -0.003074 0.018910
v -0.067953 -0.003208 0.019010
v -0.066973 -0.002208 0.019208
v -0.067953 -0.001208 0.019010
v -0.068802 -0.001708 0.018838
v 0.167332 0.003874 -0.032714
v 0.168350 0.004240 -0.033626
v 0.168350 0.005240 -0.033626
v 0.168077 0.005606 -0.033382
v 0.167705 0.005740 -0.033048
v 0.166960 0.004740 -0.032380
v 0.004912 0.004240 -0.039023
v 0.005732 0.003740 -0.039301
v 0.006206 0.003874 -0.039462
v 0.006552 0.004240 -0.039580
v 0.006552 0.005240 -0.039580
v 0.006206 0.005606 -0.039462
v 0.005732 0.005740 -0.039301
v 0.004912 0.005240 -0.039023
v 0.178713 -0.003208 -0.002625
v 0.178549 -0.003074 -0.002153
v 0.178385 -0.002208 -0.001680
v 0.178549 -0.001342 -0.002153
v 0.178996 -0.001708 -0.003443
v 0.179040 -0.002208 -0.003570
v 0.340950 -0.003074 -0.016971
v 0.340478 -0.003208 -0.016807
v 0.340005 -0.003074 -0.016643
v 0.339659 -0.002708 -0.016523
v 0.339659 -0.001708 -0.016523
v 0.340478 -0.001208 -0.016807
v 0.139490 -0.001342 0.037780
v 0.139654 -0.001208 0.037308
v 0.139818 -0.001342 0.036835
v 0.139982 -0.002208 0.036363
v 0.301619 -0.003074 0.022667
v 0.301074 -0.002708 0.023920
v 0.301021 -0.002208 0.024043
v 0.301074 -0.001708 0.023920
v 0.301419 -0.001208 0.023126
v 0.301764 -0.001708 0.022331
v 0.301818 -0.002208 0.022209
v 0.171193 0.003874 -0.029264
v 0.170981 0.003740 -0.028812
v 0.171349 0.005240 -0.029596
v 0.322918 0.003874 -0.086610
v 0.321899 0.004240 -0.085700
v 0.321799 0.004740 -0.085611
v 0.321899 0.005240 -0.085700
v 0.322172 0.005606 -0.085944
v 0.322545 0.005740 -0.086277
v 0.322918 0.005606 -0.086610
v 0.246351 0.002694 -0.085279
v 0.247032 0.003194 -0.084744
v 0.247137 0.003694 -0.084661
v 0.246744 0.004560 -0.084970
v 0.245958 0.004560 -0.085588
v 0.245565 0.003694 -0.085897
v 0.403381 0.003194 -0.166683
v 0.403425 0.002828 -0.166319
v 0.403603 0.003694 -0.164830
v 0.403587 0.004194 -0.164963
v 0.403484 0.004694 -0.165823
v 0.403365 0.003694 -0.166816
v 0.200626 0.003194 0.073098
v 0.200626 0.003694 0.074964
v 0.200626 0.004194 0.074830
v 0.200626 0.004560 0.074464
v 0.200626 0.004194 0.073098
v 0.200626 0.003694 0.072964
v 0.360453 0.003194 -0.000387
v 0.361065 0.002694 0.000225
v 0.361678 0.003194 0.000838
v 0.361678 0.004194 0.000838
v 0.361419 0.004560 0.000579
v 0.361065 0.004694 0.000225
v 0.360712 0.004560 -0.000128
v 0.360358 0.003694 -0.000482
v 0.215110 -0.001994 -0.152956
v 0.215419 -0.002128 -0.153349
v 0.215953 -0.001628 -0.154031
v 0.216036 -0.001128 -0.154136
v 0.215727 -0.000262 -0.153743
v 0.215419 -0.000128 -0.153349
v 0.215110 -0.000262 -0.152956
v 0.214802 -0.001128 -0.152562
v 0.026236 -0.001628 -0.178044
v 0.026438 -0.001628 -0.179765
v 0.026454 -0.001128 -0.179898
v 0.026236 -0.000628 -0.178044
v 0.026279 -0.001994 -0.178408
v 0.026337 -0.002128 -0.178904
v 0.026395 -0.001994 -0.179401
v 0.026438 -0.000628 -0.179765
v 0.026395 -0.000262 -0.179401
v 0.026337 -0.000128 -0.178904
v 0.026279 -0.000262 -0.178408
v 0.026220 -0.001128 -0.177911
v 0.047772 -0.001628 -0.175978
v 0.047800 -0.001994 -0.176343
v 0.047839 -0.002128 -0.176841
v 0.047877 -0.001994 -0.177340
v 0.047905 -0.001628 -0.177705
v 0.047916 -0.001128 -0.177838
v 0.047905 -0.000628 -0.177705
v 0.047877 -0.000262 -0.177340
v 0.047839 -0.000128 -0.176841
v 0.047800 -0.000262 -0.176343
v 0.047772 -0.000628 -0.175978
v 0.047762 -0.001128 -0.175844
v 0.068128 -0.001628 -0.174796
v 0.068144 -0.001994 -0.175162
v 0.068166 -0.002128 -0.175662
v 0.068188 -0.001994 -0.176161
v 0.068204 -0.001628 -0.176527
v 0.068210 -0.001128 -0.176661
v 0.068204 -0.000628 -0.176527
v 0.068188 -0.000262 -0.176161
v 0.068166 -0.000128 -0.175662
v 0.068144 -0.000262 -0.175162
v 0.068128 -0.000628 -0.174796
v 0.068123 -0.001128 -0.174662
v 0.087340 -0.001628 -0.174231
v 0.087348 -0.001994 -0.174597
v 0.087358 -0.002128 -0.175097
v 0.087369 -0.001994 -0.175597
v 0.087376 -0.001628 -0.175963
v 0.087379 -0.001128 -0.176097
v 0.087376 -0.000628 -0.175963
v 0.087369 -0.000262 -0.175597
v 0.087358 -0.000128 -0.175097
v 0.087348 -0.000262 -0.174597
v 0.087340 -0.000628 -0.174231
v 0.087338 -0.001128 -0.174097
v 0.105445 -0.001628 -0.174012
v 0.105449 -0.001994 -0.174378
v 0.105454 -0.002128 -0.174878
v 0.105459 -0.001994 -0.175378
v 0.105463 -0.001628 -0.175744
v 0.105464 -0.001128 -0.175878
v 0.105463 -0.000628 -0.175744
v 0.105459 -0.000262 -0.175378
v 0.105454 -0.000128 -0.174878
v 0.105449 -0.000262 -0.174378
v 0.105445 -0.000628 -0.174012
v 0.105444 -0.001128 -0.173878
v 0.122480 -0.001628 -0.173871
v 0.122485 -0.001994 -0.174237
v 0.122492 -0.002128 -0.174737
v 0.122499 -0.001994 -0.175237
v 0.122505 -0.001628 -0.175603
v 0.122507 -0.001128 -0.175737
v 0.122505 -0.000628 -0.175603
v 0.122499 -0.000262 -0.175237
v 0.122492 -0.000128 -0.174737
v 0.122485 -0.000262 -0.174237
v 0.122480 -0.000628 -0.173871
v 0.122478 -0.001128 -0.173737
v 0.138480 -0.001628 -0.173540
v 0.138493 -0.001994 -0.173905
v 0.138512 -0.002128 -0.174405
v 0.138530 -0.001994 -0.174905
v 0.138543 -0.001628 -0.175271
v 0.138548 -0.001128 -0.175404
v 0.138543 -0.000628 -0.175271
v 0.138530 -0.000262 -0.174905
v 0.138512 -0.000128 -0.174405
v 0.138493 -0.000262 -0.173905
v 0.138480 -0.000628 -0.173540
v 0.138475 -0.001128 -0.173406
v 0.153482 -0.001628 -0.172750
v 0.153511 -0.001994 -0.173115
v 0.153551 -0.002128 -0.173613
v 0.153591 -0.001994 -0.174111
v 0.153621 -0.001628 -0.174476
v 0.153631 -0.001128 -0.174610
v 0.153621 -0.000628 -0.174476
v 0.153591 -0.000262 -0.174111
v 0.153551 -0.000128 -0.173613
v 0.153511 -0.000262 -0.173115
v 0.153482 -0.000628 -0.172750
v 0.153471 -0.001128 -0.172616
v 0.167523 -0.001628 -0.171236
v 0.167577 -0.001994 -0.171598
v 0.167651 -0.002128 -0.172092
v 0.167724 -0.001994 -0.172587
v 0.167778 -0.001628 -0.172949
v 0.167798 -0.001128 -0.173081
v 0.167778 -0.000628 -0.172949
v 0.167724 -0.000262 -0.172587
v 0.167651 -0.000128 -0.172092
v 0.167577 -0.000262 -0.171598
v 0.167523 -0.000628 -0.171236
v 0.167503 -0.001128 -0.171103
v 0.180639 -0.001628 -0.168734
v 0.180728 -0.001994 -0.169089
v 0.180848 -0.002128 -0.169574
v 0.180968 -0.001994 -0.170060
v 0.181056 -0.001628 -0.170415
v 0.181089 -0.001128 -0.170545
v 0.181056 -0.000628 -0.170415
v 0.180968 -0.000262 -0.170060
v 0.180848 -0.000128 -0.169574
v 0.180728 -0.000262 -0.169089
v 0.180639 -0.000628 -0.168734
v 0.180607 -0.001128 -0.168604
v 0.192873 -0.001628 -0.164981
v 0.193004 -0.001994 -0.165323
v 0.193182 -0.002128 -0.165790
v 0.193361 -0.001994 -0.166257
v 0.193492 -0.001628 -0.166599
v 0.193540 -0.001128 -0.166724
v 0.193492 -0.000628 -0.166599
v 0.193361 -0.000262 -0.166257
v 0.193182 -0.000128 -0.165790
v 0.193004 -0.000262 -0.165323
v 0.192873 -0.000628 -0.164981
v 0.192825 -0.001128 -0.164856
v 0.204271 -0.001628 -0.159715
v 0.204449 -0.001994 -0.160035
v 0.204693 -0.002128 -0.160471
v 0.204937 -0.001994 -0.160908
v 0.205115 -0.001628 -0.161227
v 0.205181 -0.001128 -0.161344
v 0.205115 -0.000628 -0.161227
v 0.204937 -0.000262 -0.160908
v 0.204693 -0.000128 -0.160471
v 0.204449 -0.000262 -0.160035
v 0.204271 -0.000628 -0.159715
v 0.204205 -0.001128 -0.159598
v 0.214884 -0.001628 -0.152668
v 0.215727 -0.001994 -0.153743
v 0.215953 -0.000628 -0.154031
v 0.214884 -0.000628 -0.152668
v 0.360712 0.002828 -0.000128
v 0.361419 0.002828 0.000579
v 0.361772 0.003694 0.000933
v 0.360453 0.004194 -0.000387
v 0.343890 0.003194 0.017443
v 0.344168 0.002828 0.017681
v 0.344548 0.002694 0.018006
v 0.344928 0.002828 0.018331
v 0.345206 0.003194 0.018569
v 0.345308 0.003694 0.018656
v 0.345206 0.004194 0.018569
v 0.344928 0.004560 0.018331
v 0.344548 0.004694 0.018006
v 0.344168 0.004560 0.017681
v 0.343890 0.004194 0.017443
v 0.343788 0.003694 0.017356
v 0.332286 0.003194 0.032170
v 0.332582 0.002828 0.032385
v 0.332986 0.002694 0.032679
v 0.333391 0.002828 0.032972
v 0.333687 0.003194 0.033187
v 0.333795 0.003694 0.033266
v 0.333687 0.004194 0.033187
v 0.333391 0.004560 0.032972
v 0.332986 0.004694 0.032679
v 0.332582 0.004560 0.032385
v 0.332286 0.004194 0.032170
v 0.332177 0.003694 0.032091
v 0.324333 0.003194 0.044078
v 0.324643 0.002828 0.044274
v 0.325065 0.002694 0.044541
v 0.325488 0.002828 0.044809
v 0.325797 0.003194 0.045004
v 0.325910 0.003694 0.045076
v 0.325797 0.004194 0.045004
v 0.325488 0.004560 0.044809
v 0.325065 0.004694 0.044541
v 0.324643 0.004560 0.044274
v 0.324333 0.004194 0.044078
v 0.324220 0.003694 0.044007
v 0.318734 0.003194 0.053435
v 0.319045 0.002828 0.053628
v 0.319470 0.002694 0.053891
v 0.319895 0.002828 0.054155
v 0.320206 0.003194 0.054348
v 0.320320 0.003694 0.054418
v 0.320206 0.004194 0.054348
v 0.319895 0.004560 0.054155
v 0.319470 0.004694 0.053891
v 0.319045 0.004560 0.053628
v 0.318734 0.004194 0.053435
v 0.318620 0.003694 0.053364
v 0.314202 0.003194 0.060494
v 0.314491 0.002828 0.060719
v 0.314885 0.002694 0.061027
v 0.315280 0.002828 0.061334
v 0.315568 0.003194 0.061559
v 0.315674 0.003694 0.061641
v 0.315568 0.004194 0.061559
v 0.315280 0.004560 0.061334
v 0.314885 0.004694 0.061027
v 0.314491 0.004560 0.060719
v 0.314202 0.004194 0.060494
v 0.314097 0.003694 0.060412
v 0.309464 0.003194 0.065562
v 0.309689 0.002828 0.065850
v 0.309996 0.002694 0.066245
v 0.310303 0.002828 0.066639
v 0.310528 0.003194 0.066928
v 0.310610 0.003694 0.067034
v 0.310528 0.004194 0.066928
v 0.310303 0.004560 0.066639
v 0.309996 0.004694 0.066245
v 0.309689 0.004560 0.065850
v 0.309464 0.004194 0.065562
v 0.309382 0.003694 0.065456
v 0.303174 0.003194 0.069037
v 0.303306 0.002828 0.069378
v 0.303488 0.002694 0.069844
v 0.303669 0.002828 0.070310
v 0.303801 0.003194 0.070651
v 0.303850 0.003694 0.070776
v 0.303801 0.004194 0.070651
v 0.303669 0.004560 0.070310
v 0.303488 0.004694 0.069844
v 0.303306 0.004560 0.069378
v 0.303174 0.004194 0.069037
v 0.303125 0.003694 0.068912
v 0.293903 0.003194 0.071266
v 0.293963 0.002828 0.071627
v 0.294044 0.002694 0.072121
v 0.294126 0.002828 0.072614
v 0.294186 0.003194 0.072975
v 0.294208 0.003694 0.073107
v 0.294186 0.004194 0.072975
v 0.294126 0.004560 0.072614
v 0.294044 0.004694 0.072121
v 0.293963 0.004560 0.071627
v 0.293903 0.004194 0.071266
v 0.293881 0.003694 0.071134
v 0.280300 0.003194 0.072509
v 0.280322 0.002828 0.072874
v 0.280352 0.002694 0.073373
v 0.280381 0.002828 0.073873
v 0.280403 0.003194 0.074238
v 0.280411 0.003694 0.074372
v 0.280403 0.004194 0.074238
v 0.280381 0.004560 0.073873
v 0.280352 0.004694 0.073373
v 0.280322 0.004560 0.072874
v 0.280300 0.004194 0.072509
v 0.280293 0.003694 0.072375
v 0.261081 0.003194 0.073034
v 0.261087 0.002828 0.073400
v 0.261095 0.002694 0.073900
v 0.261102 0.002828 0.074400
v 0.261108 0.003194 0.074766
v 0.261110 0.003694 0.074900
v 0.261108 0.004194 0.074766
v 0.261102 0.004560 0.074400
v 0.261095 0.004694 0.073900
v 0.261087 0.004560 0.073400
v 0.261081 0.004194 0.073034
v 0.261079 0.003694 0.072900
v 0.234956 0.003194 0.073131
v 0.234957 0.002828 0.073497
v 0.234958 0.002694 0.073997
v 0.234958 0.002828 0.074497
v 0.234959 0.003194 0.074863
v 0.234959 0.003694 0.074997
v 0.234959 0.004194 0.074863
v 0.234958 0.004560 0.074497
v 0.234958 0.004694 0.073997
v 0.234957 0.004560 0.073497
v 0.234956 0.004194 0.073131
v 0.234956 0.003694 0.072997
v 0.200626 0.002828 0.073464
v 0.200626 0.002694 0.073964
v 0.200626 0.002828 0.074464
v 0.200626 0.003194 0.074830
v 0.200626 0.004694 0.073964
v 0.200626 0.004560 0.073464
v 0.403484 0.002694 -0.165823
v 0.403543 0.002828 -0.165326
v 0.403587 0.003194 -0.164963
v 0.403543 0.004560 -0.165326
v 0.403425 0.004560 -0.166319
v 0.403381 0.004194 -0.166683
v 0.379261 0.003194 -0.164694
v 0.379277 0.002828 -0.164328
v 0.379297 0.002694 -0.163829
v 0.379318 0.002828 -0.163329
v 0.379333 0.003194 -0.162963
v 0.379339 0.003694 -0.162829
v 0.379333 0.004194 -0.162963
v 0.379318 0.004560 -0.163329
v 0.379297 0.004694 -0.163829
v 0.379277 0.004560 -0.164328
v 0.379261 0.004194 -0.164694
v 0.379256 0.003694 -0.164828
v 0.360650 0.003194 -0.164675
v 0.360636 0.002828 -0.164309
v 0.360617 0.002694 -0.163809
v 0.360598 0.002828 -0.163310
v 0.360584 0.003194 -0.162944
v 0.360579 0.003694 -0.162810
v 0.360584 0.004194 -0.162944
v 0.360598 0.004560 -0.163310
v 0.360617 0.004694 -0.163809
v 0.360636 0.004560 -0.164309
v 0.360650 0.004194 -0.164675
v 0.360655 0.003694 -0.164808
v 0.346484 0.003194 -0.165776
v 0.346447 0.002828 -0.165412
v 0.346396 0.002694 -0.164915
v 0.346345 0.002828 -0.164417
v 0.346307 0.003194 -0.164053
v 0.346294 0.003694 -0.163920
v 0.346307 0.004194 -0.164053
v 0.346345 0.004560 -0.164417
v 0.346396 0.004694 -0.164915
v 0.346447 0.004560 -0.165412
v 0.346484 0.004194 -0.165776
v 0.346498 0.003694 -0.165910
v 0.335683 0.003194 -0.167156
v 0.335643 0.002828 -0.166793
v 0.335587 0.002694 -0.166296
v 0.335532 0.002828 -0.165799
v 0.335491 0.003194 -0.165435
v 0.335476 0.003694 -0.165302
v 0.335491 0.004194 -0.165435
v 0.335532 0.004560 -0.165799
v 0.335587 0.004694 -0.166296
v 0.335643 0.004560 -0.166793
v 0.335683 0.004194 -0.167156
v 0.335698 0.003694 -0.167290
v 0.327148 0.003194 -0.167968
v 0.327146 0.002828 -0.167602
v 0.327144 0.002694 -0.167102
v 0.327142 0.002828 -0.166602
v 0.327140 0.003194 -0.166236
v 0.327140 0.003694 -0.166102
v 0.327140 0.004194 -0.166236
v 0.327142 0.004560 -0.166602
v 0.327144 0.004694 -0.167102
v 0.327146 0.004560 -0.167602
v 0.327148 0.004194 -0.167968
v 0.327149 0.003694 -0.168102
v 0.319812 0.003194 -0.167325
v 0.319900 0.002828 -0.166969
v 0.320020 0.002694 -0.166484
v 0.320140 0.002828 -0.165999
v 0.320229 0.003194 -0.165643
v 0.320261 0.003694 -0.165513
v 0.320229 0.004194 -0.165643
v 0.320140 0.004560 -0.165999
v 0.320020 0.004694 -0.166484
v 0.319900 0.004560 -0.166969
v 0.319812 0.004194 -0.167325
v 0.319780 0.003694 -0.167455
v 0.312728 0.003194 -0.164338
v 0.312914 0.002828 -0.164023
v 0.313168 0.002694 -0.163592
v 0.313423 0.002828 -0.163162
v 0.313609 0.003194 -0.162846
v 0.313677 0.003694 -0.162731
v 0.313609 0.004194 -0.162846
v 0.313423 0.004560 -0.163162
v 0.313168 0.004694 -0.163592
v 0.312914 0.004560 -0.164023
v 0.312728 0.004194 -0.164338
v 0.312660 0.003694 -0.164453
v 0.304957 0.003194 -0.158215
v 0.305204 0.002828 -0.157945
v 0.305542 0.002694 -0.157576
v 0.305879 0.002828 -0.157207
v 0.306126 0.003194 -0.156937
v 0.306216 0.003694 -0.156838
v 0.306126 0.004194 -0.156937
v 0.305879 0.004560 -0.157207
v 0.305542 0.004694 -0.157576
v 0.305204 0.004560 -0.157945
v 0.304957 0.004194 -0.158215
v 0.304867 0.003694 -0.158314
v 0.295445 0.003194 -0.148161
v 0.295719 0.002828 -0.147919
v 0.296093 0.002694 -0.147587
v 0.296467 0.002828 -0.147255
v 0.296741 0.003194 -0.147012
v 0.296841 0.003694 -0.146923
v 0.296741 0.004194 -0.147012
v 0.296467 0.004560 -0.147255
v 0.296093 0.004694 -0.147587
v 0.295719 0.004560 -0.147919
v 0.295445 0.004194 -0.148161
v 0.295345 0.003694 -0.148250
v 0.283104 0.003194 -0.133320
v 0.283388 0.002828 -0.133089
v 0.283777 0.002694 -0.132774
v 0.284165 0.002828 -0.132459
v 0.284449 0.003194 -0.132228
v 0.284553 0.003694 -0.132144
v 0.284449 0.004194 -0.132228
v 0.284165 0.004560 -0.132459
v 0.283777 0.004694 -0.132774
v 0.283388 0.004560 -0.133089
v 0.283104 0.004194 -0.133320
v 0.283000 0.003694 -0.133404
v 0.266865 0.003194 -0.112824
v 0.267152 0.002828 -0.112598
v 0.267545 0.002694 -0.112288
v 0.267937 0.002828 -0.111979
v 0.268225 0.003194 -0.111752
v 0.268330 0.003694 -0.111669
v 0.268225 0.004194 -0.111752
v 0.267937 0.004560 -0.111979
v 0.267545 0.004694 -0.112288
v 0.267152 0.004560 -0.112598
v 0.266865 0.004194 -0.112824
v 0.266759 0.003694 -0.112907
v 0.245670 0.003194 -0.085815
v 0.245958 0.002828 -0.085588
v 0.246744 0.002828 -0.084970
v 0.247032 0.004194 -0.084744
v 0.246351 0.004694 -0.085279
v 0.245670 0.004194 -0.085815
v 0.323192 0.004240 -0.086853
v 0.322545 0.003740 -0.086277
v 0.322172 0.003874 -0.085944
v 0.323192 0.005240 -0.086853
v 0.323292 0.004740 -0.086942
v 0.308305 0.004240 -0.099782
v 0.308120 0.003874 -0.099466
v 0.307868 0.003740 -0.099035
v 0.307615 0.003874 -0.098603
v 0.307430 0.004240 -0.098287
v 0.307363 0.004740 -0.098171
v 0.307430 0.005240 -0.098287
v 0.307615 0.005606 -0.098603
v 0.307868 0.005740 -0.099035
v 0.308120 0.005606 -0.099466
v 0.308305 0.005240 -0.099782
v 0.308373 0.004740 -0.099898
v 0.294440 0.004240 -0.104728
v 0.294401 0.003874 -0.104365
v 0.294348 0.003740 -0.103867
v 0.294296 0.003874 -0.103370
v 0.294257 0.004240 -0.103006
v 0.294243 0.004740 -0.102873
v 0.294257 0.005240 -0.103006
v 0.294296 0.005606 -0.103370
v 0.294348 0.005740 -0.103867
v 0.294401 0.005606 -0.104365
v 0.294440 0.005240 -0.104728
v 0.294454 0.004740 -0.104862
v 0.281476 0.004240 -0.103016
v 0.281592 0.003874 -0.102669
v 0.281752 0.003740 -0.102196
v 0.281911 0.003874 -0.101722
v 0.282027 0.004240 -0.101375
v 0.282070 0.004740 -0.101248
v 0.282027 0.005240 -0.101375
v 0.281911 0.005606 -0.101722
v 0.281752 0.005740 -0.102195
v 0.281592 0.005606 -0.102669
v 0.281476 0.005240 -0.103016
v 0.281433 0.004740 -0.103143
v 0.269333 0.004240 -0.096141
v 0.269548 0.003874 -0.095844
v 0.269841 0.003740 -0.095440
v 0.270135 0.003874 -0.095035
v 0.270350 0.004240 -0.094738
v 0.270428 0.004740 -0.094630
v 0.270350 0.005240 -0.094738
v 0.270135 0.005606 -0.095035
v 0.269841 0.005740 -0.095440
v 0.269548 0.005606 -0.095844
v 0.269333 0.005240 -0.096141
v 0.269255 0.004740 -0.096249
v 0.257766 0.004240 -0.085629
v 0.258027 0.003874 -0.085371
v 0.258382 0.003740 -0.085020
v 0.258738 0.003874 -0.084668
v 0.258998 0.004240 -0.084411
v 0.259093 0.004740 -0.084317
v 0.258998 0.005240 -0.084411
v 0.258738 0.005606 -0.084668
v 0.258382 0.005740 -0.085020
v 0.258027 0.005606 -0.085371
v 0.257766 0.005240 -0.085629
v 0.257671 0.004740 -0.085723
v 0.246482 0.004240 -0.072922
v 0.246759 0.003874 -0.072683
v 0.247138 0.003740 -0.072357
v 0.247517 0.003874 -0.072030
v 0.247794 0.004240 -0.071792
v 0.247896 0.004740 -0.071704
v 0.247794 0.005240 -0.071792
v 0.247517 0.005606 -0.072030
v 0.247138 0.005740 -0.072357
v 0.246759 0.005606 -0.072683
v 0.246482 0.005240 -0.072922
v 0.246380 0.004740 -0.073009
v 0.235218 0.004240 -0.059437
v 0.235495 0.003874 -0.059198
v 0.235873 0.003740 -0.058871
v 0.236251 0.003874 -0.058544
v 0.236528 0.004240 -0.058305
v 0.236629 0.004740 -0.058217
v 0.236528 0.005240 -0.058305
v 0.236251 0.005606 -0.058544
v 0.235873 0.005740 -0.058871
v 0.235495 0.005606 -0.059198
v 0.235218 0.005240 -0.059437
v 0.235116 0.004740 -0.059525
v 0.223737 0.004240 -0.046593
v 0.223996 0.003874 -0.046335
v 0.224351 0.003740 -0.045982
v 0.224706 0.003874 -0.045630
v 0.224965 0.004240 -0.045372
v 0.225060 0.004740 -0.045277
v 0.224965 0.005240 -0.045372
v 0.224706 0.005606 -0.045630
v 0.224351 0.005740 -0.045982
v 0.223996 0.005606 -0.046335
v 0.223737 0.005240 -0.046593
v 0.223642 0.004740 -0.046687
v 0.211825 0.004240 -0.035811
v 0.212041 0.003874 -0.035515
v 0.212337 0.003740 -0.035112
v 0.212632 0.003874 -0.034708
v 0.212848 0.004240 -0.034413
v 0.212927 0.004740 -0.034305
v 0.212848 0.005240 -0.034413
v 0.212632 0.005606 -0.034708
v 0.212337 0.005740 -0.035112
v 0.212041 0.005606 -0.035515
v 0.211825 0.005240 -0.035811
v 0.211746 0.004740 -0.035919
v 0.199292 0.004240 -0.028491
v 0.199420 0.003874 -0.028148
v 0.199594 0.003740 -0.027680
v 0.199769 0.003874 -0.027211
v 0.199897 0.004240 -0.026868
v 0.199943 0.004740 -0.026742
v 0.199897 0.005240 -0.026868
v 0.199769 0.005606 -0.027211
v 0.199594 0.005740 -0.027680
v 0.199420 0.005606 -0.028148
v 0.199292 0.005240 -0.028491
v 0.199245 0.004740 -0.028617
v 0.185912 0.004240 -0.025972
v 0.185902 0.003874 -0.025606
v 0.185887 0.003740 -0.025106
v 0.185873 0.003874 -0.024606
v 0.185862 0.004240 -0.024240
v 0.185858 0.004740 -0.024106
v 0.185862 0.005240 -0.024240
v 0.185873 0.005606 -0.024606
v 0.185887 0.005740 -0.025106
v 0.185902 0.005606 -0.025606
v 0.185912 0.005240 -0.025972
v 0.185916 0.004740 -0.026106
v 0.171349 0.004240 -0.029596
v 0.170768 0.003874 -0.028359
v 0.170612 0.004240 -0.028028
v 0.170555 0.004740 -0.027906
v 0.170612 0.005240 -0.028028
v 0.170768 0.005606 -0.028359
v 0.170981 0.005740 -0.028812
v 0.171193 0.005606 -0.029264
v 0.171406 0.004740 -0.029717
v 0.301764 -0.002708 0.022331
v 0.301419 -0.003208 0.023126
v 0.301220 -0.003074 0.023584
v 0.301220 -0.001342 0.023584
v 0.301619 -0.001342 0.022667
v 0.290837 -0.002708 0.019190
v 0.290775 -0.003074 0.019550
v 0.290689 -0.003208 0.020043
v 0.290603 -0.003074 0.020536
v 0.290540 -0.002708 0.020896
v 0.290517 -0.002208 0.021028
v 0.290540 -0.001708 0.020896
v 0.290603 -0.001342 0.020536
v 0.290689 -0.001208 0.020043
v 0.290775 -0.001342 0.019550
v 0.290837 -0.001708 0.019190
v 0.290860 -0.002208 0.019058
v 0.278835 -0.002708 0.018407
v 0.278839 -0.003074 0.018773
v 0.278844 -0.003208 0.019273
v 0.278848 -0.003074 0.019773
v 0.278852 -0.002708 0.020139
v 0.278853 -0.002208 0.020273
v 0.278852 -0.001708 0.020139
v 0.278848 -0.001342 0.019773
v 0.278844 -0.001208 0.019273
v 0.278839 -0.001342 0.018773
v 0.278835 -0.001708 0.018407
v 0.278834 -0.002208 0.018273
v 0.265953 -0.002708 0.019495
v 0.266002 -0.003074 0.019858
v 0.266068 -0.003208 0.020353
v 0.266134 -0.003074 0.020849
v 0.266182 -0.002708 0.021212
v 0.266200 -0.002208 0.021345
v 0.266182 -0.001708 0.021212
v 0.266134 -0.001342 0.020849
v 0.266068 -0.001208 0.020353
v 0.266002 -0.001342 0.019858
v 0.265953 -0.001708 0.019495
v 0.265936 -0.002208 0.019362
v 0.252366 -0.002708 0.021977
v 0.252442 -0.003074 0.022335
v 0.252546 -0.003208 0.022824
v 0.252650 -0.003074 0.023313
v 0.252725 -0.002708 0.023671
v 0.252753 -0.002208 0.023802
v 0.252725 -0.001708 0.023671
v 0.252650 -0.001342 0.023313
v 0.252546 -0.001208 0.022824
v 0.252442 -0.001342 0.022335
v 0.252366 -0.001708 0.021977
v 0.252339 -0.002208 0.021846
v 0.238249 -0.002708 0.025385
v 0.238339 -0.003074 0.025739
v 0.238463 -0.003208 0.026224
v 0.238586 -0.003074 0.026709
v 0.238676 -0.002708 0.027063
v 0.238709 -0.002208 0.027193
v 0.238676 -0.001708 0.027063
v 0.238586 -0.001342 0.026709
v 0.238463 -0.001208 0.026224
v 0.238339 -0.001342 0.025739
v 0.238249 -0.001708 0.025385
v 0.238216 -0.002208 0.025255
v 0.223780 -0.002708 0.029255
v 0.223874 -0.003074 0.029609
v 0.224002 -0.003208 0.030092
v 0.224131 -0.003074 0.030575
v 0.224225 -0.002708 0.030929
v 0.224259 -0.002208 0.031058
v 0.224225 -0.001708 0.030929
v 0.224131 -0.001342 0.030575
v 0.224002 -0.001208 0.030092
v 0.223874 -0.001342 0.029609
v 0.223780 -0.001708 0.029255
v 0.223745 -0.002208 0.029126
v 0.209140 -0.002708 0.033126
v 0.209229 -0.003074 0.033482
v 0.209349 -0.003208 0.033967
v 0.209470 -0.003074 0.034452
v 0.209559 -0.002708 0.034807
v 0.209591 -0.002208 0.034937
v 0.209559 -0.001708 0.034807
v 0.209470 -0.001342 0.034452
v 0.209349 -0.001208 0.033967
v 0.209229 -0.001342 0.033482
v 0.209140 -0.001708 0.033126
v 0.209108 -0.002208 0.032996
v 0.194516 -0.002708 0.036539
v 0.194589 -0.003074 0.036897
v 0.194689 -0.003208 0.037387
v 0.194788 -0.003074 0.037877
v 0.194861 -0.002708 0.038236
v 0.194888 -0.002208 0.038367
v 0.194861 -0.001708 0.038236
v 0.194788 -0.001342 0.037877
v 0.194689 -0.001208 0.037387
v 0.194589 -0.001342 0.036897
v 0.194516 -0.001708 0.036539
v 0.194490 -0.002208 0.036407
v 0.180096 -0.002708 0.039034
v 0.180142 -0.003074 0.039397
v 0.180204 -0.003208 0.039893
v 0.180267 -0.003074 0.040389
v 0.180313 -0.002708 0.040752
v 0.180329 -0.002208 0.040885
v 0.180313 -0.001708 0.040752
v 0.180267 -0.001342 0.040389
v 0.180204 -0.001208 0.039893
v 0.180142 -0.001342 0.039397
v 0.180096 -0.001708 0.039034
v 0.180079 -0.002208 0.038901
v 0.166069 -0.002708 0.040156
v 0.166074 -0.003074 0.040522
v 0.166081 -0.003208 0.041022
v 0.166088 -0.003074 0.041522
v 0.166093 -0.002708 0.041888
v 0.166094 -0.002208 0.042022
v 0.166093 -0.001708 0.041888
v 0.166088 -0.001342 0.041522
v 0.166081 -0.001208 0.041022
v 0.166074 -0.001342 0.040522
v 0.166069 -0.001708 0.040156
v 0.166067 -0.002208 0.040022
v 0.152624 -0.002708 0.039457
v 0.152573 -0.003074 0.039819
v 0.152503 -0.003208 0.040314
v 0.152432 -0.003074 0.040809
v 0.152381 -0.002708 0.041171
v 0.152362 -0.002208 0.041304
v 0.152381 -0.001708 0.041171
v 0.152432 -0.001342 0.040809
v 0.152503 -0.001208 0.040314
v 0.152573 -0.001342 0.039819
v 0.152624 -0.001708 0.039457
v 0.152643 -0.002208 0.039324
v 0.139938 -0.002708 0.036489
v 0.139818 -0.003074 0.036835
v 0.139654 -0.003208 0.037308
v 0.139490 -0.003074 0.037780
v 0.139370 -0.002708 0.038126
v 0.139327 -0.002208 0.038252
v 0.139370 -0.001708 0.038126
v 0.139938 -0.001708 0.036489
v 0.341296 -0.002708 -0.017090
v 0.339533 -0.002208 -0.016479
v 0.340005 -0.001342 -0.016643
v 0.340950 -0.001342 -0.016971
v 0.341296 -0.001708 -0.017090
v 0.341423 -0.002208 -0.017134
v 0.332610 -0.002708 -0.034995
v 0.332312 -0.003074 -0.034782
v 0.331906 -0.003208 -0.034491
v 0.331499 -0.003074 -0.034200
v 0.331202 -0.002708 -0.033987
v 0.331093 -0.002208 -0.033909
v 0.331202 -0.001708 -0.033987
v 0.331499 -0.001342 -0.034200
v 0.331906 -0.001208 -0.034491
v 0.332312 -0.001342 -0.034782
v 0.332610 -0.001708 -0.034995
v 0.332719 -0.002208 -0.035073
v 0.321925 -0.002708 -0.045531
v 0.321733 -0.003074 -0.045220
v 0.321470 -0.003208 -0.044795
v 0.321206 -0.003074 -0.044369
v 0.321014 -0.002708 -0.044058
v 0.320943 -0.002208 -0.043944
v 0.321014 -0.001708 -0.044058
v 0.321206 -0.001342 -0.044369
v 0.321470 -0.001208 -0.044795
v 0.321733 -0.001342 -0.045220
v 0.321925 -0.001708 -0.045531
v 0.321996 -0.002208 -0.045645
v 0.309574 -0.002708 -0.049761
v 0.309526 -0.003074 -0.049399
v 0.309461 -0.003208 -0.048903
v 0.309395 -0.003074 -0.048407
v 0.309348 -0.002708 -0.048044
v 0.309330 -0.002208 -0.047911
v 0.309348 -0.001708 -0.048044
v 0.309395 -0.001342 -0.048407
v 0.309461 -0.001208 -0.048903
v 0.309526 -0.001342 -0.049399
v 0.309574 -0.001708 -0.049761
v 0.309591 -0.002208 -0.049894
v 0.296004 -0.002708 -0.048851
v 0.296075 -0.003074 -0.048491
v 0.296171 -0.003208 -0.048001
v 0.296267 -0.003074 -0.047510
v 0.296338 -0.002708 -0.047151
v 0.296363 -0.002208 -0.047019
v 0.296338 -0.001708 -0.047151
v 0.296267 -0.001342 -0.047510
v 0.296171 -0.001208 -0.048001
v 0.296075 -0.001342 -0.048491
v 0.296004 -0.001708 -0.048851
v 0.295978 -0.002208 -0.048982
v 0.281563 -0.002708 -0.044075
v 0.281702 -0.003074 -0.043736
v 0.281891 -0.003208 -0.043273
v 0.282081 -0.003074 -0.042811
v 0.282219 -0.002708 -0.042472
v 0.282270 -0.002208 -0.042348
v 0.282219 -0.001708 -0.042472
v 0.282081 -0.001342 -0.042811
v 0.281891 -0.001208 -0.043273
v 0.281702 -0.001342 -0.043736
v 0.281563 -0.001708 -0.044075
v 0.281513 -0.002208 -0.044199
v 0.266507 -0.002708 -0.036671
v 0.266679 -0.003074 -0.036347
v 0.266914 -0.003208 -0.035906
v 0.267149 -0.003074 -0.035465
v 0.267320 -0.002708 -0.035141
v 0.267383 -0.002208 -0.035023
v 0.267320 -0.001708 -0.035141
v 0.267149 -0.001342 -0.035465
v 0.266914 -0.001208 -0.035906
v 0.266679 -0.001342 -0.036347
v 0.266507 -0.001708 -0.036671
v 0.266444 -0.002208 -0.036789
v 0.251095 -0.002708 -0.027833
v 0.251279 -0.003074 -0.027516
v 0.251529 -0.003208 -0.027084
v 0.251780 -0.003074 -0.026651
v 0.251964 -0.002708 -0.026335
v 0.252031 -0.002208 -0.026219
v 0.251964 -0.001708 -0.026335
v 0.251780 -0.001342 -0.026651
v 0.251529 -0.001208 -0.027084
v 0.251279 -0.001342 -0.027516
v 0.251095 -0.001708 -0.027833
v 0.251028 -0.002208 -0.027949
v 0.235607 -0.002708 -0.018747
v 0.235786 -0.003074 -0.018428
v 0.236030 -0.003208 -0.017991
v 0.236274 -0.003074 -0.017555
v 0.236453 -0.002708 -0.017236
v 0.236519 -0.002208 -0.017119
v 0.236453 -0.001708 -0.017236
v 0.236274 -0.001342 -0.017555
v 0.236030 -0.001208 -0.017991
v 0.235786 -0.001342 -0.018428
v 0.235607 -0.001708 -0.018747
v 0.235542 -0.002208 -0.018864
v 0.220339 -0.002708 -0.010598
v 0.220495 -0.003074 -0.010267
v 0.220707 -0.003208 -0.009814
v 0.220920 -0.003074 -0.009362
v 0.221076 -0.002708 -0.009030
v 0.221133 -0.002208 -0.008909
v 0.221076 -0.001708 -0.009030
v 0.220920 -0.001342 -0.009362
v 0.220707 -0.001208 -0.009814
v 0.220495 -0.001342 -0.010267
v 0.220339 -0.001708 -0.010598
v 0.220282 -0.002208 -0.010719
v 0.205603 -0.002708 -0.004567
v 0.205709 -0.003074 -0.004216
v 0.205852 -0.003208 -0.003737
v 0.205996 -0.003074 -0.003259
v 0.206102 -0.002708 -0.002908
v 0.206140 -0.002208 -0.002780
v 0.206102 -0.001708 -0.002908
v 0.205996 -0.001342 -0.003259
v 0.205852 -0.001208 -0.003737
v 0.205709 -0.001342 -0.004216
v 0.205603 -0.001708 -0.004567
v 0.205565 -0.002208 -0.004695
v 0.191728 -0.002708 -0.001812
v 0.191740 -0.003074 -0.001446
v 0.191757 -0.003208 -0.000946
v 0.191774 -0.003074 -0.000446
v 0.191786 -0.002708 -0.000081
v 0.191791 -0.002208 0.000053
v 0.191786 -0.001708 -0.000081
v 0.191774 -0.001342 -0.000446
v 0.191757 -0.001208 -0.000946
v 0.191740 -0.001342 -0.001446
v 0.191728 -0.001708 -0.001812
v 0.191723 -0.002208 -0.001945
v 0.178996 -0.002708 -0.003443
v 0.178876 -0.003074 -0.003098
v 0.178429 -0.002708 -0.001807
v 0.178429 -0.001708 -0.001807
v 0.178713 -0.001208 -0.002625
v 0.178876 -0.001342 -0.003098
v 0.005259 0.003874 -0.039141
v 0.006679 0.004740 -0.039623
v 0.005259 0.005606 -0.039141
v 0.004786 0.004740 -0.038980
v 0.013572 0.004240 -0.021309
v 0.013865 0.003874 -0.021528
v 0.014266 0.003740 -0.021827
v 0.014667 0.003874 -0.022125
v 0.014960 0.004240 -0.022344
v 0.015068 0.004740 -0.022424
v 0.014960 0.005240 -0.022344
v 0.014667 0.005606 -0.022125
v 0.014266 0.005740 -0.021827
v 0.013865 0.005606 -0.021528
v 0.013572 0.005240 -0.021309
v 0.013464 0.004740 -0.021229
v 0.024406 0.004240 -0.011343
v 0.024584 0.003874 -0.011663
v 0.024827 0.003740 -0.012100
v 0.025069 0.003874 -0.012537
v 0.025247 0.004240 -0.012857
v 0.025312 0.004740 -0.012974
v 0.025247 0.005240 -0.012857
v 0.025069 0.005606 -0.012537
v 0.024827 0.005740 -0.012100
v 0.024584 0.005606 -0.011663
v 0.024406 0.005240 -0.011343
v 0.024341 0.004740 -0.011226
v 0.037010 0.004240 -0.007859
v 0.037038 0.003874 -0.008224
v 0.037077 0.003740 -0.008722
v 0.037115 0.003874 -0.009221
v 0.037143 0.004240 -0.009586
v 0.037154 0.004740 -0.009719
v 0.037143 0.005240 -0.009586
v 0.037115 0.005606 -0.009221
v 0.037077 0.005740 -0.008722
v 0.037038 0.005606 -0.008224
v 0.037010 0.005240 -0.007859
v 0.037000 0.004740 -0.007725
v 0.050873 0.004240 -0.009450
v 0.050791 0.003874 -0.009806
v 0.050679 0.003740 -0.010294
v 0.050567 0.003874 -0.010781
v 0.050485 0.004240 -0.011138
v 0.050455 0.004740 -0.011268
v 0.050485 0.005240 -0.011138
v 0.050567 0.005606 -0.010781
v 0.050679 0.005740 -0.010294
v 0.050791 0.005606 -0.009806
v 0.050873 0.005240 -0.009450
v 0.050903 0.004740 -0.009319
v 0.065626 0.004240 -0.014613
v 0.065487 0.003874 -0.014951
v 0.065296 0.003740 -0.015414
v 0.065106 0.003874 -0.015876
v 0.064967 0.004240 -0.016215
v 0.064916 0.004740 -0.016339
v 0.064967 0.005240 -0.016215
v 0.065106 0.005606 -0.015876
v 0.065296 0.005740 -0.015414
v 0.065487 0.005606 -0.014951
v 0.065626 0.005240 -0.014613
v 0.065677 0.004740 -0.014489
v 0.080975 0.004240 -0.021907
v 0.080813 0.003874 -0.022235
v 0.080591 0.003740 -0.022683
v 0.080370 0.003874 -0.023132
v 0.080208 0.004240 -0.023460
v 0.080149 0.004740 -0.023580
v 0.080208 0.005240 -0.023460
v 0.080370 0.005606 -0.023132
v 0.080591 0.005740 -0.022683
v 0.080813 0.005606 -0.022235
v 0.080975 0.005240 -0.021907
v 0.081034 0.004740 -0.021787
v 0.096609 0.004240 -0.029925
v 0.096448 0.003874 -0.030254
v 0.096227 0.003740 -0.030703
v 0.096006 0.003874 -0.031151
v 0.095845 0.004240 -0.031480
v 0.095786 0.004740 -0.031600
v 0.095845 0.005240 -0.031480
v 0.096006 0.005606 -0.031151
v 0.096227 0.005740 -0.030703
v 0.096448 0.005606 -0.030254
v 0.096609 0.005240 -0.029925
v 0.096668 0.004740 -0.029805
v 0.112193 0.004240 -0.037269
v 0.112054 0.003874 -0.037608
v 0.111866 0.003740 -0.038071
v 0.111677 0.003874 -0.038534
v 0.111538 0.004240 -0.038873
v 0.111488 0.004740 -0.038997
v 0.111538 0.005240 -0.038873
v 0.111677 0.005606 -0.038534
v 0.111866 0.005740 -0.038071
v 0.112054 0.005606 -0.037608
v 0.112193 0.005240 -0.037269
v 0.112243 0.004740 -0.037145
v 0.127368 0.004240 -0.042547
v 0.127284 0.003874 -0.042903
v 0.127170 0.003740 -0.043390
v 0.127056 0.003874 -0.043877
v 0.126972 0.004240 -0.044233
v 0.126941 0.004740 -0.044364
v 0.126972 0.005240 -0.044233
v 0.127056 0.005606 -0.043877
v 0.127170 0.005740 -0.043390
v 0.127284 0.005606 -0.042903
v 0.127368 0.005240 -0.042547
v 0.127399 0.004740 -0.042417
v 0.141764 0.004240 -0.044394
v 0.141781 0.003874 -0.044759
v 0.141803 0.003740 -0.045259
v 0.141825 0.003874 -0.045758
v 0.141841 0.004240 -0.046124
v 0.141847 0.004740 -0.046258
v 0.141841 0.005240 -0.046124
v 0.141825 0.005606 -0.045758
v 0.141803 0.005740 -0.045259
v 0.141781 0.005606 -0.044759
v 0.141764 0.005240 -0.044394
v 0.141759 0.004740 -0.044260
v 0.155066 0.004240 -0.041491
v 0.155218 0.003874 -0.041824
v 0.155427 0.003740 -0.042278
v 0.155635 0.003874 -0.042733
v 0.155788 0.004240 -0.043065
v 0.155844 0.004740 -0.043187
v 0.155788 0.005240 -0.043065
v 0.155635 0.005606 -0.042733
v 0.155427 0.005740 -0.042278
v 0.155218 0.005606 -0.041824
v 0.155066 0.005240 -0.041491
v 0.155010 0.004740 -0.041369
v 0.167060 0.004240 -0.032470
v 0.167705 0.003740 -0.033048
v 0.168077 0.003874 -0.033382
v 0.168449 0.004740 -0.033715
v 0.167332 0.005606 -0.032714
v 0.167060 0.005240 -0.032470
v -0.068802 -0.002708 0.018838
v -0.067463 -0.003074 0.019109
v -0.067104 -0.002708 0.019181
v -0.067104 -0.001708 0.019181
v -0.067463 -0.001342 0.019109
v -0.068443 -0.001342 0.018910
v -0.068933 -0.002208 0.018811
v -0.070425 -0.002708 0.038672
v -0.070061 -0.003074 0.038640
v -0.069563 -0.003208 0.038596
v -0.069065 -0.003074 0.038552
v -0.068700 -0.002708 0.038519
v -0.068567 -0.002208 0.038508
v -0.068700 -0.001708 0.038519
v -0.069065 -0.001342 0.038552
v -0.069563 -0.001208 0.038596
v -0.070061 -0.001342 0.038640
v -0.070425 -0.001708 0.038672
v -0.070559 -0.002208 0.038684
v -0.066582 -0.002708 0.053176
v -0.066257 -0.003074 0.053006
v -0.065815 -0.003208 0.052774
v -0.065372 -0.003074 0.052542
v -0.065048 -0.002708 0.052372
v -0.064929 -0.002208 0.052310
v -0.065048 -0.001708 0.052372
v -0.065372 -0.001342 0.052542
v -0.065815 -0.001208 0.052774
v -0.066257 -0.001342 0.053006
v -0.066582 -0.001708 0.053176
v -0.066700 -0.002208 0.053239
v -0.058096 -0.002708 0.063099
v -0.057871 -0.003074 0.062811
v -0.057562 -0.003208 0.062417
v -0.057254 -0.003074 0.062023
v -0.057029 -0.002708 0.061735
v -0.056946 -0.002208 0.061630
v -0.057029 -0.001708 0.061735
v -0.057254 -0.001342 0.062023
v -0.057562 -0.001208 0.062417
v -0.057871 -0.001342 0.062811
v -0.058096 -0.001708 0.063099
v -0.058179 -0.002208 0.063205
v -0.045948 -0.002708 0.069214
v -0.045826 -0.003074 0.068869
v -0.045660 -0.003208 0.068397
v -0.045493 -0.003074 0.067926
v -0.045371 -0.002708 0.067581
v -0.045327 -0.002208 0.067454
v -0.045371 -0.001708 0.067581
v -0.045493 -0.001342 0.067926
v -0.045660 -0.001208 0.068397
v -0.045826 -0.001342 0.068869
v -0.045948 -0.001708 0.069214
v -0.045993 -0.002208 0.069340
v -0.031085 -0.002708 0.072443
v -0.031032 -0.003074 0.072081
v -0.030960 -0.003208 0.071586
v -0.030888 -0.003074 0.071092
v -0.030835 -0.002708 0.070729
v -0.030816 -0.002208 0.070597
v -0.030835 -0.001708 0.070729
v -0.030888 -0.001342 0.071092
v -0.030960 -0.001208 0.071586
v -0.031032 -0.001342 0.072081
v -0.031085 -0.001708 0.072443
v -0.031104 -0.002208 0.072576
v -0.014355 -0.002708 0.073722
v -0.014339 -0.003074 0.073357
v -0.014317 -0.003208 0.072857
v -0.014295 -0.003074 0.072358
v -0.014278 -0.002708 0.071992
v -0.014272 -0.002208 0.071858
v -0.014278 -0.001708 0.071992
v -0.014295 -0.001342 0.072358
v -0.014317 -0.001208 0.072857
v -0.014339 -0.001342 0.073357
v -0.014355 -0.001708 0.073722
v -0.014361 -0.002208 0.073856
v 0.003409 -0.002708 0.073948
v 0.003412 -0.003074 0.073582
v 0.003416 -0.003208 0.073082
v 0.003420 -0.003074 0.072582
v 0.003423 -0.002708 0.072216
v 0.003424 -0.002208 0.072082
v 0.003423 -0.001708 0.072216
v 0.003420 -0.001342 0.072582
v 0.003416 -0.001208 0.073082
v 0.003412 -0.001342 0.073582
v 0.003409 -0.001708 0.073948
v 0.003408 -0.002208 0.074082
v 0.021366 -0.002708 0.073998
v 0.021374 -0.003074 0.073632
v 0.021385 -0.003208 0.073132
v 0.021397 -0.003074 0.072632
v 0.021405 -0.002708 0.072266
v 0.021408 -0.002208 0.072132
v 0.021405 -0.001708 0.072266
v 0.021397 -0.001342 0.072632
v 0.021385 -0.001208 0.073132
v 0.021374 -0.001342 0.073632
v 0.021366 -0.001708 0.073998
v 0.021362 -0.002208 0.074132
v 0.038656 -0.002708 0.074743
v 0.038690 -0.003074 0.074379
v 0.038737 -0.003208 0.073881
v 0.038784 -0.003074 0.073383
v 0.038819 -0.002708 0.073019
v 0.038831 -0.002208 0.072886
v 0.038819 -0.001708 0.073019
v 0.038784 -0.001342 0.073383
v 0.038737 -0.001208 0.073881
v 0.038690 -0.001342 0.074379
v 0.038656 -0.001708 0.074743
v 0.038643 -0.002208 0.074877
v 0.054412 -0.002708 0.077042
v 0.054499 -0.003074 0.076686
v 0.054619 -0.003208 0.076201
v 0.054738 -0.003074 0.075715
v 0.054826 -0.002708 0.075360
v 0.054858 -0.002208 0.075230
v 0.054826 -0.001708 0.075360
v 0.054738 -0.001342 0.075715
v 0.054619 -0.001208 0.076201
v 0.054499 -0.001342 0.076686
v 0.054412 -0.001708 0.077042
v 0.054380 -0.002208 0.077172
v 0.067761 -0.002708 0.081724
v 0.067936 -0.003074 0.081402
v 0.068176 -0.003208 0.080963
v 0.068415 -0.003074 0.080525
v 0.068590 -0.002708 0.080203
v 0.068655 -0.002208 0.080086
v 0.068591 -0.001708 0.080203
v 0.068415 -0.001342 0.080525
v 0.068176 -0.001208 0.080963
v 0.067936 -0.001342 0.081402
v 0.067761 -0.001708 0.081724
v 0.067697 -0.002208 0.081841
v 0.079215 -0.001708 0.088481
v 0.078173 -0.001342 0.089365
v -0.118606 -0.002708 0.099790
v -0.118241 -0.003074 0.099814
v -0.117742 -0.003208 0.099848
v -0.117243 -0.003074 0.099882
v -0.116878 -0.002708 0.099906
v -0.116744 -0.002208 0.099915
v -0.116878 -0.001708 0.099906
v -0.117243 -0.001342 0.099882
v -0.117742 -0.001208 0.099848
v -0.118739 -0.002208 0.099781
v -0.117597 -0.002708 0.119665
v -0.117240 -0.003074 0.119585
v -0.116752 -0.003208 0.119475
v -0.116265 -0.003074 0.119366
v -0.115907 -0.002708 0.119286
v -0.115777 -0.002208 0.119256
v -0.115907 -0.001708 0.119286
v -0.116265 -0.001342 0.119366
v -0.116752 -0.001208 0.119475
v -0.117240 -0.001342 0.119585
v -0.117597 -0.001708 0.119665
v -0.117728 -0.002208 0.119694
v -0.111873 -0.002708 0.133535
v -0.111574 -0.003074 0.133324
v -0.111166 -0.003208 0.133035
v -0.110758 -0.003074 0.132746
v -0.110459 -0.002708 0.132535
v -0.110349 -0.002208 0.132458
v -0.110459 -0.001708 0.132535
v -0.110758 -0.001342 0.132746
v -0.111166 -0.001208 0.133035
v -0.111574 -0.001342 0.133324
v -0.111873 -0.001708 0.133535
v -0.111982 -0.002208 0.133612
v -0.102153 -0.002708 0.142251
v -0.101967 -0.003074 0.141936
v -0.101713 -0.003208 0.141505
v -0.101460 -0.003074 0.141074
v -0.101274 -0.002708 0.140758
v -0.101206 -0.002208 0.140643
v -0.101274 -0.001708 0.140758
v -0.101460 -0.001342 0.141074
v -0.101713 -0.001208 0.141505
v -0.101967 -0.001342 0.141936
v -0.102153 -0.001708 0.142251
v -0.102220 -0.002208 0.142367
v -0.089304 -0.002708 0.146709
v -0.089228 -0.003074 0.146351
v -0.089126 -0.003208 0.145862
v -0.089023 -0.003074 0.145372
v -0.088947 -0.002708 0.145014
v -0.088920 -0.002208 0.144883
v -0.088947 -0.001708 0.145014
v -0.089023 -0.001342 0.145372
v -0.089126 -0.001208 0.145862
v -0.089228 -0.001342 0.146351
v -0.089304 -0.001708 0.146709
v -0.089331 -0.002208 0.146840
v -0.074144 -0.002708 0.147949
v -0.074140 -0.003074 0.147583
v -0.074134 -0.003208 0.147083
v -0.074127 -0.003074 0.146583
v -0.074123 -0.002708 0.146217
v -0.074121 -0.002208 0.146083
v -0.074123 -0.001708 0.146217
v -0.074127 -0.001342 0.146583
v -0.074134 -0.001208 0.147083
v -0.074140 -0.001342 0.147583
v -0.074144 -0.001708 0.147949
v -0.074146 -0.002208 0.148083
v -0.057392 -0.002708 0.147009
v -0.057424 -0.003074 0.146644
v -0.057468 -0.003208 0.146146
v -0.057512 -0.003074 0.145648
v -0.057544 -0.002708 0.145284
v -0.057556 -0.002208 0.145150
v -0.057544 -0.001708 0.145284
v -0.057512 -0.001342 0.145648
v -0.057468 -0.001208 0.146146
v -0.057424 -0.001342 0.146644
v -0.057392 -0.001708 0.147009
v -0.057380 -0.002208 0.147142
v -0.039753 -0.002708 0.144888
v -0.039799 -0.003074 0.144525
v -0.039861 -0.003208 0.144029
v -0.039923 -0.003074 0.143533
v -0.039968 -0.002708 0.143169
v -0.039985 -0.002208 0.143036
v -0.039968 -0.001708 0.143169
v -0.039923 -0.001342 0.143533
v -0.039861 -0.001208 0.144029
v -0.039799 -0.001342 0.144525
v -0.039753 -0.001708 0.144888
v -0.039736 -0.002208 0.145021
v -0.021947 -0.002708 0.142568
v -0.021987 -0.003074 0.142204
v -0.022042 -0.003208 0.141707
v -0.022096 -0.003074 0.141210
v -0.022136 -0.002708 0.140847
v -0.022151 -0.002208 0.140713
v -0.022136 -0.001708 0.140847
v -0.022096 -0.001342 0.141210
v -0.022042 -0.001208 0.141707
v -0.021987 -0.001342 0.142204
v -0.021947 -0.001708 0.142568
v -0.021933 -0.002208 0.142701
v -0.004710 -0.002708 0.141025
v -0.004724 -0.003074 0.140660
v -0.004743 -0.003208 0.140160
v -0.004762 -0.003074 0.139660
v -0.004776 -0.002708 0.139295
v -0.004781 -0.002208 0.139161
v -0.004776 -0.001708 0.139295
v -0.004762 -0.001342 0.139660
v -0.004743 -0.001208 0.140160
v -0.004724 -0.001342 0.140660
v -0.004710 -0.001708 0.141025
v -0.004705 -0.002208 0.141159
v 0.011211 -0.002708 0.141224
v 0.011251 -0.003074 0.140861
v 0.011306 -0.003208 0.140364
v 0.011360 -0.003074 0.139867
v 0.011400 -0.002708 0.139503
v 0.011415 -0.002208 0.139370
v 0.011400 -0.001708 0.139503
v 0.011360 -0.001342 0.139867
v 0.011306 -0.001208 0.140364
v 0.011251 -0.001342 0.140861
v 0.011211 -0.001708 0.141224
v 0.011197 -0.002208 0.141358
v 0.025062 -0.002708 0.144104
v 0.025193 -0.003074 0.143762
v 0.025373 -0.003208 0.143295
v 0.025552 -0.003074 0.142829
v 0.025684 -0.002708 0.142487
v 0.025732 -0.002208 0.142362
v 0.025684 -0.001708 0.142487
v 0.025552 -0.001342 0.142829
v 0.025373 -0.001208 0.143295
v 0.025193 -0.001342 0.143762
v 0.025062 -0.001708 0.144104
v 0.025014 -0.002208 0.144229
v 0.036146 -0.002708 0.150576
v 0.036392 -0.003074 0.150304
v 0.037308 -0.002708 0.149291
v 0.037062 -0.001342 0.149562
v 0.036392 -0.001342 0.150304
v 0.036056 -0.002208 0.150675
v -0.429206 -0.001994 0.080990
v -0.428783 -0.002128 0.080724
v -0.428050 -0.001628 0.080262
v -0.427937 -0.001128 0.080191
v -0.428360 -0.000262 0.080457
v -0.429206 -0.000262 0.080990
v -0.415625 -0.001628 0.099772
v -0.415352 -0.001994 0.099528
v -0.414979 -0.002128 0.099195
v -0.414606 -0.001994 0.098862
v -0.414333 -0.001628 0.098618
v -0.414233 -0.001128 0.098528
v -0.414333 -0.000628 0.098618
v -0.414606 -0.000262 0.098861
v -0.414979 -0.000128 0.099195
v -0.415352 -0.000262 0.099528
v -0.415625 -0.000628 0.099772
v -0.415725 -0.001128 0.099861
v -0.400382 -0.001628 0.114090
v -0.400157 -0.001994 0.113801
v -0.399850 -0.002128 0.113407
v -0.399542 -0.001994 0.113013
v -0.399317 -0.001628 0.112724
v -0.399235 -0.001128 0.112618
v -0.399317 -0.000628 0.112724
v -0.399542 -0.000262 0.113013
v -0.399850 -0.000128 0.113407
v -0.400157 -0.000262 0.113801
v -0.400382 -0.000628 0.114090
v -0.400465 -0.001128 0.114196
v -0.384077 -0.001628 0.124547
v -0.383908 -0.001994 0.124222
v -0.383677 -0.002128 0.123779
v -0.383446 -0.001994 0.123335
v -0.383277 -0.001628 0.123010
v -0.383215 -0.001128 0.122892
v -0.383277 -0.000628 0.123010
v -0.383446 -0.000262 0.123335
v -0.383677 -0.000128 0.123779
v -0.383908 -0.000262 0.124222
v -0.384077 -0.000628 0.124547
v -0.384139 -0.001128 0.124666
v -0.367004 -0.001628 0.131553
v -0.366893 -0.001994 0.131204
v -0.366743 -0.002128 0.130727
v -0.366592 -0.001994 0.130250
v -0.366482 -0.001628 0.129901
v -0.366441 -0.001128 0.129774
v -0.366482 -0.000628 0.129901
v -0.366592 -0.000262 0.130250
v -0.366743 -0.000128 0.130727
v -0.366893 -0.000262 0.131204
v -0.367004 -0.000628 0.131553
v -0.367044 -0.001128 0.131681
v -0.349458 -0.001628 0.135527
v -0.349404 -0.001994 0.135165
v -0.349329 -0.002128 0.134670
v -0.349254 -0.001994 0.134176
v -0.349200 -0.001628 0.133814
v -0.349180 -0.001128 0.133681
v -0.349200 -0.000628 0.133814
v -0.349254 -0.000262 0.134176
v -0.349329 -0.000128 0.134670
v -0.349404 -0.000262 0.135165
v -0.349458 -0.000628 0.135527
v -0.349478 -0.001128 0.135659
v -0.331731 -0.001628 0.136892
v -0.331725 -0.001994 0.136526
v -0.331718 -0.002128 0.136026
v -0.331710 -0.001994 0.135526
v -0.331705 -0.001628 0.135160
v -0.331703 -0.001128 0.135026
v -0.331705 -0.000628 0.135160
v -0.331710 -0.000262 0.135526
v -0.331718 -0.000128 0.136026
v -0.331725 -0.000262 0.136526
v -0.331731 -0.000628 0.136892
v -0.331733 -0.001128 0.137026
v -0.314107 -0.001628 0.136073
v -0.314143 -0.001994 0.135709
v -0.314191 -0.002128 0.135211
v -0.314240 -0.001994 0.134714
v -0.314276 -0.001628 0.134349
v -0.314289 -0.001128 0.134216
v -0.314276 -0.000628 0.134349
v -0.314240 -0.000262 0.134714
v -0.314191 -0.000128 0.135211
v -0.314143 -0.000262 0.135709
v -0.314107 -0.000628 0.136073
v -0.314094 -0.001128 0.136206
v -0.296867 -0.001628 0.133495
v -0.296937 -0.001994 0.133135
v -0.297031 -0.002128 0.132644
v -0.297126 -0.001994 0.132154
v -0.297195 -0.001628 0.131794
v -0.297220 -0.001128 0.131663
v -0.297195 -0.000628 0.131794
v -0.297126 -0.000262 0.132154
v -0.297031 -0.000128 0.132644
v -0.296937 -0.000262 0.133135
v -0.296867 -0.000628 0.133495
v -0.296842 -0.001128 0.133626
v -0.280292 -0.001628 0.129579
v -0.280388 -0.001994 0.129226
v -0.280520 -0.002128 0.128743
v -0.280651 -0.001994 0.128261
v -0.280747 -0.001628 0.127908
v -0.280782 -0.001128 0.127779
v -0.280747 -0.000628 0.127908
v -0.280651 -0.000262 0.128261
v -0.280520 -0.000128 0.128743
v -0.280388 -0.000262 0.129226
v -0.280292 -0.000628 0.129579
v -0.280257 -0.001128 0.129708
v -0.264660 -0.001628 0.124746
v -0.264778 -0.001994 0.124399
v -0.264939 -0.002128 0.123926
v -0.265099 -0.001994 0.123452
v -0.265217 -0.001628 0.123106
v -0.265260 -0.001128 0.122979
v -0.265217 -0.000628 0.123106
v -0.265099 -0.000262 0.123452
v -0.264939 -0.000128 0.123926
v -0.264778 -0.000262 0.124399
v -0.264660 -0.000628 0.124746
v -0.264617 -0.001128 0.124873
v -0.250252 -0.001628 0.119415
v -0.250387 -0.001994 0.119074
v -0.250570 -0.002128 0.118609
v -0.250753 -0.001994 0.118144
v -0.250888 -0.001628 0.117803
v -0.250937 -0.001128 0.117679
v -0.250888 -0.000628 0.117803
v -0.250753 -0.000262 0.118144
v -0.250570 -0.000128 0.118609
v -0.250387 -0.000262 0.119074
v -0.250252 -0.000628 0.119415
v -0.250203 -0.001128 0.119539
v -0.237494 -0.001994 0.113669
v -0.237897 -0.001994 0.112754
v -0.238045 -0.001628 0.112419
v -0.238099 -0.001128 0.112296
v -0.237897 -0.000262 0.112754
v -0.275267 -0.001628 -0.044772
v -0.274066 -0.001994 -0.044120
v -0.273627 -0.001128 -0.043881
v -0.273745 -0.000628 -0.043945
v -0.274066 -0.000262 -0.044120
v -0.274506 -0.000128 -0.044358
v -0.282639 -0.001628 -0.026287
v -0.282281 -0.001994 -0.026211
v -0.281792 -0.002128 -0.026107
v -0.281303 -0.001994 -0.026003
v -0.280945 -0.001628 -0.025927
v -0.280814 -0.001128 -0.025899
v -0.280945 -0.000628 -0.025927
v -0.281303 -0.000262 -0.026003
v -0.281792 -0.000128 -0.026107
v -0.282281 -0.000262 -0.026211
v -0.282639 -0.000628 -0.026287
v -0.282770 -0.001128 -0.026315
v -0.283221 -0.001628 -0.011293
v -0.282862 -0.001994 -0.011361
v -0.282370 -0.002128 -0.011453
v -0.281879 -0.001994 -0.011545
v -0.281519 -0.001628 -0.011612
v -0.281387 -0.001128 -0.011637
v -0.281519 -0.000628 -0.011612
v -0.281879 -0.000262 -0.011545
v -0.282370 -0.000128 -0.011453
v -0.282862 -0.000262 -0.011361
v -0.283221 -0.000628 -0.011293
v -0.283353 -0.001128 -0.011269
v -0.278022 -0.001628 0.000682
v -0.277722 -0.001994 0.000473
v -0.277311 -0.002128 0.000187
v -0.276901 -0.001994 -0.000099
v -0.276601 -0.001628 -0.000308
v -0.276491 -0.001128 -0.000384
v -0.276601 -0.000628 -0.000308
v -0.276901 -0.000262 -0.000099
v -0.277311 -0.000128 0.000187
v -0.277722 -0.000262 0.000473
v -0.278022 -0.000628 0.000682
v -0.278132 -0.001128 0.000759
v -0.268203 -0.001628 0.010093
v -0.267985 -0.001994 0.009799
v -0.267688 -0.002128 0.009397
v -0.267390 -0.001994 0.008995
v -0.267172 -0.001628 0.008701
v -0.267093 -0.001128 0.008594
v -0.267172 -0.000628 0.008701
v -0.267390 -0.000262 0.008995
v -0.267688 -0.000128 0.009397
v -0.267985 -0.000262 0.009799
v -0.268203 -0.000628 0.010093
v -0.268283 -0.001128 0.010201
v -0.254942 -0.001628 0.017542
v -0.254785 -0.001994 0.017212
v -0.254571 -0.002128 0.016760
v -0.254357 -0.001994 0.016308
v -0.254200 -0.001628 0.015977
v -0.254143 -0.001128 0.015856
v -0.254200 -0.000628 0.015977
v -0.254357 -0.000262 0.016308
v -0.254571 -0.000128 0.016760
v -0.254785 -0.000262 0.017212
v -0.254942 -0.000628 0.017542
v -0.255000 -0.001128 0.017663
v -0.239324 -0.001628 0.023675
v -0.239202 -0.001994 0.023330
v -0.239034 -0.002128 0.022859
v -0.238866 -0.001994 0.022388
v -0.238743 -0.001628 0.022043
v -0.238698 -0.001128 0.021917
v -0.238743 -0.000628 0.022043
v -0.238866 -0.000262 0.022388
v -0.239034 -0.000128 0.022859
v -0.239202 -0.000262 0.023330
v -0.239324 -0.000628 0.023675
v -0.239369 -0.001128 0.023801
v -0.222408 -0.001628 0.029104
v -0.222298 -0.001994 0.028754
v -0.222148 -0.002128 0.028278
v -0.221997 -0.001994 0.027801
v -0.221887 -0.001628 0.027452
v -0.221847 -0.001128 0.027324
v -0.221887 -0.000628 0.027452
v -0.221997 -0.000262 0.027801
v -0.222148 -0.000128 0.028278
v -0.222298 -0.000262 0.028754
v -0.222408 -0.000628 0.029104
v -0.222448 -0.001128 0.029231
v -0.205257 -0.001628 0.034421
v -0.205142 -0.001994 0.034074
v -0.204984 -0.002128 0.033599
v -0.204827 -0.001994 0.033125
v -0.204711 -0.001628 0.032778
v -0.204669 -0.001128 0.032650
v -0.204711 -0.000628 0.032778
v -0.204827 -0.000262 0.033125
v -0.204984 -0.000128 0.033599
v -0.205142 -0.000262 0.034074
v -0.205257 -0.000628 0.034421
v -0.205300 -0.001128 0.034548
v -0.188947 -0.001628 0.040208
v -0.188807 -0.001994 0.039870
v -0.188616 -0.002128 0.039408
v -0.188425 -0.001994 0.038946
v -0.188285 -0.001628 0.038607
v -0.188234 -0.001128 0.038484
v -0.188285 -0.000628 0.038607
v -0.188425 -0.000262 0.038946
v -0.188616 -0.000128 0.039408
v -0.188807 -0.000262 0.039870
v -0.188947 -0.000628 0.040208
v -0.188998 -0.001128 0.040332
v -0.174560 -0.001628 0.047029
v -0.174372 -0.001994 0.046715
v -0.174115 -0.002128 0.046286
v -0.173858 -0.001994 0.045857
v -0.173670 -0.001628 0.045543
v -0.173601 -0.001128 0.045428
v -0.173670 -0.000628 0.045543
v -0.173858 -0.000262 0.045857
v -0.174115 -0.000128 0.046286
v -0.174372 -0.000262 0.046715
v -0.174560 -0.000628 0.047029
v -0.174628 -0.001128 0.047144
v -0.163172 -0.001628 0.055422
v -0.162910 -0.001994 0.055167
v -0.162553 -0.002128 0.054817
v -0.162195 -0.001994 0.054468
v -0.161933 -0.001628 0.054213
v -0.161837 -0.001128 0.054119
v -0.161933 -0.000628 0.054213
v -0.162195 -0.000262 0.054468
v -0.162553 -0.000128 0.054818
v -0.162910 -0.000262 0.055167
v -0.163172 -0.000628 0.055422
v -0.163268 -0.001128 0.055516
v -0.155797 -0.001628 0.065927
v -0.154082 -0.001128 0.065191
v -0.155797 -0.000628 0.065927
v -0.085429 -0.001628 -0.036972
v -0.085921 -0.001994 -0.038247
v -0.086101 -0.001128 -0.038713
v -0.085921 -0.000262 -0.038247
v -0.085561 -0.000262 -0.037314
v -0.085429 -0.000628 -0.036972
v -0.066033 -0.001628 -0.046319
v -0.066219 -0.001994 -0.046634
v -0.066474 -0.002128 -0.047064
v -0.066729 -0.001994 -0.047494
v -0.066916 -0.001628 -0.047809
v -0.066984 -0.001128 -0.047924
v -0.066916 -0.000628 -0.047809
v -0.066729 -0.000262 -0.047494
v -0.066474 -0.000128 -0.047064
v -0.066219 -0.000262 -0.046634
v -0.066033 -0.000628 -0.046319
v -0.065964 -0.001128 -0.046204
v -0.050416 -0.001628 -0.057500
v -0.050653 -0.001994 -0.057778
v -0.050978 -0.002128 -0.058159
v -0.051302 -0.001994 -0.058539
v -0.051540 -0.001628 -0.058817
v -0.051627 -0.001128 -0.058919
v -0.051540 -0.000628 -0.058817
v -0.051302 -0.000262 -0.058539
v -0.050978 -0.000128 -0.058159
v -0.050653 -0.000262 -0.057778
v -0.050416 -0.000628 -0.057500
v -0.050329 -0.001128 -0.057398
v -0.037986 -0.001628 -0.070077
v -0.038265 -0.001994 -0.070313
v -0.038646 -0.002128 -0.070637
v -0.039027 -0.001994 -0.070961
v -0.039306 -0.001628 -0.071198
v -0.039408 -0.001128 -0.071285
v -0.039306 -0.000628 -0.071198
v -0.039027 -0.000262 -0.070961
v -0.038646 -0.000128 -0.070637
v -0.038265 -0.000262 -0.070313
v -0.037986 -0.000628 -0.070077
v -0.037884 -0.001128 -0.069990
v -0.028145 -0.001628 -0.083605
v -0.028454 -0.001994 -0.083802
v -0.028875 -0.002128 -0.084072
v -0.029296 -0.001994 -0.084342
v -0.029604 -0.001628 -0.084539
v -0.029717 -0.001128 -0.084611
v -0.029604 -0.000628 -0.084539
v -0.029296 -0.000262 -0.084342
v -0.028875 -0.000128 -0.084072
v -0.028454 -0.000262 -0.083802
v -0.028145 -0.000628 -0.083605
v -0.028033 -0.001128 -0.083533
v -0.020286 -0.001628 -0.097643
v -0.020612 -0.001994 -0.097809
v -0.021058 -0.002128 -0.098035
v -0.021503 -0.001994 -0.098262
v -0.021830 -0.001628 -0.098428
v -0.021949 -0.001128 -0.098489
v -0.021830 -0.000628 -0.098428
v -0.021503 -0.000262 -0.098262
v -0.021058 -0.000128 -0.098035
v -0.020612 -0.000262 -0.097809
v -0.020286 -0.000628 -0.097643
v -0.020166 -0.001128 -0.097582
v -0.013797 -0.001628 -0.111752
v -0.014132 -0.001994 -0.111899
v -0.014590 -0.002128 -0.112100
v -0.015048 -0.001994 -0.112300
v -0.015384 -0.001628 -0.112447
v -0.015506 -0.001128 -0.112501
v -0.015384 -0.000628 -0.112447
v -0.015048 -0.000262 -0.112300
v -0.014590 -0.000128 -0.112100
v -0.014132 -0.000262 -0.111899
v -0.013797 -0.000628 -0.111752
v -0.013674 -0.001128 -0.111699
v -0.008070 -0.001628 -0.125500
v -0.008407 -0.001994 -0.125643
v -0.008868 -0.002128 -0.125838
v -0.009328 -0.001994 -0.126032
v -0.009665 -0.001628 -0.126175
v -0.009789 -0.001128 -0.126227
v -0.009665 -0.000628 -0.126175
v -0.009328 -0.000262 -0.126032
v -0.008868 -0.000128 -0.125838
v -0.008407 -0.000262 -0.125643
v -0.008070 -0.000628 -0.125500
v -0.007947 -0.001128 -0.125448
v -0.002501 -0.001628 -0.138452
v -0.002832 -0.001994 -0.138608
v -0.003284 -0.002128 -0.138821
v -0.003737 -0.001994 -0.139034
v -0.004068 -0.001628 -0.139190
v -0.004189 -0.001128 -0.139247
v -0.004068 -0.000628 -0.139190
v -0.003737 -0.000262 -0.139034
v -0.003284 -0.000128 -0.138821
v -0.002832 -0.000262 -0.138608
v -0.002501 -0.000628 -0.138452
v -0.002379 -0.001128 -0.138395
v 0.003507 -0.001628 -0.150176
v 0.003193 -0.001994 -0.150365
v 0.002765 -0.002128 -0.150623
v 0.002337 -0.001994 -0.150881
v 0.002023 -0.001628 -0.151069
v 0.001908 -0.001128 -0.151138
v 0.002023 -0.000628 -0.151069
v 0.002337 -0.000262 -0.150881
v 0.002765 -0.000128 -0.150623
v 0.003193 -0.000262 -0.150365
v 0.003507 -0.000628 -0.150176
v 0.003622 -0.001128 -0.150107
v 0.010538 -0.001628 -0.160246
v 0.010262 -0.001994 -0.160487
v 0.009885 -0.002128 -0.160815
v 0.009508 -0.001994 -0.161143
v 0.009232 -0.001628 -0.161384
v 0.009131 -0.001128 -0.161472
v 0.009232 -0.000628 -0.161384
v 0.009508 -0.000262 -0.161143
v 0.009885 -0.000128 -0.160815
v 0.010262 -0.000262 -0.160487
v 0.010538 -0.000628 -0.160246
v 0.010639 -0.001128 -0.160158
v 0.019178 -0.001628 -0.168261
v 0.018968 -0.001994 -0.168560
v 0.018681 -0.002128 -0.168970
v 0.018394 -0.001994 -0.169380
v 0.018184 -0.001628 -0.169679
v 0.018108 -0.001128 -0.169789
v 0.018184 -0.000628 -0.169679
v 0.018394 -0.000262 -0.169380
v 0.018681 -0.000128 -0.168970
v 0.018968 -0.000262 -0.168560
v 0.019178 -0.000628 -0.168261
v 0.019255 -0.001128 -0.168151
v 0.030043 -0.001628 -0.173842
v 0.029923 -0.001994 -0.174188
v 0.029759 -0.002128 -0.174660
v 0.029595 -0.001994 -0.175133
v 0.029595 -0.000262 -0.175133
v 0.029759 -0.000128 -0.174660
v 0.029923 -0.000262 -0.174188
v 0.007720 -0.001994 0.066957
v 0.006696 -0.001628 0.066053
v 0.006596 -0.001128 0.065965
v 0.007720 -0.000262 0.066957
v 0.007995 -0.000628 0.067200
v 0.020892 -0.001628 0.049959
v 0.020581 -0.001994 0.049765
v 0.020157 -0.002128 0.049502
v 0.019732 -0.001994 0.049238
v 0.019421 -0.001628 0.049044
v 0.019307 -0.001128 0.048974
v 0.019421 -0.000628 0.049044
v 0.019732 -0.000262 0.049238
v 0.020157 -0.000128 0.049502
v 0.020581 -0.000262 0.049765
v 0.020892 -0.000628 0.049959
v 0.021006 -0.001128 0.050029
v 0.029590 -0.001628 0.032834
v 0.029250 -0.001994 0.032697
v 0.028787 -0.002128 0.032509
v 0.028323 -0.001994 0.032321
v 0.027984 -0.001628 0.032184
v 0.027860 -0.001128 0.032133
v 0.027984 -0.000628 0.032184
v 0.028323 -0.000262 0.032321
v 0.028787 -0.000128 0.032509
v 0.029250 -0.000262 0.032697
v 0.029590 -0.000628 0.032834
v 0.029714 -0.001128 0.032884
v 0.034815 -0.001628 0.015941
v 0.034458 -0.001994 0.015860
v 0.033971 -0.002128 0.015748
v 0.033483 -0.001994 0.015637
v 0.033126 -0.001628 0.015555
v 0.032996 -0.001128 0.015526
v 0.033126 -0.000628 0.015555
v 0.033483 -0.000262 0.015637
v 0.033971 -0.000128 0.015748
v 0.034458 -0.000262 0.015860
v 0.034815 -0.000628 0.015941
v 0.034946 -0.001128 0.015971
v 0.037305 -0.001628 -0.000601
v 0.036940 -0.001994 -0.000634
v 0.036442 -0.002128 -0.000679
v 0.035944 -0.001994 -0.000724
v 0.035580 -0.001628 -0.000757
v 0.035446 -0.001128 -0.000769
v 0.035580 -0.000628 -0.000757
v 0.035944 -0.000262 -0.000724
v 0.036442 -0.000128 -0.000679
v 0.036940 -0.000262 -0.000634
v 0.037305 -0.000628 -0.000601
v 0.037438 -0.001128 -0.000589
v 0.037802 -0.001628 -0.016682
v 0.037436 -0.001994 -0.016679
v 0.036936 -0.002128 -0.016674
v 0.036436 -0.001994 -0.016670
v 0.036070 -0.001628 -0.016667
v 0.035936 -0.001128 -0.016665
v 0.036070 -0.000628 -0.016667
v 0.036436 -0.000262 -0.016670
v 0.036936 -0.000128 -0.016674
v 0.037436 -0.000262 -0.016679
v 0.037802 -0.000628 -0.016682
v 0.037936 -0.001128 -0.016683
v 0.037049 -0.001628 -0.032194
v 0.036684 -0.001994 -0.032169
v 0.036185 -0.002128 -0.032136
v 0.035686 -0.001994 -0.032103
v 0.035321 -0.001628 -0.032078
v 0.035187 -0.001128 -0.032070
v 0.035321 -0.000628 -0.032078
v 0.035686 -0.000262 -0.032103
v 0.036185 -0.000128 -0.032136
v 0.036684 -0.000262 -0.032169
v 0.037049 -0.000628 -0.032194
v 0.037183 -0.001128 -0.032203
v 0.035788 -0.001628 -0.047033
v 0.035423 -0.001994 -0.047004
v 0.034924 -0.002128 -0.046965
v 0.034426 -0.001994 -0.046925
v 0.034061 -0.001628 -0.046896
v 0.033928 -0.001128 -0.046886
v 0.034061 -0.000628 -0.046896
v 0.034426 -0.000262 -0.046925
v 0.034924 -0.000128 -0.046965
v 0.035423 -0.000262 -0.047004
v 0.035788 -0.000628 -0.047033
v 0.035921 -0.001128 -0.047044
v 0.034754 -0.001628 -0.061094
v 0.034388 -0.001994 -0.061080
v 0.033888 -0.002128 -0.061060
v 0.033389 -0.001994 -0.061040
v 0.033023 -0.001628 -0.061026
v 0.032889 -0.001128 -0.061020
v 0.033023 -0.000628 -0.061026
v 0.033389 -0.000262 -0.061040
v 0.033888 -0.000128 -0.061060
v 0.034388 -0.000262 -0.061080
v 0.034754 -0.000628 -0.061094
v 0.034888 -0.001128 -0.061100
v 0.034675 -0.001628 -0.074268
v 0.034310 -0.001994 -0.074290
v 0.033811 -0.002128 -0.074321
v 0.033312 -0.001994 -0.074352
v 0.032946 -0.001628 -0.074375
v 0.032813 -0.001128 -0.074384
v 0.032946 -0.000628 -0.074375
v 0.033312 -0.000262 -0.074352
v 0.033811 -0.000128 -0.074321
v 0.034310 -0.000262 -0.074290
v 0.034675 -0.000628 -0.074268
v 0.034809 -0.001128 -0.074259
v 0.036268 -0.001628 -0.086446
v 0.035912 -0.001994 -0.086532
v 0.035426 -0.002128 -0.086649
v 0.034940 -0.001994 -0.086766
v 0.034584 -0.001628 -0.086852
v 0.034454 -0.001128 -0.086884
v 0.034584 -0.000628 -0.086852
v 0.034940 -0.000262 -0.086766
v 0.035426 -0.000128 -0.086649
v 0.035912 -0.000262 -0.086532
v 0.036268 -0.000628 -0.086446
v 0.036398 -0.001128 -0.086414
v 0.040236 -0.001628 -0.097542
v 0.039911 -0.001994 -0.097711
v 0.039468 -0.002128 -0.097942
v 0.039024 -0.001994 -0.098173
v 0.038699 -0.001628 -0.098343
v 0.038581 -0.001128 -0.098404
v 0.038699 -0.000628 -0.098342
v 0.039024 -0.000262 -0.098173
v 0.039468 -0.000128 -0.097942
v 0.039911 -0.000262 -0.097711
v 0.040236 -0.000628 -0.097542
v 0.040354 -0.001128 -0.097480
v 0.045943 -0.001128 -0.108788
v 0.046041 -0.000628 -0.108696
v 0.046307 -0.000262 -0.108445
v 0.047034 -0.000262 -0.107758
v 0.047300 -0.000628 -0.107507
v -0.111220 -0.001628 0.131325
v -0.111495 -0.001994 0.131083
v -0.112244 -0.001994 0.130421
v -0.112619 -0.001128 0.130090
v -0.112519 -0.000628 0.130179
v -0.112244 -0.000262 0.130421
v -0.111870 -0.000128 0.130752
v -0.111495 -0.000262 0.131083
v -0.111120 -0.001128 0.131414
v -0.098323 -0.001628 0.114084
v -0.098634 -0.001994 0.113891
v -0.099059 -0.002128 0.113627
v -0.099483 -0.001994 0.113363
v -0.099794 -0.001628 0.113170
v -0.099908 -0.001128 0.113099
v -0.099794 -0.000628 0.113170
v -0.099483 -0.000262 0.113363
v -0.099059 -0.000128 0.113627
v -0.098634 -0.000262 0.113891
v -0.098323 -0.000628 0.114084
v -0.098209 -0.001128 0.114155
v -0.089626 -0.001628 0.096959
v -0.089965 -0.001994 0.096822
v -0.090428 -0.002128 0.096634
v -0.090892 -0.001994 0.096447
v -0.091231 -0.001628 0.096309
v -0.091355 -0.001128 0.096259
v -0.091231 -0.000628 0.096309
v -0.090892 -0.000262 0.096447
v -0.090428 -0.000128 0.096634
v -0.089965 -0.000262 0.096822
v -0.089626 -0.000628 0.096959
v -0.089501 -0.001128 0.097010
v -0.084400 -0.001628 0.080067
v -0.084757 -0.001994 0.079985
v -0.085244 -0.002128 0.079874
v -0.085732 -0.001994 0.079763
v -0.086089 -0.001628 0.079681
v -0.086219 -0.001128 0.079651
v -0.086089 -0.000628 0.079681
v -0.085732 -0.000262 0.079763
v -0.085244 -0.000128 0.079874
v -0.084757 -0.000262 0.079985
v -0.084400 -0.000628 0.080067
v -0.084270 -0.001128 0.080097
v -0.081910 -0.001628 0.063524
v -0.082275 -0.001994 0.063491
v -0.082773 -0.002128 0.063446
v -0.083271 -0.001994 0.063401
v -0.083636 -0.001628 0.063368
v -0.083769 -0.001128 0.063356
v -0.083636 -0.000628 0.063368
v -0.083271 -0.000262 0.063401
v -0.082773 -0.000128 0.063446
v -0.082275 -0.000262 0.063491
v -0.081910 -0.000628 0.063524
v -0.081777 -0.001128 0.063536
v -0.081414 -0.001628 0.047444
v -0.081780 -0.001994 0.047447
v -0.082280 -0.002128 0.047451
v -0.082780 -0.001994 0.047456
v -0.083146 -0.001628 0.047459
v -0.083280 -0.001128 0.047460
v -0.083146 -0.000628 0.047459
v -0.082780 -0.000262 0.047456
v -0.082280 -0.000128 0.047451
v -0.081780 -0.000262 0.047447
v -0.081414 -0.000628 0.047444
v -0.081280 -0.001128 0.047442
v -0.082166 -0.001628 0.031932
v -0.082531 -0.001994 0.031956
v -0.083030 -0.002128 0.031989
v -0.083529 -0.001994 0.032023
v -0.083894 -0.001628 0.032047
v -0.084028 -0.001128 0.032056
v -0.083894 -0.000628 0.032047
v -0.083529 -0.000262 0.032023
v -0.083030 -0.000128 0.031989
v -0.082531 -0.000262 0.031956
v -0.082166 -0.000628 0.031932
v -0.082032 -0.001128 0.031923
v -0.083427 -0.001628 0.017092
v -0.083792 -0.001994 0.017121
v -0.084291 -0.002128 0.017161
v -0.084789 -0.001994 0.017200
v -0.085154 -0.001628 0.017229
v -0.085288 -0.001128 0.017240
v -0.085154 -0.000628 0.017229
v -0.084789 -0.000262 0.017200
v -0.084291 -0.000128 0.017161
v -0.083792 -0.000262 0.017121
v -0.083427 -0.000628 0.017092
v -0.083294 -0.001128 0.017082
v -0.084462 -0.001628 0.003031
v -0.084827 -0.001994 0.003046
v -0.085327 -0.002128 0.003066
v -0.085826 -0.001994 0.003085
v -0.086192 -0.001628 0.003100
v -0.086326 -0.001128 0.003105
v -0.086192 -0.000628 0.003100
v -0.085826 -0.000262 0.003085
v -0.085327 -0.000128 0.003066
v -0.084827 -0.000262 0.003046
v -0.084462 -0.000628 0.003031
v -0.084328 -0.001128 0.003026
v -0.084540 -0.001628 -0.010142
v -0.084905 -0.001994 -0.010165
v -0.085405 -0.002128 -0.010196
v -0.085904 -0.001994 -0.010227
v -0.086269 -0.001628 -0.010250
v -0.086403 -0.001128 -0.010258
v -0.086269 -0.000628 -0.010250
v -0.085904 -0.000262 -0.010227
v -0.085405 -0.000128 -0.010196
v -0.084905 -0.000262 -0.010165
v -0.084540 -0.000628 -0.010142
v -0.084406 -0.001128 -0.010134
v -0.082948 -0.001628 -0.022320
v -0.083303 -0.001994 -0.022406
v -0.083789 -0.002128 -0.022523
v -0.084276 -0.001994 -0.022641
v -0.084631 -0.001628 -0.022727
v -0.084762 -0.001128 -0.022758
v -0.084631 -0.000628 -0.022727
v -0.084276 -0.000262 -0.022641
v -0.083789 -0.000128 -0.022523
v -0.083303 -0.000262 -0.022406
v -0.082948 -0.000628 -0.022320
v -0.082817 -0.001128 -0.022289
v -0.078980 -0.001628 -0.033417
v -0.079304 -0.001994 -0.033586
v -0.079748 -0.002128 -0.033817
v -0.080191 -0.001994 -0.034048
v -0.080516 -0.001628 -0.034217
v -0.080635 -0.001128 -0.034279
v -0.080516 -0.000628 -0.034217
v -0.080191 -0.000262 -0.034048
v -0.079748 -0.000128 -0.033817
v -0.079304 -0.000262 -0.033586
v -0.078980 -0.000628 -0.033417
v -0.078861 -0.001128 -0.033355
v -0.072181 -0.001994 -0.043633
v -0.072545 -0.002128 -0.043976
v -0.073174 -0.000628 -0.044571
v -0.072181 -0.000262 -0.043633
v 0.020481 -0.001628 0.152689
v 0.020254 -0.001994 0.152402
v 0.019944 -0.002128 0.152010
v 0.019633 -0.001994 0.151618
v 0.019406 -0.000628 0.151331
v 0.019633 -0.000262 0.151618
v 0.020564 -0.001128 0.152794
v 0.036231 -0.001628 0.138008
v 0.035959 -0.001994 0.137763
v 0.035588 -0.002128 0.137428
v 0.035217 -0.001994 0.137093
v 0.034945 -0.001628 0.136847
v 0.034846 -0.001128 0.136758
v 0.034945 -0.000628 0.136847
v 0.035217 -0.000262 0.137093
v 0.035588 -0.000128 0.137428
v 0.035959 -0.000262 0.137763
v 0.036231 -0.000628 0.138008
v 0.036330 -0.001128 0.138098
v 0.047827 -0.001628 0.122697
v 0.047517 -0.001994 0.122501
v 0.047095 -0.002128 0.122234
v 0.046672 -0.001994 0.121967
v 0.046362 -0.001628 0.121772
v 0.046249 -0.001128 0.121701
v 0.046362 -0.000628 0.121772
v 0.046672 -0.000262 0.121967
v 0.047095 -0.000128 0.122234
v 0.047517 -0.000262 0.122501
v 0.047827 -0.000628 0.122697
v 0.047940 -0.001128 0.122768
v 0.055965 -0.001628 0.106998
v 0.055628 -0.001994 0.106855
v 0.055168 -0.002128 0.106659
v 0.054708 -0.001994 0.106463
v 0.054371 -0.001628 0.106319
v 0.054248 -0.001128 0.106267
v 0.054371 -0.000628 0.106319
v 0.054708 -0.000262 0.106463
v 0.055168 -0.000128 0.106659
v 0.055628 -0.000262 0.106855
v 0.055965 -0.000628 0.106998
v 0.056088 -0.001128 0.107051
v 0.061348 -0.001628 0.091159
v 0.060995 -0.001994 0.091062
v 0.060513 -0.002128 0.090930
v 0.060031 -0.001994 0.090797
v 0.059678 -0.001628 0.090700
v 0.059549 -0.001128 0.090664
v 0.059678 -0.000628 0.090700
v 0.060031 -0.000262 0.090797
v 0.060513 -0.000128 0.090930
v 0.060995 -0.000262 0.091062
v 0.061348 -0.000628 0.091159
v 0.061477 -0.001128 0.091195
v 0.064688 -0.001628 0.075422
v 0.064328 -0.001994 0.075360
v 0.063835 -0.002128 0.075276
v 0.063342 -0.001994 0.075191
v 0.062981 -0.001628 0.075130
v 0.062849 -0.001128 0.075107
v 0.062981 -0.000628 0.075130
v 0.063342 -0.000262 0.075191
v 0.063835 -0.000128 0.075276
v 0.064328 -0.000262 0.075360
v 0.064688 -0.000628 0.075422
v 0.064821 -0.001128 0.075444
v 0.066698 -0.001628 0.060022
v 0.066335 -0.001994 0.059981
v 0.065838 -0.002128 0.059926
v 0.065341 -0.001994 0.059870
v 0.064977 -0.001628 0.059829
v 0.064844 -0.001128 0.059814
v 0.064977 -0.000628 0.059829
v 0.065341 -0.000262 0.059870
v 0.065838 -0.000128 0.059926
v 0.066335 -0.000262 0.059981
v 0.066698 -0.000628 0.060022
v 0.066831 -0.001128 0.060037
v 0.068088 -0.001628 0.045194
v 0.067724 -0.001994 0.045158
v 0.067226 -0.002128 0.045108
v 0.066729 -0.001994 0.045059
v 0.066365 -0.001628 0.045023
v 0.066231 -0.001128 0.045009
v 0.066365 -0.000628 0.045023
v 0.066729 -0.000262 0.045059
v 0.067226 -0.000128 0.045108
v 0.067724 -0.000262 0.045158
v 0.068088 -0.000628 0.045194
v 0.068222 -0.001128 0.045207
v 0.069564 -0.001628 0.031173
v 0.069201 -0.001994 0.031122
v 0.068706 -0.002128 0.031053
v 0.068211 -0.001994 0.030984
v 0.067848 -0.001628 0.030933
v 0.067716 -0.001128 0.030915
v 0.067848 -0.000628 0.030933
v 0.068211 -0.000262 0.030984
v 0.068706 -0.000128 0.031053
v 0.069201 -0.000262 0.031122
v 0.069564 -0.000628 0.031173
v 0.069696 -0.001128 0.031191
v 0.071822 -0.001628 0.018194
v 0.071467 -0.001994 0.018107
v 0.070981 -0.002128 0.017988
v 0.070495 -0.001994 0.017869
v 0.070140 -0.001628 0.017782
v 0.070010 -0.001128 0.017750
v 0.070140 -0.000628 0.017782
v 0.070495 -0.000262 0.017869
v 0.070981 -0.000128 0.017988
v 0.071467 -0.000262 0.018107
v 0.071822 -0.000628 0.018194
v 0.071952 -0.001128 0.018226
v 0.075549 -0.001628 0.006491
v 0.075214 -0.001994 0.006344
v 0.074756 -0.002128 0.006142
v 0.074299 -0.001994 0.005940
v 0.073964 -0.001628 0.005793
v 0.073841 -0.001128 0.005739
v 0.073964 -0.000628 0.005793
v 0.074299 -0.000262 0.005940
v 0.074756 -0.000128 0.006142
v 0.075214 -0.000262 0.006344
v 0.075549 -0.000628 0.006491
v 0.075671 -0.001128 0.006545
v 0.081421 -0.001628 -0.003726
v 0.081132 -0.001994 -0.003950
v 0.080736 -0.002128 -0.004256
v 0.080341 -0.001994 -0.004562
v 0.080051 -0.001628 -0.004786
v 0.079945 -0.001128 -0.004868
v 0.080051 -0.000628 -0.004786
v 0.080341 -0.000262 -0.004562
v 0.080736 -0.000128 -0.004256
v 0.081132 -0.000262 -0.003950
v 0.081421 -0.000628 -0.003726
v 0.081527 -0.001128 -0.003644
v 0.090141 -0.001628 -0.012280
v 0.089923 -0.001994 -0.012575
v 0.089626 -0.002128 -0.012977
v 0.089330 -0.001994 -0.013379
v 0.089112 -0.001628 -0.013674
v 0.089112 -0.000628 -0.013674
v 0.089626 -0.000128 -0.012977
v 0.089923 -0.000262 -0.012575
v 0.090141 -0.000628 -0.012280
v 0.090220 -0.001128 -0.012172
v 0.105602 -0.001628 0.149667
v 0.105375 -0.001994 0.149380
v 0.104528 -0.001628 0.148309
v 0.104444 -0.001128 0.148204
v 0.104755 -0.000262 0.148596
v 0.105065 -0.000128 0.148988
v 0.121352 -0.001628 0.134986
v 0.121080 -0.001994 0.134741
v 0.120709 -0.002128 0.134406
v 0.120338 -0.001994 0.134071
v 0.120067 -0.001628 0.133825
v 0.119967 -0.001128 0.133736
v 0.120067 -0.000628 0.133825
v 0.120338 -0.000262 0.134071
v 0.120709 -0.000128 0.134406
v 0.121080 -0.000262 0.134741
v 0.121352 -0.000628 0.134986
v 0.121452 -0.001128 0.135076
v 0.132948 -0.001628 0.119675
v 0.132639 -0.001994 0.119479
v 0.132216 -0.002128 0.119212
v 0.131793 -0.001994 0.118945
v 0.131484 -0.001628 0.118750
v 0.131370 -0.001128 0.118678
v 0.131484 -0.000628 0.118750
v 0.131793 -0.000262 0.118945
v 0.132216 -0.000128 0.119212
v 0.132639 -0.000262 0.119479
v 0.132948 -0.000628 0.119675
v 0.133061 -0.001128 0.119746
v 0.141086 -0.001628 0.103976
v 0.140749 -0.001994 0.103833
v 0.140289 -0.002128 0.103637
v 0.139829 -0.001994 0.103441
v 0.139493 -0.001628 0.103297
v 0.139369 -0.001128 0.103245
v 0.139493 -0.000628 0.103297
v 0.139829 -0.000262 0.103441
v 0.140289 -0.000128 0.103637
v 0.140749 -0.000262 0.103833
v 0.141086 -0.000628 0.103976
v 0.141209 -0.001128 0.104029
v 0.146470 -0.001628 0.088137
v 0.146117 -0.001994 0.088040
v 0.145635 -0.002128 0.087907
v 0.145152 -0.001994 0.087775
v 0.144800 -0.001628 0.087678
v 0.144670 -0.001128 0.087642
v 0.144800 -0.000628 0.087678
v 0.145152 -0.000262 0.087775
v 0.145635 -0.000128 0.087907
v 0.146117 -0.000262 0.088040
v 0.146470 -0.000628 0.088137
v 0.146599 -0.001128 0.088173
v 0.149810 -0.001628 0.072400
v 0.149449 -0.001994 0.072338
v 0.148956 -0.002128 0.072253
v 0.148463 -0.001994 0.072169
v 0.148103 -0.001628 0.072107
v 0.147971 -0.001128 0.072085
v 0.148103 -0.000628 0.072107
v 0.148463 -0.000262 0.072169
v 0.148956 -0.000128 0.072253
v 0.149449 -0.000262 0.072338
v 0.149810 -0.000628 0.072399
v 0.149942 -0.001128 0.072422
v 0.151820 -0.001628 0.057000
v 0.151456 -0.001994 0.056959
v 0.150959 -0.002128 0.056904
v 0.150462 -0.001994 0.056848
v 0.150098 -0.001628 0.056807
v 0.149965 -0.001128 0.056792
v 0.150098 -0.000628 0.056807
v 0.150462 -0.000262 0.056848
v 0.150959 -0.000128 0.056904
v 0.151456 -0.000262 0.056959
v 0.151820 -0.000628 0.057000
v 0.151953 -0.001128 0.057015
v 0.153210 -0.001628 0.042172
v 0.152845 -0.001994 0.042136
v 0.152348 -0.002128 0.042086
v 0.151850 -0.001994 0.042037
v 0.151486 -0.001628 0.042001
v 0.151353 -0.001128 0.041987
v 0.151486 -0.000628 0.042001
v 0.151850 -0.000262 0.042037
v 0.152348 -0.000128 0.042086
v 0.152845 -0.000262 0.042136
v 0.153210 -0.000628 0.042172
v 0.153343 -0.001128 0.042185
v 0.154685 -0.001628 0.028151
v 0.154322 -0.001994 0.028100
v 0.153827 -0.002128 0.028031
v 0.153332 -0.001994 0.027962
v 0.152970 -0.001628 0.027911
v 0.152837 -0.001128 0.027893
v 0.152970 -0.000628 0.027911
v 0.153332 -0.000262 0.027962
v 0.153827 -0.000128 0.028031
v 0.154323 -0.000262 0.028100
v 0.154685 -0.000628 0.028151
v 0.154818 -0.001128 0.028169
v 0.156943 -0.001628 0.015172
v 0.156588 -0.001994 0.015085
v 0.156102 -0.002128 0.014966
v 0.155617 -0.001994 0.014847
v 0.155261 -0.001628 0.014759
v 0.155131 -0.001128 0.014728
v 0.155261 -0.000628 0.014759
v 0.155617 -0.000262 0.014847
v 0.156102 -0.000128 0.014966
v 0.156588 -0.000262 0.015085
v 0.156943 -0.000628 0.015172
v 0.157073 -0.001128 0.015204
v 0.160670 -0.001628 0.003469
v 0.160335 -0.001994 0.003322
v 0.159878 -0.002128 0.003120
v 0.159420 -0.001994 0.002918
v 0.159085 -0.001628 0.002770
v 0.158963 -0.001128 0.002716
v 0.159085 -0.000628 0.002770
v 0.159420 -0.000262 0.002918
v 0.159878 -0.000128 0.003120
v 0.160335 -0.000262 0.003322
v 0.160670 -0.000628 0.003469
v 0.160793 -0.001128 0.003523
v 0.166543 -0.001628 -0.006748
v 0.166253 -0.001994 -0.006972
v 0.165858 -0.002128 -0.007278
v 0.165462 -0.001994 -0.007584
v 0.165173 -0.001628 -0.007808
v 0.165067 -0.001128 -0.007890
v 0.165173 -0.000628 -0.007808
v 0.165462 -0.000262 -0.007584
v 0.165858 -0.000128 -0.007278
v 0.166253 -0.000262 -0.006972
v 0.166543 -0.000628 -0.006748
v 0.166649 -0.001128 -0.006666
v 0.175262 -0.001628 -0.015302
v 0.175045 -0.001994 -0.015597
v 0.174748 -0.002128 -0.015999
v 0.174451 -0.001994 -0.016401
v 0.174451 -0.000262 -0.016401
v 0.175045 -0.000262 -0.015597
v -0.085214 -0.001628 0.010306
v -0.085542 -0.001994 0.010143
v -0.086766 -0.001628 0.009537
v -0.086886 -0.001128 0.009477
v -0.086766 -0.000628 0.009537
v -0.086438 -0.000262 0.009699
v -0.085094 -0.001128 0.010365
v -0.077246 -0.001628 -0.009697
v -0.077597 -0.001994 -0.009802
v -0.078075 -0.002128 -0.009947
v -0.078554 -0.001994 -0.010091
v -0.078905 -0.001628 -0.010197
v -0.079033 -0.001128 -0.010236
v -0.078905 -0.000628 -0.010197
v -0.078554 -0.000262 -0.010091
v -0.078075 -0.000128 -0.009947
v -0.077597 -0.000262 -0.009802
v -0.077246 -0.000628 -0.009697
v -0.077118 -0.001128 -0.009658
v -0.073303 -0.001628 -0.028495
v -0.073667 -0.001994 -0.028539
v -0.074163 -0.002128 -0.028600
v -0.074659 -0.001994 -0.028660
v -0.075023 -0.001628 -0.028705
v -0.075155 -0.001128 -0.028721
v -0.075022 -0.000628 -0.028705
v -0.074659 -0.000262 -0.028660
v -0.074163 -0.000128 -0.028600
v -0.073667 -0.000262 -0.028539
v -0.073303 -0.000628 -0.028495
v -0.073170 -0.001128 -0.028478
v -0.072652 -0.001628 -0.046165
v -0.073018 -0.001994 -0.046151
v -0.073518 -0.002128 -0.046132
v -0.074017 -0.001994 -0.046112
v -0.074383 -0.001628 -0.046098
v -0.074517 -0.001128 -0.046093
v -0.074383 -0.000628 -0.046098
v -0.074017 -0.000262 -0.046112
v -0.073518 -0.000128 -0.046132
v -0.073018 -0.000262 -0.046151
v -0.072652 -0.000628 -0.046165
v -0.072518 -0.001128 -0.046170
v -0.074552 -0.001628 -0.062786
v -0.074912 -0.001994 -0.062723
v -0.075405 -0.002128 -0.062637
v -0.075897 -0.001994 -0.062551
v -0.076258 -0.001628 -0.062488
v -0.076390 -0.001128 -0.062464
v -0.076258 -0.000628 -0.062488
v -0.075897 -0.000262 -0.062551
v -0.075405 -0.000128 -0.062637
v -0.074912 -0.000262 -0.062723
v -0.074552 -0.000628 -0.062786
v -0.074420 -0.001128 -0.062809
v -0.078255 -0.001628 -0.078442
v -0.078608 -0.001994 -0.078344
v -0.079090 -0.002128 -0.078209
v -0.079571 -0.001994 -0.078075
v -0.079924 -0.001628 -0.077977
v -0.080053 -0.001128 -0.077941
v -0.079924 -0.000628 -0.077977
v -0.079571 -0.000262 -0.078075
v -0.079090 -0.000128 -0.078209
v -0.078608 -0.000262 -0.078344
v -0.078255 -0.000628 -0.078442
v -0.078126 -0.001128 -0.078478
v -0.083017 -0.001628 -0.093224
v -0.083364 -0.001994 -0.093105
v -0.083837 -0.002128 -0.092943
v -0.084310 -0.001994 -0.092781
v -0.084656 -0.001628 -0.092663
v -0.084783 -0.001128 -0.092620
v -0.084656 -0.000628 -0.092663
v -0.084310 -0.000262 -0.092781
v -0.083837 -0.000128 -0.092943
v -0.083364 -0.000262 -0.093105
v -0.083017 -0.000628 -0.093224
v -0.082891 -0.001128 -0.093267
v -0.088096 -0.001628 -0.107224
v -0.088441 -0.001994 -0.107101
v -0.088912 -0.002128 -0.106934
v -0.089383 -0.001994 -0.106766
v -0.089727 -0.001628 -0.106643
v -0.089854 -0.001128 -0.106598
v -0.089727 -0.000628 -0.106643
v -0.089383 -0.000262 -0.106766
v -0.088912 -0.000128 -0.106934
v -0.088441 -0.000262 -0.107101
v -0.088096 -0.000628 -0.107224
v -0.087970 -0.001128 -0.107269
v -0.092752 -0.001628 -0.120532
v -0.093102 -0.001994 -0.120423
v -0.093579 -0.002128 -0.120274
v -0.094056 -0.001994 -0.120125
v -0.094405 -0.001628 -0.120016
v -0.094533 -0.001128 -0.119976
v -0.094405 -0.000628 -0.120016
v -0.094056 -0.000262 -0.120125
v -0.093579 -0.000128 -0.120274
v -0.093102 -0.000262 -0.120423
v -0.092752 -0.000628 -0.120532
v -0.092624 -0.001128 -0.120572
v -0.096255 -0.001628 -0.133231
v -0.096614 -0.001994 -0.133158
v -0.097104 -0.002128 -0.133059
v -0.097594 -0.001994 -0.132959
v -0.097952 -0.001628 -0.132886
v -0.098084 -0.001128 -0.132859
v -0.097952 -0.000628 -0.132886
v -0.097594 -0.000262 -0.132959
v -0.097104 -0.000128 -0.133059
v -0.096614 -0.000262 -0.133158
v -0.096255 -0.000628 -0.133231
v -0.096124 -0.001128 -0.133258
v -0.097886 -0.001628 -0.145404
v -0.098251 -0.001994 -0.145395
v -0.098751 -0.002128 -0.145382
v -0.099251 -0.001994 -0.145369
v -0.099617 -0.001628 -0.145359
v -0.099751 -0.001128 -0.145356
v -0.099617 -0.000628 -0.145359
v -0.099251 -0.000262 -0.145369
v -0.098751 -0.000128 -0.145382
v -0.098251 -0.000262 -0.145395
v -0.097886 -0.000628 -0.145404
v -0.097752 -0.001128 -0.145408
v -0.096941 -0.001628 -0.157151
v -0.097298 -0.001994 -0.157230
v -0.097787 -0.002128 -0.157338
v -0.098275 -0.001994 -0.157445
v -0.098632 -0.001628 -0.157524
v -0.098763 -0.001128 -0.157553
v -0.098632 -0.000628 -0.157524
v -0.098275 -0.000262 -0.157445
v -0.097787 -0.000128 -0.157338
v -0.097298 -0.000262 -0.157230
v -0.096941 -0.000628 -0.157151
v -0.096810 -0.001128 -0.157122
v -0.092712 -0.001628 -0.168611
v -0.093475 -0.002128 -0.169021
v -0.093475 -0.000128 -0.169021
v -0.092712 -0.000628 -0.168611
v -0.167591 -0.001559 0.056560
v -0.168560 -0.001875 0.055888
v -0.168819 -0.000696 0.055707
v -0.168205 -0.000265 0.056134
v -0.167851 -0.000380 0.056380
v -0.158255 -0.001560 0.040490
v -0.158541 -0.001875 0.040355
v -0.158931 -0.001991 0.040171
v -0.159322 -0.001875 0.039987
v -0.159607 -0.001560 0.039852
v -0.159712 -0.001128 0.039803
v -0.159607 -0.000696 0.039852
v -0.159322 -0.000380 0.039987
v -0.158931 -0.000265 0.040171
v -0.158541 -0.000380 0.040355
v -0.158255 -0.000696 0.040490
v -0.158150 -0.001128 0.040539
v -0.152508 -0.001560 0.024938
v -0.152812 -0.001875 0.024854
v -0.153228 -0.001991 0.024739
v -0.153645 -0.001875 0.024624
v -0.153949 -0.001560 0.024540
v -0.154061 -0.001128 0.024510
v -0.153949 -0.000696 0.024540
v -0.153645 -0.000380 0.024624
v -0.153228 -0.000265 0.024739
v -0.152812 -0.000380 0.024854
v -0.152508 -0.000696 0.024938
v -0.152396 -0.001128 0.024968
v -0.149714 -0.001560 0.009932
v -0.150029 -0.001876 0.009897
v -0.150458 -0.001991 0.009850
v -0.150887 -0.001876 0.009804
v -0.151201 -0.001560 0.009769
v -0.151316 -0.001128 0.009757
v -0.151201 -0.000696 0.009769
v -0.150887 -0.000380 0.009804
v -0.150458 -0.000265 0.009850
v -0.150029 -0.000380 0.009897
v -0.149714 -0.000696 0.009932
v -0.149599 -0.001128 0.009944
v -0.149232 -0.001560 -0.004501
v -0.149548 -0.001876 -0.004493
v -0.149979 -0.001991 -0.004482
v -0.150411 -0.001876 -0.004471
v -0.150727 -0.001560 -0.004463
v -0.150842 -0.001128 -0.004460
v -0.150727 -0.000696 -0.004463
v -0.150411 -0.000380 -0.004471
v -0.149979 -0.000265 -0.004482
v -0.149548 -0.000380 -0.004493
v -0.149232 -0.000696 -0.004501
v -0.149116 -0.001128 -0.004504
v -0.150412 -0.001560 -0.018339
v -0.150725 -0.001876 -0.018300
v -0.151154 -0.001991 -0.018246
v -0.151582 -0.001876 -0.018192
v -0.151895 -0.001560 -0.018153
v -0.152010 -0.001128 -0.018138
v -0.151895 -0.000696 -0.018153
v -0.151582 -0.000380 -0.018192
v -0.151154 -0.000265 -0.018246
v -0.150725 -0.000380 -0.018300
v -0.150412 -0.000696 -0.018339
v -0.150297 -0.001128 -0.018353
v -0.152606 -0.001560 -0.031564
v -0.152917 -0.001876 -0.031507
v -0.153341 -0.001991 -0.031428
v -0.153766 -0.001876 -0.031350
v -0.154077 -0.001560 -0.031293
v -0.154190 -0.001128 -0.031271
v -0.154077 -0.000696 -0.031292
v -0.153766 -0.000380 -0.031350
v -0.153341 -0.000265 -0.031428
v -0.152917 -0.000380 -0.031507
v -0.152606 -0.000696 -0.031564
v -0.152493 -0.001128 -0.031585
v -0.155170 -0.001560 -0.044162
v -0.155480 -0.001876 -0.044100
v -0.155903 -0.001991 -0.044017
v -0.156327 -0.001876 -0.043933
v -0.156637 -0.001560 -0.043872
v -0.156750 -0.001128 -0.043850
v -0.156637 -0.000696 -0.043872
v -0.156327 -0.000380 -0.043933
v -0.155903 -0.000265 -0.044017
v -0.155480 -0.000380 -0.044101
v -0.155170 -0.000696 -0.044162
v -0.155056 -0.001128 -0.044184
v -0.157461 -0.001560 -0.056115
v -0.157773 -0.001876 -0.056066
v -0.158199 -0.001991 -0.055999
v -0.158626 -0.001876 -0.055932
v -0.158938 -0.001560 -0.055883
v -0.159052 -0.001128 -0.055865
v -0.158938 -0.000696 -0.055883
v -0.158626 -0.000380 -0.055932
v -0.158199 -0.000265 -0.055999
v -0.157773 -0.000380 -0.056066
v -0.157461 -0.000696 -0.056115
v -0.157347 -0.001128 -0.056133
v -0.158844 -0.001560 -0.067402
v -0.159159 -0.001876 -0.067385
v -0.159590 -0.001991 -0.067362
v -0.160021 -0.001876 -0.067339
v -0.160337 -0.001560 -0.067322
v -0.160452 -0.001128 -0.067316
v -0.160337 -0.000696 -0.067322
v -0.160021 -0.000380 -0.067339
v -0.159590 -0.000265 -0.067362
v -0.159159 -0.000380 -0.067385
v -0.158844 -0.000696 -0.067402
v -0.158728 -0.001128 -0.067408
v -0.158695 -0.001560 -0.078003
v -0.159008 -0.001876 -0.078041
v -0.159437 -0.001991 -0.078093
v -0.159865 -0.001876 -0.078145
v -0.160179 -0.001560 -0.078183
v -0.160294 -0.001128 -0.078197
v -0.160179 -0.000696 -0.078183
v -0.159865 -0.000380 -0.078145
v -0.159437 -0.000265 -0.078093
v -0.159008 -0.000380 -0.078041
v -0.158695 -0.000696 -0.078003
v -0.158580 -0.001128 -0.077989
v -0.156401 -0.001560 -0.087914
v -0.156696 -0.001876 -0.088026
v -0.157099 -0.001991 -0.088180
v -0.157502 -0.001876 -0.088334
v -0.157798 -0.001560 -0.088447
v -0.157906 -0.001128 -0.088488
v -0.157798 -0.000696 -0.088447
v -0.157502 -0.000380 -0.088334
v -0.157099 -0.000265 -0.088180
v -0.156696 -0.000380 -0.088026
v -0.156401 -0.000696 -0.087914
v -0.156293 -0.001128 -0.087873
v -0.151339 -0.001560 -0.097163
v -0.152284 -0.001876 -0.097868
v -0.152284 -0.000380 -0.097868
v -0.219090 -0.001559 0.113551
v -0.220261 -0.001875 0.113687
v -0.220575 -0.001559 0.113723
v -0.220575 -0.000696 0.113723
v -0.220261 -0.000380 0.113687
v -0.219090 -0.000696 0.113551
v -0.218975 -0.001128 0.113538
v -0.221386 -0.001560 0.094715
v -0.221700 -0.001875 0.094754
v -0.222128 -0.001991 0.094808
v -0.222556 -0.001875 0.094862
v -0.222870 -0.001560 0.094901
v -0.222985 -0.001128 0.094916
v -0.222870 -0.000696 0.094901
v -0.222556 -0.000380 0.094862
v -0.222128 -0.000265 0.094808
v -0.221700 -0.000380 0.094754
v -0.221386 -0.000696 0.094715
v -0.221272 -0.001128 0.094700
v -0.223639 -0.001560 0.077391
v -0.223953 -0.001875 0.077432
v -0.224381 -0.001991 0.077487
v -0.224809 -0.001875 0.077543
v -0.225122 -0.001560 0.077584
v -0.225237 -0.001128 0.077598
v -0.225122 -0.000696 0.077584
v -0.224809 -0.000380 0.077543
v -0.224381 -0.000265 0.077487
v -0.223953 -0.000380 0.077432
v -0.223639 -0.000696 0.077391
v -0.223525 -0.001128 0.077376
v -0.225705 -0.001560 0.061457
v -0.226019 -0.001876 0.061495
v -0.226447 -0.001991 0.061549
v -0.226876 -0.001876 0.061602
v -0.227189 -0.001560 0.061641
v -0.227304 -0.001128 0.061655
v -0.227189 -0.000696 0.061641
v -0.226876 -0.000380 0.061602
v -0.226447 -0.000265 0.061549
v -0.226019 -0.000380 0.061495
v -0.225705 -0.000696 0.061457
v -0.225591 -0.001128 0.061442
v -0.227442 -0.001560 0.046787
v -0.227757 -0.001876 0.046820
v -0.228186 -0.001991 0.046866
v -0.228615 -0.001876 0.046911
v -0.228929 -0.001560 0.046945
v -0.229044 -0.001128 0.046957
v -0.228929 -0.000696 0.046945
v -0.228615 -0.000380 0.046911
v -0.228186 -0.000265 0.046866
v -0.227757 -0.000380 0.046820
v -0.227442 -0.000696 0.046787
v -0.227327 -0.001128 0.046775
v -0.228709 -0.001560 0.033258
v -0.229024 -0.001876 0.033281
v -0.229454 -0.001991 0.033313
v -0.229885 -0.001876 0.033344
v -0.230200 -0.001560 0.033367
v -0.230315 -0.001128 0.033376
v -0.230200 -0.000696 0.033367
v -0.229885 -0.000380 0.033344
v -0.229454 -0.000265 0.033313
v -0.229024 -0.000380 0.033281
v -0.228709 -0.000696 0.033258
v -0.228593 -0.001128 0.033250
v -0.229363 -0.001560 0.020747
v -0.229679 -0.001876 0.020754
v -0.230110 -0.001991 0.020763
v -0.230542 -0.001876 0.020773
v -0.230858 -0.001560 0.020780
v -0.230973 -0.001128 0.020782
v -0.230858 -0.000696 0.020780
v -0.230542 -0.000380 0.020773
v -0.230110 -0.000265 0.020763
v -0.229679 -0.000380 0.020754
v -0.229363 -0.000696 0.020747
v -0.229247 -0.001128 0.020744
v -0.229265 -0.001560 0.009128
v -0.229580 -0.001876 0.009113
v -0.230011 -0.001991 0.009091
v -0.230442 -0.001876 0.009070
v -0.230758 -0.001560 0.009054
v -0.230874 -0.001128 0.009048
v -0.230758 -0.000696 0.009054
v -0.230442 -0.000380 0.009070
v -0.230011 -0.000265 0.009091
v -0.229580 -0.000380 0.009113
v -0.229265 -0.000696 0.009128
v -0.229149 -0.001128 0.009134
v -0.228276 -0.001560 -0.001723
v -0.228588 -0.001876 -0.001768
v -0.229016 -0.001991 -0.001830
v -0.229443 -0.001876 -0.001892
v -0.229756 -0.001560 -0.001937
v -0.229870 -0.001128 -0.001953
v -0.229756 -0.000696 -0.001937
v -0.229443 -0.000380 -0.001892
v -0.229016 -0.000265 -0.001830
v -0.228588 -0.000380 -0.001768
v -0.228276 -0.000696 -0.001723
v -0.228161 -0.001128 -0.001707
v -0.226258 -0.001560 -0.011937
v -0.226563 -0.001876 -0.012017
v -0.226981 -0.001991 -0.012126
v -0.227398 -0.001876 -0.012236
v -0.227704 -0.001560 -0.012316
v -0.227816 -0.001128 -0.012345
v -0.227704 -0.000696 -0.012316
v -0.227398 -0.000380 -0.012236
v -0.226981 -0.000265 -0.012126
v -0.226563 -0.000380 -0.012017
v -0.226258 -0.000696 -0.011937
v -0.226146 -0.001128 -0.011907
v -0.223071 -0.001560 -0.021644
v -0.223364 -0.001876 -0.021762
v -0.223764 -0.001991 -0.021924
v -0.224165 -0.001876 -0.022085
v -0.224458 -0.001560 -0.022203
v -0.224565 -0.001128 -0.022246
v -0.224458 -0.000696 -0.022203
v -0.224165 -0.000380 -0.022085
v -0.223764 -0.000265 -0.021924
v -0.223364 -0.000380 -0.021762
v -0.223071 -0.000696 -0.021644
v -0.222964 -0.001128 -0.021601
v -0.218574 -0.001560 -0.030981
v -0.218849 -0.001876 -0.031136
v -0.219224 -0.001991 -0.031348
v -0.219600 -0.001876 -0.031561
v -0.219875 -0.001560 -0.031716
v -0.219976 -0.001128 -0.031773
v -0.219875 -0.000696 -0.031716
v -0.219600 -0.000380 -0.031561
v -0.219224 -0.000265 -0.031348
v -0.218849 -0.000380 -0.031136
v -0.218574 -0.000696 -0.030981
v -0.218473 -0.001128 -0.030924
v -0.213818 -0.001560 -0.040974
v -0.213910 -0.001128 -0.041043
v -0.213818 -0.000696 -0.040974
v -0.213565 -0.000380 -0.040785
v -0.212619 -0.000696 -0.040080
v -0.212527 -0.001128 -0.040011
v 0.091216 -0.002128 -0.009523
v 0.090569 -0.000628 -0.010099
v 0.090843 -0.000262 -0.009855
v 0.091863 -0.000628 -0.008947
v 0.091963 -0.001128 -0.008858
v 0.105738 -0.001628 -0.025251
v 0.105454 -0.001994 -0.025482
v 0.105067 -0.002128 -0.025798
v 0.104679 -0.001994 -0.026115
v 0.104396 -0.001628 -0.026346
v 0.104292 -0.001128 -0.026431
v 0.104396 -0.000628 -0.026346
v 0.104679 -0.000262 -0.026115
v 0.105067 -0.000128 -0.025798
v 0.105454 -0.000262 -0.025482
v 0.105738 -0.000628 -0.025251
v 0.105841 -0.001128 -0.025166
v 0.117913 -0.001628 -0.040818
v 0.117621 -0.001994 -0.041038
v 0.117222 -0.002128 -0.041340
v 0.116823 -0.001994 -0.041641
v 0.116531 -0.001628 -0.041862
v 0.116425 -0.001128 -0.041943
v 0.116531 -0.000628 -0.041862
v 0.116823 -0.000262 -0.041641
v 0.117222 -0.000128 -0.041340
v 0.117621 -0.000262 -0.041038
v 0.117913 -0.000628 -0.040818
v 0.118020 -0.001128 -0.040737
v 0.128690 -0.001628 -0.055578
v 0.128392 -0.001994 -0.055790
v 0.127985 -0.002128 -0.056081
v 0.127578 -0.001994 -0.056371
v 0.127280 -0.001628 -0.056584
v 0.127171 -0.001128 -0.056662
v 0.127280 -0.000628 -0.056584
v 0.127578 -0.000262 -0.056371
v 0.127985 -0.000128 -0.056081
v 0.128392 -0.000262 -0.055790
v 0.128690 -0.000628 -0.055578
v 0.128799 -0.001128 -0.055500
v 0.138370 -0.001628 -0.069462
v 0.138069 -0.001994 -0.069670
v 0.137658 -0.002128 -0.069955
v 0.137246 -0.001994 -0.070239
v 0.136945 -0.001628 -0.070447
v 0.136835 -0.001128 -0.070524
v 0.136945 -0.000628 -0.070447
v 0.137246 -0.000262 -0.070239
v 0.137658 -0.000128 -0.069955
v 0.138069 -0.000262 -0.069670
v 0.138370 -0.000628 -0.069462
v 0.138480 -0.001128 -0.069386
v 0.147252 -0.001628 -0.082401
v 0.146952 -0.001994 -0.082610
v 0.146541 -0.002128 -0.082895
v 0.146130 -0.001994 -0.083181
v 0.145830 -0.001628 -0.083389
v 0.145720 -0.001128 -0.083466
v 0.145830 -0.000628 -0.083389
v 0.146130 -0.000262 -0.083181
v 0.146541 -0.000128 -0.082895
v 0.146952 -0.000262 -0.082610
v 0.147252 -0.000628 -0.082401
v 0.147362 -0.001128 -0.082325
v 0.155638 -0.001628 -0.094326
v 0.155342 -0.001994 -0.094541
v 0.154938 -0.002128 -0.094836
v 0.154534 -0.001994 -0.095130
v 0.154238 -0.001628 -0.095346
v 0.154130 -0.001128 -0.095425
v 0.154238 -0.000628 -0.095346
v 0.154534 -0.000262 -0.095130
v 0.154938 -0.000128 -0.094836
v 0.155342 -0.000262 -0.094541
v 0.155638 -0.000628 -0.094326
v 0.155746 -0.001128 -0.094247
v 0.163824 -0.001628 -0.105168
v 0.163539 -0.001994 -0.105397
v 0.163149 -0.002128 -0.105710
v 0.162760 -0.001994 -0.106024
v 0.162474 -0.001628 -0.106253
v 0.162370 -0.001128 -0.106337
v 0.162474 -0.000628 -0.106253
v 0.162760 -0.000262 -0.106024
v 0.163149 -0.000128 -0.105710
v 0.163539 -0.000262 -0.105397
v 0.163824 -0.000628 -0.105168
v 0.163929 -0.001128 -0.105084
v 0.172110 -0.001628 -0.114860
v 0.171843 -0.001994 -0.115110
v 0.171478 -0.002128 -0.115452
v 0.171113 -0.001994 -0.115794
v 0.170846 -0.001628 -0.116044
v 0.170748 -0.001128 -0.116135
v 0.170846 -0.000628 -0.116044
v 0.171113 -0.000262 -0.115794
v 0.171478 -0.000128 -0.115452
v 0.171843 -0.000262 -0.115110
v 0.172110 -0.000628 -0.114860
v 0.172208 -0.001128 -0.114769
v 0.180793 -0.001628 -0.123340
v 0.180553 -0.001994 -0.123617
v 0.180226 -0.002128 -0.123994
v 0.179898 -0.001994 -0.124372
v 0.179658 -0.001628 -0.124649
v 0.179571 -0.001128 -0.124750
v 0.179658 -0.000628 -0.124649
v 0.179898 -0.000262 -0.124372
v 0.180226 -0.000128 -0.123994
v 0.180553 -0.000262 -0.123617
v 0.180793 -0.000628 -0.123340
v 0.180881 -0.001128 -0.123239
v 0.190173 -0.001628 -0.130549
v 0.189971 -0.001994 -0.130854
v 0.189694 -0.002128 -0.131271
v 0.189418 -0.001994 -0.131688
v 0.189216 -0.001628 -0.131993
v 0.189142 -0.001128 -0.132104
v 0.189216 -0.000628 -0.131993
v 0.189418 -0.000262 -0.131688
v 0.189694 -0.000128 -0.131271
v 0.189971 -0.000262 -0.130854
v 0.190173 -0.000628 -0.130549
v 0.190247 -0.001128 -0.130437
v 0.200556 -0.001628 -0.136432
v 0.200400 -0.001994 -0.136763
v 0.200186 -0.002128 -0.137215
v 0.199972 -0.001994 -0.137667
v 0.199816 -0.001628 -0.137998
v 0.199759 -0.001128 -0.138120
v 0.199816 -0.000628 -0.137998
v 0.199972 -0.000262 -0.137667
v 0.200186 -0.000128 -0.137215
v 0.200400 -0.000262 -0.136763
v 0.200556 -0.000628 -0.136432
v 0.200613 -0.001128 -0.136311
v 0.212148 -0.001994 -0.141283
v 0.211857 -0.001994 -0.142240
v 0.211751 -0.001628 -0.142590
v 0.211857 -0.000262 -0.142240
v 0.212148 -0.000262 -0.141283
v 0.212254 -0.000628 -0.140933
v 0.212293 -0.001128 -0.140805
v -0.425705 -0.001628 0.062497
v -0.425798 -0.001994 0.062143
v -0.425925 -0.002128 0.061659
v -0.426052 -0.001994 0.061176
v -0.426052 -0.000262 0.061176
v -0.425925 -0.000128 0.061659
v -0.425798 -0.000262 0.062143
v -0.404394 -0.001628 0.057677
v -0.404462 -0.001994 0.057317
v -0.404554 -0.002128 0.056826
v -0.404647 -0.001994 0.056334
v -0.404715 -0.001628 0.055975
v -0.404740 -0.001128 0.055843
v -0.404715 -0.000628 0.055975
v -0.404647 -0.000262 0.056334
v -0.404554 -0.000128 0.056826
v -0.404462 -0.000262 0.057317
v -0.404394 -0.000628 0.057677
v -0.404369 -0.001128 0.057808
v -0.383765 -0.001628 0.054544
v -0.383806 -0.001994 0.054180
v -0.383862 -0.002128 0.053683
v -0.383918 -0.001994 0.053187
v -0.383960 -0.001628 0.052823
v -0.383974 -0.001128 0.052690
v -0.383960 -0.000628 0.052823
v -0.383918 -0.000262 0.053187
v -0.383862 -0.000128 0.053684
v -0.383806 -0.000262 0.054180
v -0.383765 -0.000628 0.054544
v -0.383750 -0.001128 0.054677
v -0.363826 -0.001628 0.053068
v -0.363838 -0.001994 0.052702
v -0.363854 -0.002128 0.052202
v -0.363871 -0.001994 0.051702
v -0.363883 -0.001628 0.051337
v -0.363887 -0.001128 0.051203
v -0.363883 -0.000628 0.051337
v -0.363871 -0.000262 0.051702
v -0.363854 -0.000128 0.052202
v -0.363838 -0.000262 0.052702
v -0.363826 -0.000628 0.053068
v -0.363821 -0.001128 0.053202
v -0.344579 -0.001628 0.053216
v -0.344560 -0.001994 0.052850
v -0.344535 -0.002128 0.052351
v -0.344510 -0.001994 0.051851
v -0.344491 -0.001628 0.051486
v -0.344485 -0.001128 0.051352
v -0.344491 -0.000628 0.051486
v -0.344510 -0.000262 0.051851
v -0.344535 -0.000128 0.052351
v -0.344560 -0.000262 0.052850
v -0.344579 -0.000628 0.053216
v -0.344586 -0.001128 0.053350
v -0.326029 -0.001628 0.054957
v -0.325979 -0.001994 0.054594
v -0.325910 -0.002128 0.054099
v -0.325841 -0.001994 0.053604
v -0.325790 -0.001628 0.053241
v -0.325772 -0.001128 0.053109
v -0.325790 -0.000628 0.053241
v -0.325841 -0.000262 0.053604
v -0.325910 -0.000128 0.054099
v -0.325979 -0.000262 0.054594
v -0.326029 -0.000628 0.054957
v -0.326048 -0.001128 0.055090
v -0.308180 -0.001628 0.058260
v -0.308097 -0.001994 0.057903
v -0.307984 -0.002128 0.057416
v -0.307870 -0.001994 0.056929
v -0.307787 -0.001628 0.056573
v -0.307757 -0.001128 0.056442
v -0.307787 -0.000628 0.056573
v -0.307870 -0.000262 0.056929
v -0.307984 -0.000128 0.057416
v -0.308097 -0.000262 0.057903
v -0.308180 -0.000628 0.058260
v -0.308211 -0.001128 0.058390
v -0.291035 -0.001628 0.063093
v -0.290919 -0.001994 0.062746
v -0.290761 -0.002128 0.062272
v -0.290604 -0.001994 0.061797
v -0.290488 -0.001628 0.061450
v -0.290446 -0.001128 0.061323
v -0.290488 -0.000628 0.061450
v -0.290604 -0.000262 0.061797
v -0.290761 -0.000128 0.062272
v -0.290919 -0.000262 0.062746
v -0.291035 -0.000628 0.063093
v -0.291077 -0.001128 0.063220
v -0.274597 -0.001628 0.069427
v -0.274450 -0.001994 0.069092
v -0.274248 -0.002128 0.068634
v -0.274047 -0.001994 0.068177
v -0.273900 -0.001628 0.067842
v -0.273846 -0.001128 0.067719
v -0.273900 -0.000628 0.067842
v -0.274047 -0.000262 0.068177
v -0.274248 -0.000128 0.068634
v -0.274450 -0.000262 0.069092
v -0.274597 -0.000628 0.069427
v -0.274651 -0.001128 0.069550
v -0.258869 -0.001628 0.077232
v -0.258692 -0.001994 0.076912
v -0.258449 -0.002128 0.076474
v -0.258207 -0.001994 0.076037
v -0.258030 -0.001628 0.075717
v -0.257965 -0.001128 0.075600
v -0.258030 -0.000628 0.075717
v -0.258207 -0.000262 0.076037
v -0.258449 -0.000128 0.076474
v -0.258692 -0.000262 0.076912
v -0.258869 -0.000628 0.077232
v -0.258934 -0.001128 0.077349
v -0.243856 -0.001628 0.086477
v -0.243651 -0.001994 0.086174
v -0.243370 -0.002128 0.085761
v -0.243089 -0.001994 0.085347
v -0.242884 -0.001628 0.085044
v -0.242808 -0.001128 0.084933
v -0.242884 -0.000628 0.085044
v -0.243089 -0.000262 0.085347
v -0.243370 -0.000128 0.085761
v -0.243651 -0.000262 0.086174
v -0.243856 -0.000628 0.086477
v -0.243931 -0.001128 0.086588
v -0.229561 -0.001628 0.097134
v -0.229330 -0.001994 0.096850
v -0.229015 -0.002128 0.096462
v -0.228699 -0.001994 0.096075
v -0.228468 -0.001628 0.095791
v -0.228383 -0.001128 0.095687
v -0.228468 -0.000628 0.095791
v -0.228699 -0.000262 0.096075
v -0.229015 -0.000128 0.096462
v -0.229330 -0.000262 0.096850
v -0.229561 -0.000628 0.097134
v -0.229646 -0.001128 0.097238
v -0.215735 -0.001994 0.108909
v -0.215389 -0.002128 0.108549
v -0.215042 -0.001994 0.108189
v -0.214788 -0.000628 0.107925
v -0.215042 -0.000262 0.108189
v -0.215735 -0.000262 0.108909
v -0.215989 -0.000628 0.109173
v -0.216082 -0.001128 0.109270
v -0.435236 -0.001994 0.062284
v -0.435675 -0.001128 0.062045
v -0.413175 -0.001628 0.026320
v -0.413488 -0.001994 0.026130
v -0.413915 -0.002128 0.025871
v -0.414343 -0.001994 0.025612
v -0.414656 -0.001628 0.025422
v -0.414770 -0.001128 0.025353
v -0.414656 -0.000628 0.025422
v -0.414343 -0.000262 0.025612
v -0.413915 -0.000128 0.025871
v -0.413488 -0.000262 0.026130
v -0.413175 -0.000628 0.026320
v -0.413060 -0.001128 0.026390
v -0.394583 -0.001628 -0.002547
v -0.394883 -0.001994 -0.002756
v -0.395293 -0.002128 -0.003042
v -0.395703 -0.001994 -0.003328
v -0.396004 -0.001628 -0.003538
v -0.396113 -0.001128 -0.003615
v -0.396004 -0.000628 -0.003538
v -0.395703 -0.000262 -0.003328
v -0.395293 -0.000128 -0.003042
v -0.394883 -0.000262 -0.002756
v -0.394583 -0.000628 -0.002547
v -0.394473 -0.001128 -0.002470
v -0.378042 -0.001628 -0.024488
v -0.378323 -0.001994 -0.024723
v -0.378706 -0.002128 -0.025044
v -0.379089 -0.001994 -0.025365
v -0.379370 -0.001628 -0.025600
v -0.379473 -0.001128 -0.025686
v -0.379370 -0.000628 -0.025600
v -0.379089 -0.000262 -0.025365
v -0.378706 -0.000128 -0.025044
v -0.378323 -0.000262 -0.024723
v -0.378042 -0.000628 -0.024488
v -0.377939 -0.001128 -0.024402
v -0.363338 -0.001628 -0.040325
v -0.363588 -0.001994 -0.040593
v -0.363929 -0.002128 -0.040958
v -0.364270 -0.001994 -0.041324
v -0.364520 -0.001628 -0.041592
v -0.364611 -0.001128 -0.041689
v -0.364520 -0.000628 -0.041592
v -0.364270 -0.000262 -0.041324
v -0.363929 -0.000128 -0.040958
v -0.363588 -0.000262 -0.040593
v -0.363338 -0.000628 -0.040325
v -0.363247 -0.001128 -0.040227
v -0.350263 -0.001628 -0.050887
v -0.350464 -0.001994 -0.051193
v -0.350739 -0.002128 -0.051611
v -0.351014 -0.001994 -0.052028
v -0.351215 -0.001628 -0.052334
v -0.351288 -0.001128 -0.052446
v -0.351215 -0.000628 -0.052334
v -0.351014 -0.000262 -0.052028
v -0.350739 -0.000128 -0.051610
v -0.350464 -0.000262 -0.051193
v -0.350263 -0.000628 -0.050887
v -0.350190 -0.001128 -0.050775
v -0.338605 -0.001628 -0.057015
v -0.338734 -0.001994 -0.057357
v -0.338911 -0.002128 -0.057825
v -0.339088 -0.001994 -0.058293
v -0.339217 -0.001628 -0.058635
v -0.339264 -0.001128 -0.058761
v -0.339217 -0.000628 -0.058635
v -0.339088 -0.000262 -0.058293
v -0.338911 -0.000128 -0.057825
v -0.338734 -0.000262 -0.057357
v -0.338605 -0.000628 -0.057015
v -0.338557 -0.001128 -0.056890
v -0.328126 -0.001628 -0.059566
v -0.328166 -0.001994 -0.059930
v -0.328221 -0.002128 -0.060427
v -0.328276 -0.001994 -0.060924
v -0.328316 -0.001628 -0.061288
v -0.328331 -0.001128 -0.061421
v -0.328316 -0.000628 -0.061288
v -0.328276 -0.000262 -0.060924
v -0.328221 -0.000128 -0.060427
v -0.328166 -0.000262 -0.059930
v -0.328126 -0.000628 -0.059566
v -0.328111 -0.001128 -0.059433
v -0.318554 -0.001628 -0.059382
v -0.318508 -0.001994 -0.059745
v -0.318445 -0.002128 -0.060241
v -0.318383 -0.001994 -0.060737
v -0.318337 -0.001628 -0.061100
v -0.318320 -0.001128 -0.061233
v -0.318337 -0.000628 -0.061100
v -0.318383 -0.000262 -0.060737
v -0.318445 -0.000128 -0.060241
v -0.318508 -0.000262 -0.059745
v -0.318554 -0.000628 -0.059382
v -0.318571 -0.001128 -0.059249
v -0.309614 -0.001628 -0.057265
v -0.309507 -0.001994 -0.057614
v -0.309360 -0.002128 -0.058092
v -0.309213 -0.001994 -0.058570
v -0.309105 -0.001628 -0.058920
v -0.309066 -0.001128 -0.059048
v -0.309105 -0.000628 -0.058920
v -0.309213 -0.000262 -0.058570
v -0.309360 -0.000128 -0.058092
v -0.309507 -0.000262 -0.057614
v -0.309614 -0.000628 -0.057265
v -0.309654 -0.001128 -0.057136
v -0.301066 -0.001628 -0.054003
v -0.300928 -0.001994 -0.054342
v -0.300740 -0.002128 -0.054805
v -0.300553 -0.001994 -0.055269
v -0.300415 -0.001628 -0.055608
v -0.300365 -0.001128 -0.055732
v -0.300415 -0.000628 -0.055608
v -0.300553 -0.000262 -0.055269
v -0.300740 -0.000128 -0.054805
v -0.300928 -0.000262 -0.054342
v -0.301066 -0.000628 -0.054003
v -0.301116 -0.001128 -0.053879
v -0.292684 -0.001628 -0.050401
v -0.292548 -0.001994 -0.050741
v -0.292363 -0.002128 -0.051205
v -0.292177 -0.001994 -0.051669
v -0.292042 -0.001628 -0.052009
v -0.291992 -0.001128 -0.052134
v -0.292042 -0.000628 -0.052009
v -0.292177 -0.000262 -0.051669
v -0.292363 -0.000128 -0.051205
v -0.292548 -0.000262 -0.050741
v -0.292684 -0.000628 -0.050401
v -0.292734 -0.001128 -0.050276
v -0.284255 -0.001628 -0.047287
v -0.284148 -0.001994 -0.047638
v -0.283858 -0.001994 -0.048595
v -0.283752 -0.001628 -0.048945
v -0.283713 -0.001128 -0.049073
v -0.283752 -0.000628 -0.048945
v -0.284003 -0.000128 -0.048116
v -0.284148 -0.000262 -0.047638
v -0.144240 -0.001994 -0.093764
v -0.142954 -0.000628 -0.094224
v -0.143299 -0.000262 -0.094101
v -0.144585 -0.000628 -0.093640
v -0.129641 -0.001628 -0.056519
v -0.129309 -0.001994 -0.056673
v -0.128855 -0.002128 -0.056882
v -0.128401 -0.001994 -0.057092
v -0.128069 -0.001628 -0.057246
v -0.127947 -0.001128 -0.057302
v -0.128069 -0.000628 -0.057246
v -0.128401 -0.000262 -0.057092
v -0.128855 -0.000128 -0.056882
v -0.129309 -0.000262 -0.056673
v -0.129641 -0.000628 -0.056519
v -0.129763 -0.001128 -0.056463
v -0.116265 -0.001628 -0.031002
v -0.115953 -0.001994 -0.031194
v -0.115527 -0.002128 -0.031455
v -0.115101 -0.001994 -0.031716
v -0.114788 -0.001628 -0.031908
v -0.114674 -0.001128 -0.031978
v -0.114788 -0.000628 -0.031908
v -0.115101 -0.000262 -0.031716
v -0.115527 -0.000128 -0.031455
v -0.115953 -0.000262 -0.031194
v -0.116265 -0.000628 -0.031002
v -0.116379 -0.001128 -0.030932
v -0.104664 -0.001628 -0.014653
v -0.104384 -0.001994 -0.014889
v -0.104002 -0.002128 -0.015212
v -0.103620 -0.001994 -0.015535
v -0.103340 -0.001628 -0.015771
v -0.103238 -0.001128 -0.015857
v -0.103340 -0.000628 -0.015771
v -0.103620 -0.000262 -0.015535
v -0.104002 -0.000128 -0.015212
v -0.104384 -0.000262 -0.014889
v -0.104664 -0.000628 -0.014653
v -0.104766 -0.001128 -0.014567
v -0.095058 -0.001628 -0.005054
v -0.094821 -0.001994 -0.005334
v -0.094498 -0.002128 -0.005715
v -0.094175 -0.001994 -0.006097
v -0.093938 -0.001628 -0.006376
v -0.093852 -0.001128 -0.006478
v -0.093938 -0.000628 -0.006376
v -0.094175 -0.000262 -0.006097
v -0.094498 -0.000128 -0.005715
v -0.094821 -0.000262 -0.005334
v -0.095058 -0.000628 -0.005054
v -0.095144 -0.001128 -0.004952
v -0.087730 -0.001628 0.000183
v -0.087520 -0.001994 -0.000117
v -0.087232 -0.002128 -0.000526
v -0.086945 -0.001994 -0.000935
v -0.086735 -0.001628 -0.001235
v -0.086658 -0.001128 -0.001344
v -0.086735 -0.000628 -0.001235
v -0.086945 -0.000262 -0.000935
v -0.087232 -0.000128 -0.000526
v -0.087520 -0.000262 -0.000117
v -0.087730 -0.000628 0.000183
v -0.087807 -0.001128 0.000293
v -0.083065 -0.001628 0.003375
v -0.082794 -0.001994 0.003129
v -0.082422 -0.002128 0.002794
v -0.082051 -0.001994 0.002459
v -0.081780 -0.001628 0.002214
v -0.081680 -0.001128 0.002124
v -0.081780 -0.000628 0.002214
v -0.082051 -0.000262 0.002459
v -0.082422 -0.000128 0.002794
v -0.082794 -0.000262 0.003129
v -0.083065 -0.000628 0.003375
v -0.083165 -0.001128 0.003464
v -0.081135 -0.001628 0.006852
v -0.080776 -0.001994 0.006781
v -0.080286 -0.002128 0.006683
v -0.079795 -0.001994 0.006585
v -0.079437 -0.001628 0.006514
v -0.079305 -0.001128 0.006488
v -0.079437 -0.000628 0.006514
v -0.079795 -0.000262 0.006585
v -0.080286 -0.000128 0.006683
v -0.080776 -0.000262 0.006781
v -0.081135 -0.000628 0.006852
v -0.081267 -0.001128 0.006878
v -0.081888 -0.001628 0.013402
v -0.081529 -0.001994 0.013477
v -0.081040 -0.002128 0.013579
v -0.080550 -0.001994 0.013682
v -0.080192 -0.001628 0.013756
v -0.080061 -0.001128 0.013784
v -0.080192 -0.000628 0.013756
v -0.080550 -0.000262 0.013682
v -0.081040 -0.000128 0.013579
v -0.081529 -0.000262 0.013477
v -0.081888 -0.000628 0.013402
v -0.082019 -0.001128 0.013375
v -0.085723 -0.001628 0.025647
v -0.085376 -0.001994 0.025763
v -0.084902 -0.002128 0.025921
v -0.084428 -0.001994 0.026079
v -0.084081 -0.001628 0.026195
v -0.083953 -0.001128 0.026238
v -0.084081 -0.000628 0.026195
v -0.084428 -0.000262 0.026079
v -0.084902 -0.000128 0.025921
v -0.085376 -0.000262 0.025763
v -0.085723 -0.000628 0.025647
v -0.085850 -0.001128 0.025604
v -0.092906 -0.001628 0.045858
v -0.092561 -0.001994 0.045980
v -0.092090 -0.002128 0.046147
v -0.091618 -0.001994 0.046313
v -0.091273 -0.001628 0.046435
v -0.091147 -0.001128 0.046480
v -0.091273 -0.000628 0.046435
v -0.091618 -0.000262 0.046313
v -0.092090 -0.000128 0.046147
v -0.092561 -0.000262 0.045980
v -0.092906 -0.000628 0.045858
v -0.093033 -0.001128 0.045814
v -0.103640 -0.001628 0.076414
v -0.103293 -0.001994 0.076533
v -0.102820 -0.002128 0.076695
v -0.102347 -0.001994 0.076857
v -0.102001 -0.001628 0.076976
v -0.101874 -0.001128 0.077019
v -0.102001 -0.000628 0.076976
v -0.102347 -0.000262 0.076857
v -0.102820 -0.000128 0.076695
v -0.103293 -0.000262 0.076533
v -0.103640 -0.000628 0.076414
v -0.103766 -0.001128 0.076371
v -0.116488 -0.001628 0.120272
v -0.116361 -0.001128 0.120313
v -0.118262 -0.001128 0.119694
v -0.160428 -0.001628 0.056165
v -0.160107 -0.001994 0.056340
v -0.159228 -0.001994 0.056817
v -0.158789 -0.001128 0.057056
v -0.159668 -0.000128 0.056578
v -0.160546 -0.001128 0.056101
v -0.167801 -0.001628 0.074650
v -0.167443 -0.001994 0.074726
v -0.166954 -0.002128 0.074830
v -0.166465 -0.001994 0.074934
v -0.166107 -0.001628 0.075010
v -0.165976 -0.001128 0.075038
v -0.166107 -0.000628 0.075010
v -0.166465 -0.000262 0.074934
v -0.166954 -0.000128 0.074830
v -0.167443 -0.000262 0.074726
v -0.167801 -0.000628 0.074650
v -0.167932 -0.001128 0.074622
v -0.168383 -0.001628 0.089643
v -0.168023 -0.001994 0.089576
v -0.167532 -0.002128 0.089484
v -0.167041 -0.001994 0.089392
v -0.166681 -0.001628 0.089324
v -0.166549 -0.001128 0.089300
v -0.166681 -0.000628 0.089324
v -0.167041 -0.000262 0.089392
v -0.167532 -0.000128 0.089484
v -0.168023 -0.000262 0.089576
v -0.168383 -0.000628 0.089643
v -0.168515 -0.001128 0.089668
v -0.163184 -0.001628 0.101619
v -0.162883 -0.001994 0.101410
v -0.162473 -0.002128 0.101124
v -0.162063 -0.001994 0.100838
v -0.161763 -0.001628 0.100629
v -0.161653 -0.001128 0.100552
v -0.161763 -0.000628 0.100629
v -0.162063 -0.000262 0.100838
v -0.162473 -0.000128 0.101124
v -0.162883 -0.000262 0.101410
v -0.163184 -0.000628 0.101619
v -0.163294 -0.001128 0.101696
v -0.153365 -0.001628 0.111030
v -0.153147 -0.001994 0.110736
v -0.152849 -0.002128 0.110334
v -0.152552 -0.001994 0.109932
v -0.152334 -0.001628 0.109638
v -0.152254 -0.001128 0.109530
v -0.152334 -0.000628 0.109638
v -0.152552 -0.000262 0.109932
v -0.152849 -0.000128 0.110334
v -0.153147 -0.000262 0.110736
v -0.153365 -0.000628 0.111030
v -0.153445 -0.001128 0.111138
v -0.140104 -0.001628 0.118479
v -0.139947 -0.001994 0.118148
v -0.139733 -0.002128 0.117697
v -0.139519 -0.001994 0.117245
v -0.139362 -0.001628 0.116914
v -0.139305 -0.001128 0.116793
v -0.139362 -0.000628 0.116914
v -0.139519 -0.000262 0.117245
v -0.139733 -0.000128 0.117697
v -0.139947 -0.000262 0.118148
v -0.140104 -0.000628 0.118479
v -0.140161 -0.001128 0.118600
v -0.124486 -0.001628 0.124611
v -0.124363 -0.001994 0.124267
v -0.124196 -0.002128 0.123796
v -0.124028 -0.001994 0.123325
v -0.123905 -0.001628 0.122980
v -0.123860 -0.001128 0.122854
v -0.123905 -0.000628 0.122980
v -0.124028 -0.000262 0.123325
v -0.124196 -0.000128 0.123796
v -0.124363 -0.000262 0.124267
v -0.124486 -0.000628 0.124611
v -0.124531 -0.001128 0.124738
v -0.107570 -0.001628 0.130040
v -0.107460 -0.001994 0.129691
v -0.107309 -0.002128 0.129214
v -0.107159 -0.001994 0.128738
v -0.107049 -0.001628 0.128389
v -0.107008 -0.001128 0.128261
v -0.107049 -0.000628 0.128389
v -0.107159 -0.000262 0.128738
v -0.107309 -0.000128 0.129214
v -0.107460 -0.000262 0.129691
v -0.107570 -0.000628 0.130040
v -0.107610 -0.001128 0.130168
v -0.090419 -0.001628 0.135358
v -0.090304 -0.001994 0.135011
v -0.090146 -0.002128 0.134536
v -0.089988 -0.001994 0.134062
v -0.089873 -0.001628 0.133714
v -0.089831 -0.001128 0.133587
v -0.089873 -0.000628 0.133714
v -0.089988 -0.000262 0.134062
v -0.090146 -0.000128 0.134536
v -0.090304 -0.000262 0.135011
v -0.090419 -0.000628 0.135358
v -0.090461 -0.001128 0.135485
v -0.074109 -0.001628 0.141145
v -0.073969 -0.001994 0.140807
v -0.073778 -0.002128 0.140345
v -0.073587 -0.001994 0.139883
v -0.073447 -0.001628 0.139544
v -0.073396 -0.001128 0.139420
v -0.073447 -0.000628 0.139544
v -0.073587 -0.000262 0.139883
v -0.073778 -0.000128 0.140345
v -0.073969 -0.000262 0.140807
v -0.074109 -0.000628 0.141145
v -0.074160 -0.001128 0.141269
v -0.059721 -0.001628 0.147966
v -0.059533 -0.001994 0.147652
v -0.059277 -0.002128 0.147223
v -0.059020 -0.001994 0.146794
v -0.058832 -0.001628 0.146480
v -0.058763 -0.001128 0.146365
v -0.058832 -0.000628 0.146480
v -0.059020 -0.000262 0.146794
v -0.059277 -0.000128 0.147223
v -0.059533 -0.000262 0.147652
v -0.059721 -0.000628 0.147966
v -0.059790 -0.001128 0.148081
v -0.048334 -0.001628 0.156359
v -0.048072 -0.001994 0.156104
v -0.047714 -0.002128 0.155754
v -0.047357 -0.001994 0.155405
v -0.047095 -0.001628 0.155149
v -0.046999 -0.001128 0.155056
v -0.047095 -0.000628 0.155149
v -0.047357 -0.000262 0.155405
v -0.047714 -0.000128 0.155754
v -0.048072 -0.000262 0.156104
v -0.048334 -0.000628 0.156359
v -0.048430 -0.001128 0.156453
v -0.040959 -0.001628 0.166864
v -0.039704 -0.001994 0.166325
v -0.039244 -0.001128 0.166128
v -0.039367 -0.000628 0.166181
v -0.040163 -0.000128 0.166522
v -0.040622 -0.000262 0.166720
v -0.040959 -0.000628 0.166864
v -0.041082 -0.001128 0.166917
v 0.005101 -0.003208 0.067689
v 0.006020 -0.002208 0.068084
v 0.005897 -0.001708 0.068031
v 0.005101 -0.001208 0.067689
v -0.001336 -0.002708 0.086432
v -0.000973 -0.003074 0.086475
v -0.000476 -0.003208 0.086533
v 0.000021 -0.003074 0.086592
v 0.000384 -0.002708 0.086635
v 0.000517 -0.002208 0.086650
v 0.000384 -0.001708 0.086635
v 0.000021 -0.001342 0.086592
v -0.000476 -0.001208 0.086533
v -0.000973 -0.001342 0.086475
v -0.001336 -0.001708 0.086432
v -0.001469 -0.002208 0.086416
v -0.000536 -0.002708 0.101416
v -0.000184 -0.003074 0.101315
v 0.000297 -0.003208 0.101178
v 0.000777 -0.003074 0.101041
v 0.001129 -0.002708 0.100941
v 0.001258 -0.002208 0.100905
v 0.001129 -0.001708 0.100941
v 0.000777 -0.001342 0.101041
v 0.000297 -0.001208 0.101178
v -0.000184 -0.001342 0.101315
v -0.000536 -0.001708 0.101416
v -0.000665 -0.002208 0.101452
v 0.005743 -0.002708 0.112862
v 0.006023 -0.003074 0.112626
v 0.006405 -0.003208 0.112304
v 0.006787 -0.003074 0.111982
v 0.007067 -0.002708 0.111745
v 0.007169 -0.002208 0.111659
v 0.007067 -0.001708 0.111745
v 0.006787 -0.001342 0.111981
v 0.006405 -0.001208 0.112304
v 0.006023 -0.001342 0.112626
v 0.005743 -0.001708 0.112862
v 0.005640 -0.002208 0.112949
v 0.016385 -0.002708 0.121330
v 0.016575 -0.003074 0.121017
v 0.016835 -0.003208 0.120589
v 0.017094 -0.003074 0.120162
v 0.017284 -0.002708 0.119849
v 0.017353 -0.002208 0.119734
v 0.017284 -0.001708 0.119849
v 0.017094 -0.001342 0.120162
v 0.016835 -0.001208 0.120589
v 0.016575 -0.001342 0.121017
v 0.016385 -0.001708 0.121330
v 0.016316 -0.002208 0.121444
v 0.030275 -0.002708 0.127528
v 0.030401 -0.003074 0.127184
v 0.030573 -0.003208 0.126714
v 0.030745 -0.003074 0.126245
v 0.030870 -0.002708 0.125901
v 0.030916 -0.002208 0.125775
v 0.030870 -0.001708 0.125901
v 0.030745 -0.001342 0.126245
v 0.030573 -0.001208 0.126714
v 0.030401 -0.001342 0.127184
v 0.030275 -0.001708 0.127528
v 0.030229 -0.002208 0.127654
v 0.046391 -0.002708 0.132198
v 0.046482 -0.003074 0.131843
v 0.046605 -0.003208 0.131358
v 0.046729 -0.003074 0.130874
v 0.046820 -0.002708 0.130519
v 0.046853 -0.002208 0.130390
v 0.046820 -0.001708 0.130519
v 0.046729 -0.001342 0.130874
v 0.046605 -0.001208 0.131358
v 0.046482 -0.001342 0.131843
v 0.046391 -0.001708 0.132198
v 0.046358 -0.002208 0.132327
v 0.063735 -0.002708 0.136047
v 0.063813 -0.003074 0.135690
v 0.063918 -0.003208 0.135201
v 0.064024 -0.003074 0.134712
v 0.064102 -0.002708 0.134355
v 0.064130 -0.002208 0.134224
v 0.064102 -0.001708 0.134355
v 0.064024 -0.001342 0.134712
v 0.063918 -0.001208 0.135201
v 0.063813 -0.001342 0.135690
v 0.063735 -0.001708 0.136047
v 0.063707 -0.002208 0.136178
v 0.081302 -0.002708 0.139765
v 0.081385 -0.003074 0.139409
v 0.081498 -0.003208 0.138922
v 0.081612 -0.003074 0.138435
v 0.081695 -0.002708 0.138078
v 0.081725 -0.002208 0.137948
v 0.081695 -0.001708 0.138078
v 0.081612 -0.001342 0.138435
v 0.081498 -0.001208 0.138922
v 0.081385 -0.001342 0.139409
v 0.081302 -0.001708 0.139765
v 0.081272 -0.002208 0.139896
v 0.098076 -0.002708 0.144027
v 0.098184 -0.003074 0.143677
v 0.098332 -0.003208 0.143200
v 0.098479 -0.003074 0.142722
v 0.098587 -0.002708 0.142372
v 0.098627 -0.002208 0.142244
v 0.098587 -0.001708 0.142372
v 0.098479 -0.001342 0.142722
v 0.098332 -0.001208 0.143200
v 0.098184 -0.001342 0.143677
v 0.098076 -0.001708 0.144027
v 0.098036 -0.002208 0.144155
v 0.113029 -0.002708 0.149496
v 0.113188 -0.003074 0.149166
v 0.113404 -0.003208 0.148715
v 0.113620 -0.003074 0.148264
v 0.113778 -0.002708 0.147934
v 0.113836 -0.002208 0.147813
v 0.113778 -0.001708 0.147934
v 0.113620 -0.001342 0.148264
v 0.113404 -0.001208 0.148715
v 0.113188 -0.001342 0.149166
v 0.113029 -0.001708 0.149496
v 0.112972 -0.002208 0.149617
v 0.125141 -0.002708 0.156806
v 0.125378 -0.003074 0.156527
v 0.125702 -0.003208 0.156147
v 0.126026 -0.003074 0.155766
v 0.126263 -0.002708 0.155487
v 0.126350 -0.002208 0.155385
v 0.126263 -0.001708 0.155487
v 0.126026 -0.001342 0.155766
v 0.125702 -0.001208 0.156147
v 0.125378 -0.001342 0.156527
v 0.125141 -0.001708 0.156806
v 0.125054 -0.002208 0.156908
v 0.133451 -0.002708 0.166588
v 0.133772 -0.003074 0.166413
v 0.134651 -0.003074 0.165936
v 0.134973 -0.002708 0.165761
v 0.135090 -0.002208 0.165697
v 0.134651 -0.001342 0.165936
v 0.133772 -0.001342 0.166413
v 0.133451 -0.001708 0.166588
v 0.133333 -0.002208 0.166652
v 0.204820 -0.002708 0.075038
v 0.203731 -0.003074 0.075863
v 0.203439 -0.002708 0.076084
v 0.203332 -0.002208 0.076164
v 0.203439 -0.001708 0.076084
v 0.203731 -0.001342 0.075863
v 0.204528 -0.001342 0.075259
v 0.204820 -0.001708 0.075038
v 0.204927 -0.002208 0.074957
v 0.185824 -0.002708 0.054993
v 0.185601 -0.003074 0.055283
v 0.185295 -0.003208 0.055679
v 0.184990 -0.003074 0.056075
v 0.184767 -0.002708 0.056365
v 0.184685 -0.002208 0.056471
v 0.184767 -0.001708 0.056365
v 0.184990 -0.001342 0.056075
v 0.185295 -0.001208 0.055679
v 0.185601 -0.001342 0.055283
v 0.185824 -0.001708 0.054993
v 0.185906 -0.002208 0.054887
v 0.167452 -0.002708 0.044933
v 0.167346 -0.003074 0.045283
v 0.167200 -0.003208 0.045761
v 0.167055 -0.003074 0.046240
v 0.166949 -0.002708 0.046590
v 0.166910 -0.002208 0.046718
v 0.166949 -0.001708 0.046590
v 0.167055 -0.001342 0.046240
v 0.167200 -0.001208 0.045761
v 0.167346 -0.001342 0.045283
v 0.167452 -0.001708 0.044933
v 0.167491 -0.002208 0.044804
v 0.149705 -0.002708 0.043359
v 0.149744 -0.003074 0.043723
v 0.149798 -0.003208 0.044220
v 0.149852 -0.003074 0.044717
v 0.149891 -0.002708 0.045081
v 0.149905 -0.002208 0.045214
v 0.149891 -0.001708 0.045081
v 0.149852 -0.001342 0.044717
v 0.149798 -0.001208 0.044220
v 0.149744 -0.001342 0.043723
v 0.149705 -0.001708 0.043359
v 0.149691 -0.002208 0.043226
v 0.132675 -0.002708 0.048683
v 0.132831 -0.003074 0.049015
v 0.133043 -0.003208 0.049467
v 0.133255 -0.003074 0.049920
v 0.133411 -0.002708 0.050251
v 0.133468 -0.002208 0.050372
v 0.133411 -0.001708 0.050251
v 0.133255 -0.001342 0.049920
v 0.133043 -0.001208 0.049467
v 0.132831 -0.001342 0.049015
v 0.132675 -0.001708 0.048683
v 0.132618 -0.002208 0.048562
v 0.116363 -0.002708 0.059227
v 0.116585 -0.003074 0.059518
v 0.116889 -0.003208 0.059915
v 0.117194 -0.003074 0.060311
v 0.117416 -0.002708 0.060602
v 0.117498 -0.002208 0.060708
v 0.117416 -0.001708 0.060602
v 0.117194 -0.001342 0.060311
v 0.116889 -0.001208 0.059915
v 0.116585 -0.001342 0.059518
v 0.116363 -0.001708 0.059227
v 0.116281 -0.002208 0.059121
v 0.100685 -0.002708 0.073356
v 0.100941 -0.003074 0.073617
v 0.101291 -0.003208 0.073974
v 0.101641 -0.003074 0.074331
v 0.101898 -0.002708 0.074592
v 0.101991 -0.002208 0.074688
v 0.101898 -0.001708 0.074592
v 0.101641 -0.001342 0.074331
v 0.101291 -0.001208 0.073974
v 0.100941 -0.001342 0.073617
v 0.100685 -0.001708 0.073356
v 0.100591 -0.002208 0.073260
v 0.085563 -0.002708 0.089474
v 0.085833 -0.003074 0.089721
v 0.086203 -0.003208 0.090058
v 0.086573 -0.003074 0.090394
v 0.086843 -0.002708 0.090641
v 0.086942 -0.002208 0.090731
v 0.086843 -0.001708 0.090641
v 0.086573 -0.001342 0.090394
v 0.086203 -0.001208 0.090058
v 0.085833 -0.001342 0.089721
v 0.085563 -0.001708 0.089474
v 0.085464 -0.002208 0.089384
v 0.070936 -0.002708 0.105996
v 0.071208 -0.003074 0.106242
v 0.071579 -0.003208 0.106577
v 0.071949 -0.003074 0.106913
v 0.072221 -0.002708 0.107158
v 0.072320 -0.002208 0.107248
v 0.072221 -0.001708 0.107158
v 0.071949 -0.001342 0.106913
v 0.071579 -0.001208 0.106577
v 0.071208 -0.001342 0.106242
v 0.070936 -0.001708 0.105996
v 0.070837 -0.002208 0.105906
v 0.056762 -0.002708 0.121331
v 0.057020 -0.003074 0.121590
v 0.057372 -0.003208 0.121945
v 0.057725 -0.003074 0.122300
v 0.057983 -0.002708 0.122559
v 0.058077 -0.002208 0.122654
v 0.057983 -0.001708 0.122559
v 0.057725 -0.001342 0.122300
v 0.057372 -0.001208 0.121945
v 0.057020 -0.001342 0.121590
v 0.056762 -0.001708 0.121331
v 0.056667 -0.002208 0.121236
v 0.043017 -0.002708 0.133881
v 0.043238 -0.003074 0.134173
v 0.043538 -0.003208 0.134573
v 0.043839 -0.003074 0.134972
v 0.044059 -0.002708 0.135264
v 0.044140 -0.002208 0.135371
v 0.044059 -0.001708 0.135264
v 0.043839 -0.001342 0.134972
v 0.043538 -0.001208 0.134573
v 0.043238 -0.001342 0.134173
v 0.043017 -0.001708 0.133881
v 0.042937 -0.002208 0.133774
v 0.029722 -0.002708 0.142063
v 0.029853 -0.003074 0.142405
v 0.030031 -0.003208 0.142872
v 0.030209 -0.003074 0.143339
v 0.030340 -0.002708 0.143681
v 0.030388 -0.002208 0.143806
v 0.030340 -0.001708 0.143681
v 0.030209 -0.001342 0.143339
v 0.030031 -0.001208 0.142872
v 0.029853 -0.001342 0.142405
v 0.029722 -0.001708 0.142063
v 0.029674 -0.002208 0.141938
v 0.016877 -0.002708 0.144392
v 0.016846 -0.003074 0.144757
v 0.016762 -0.003074 0.145753
v 0.016732 -0.002708 0.146118
v 0.016804 -0.001208 0.145255
v 0.016846 -0.001342 0.144757
v 0.016888 -0.002208 0.144258
v 0.087755 -0.002128 -0.008255
v 0.087292 -0.001994 -0.008064
v 0.086830 -0.001128 -0.007874
v 0.087292 -0.000262 -0.008064
v 0.088679 -0.001128 -0.008635
v 0.079975 -0.001628 -0.028197
v 0.079643 -0.001994 -0.028044
v 0.079189 -0.002128 -0.027834
v 0.078735 -0.001994 -0.027624
v 0.078403 -0.001628 -0.027470
v 0.078281 -0.001128 -0.027414
v 0.078403 -0.000628 -0.027470
v 0.078735 -0.000262 -0.027624
v 0.079189 -0.000128 -0.027834
v 0.079643 -0.000262 -0.028044
v 0.079975 -0.000628 -0.028197
v 0.080096 -0.001128 -0.028254
v 0.071313 -0.001628 -0.045961
v 0.070986 -0.001994 -0.045795
v 0.070541 -0.002128 -0.045568
v 0.070095 -0.001994 -0.045342
v 0.069769 -0.001628 -0.045176
v 0.069649 -0.001128 -0.045115
v 0.069769 -0.000628 -0.045176
v 0.070095 -0.000262 -0.045342
v 0.070541 -0.000128 -0.045568
v 0.070986 -0.000262 -0.045795
v 0.071313 -0.000628 -0.045961
v 0.071432 -0.001128 -0.046021
v 0.062763 -0.001628 -0.062114
v 0.062442 -0.001994 -0.061939
v 0.062002 -0.002128 -0.061700
v 0.061563 -0.001994 -0.061461
v 0.061241 -0.001628 -0.061287
v 0.061124 -0.001128 -0.061223
v 0.061241 -0.000628 -0.061287
v 0.061563 -0.000262 -0.061461
v 0.062002 -0.000128 -0.061700
v 0.062442 -0.000262 -0.061939
v 0.062763 -0.000628 -0.062114
v 0.062881 -0.001128 -0.062177
v 0.054520 -0.001628 -0.076896
v 0.054201 -0.001994 -0.076717
v 0.053766 -0.002128 -0.076472
v 0.053330 -0.001994 -0.076226
v 0.053011 -0.001628 -0.076047
v 0.052894 -0.001128 -0.075981
v 0.053011 -0.000628 -0.076047
v 0.053330 -0.000262 -0.076226
v 0.053766 -0.000128 -0.076472
v 0.054201 -0.000262 -0.076717
v 0.054520 -0.000628 -0.076896
v 0.054637 -0.001128 -0.076962
v 0.046778 -0.001628 -0.090548
v 0.046459 -0.001994 -0.090369
v 0.046023 -0.002128 -0.090125
v 0.045586 -0.001994 -0.089881
v 0.045267 -0.001628 -0.089702
v 0.045150 -0.001128 -0.089637
v 0.045267 -0.000628 -0.089702
v 0.045586 -0.000262 -0.089881
v 0.046023 -0.000128 -0.090125
v 0.046459 -0.000262 -0.090369
v 0.046778 -0.000628 -0.090548
v 0.046895 -0.001128 -0.090613
v 0.039730 -0.001628 -0.103309
v 0.039407 -0.001994 -0.103137
v 0.038965 -0.002128 -0.102903
v 0.038523 -0.001994 -0.102669
v 0.038200 -0.001628 -0.102497
v 0.038082 -0.001128 -0.102434
v 0.038200 -0.000628 -0.102497
v 0.038523 -0.000262 -0.102669
v 0.038965 -0.000128 -0.102903
v 0.039407 -0.000262 -0.103137
v 0.039730 -0.000628 -0.103309
v 0.039849 -0.001128 -0.103372
v 0.033569 -0.001628 -0.115417
v 0.033238 -0.001994 -0.115261
v 0.032785 -0.002128 -0.115048
v 0.032333 -0.001994 -0.114835
v 0.032002 -0.001628 -0.114679
v 0.031881 -0.001128 -0.114621
v 0.032002 -0.000628 -0.114679
v 0.032333 -0.000262 -0.114835
v 0.032785 -0.000128 -0.115048
v 0.033238 -0.000262 -0.115261
v 0.033569 -0.000628 -0.115417
v 0.033690 -0.001128 -0.115474
v 0.028484 -0.001628 -0.127111
v 0.028142 -0.001994 -0.126980
v 0.027675 -0.002128 -0.126802
v 0.027208 -0.001994 -0.126623
v 0.026866 -0.001628 -0.126492
v 0.026741 -0.001128 -0.126444
v 0.026866 -0.000628 -0.126492
v 0.027208 -0.000262 -0.126623
v 0.027675 -0.000128 -0.126802
v 0.028142 -0.000262 -0.126980
v 0.028484 -0.000628 -0.127111
v 0.028609 -0.001128 -0.127159
v 0.024663 -0.001628 -0.138630
v 0.024310 -0.001994 -0.138536
v 0.023827 -0.002128 -0.138407
v 0.023344 -0.001994 -0.138278
v 0.022990 -0.001628 -0.138183
v 0.022861 -0.001128 -0.138149
v 0.022990 -0.000628 -0.138183
v 0.023344 -0.000262 -0.138278
v 0.023827 -0.000128 -0.138407
v 0.024310 -0.000262 -0.138536
v 0.024663 -0.000628 -0.138630
v 0.024793 -0.001128 -0.138665
v 0.022290 -0.001628 -0.150220
v 0.021927 -0.001994 -0.150172
v 0.021432 -0.002128 -0.150106
v 0.020936 -0.001994 -0.150040
v 0.020573 -0.001628 -0.149992
v 0.020441 -0.001128 -0.149974
v 0.020573 -0.000628 -0.149992
v 0.020936 -0.000262 -0.150040
v 0.021432 -0.000128 -0.150106
v 0.021927 -0.000262 -0.150172
v 0.022290 -0.000628 -0.150220
v 0.022423 -0.001128 -0.150238
v 0.021548 -0.001628 -0.162131
v 0.021182 -0.001994 -0.162135
v 0.020683 -0.002128 -0.162141
v 0.020183 -0.001994 -0.162147
v 0.019817 -0.001628 -0.162152
v 0.019683 -0.001128 -0.162153
v 0.019817 -0.000628 -0.162152
v 0.020183 -0.000262 -0.162147
v 0.020683 -0.000128 -0.162141
v 0.021182 -0.000262 -0.162135
v 0.021548 -0.000628 -0.162131
v 0.021682 -0.001128 -0.162129
v 0.022626 -0.001628 -0.174619
v 0.020783 -0.001128 -0.174913
v 0.021771 -0.000128 -0.174755
v 0.022626 -0.000628 -0.174619
v 0.022758 -0.001128 -0.174598
v 0.017292 -0.001628 -0.175249
v 0.017649 -0.001994 -0.175333
v 0.018135 -0.002128 -0.175447
v 0.018135 -0.000128 -0.175447
v 0.017649 -0.000262 -0.175333
v 0.022170 -0.001628 -0.157870
v 0.022517 -0.001994 -0.157985
v 0.022992 -0.002128 -0.158142
v 0.023467 -0.001994 -0.158299
v 0.023814 -0.001628 -0.158414
v 0.023941 -0.001128 -0.158456
v 0.023814 -0.000628 -0.158414
v 0.023467 -0.000262 -0.158299
v 0.022992 -0.000128 -0.158142
v 0.022517 -0.000262 -0.157985
v 0.022170 -0.000628 -0.157870
v 0.022043 -0.001128 -0.157828
v 0.028507 -0.001628 -0.141282
v 0.028842 -0.001994 -0.141430
v 0.029299 -0.002128 -0.141633
v 0.029756 -0.001994 -0.141835
v 0.030091 -0.001628 -0.141983
v 0.030214 -0.001128 -0.142037
v 0.030091 -0.000628 -0.141983
v 0.029756 -0.000262 -0.141835
v 0.029299 -0.000128 -0.141633
v 0.028842 -0.000262 -0.141430
v 0.028507 -0.000628 -0.141282
v 0.028385 -0.001128 -0.141228
v 0.036328 -0.001628 -0.125808
v 0.036644 -0.001994 -0.125992
v 0.037077 -0.002128 -0.126244
v 0.037509 -0.001994 -0.126496
v 0.037825 -0.001628 -0.126680
v 0.037941 -0.001128 -0.126747
v 0.037825 -0.000628 -0.126680
v 0.037509 -0.000262 -0.126496
v 0.037077 -0.000128 -0.126244
v 0.036644 -0.000262 -0.125992
v 0.036328 -0.000628 -0.125808
v 0.036212 -0.001128 -0.125741
v 0.045657 -0.001628 -0.111773
v 0.045948 -0.001994 -0.111996
v 0.046344 -0.002128 -0.112301
v 0.046740 -0.001994 -0.112606
v 0.047030 -0.001628 -0.112829
v 0.047137 -0.001128 -0.112911
v 0.047030 -0.000628 -0.112829
v 0.046740 -0.000262 -0.112606
v 0.046344 -0.000128 -0.112301
v 0.045948 -0.000262 -0.111996
v 0.045657 -0.000628 -0.111773
v 0.045551 -0.001128 -0.111692
v 0.056521 -0.001628 -0.099505
v 0.056775 -0.001994 -0.099769
v 0.057121 -0.002128 -0.100129
v 0.057468 -0.001994 -0.100489
v 0.057722 -0.001628 -0.100753
v 0.057815 -0.001128 -0.100850
v 0.057722 -0.000628 -0.100753
v 0.057468 -0.000262 -0.100489
v 0.057121 -0.000128 -0.100129
v 0.056775 -0.000262 -0.099769
v 0.056521 -0.000628 -0.099505
v 0.056428 -0.001128 -0.099408
v 0.068942 -0.001628 -0.089335
v 0.069148 -0.001994 -0.089639
v 0.069428 -0.002128 -0.090052
v 0.069709 -0.001994 -0.090466
v 0.069914 -0.001628 -0.090769
v 0.069989 -0.001128 -0.090880
v 0.069914 -0.000628 -0.090769
v 0.069709 -0.000262 -0.090466
v 0.069428 -0.000128 -0.090052
v 0.069148 -0.000262 -0.089639
v 0.068942 -0.000628 -0.089335
v 0.068867 -0.001128 -0.089225
v 0.082942 -0.001628 -0.081601
v 0.083087 -0.001994 -0.081937
v 0.083284 -0.002128 -0.082396
v 0.083482 -0.001994 -0.082856
v 0.083627 -0.001628 -0.083192
v 0.083680 -0.001128 -0.083315
v 0.083627 -0.000628 -0.083192
v 0.083482 -0.000262 -0.082856
v 0.083284 -0.000128 -0.082396
v 0.083087 -0.000262 -0.081937
v 0.082942 -0.000628 -0.081601
v 0.082889 -0.001128 -0.081478
v 0.098531 -0.001628 -0.076639
v 0.098607 -0.001994 -0.076997
v 0.098710 -0.002128 -0.077486
v 0.098813 -0.001994 -0.077975
v 0.098889 -0.001628 -0.078333
v 0.098916 -0.001128 -0.078464
v 0.098889 -0.000628 -0.078333
v 0.098813 -0.000262 -0.077975
v 0.098710 -0.000128 -0.077486
v 0.098607 -0.000262 -0.076997
v 0.098531 -0.000628 -0.076639
v 0.098503 -0.001128 -0.076508
v 0.115714 -0.001628 -0.074780
v 0.115718 -0.001994 -0.075146
v 0.115724 -0.002128 -0.075646
v 0.115730 -0.001994 -0.076146
v 0.115735 -0.001628 -0.076512
v 0.115736 -0.001128 -0.076646
v 0.115735 -0.000628 -0.076512
v 0.115730 -0.000262 -0.076146
v 0.115724 -0.000128 -0.075646
v 0.115718 -0.000262 -0.075146
v 0.115714 -0.000628 -0.074780
v 0.115712 -0.001128 -0.074646
v 0.134493 -0.001628 -0.076348
v 0.134432 -0.001994 -0.076708
v 0.134347 -0.002128 -0.077201
v 0.134263 -0.001994 -0.077694
v 0.134202 -0.001628 -0.078055
v 0.134179 -0.001128 -0.078187
v 0.134202 -0.000628 -0.078055
v 0.134263 -0.000262 -0.077694
v 0.134347 -0.000128 -0.077201
v 0.134432 -0.000262 -0.076708
v 0.134493 -0.000628 -0.076348
v 0.134516 -0.001128 -0.076216
v 0.154879 -0.001628 -0.081657
v 0.154761 -0.001994 -0.082004
v 0.154599 -0.002128 -0.082477
v 0.154438 -0.001994 -0.082950
v 0.154320 -0.001628 -0.083297
v 0.154277 -0.001128 -0.083424
v 0.154320 -0.000628 -0.083297
v 0.154438 -0.000262 -0.082950
v 0.154599 -0.000128 -0.082477
v 0.154761 -0.000262 -0.082004
v 0.154879 -0.000628 -0.081657
v 0.154922 -0.001128 -0.081531
v 0.176724 -0.001994 -0.091352
v 0.176499 -0.002128 -0.091798
v 0.176049 -0.001128 -0.092691
v 0.176110 -0.000628 -0.092571
v 0.176499 -0.000128 -0.091798
v 0.176724 -0.000262 -0.091352
v -0.047304 -0.003676 0.202157
v -0.021660 0.000871 0.187714
v -0.019249 -0.003762 0.166648
v -0.030465 -0.003762 0.160598
v -0.035306 -0.003762 0.150610
v -0.054505 0.000871 0.154908
v -0.074235 -0.003676 0.175258
v -0.074880 0.000871 0.204075
v -0.047304 0.006432 0.202157
v -0.021660 0.011150 0.187714
v -0.019249 0.006517 0.166648
v -0.030465 0.006517 0.160598
v -0.035306 0.006517 0.150610
v -0.054505 0.011150 0.154908
v -0.074235 0.006432 0.175258
v -0.074880 0.011150 0.204075
v -0.036395 -0.003762 0.167842
v -0.036344 0.006517 0.167612
v 0.014072 -0.003676 0.126639
v -0.008639 0.000871 0.145357
v -0.007315 -0.003762 0.166520
v 0.004788 -0.003762 0.170508
v 0.011308 -0.003762 0.179491
v 0.029453 0.000871 0.171890
v 0.045306 -0.003676 0.148395
v 0.040883 0.000871 0.119911
v 0.014072 0.006432 0.126639
v -0.008639 0.011150 0.145357
v -0.007315 0.006517 0.166520
v 0.004788 0.006517 0.170508
v 0.011308 0.006517 0.179491
v 0.029453 0.011150 0.171890
v 0.045306 0.006432 0.148395
v 0.040883 0.011150 0.119911
v 0.009354 -0.003762 0.162336
v 0.009344 0.006517 0.162571
v -0.126345 -0.003676 0.123639
v -0.107322 0.000871 0.146095
v -0.086178 -0.003762 0.144485
v -0.082354 -0.003762 0.132330
v -0.073460 -0.003762 0.125690
v -0.081305 0.000871 0.107648
v -0.105012 -0.003676 0.092115
v -0.133434 0.000871 0.096921
v -0.126345 0.006432 0.123639
v -0.107322 0.011150 0.146095
v -0.086178 0.006517 0.144485
v -0.082354 0.006517 0.132330
v -0.073460 0.006517 0.125690
v -0.081305 0.011150 0.107648
v -0.105012 0.006432 0.092115
v -0.133434 0.011150 0.096921
v -0.090588 -0.003762 0.127875
v -0.090352 0.006517 0.127880
v 0.293908 -0.003676 0.032862
v 0.321615 0.000871 0.022936
v 0.327533 -0.003762 0.002575
v 0.317494 -0.003762 -0.005274
v 0.314401 -0.003762 -0.015934
v 0.294753 0.000871 -0.014925
v 0.271883 -0.003676 0.001818
v 0.266402 0.000871 0.030117
v 0.293908 0.006432 0.032862
v 0.321615 0.011150 0.022936
v 0.327533 0.006517 0.002575
v 0.317494 0.006517 -0.005274
v 0.314401 0.006517 -0.015934
v 0.294753 0.011150 -0.014925
v 0.271883 0.006432 0.001818
v 0.266402 0.011150 0.030117
v 0.310431 -0.003762 0.000870
v 0.310520 0.006517 0.000652
v 0.326572 -0.003676 -0.125178
v 0.301038 0.000871 -0.110545
v 0.298785 -0.003762 -0.089461
v 0.310045 -0.003762 -0.083495
v 0.314962 -0.003762 -0.073543
v 0.334127 0.000871 -0.077985
v 0.353704 -0.003676 -0.098481
v 0.354133 0.000871 -0.127303
v 0.326572 0.006432 -0.125178
v 0.301038 0.011150 -0.110545
v 0.298785 0.006517 -0.089461
v 0.310045 0.006517 -0.083495
v 0.314962 0.006517 -0.073543
v 0.334127 0.011150 -0.077985
v 0.353704 0.006432 -0.098481
v 0.354133 0.011150 -0.127303
v 0.315920 -0.003762 -0.090783
v 0.315871 0.006517 -0.090553
v 0.188659 -0.003676 -0.151743
v 0.203636 0.000871 -0.126409
v 0.224749 -0.003762 -0.124441
v 0.230562 -0.003762 -0.135780
v 0.240446 -0.003762 -0.140830
v 0.235746 0.000871 -0.159934
v 0.214988 -0.003676 -0.179232
v 0.186163 0.000871 -0.179273
v 0.188659 0.006432 -0.151743
v 0.203636 0.011150 -0.126409
v 0.224749 0.006517 -0.124441
v 0.230562 0.006517 -0.135780
v 0.240446 0.006517 -0.140830
v 0.235746 0.011150 -0.159934
v 0.214988 0.006432 -0.179232
v 0.186163 0.011150 -0.179273
v 0.223195 -0.003762 -0.141556
v 0.223426 0.006517 -0.141511
v 0.361708 -0.003762 -0.163775
v 0.371249 -0.003762 -0.153967
v 0.368053 -0.003762 -0.141986
v 0.377348 0.000871 -0.132348
v 0.390095 -0.003762 -0.136586
v 0.395909 -0.003762 -0.147925
v 0.405793 -0.003762 -0.152976
v 0.409458 0.000871 -0.165874
v 0.399448 -0.003762 -0.174765
v 0.388810 -0.003762 -0.172302
v 0.377405 -0.003762 -0.180165
v 0.364369 0.000871 -0.176919
v 0.361708 0.006517 -0.163775
v 0.371249 0.006517 -0.153967
v 0.368053 0.006517 -0.141986
v 0.377348 0.011150 -0.132348
v 0.390095 0.006517 -0.136586
v 0.395909 0.006517 -0.147925
v 0.405793 0.006517 -0.152976
v 0.409458 0.011150 -0.165874
v 0.399448 0.006517 -0.174765
v 0.388810 0.006517 -0.172302
v 0.377405 0.006517 -0.180165
v 0.364369 0.011150 -0.176919
v 0.383489 -0.003762 -0.159645
v 0.383720 0.006517 -0.159599
v 0.336418 -0.003762 -0.001619
v 0.350093 -0.003762 -0.001135
v 0.356072 -0.003762 0.009728
v 0.369451 0.000871 0.010259
v 0.375726 -0.003762 -0.001619
v 0.372081 -0.003762 -0.013829
v 0.375726 -0.003762 -0.024313
v 0.369451 0.000871 -0.036163
v 0.356072 -0.003762 -0.035661
v 0.350093 -0.003762 -0.026524
v 0.336418 -0.003762 -0.024313
v 0.329248 0.000871 -0.012952
v 0.336418 0.006517 -0.001619
v 0.350093 0.006517 -0.001135
v 0.356072 0.006517 0.009728
v 0.369451 0.011150 0.010259
v 0.375726 0.006517 -0.001619
v 0.372081 0.006517 -0.013829
v 0.375726 0.006517 -0.024313
v 0.369451 0.011150 -0.036163
v 0.356072 0.006517 -0.035661
v 0.350093 0.006517 -0.026524
v 0.336418 0.006517 -0.024313
v 0.329248 0.011150 -0.012952
v 0.355005 -0.003762 -0.013702
v 0.355204 0.006517 -0.013829
v 0.233992 -0.003762 -0.099517
v 0.243534 -0.003762 -0.089708
v 0.240337 -0.003762 -0.077728
v 0.249633 0.000871 -0.068090
v 0.262380 -0.003762 -0.072328
v 0.268193 -0.003762 -0.083667
v 0.278078 -0.003762 -0.088718
v 0.281742 0.000871 -0.101616
v 0.271733 -0.003762 -0.110507
v 0.261095 -0.003762 -0.108044
v 0.249690 -0.003762 -0.115907
v 0.236654 0.000871 -0.112661
v 0.233992 0.006517 -0.099517
v 0.243534 0.006517 -0.089708
v 0.240337 0.006517 -0.077728
v 0.249633 0.011150 -0.068090
v 0.262380 0.006517 -0.072328
v 0.268193 0.006517 -0.083667
v 0.278078 0.006517 -0.088718
v 0.281742 0.011150 -0.101616
v 0.271733 0.006517 -0.110507
v 0.261095 0.006517 -0.108044
v 0.249690 0.006517 -0.115907
v 0.236654 0.011150 -0.112661
v 0.255774 -0.003762 -0.095387
v 0.256005 0.006517 -0.095341
v 0.001964 -0.003762 -0.161015
v 0.015362 -0.003762 -0.163795
v 0.023751 -0.003762 -0.154664
v 0.036873 0.000871 -0.157328
v 0.040145 -0.003762 -0.170357
v 0.033703 -0.003762 -0.181351
v 0.034751 -0.003762 -0.192402
v 0.025840 0.000871 -0.202421
v 0.012963 -0.003762 -0.198752
v 0.009327 -0.003762 -0.188456
v -0.003431 -0.003762 -0.183059
v -0.007694 0.000871 -0.170319
v 0.001964 0.006517 -0.161015
v 0.015362 0.006517 -0.163795
v 0.023751 0.006517 -0.154664
v 0.036873 0.011150 -0.157328
v 0.040145 0.006517 -0.170357
v 0.033703 0.006517 -0.181351
v 0.034751 0.006517 -0.192402
v 0.025840 0.011150 -0.202421
v 0.012963 0.006517 -0.198752
v 0.009327 0.006517 -0.188456
v -0.003431 0.006517 -0.183059
v -0.007694 0.011150 -0.170319
v 0.017146 -0.003762 -0.177170
v 0.017309 0.006517 -0.177340
v 0.125162 -0.003762 -0.052589
v 0.132915 -0.003762 -0.063864
v 0.145290 -0.003762 -0.063073
v 0.152172 0.000871 -0.082604
v 0.146275 -0.003762 -0.085746
v 0.134017 -0.003762 -0.089229
v 0.131591 -0.003762 -0.095363
v 0.128560 0.000871 -0.103070
v 0.107003 -0.003762 -0.087451
v 0.111499 -0.003762 -0.077500
v 0.106019 -0.003762 -0.064778
v 0.111752 0.000871 -0.052628
v 0.125162 0.006517 -0.052589
v 0.132915 0.006517 -0.063864
v 0.145290 0.006517 -0.063073
v 0.152172 0.011150 -0.082604
v 0.146275 0.006517 -0.085746
v 0.134017 0.006517 -0.089229
v 0.131591 0.006517 -0.095363
v 0.128560 0.011150 -0.103070
v 0.107003 0.006517 -0.087451
v 0.111499 0.006517 -0.077500
v 0.106019 0.006517 -0.064778
v 0.111752 0.011150 -0.052628
v 0.124953 -0.003762 -0.074757
v 0.124953 0.006517 -0.074993
v -0.012429 -0.003762 -0.018771
v -0.003870 -0.003762 -0.022525
v 0.009358 -0.003762 -0.012421
v 0.022481 0.000871 -0.015085
v 0.025752 -0.003762 -0.028114
v 0.026859 -0.003762 -0.041347
v 0.020358 -0.003762 -0.050159
v 0.011446 0.000871 -0.060177
v -0.001429 -0.003762 -0.056509
v -0.008470 -0.003762 -0.042457
v -0.017823 -0.003762 -0.040816
v -0.022087 0.000871 -0.028076
v -0.012429 0.006517 -0.018771
v -0.003870 0.006517 -0.022525
v 0.009358 0.006517 -0.012421
v 0.022481 0.011150 -0.015085
v 0.025752 0.006517 -0.028114
v 0.026859 0.006517 -0.041347
v 0.020358 0.006517 -0.050159
v 0.011446 0.011150 -0.060177
v -0.001429 0.006517 -0.056509
v -0.008470 0.006517 -0.042457
v -0.017823 0.006517 -0.040816
v -0.022087 0.011150 -0.028076
v 0.002753 -0.003762 -0.034927
v 0.002916 0.006517 -0.035097
v 0.237884 -0.003762 0.009565
v 0.227963 -0.003762 0.018989
v 0.216022 -0.003762 0.015651
v 0.206274 0.000871 0.024831
v 0.210360 -0.003762 0.037628
v 0.221629 -0.003762 0.043576
v 0.226563 -0.003762 0.053519
v 0.239416 0.000871 0.057337
v 0.248425 -0.003762 0.047433
v 0.246089 -0.003762 0.036767
v 0.254087 -0.003762 0.025456
v 0.250996 0.000871 0.012382
v 0.237884 0.006517 0.009565
v 0.227963 0.006517 0.018989
v 0.216021 0.006517 0.015651
v 0.206274 0.011150 0.024831
v 0.210360 0.006517 0.037628
v 0.221629 0.006517 0.043576
v 0.226563 0.006517 0.053519
v 0.239416 0.011150 0.057337
v 0.248425 0.006517 0.047433
v 0.246089 0.006517 0.036767
v 0.254087 0.006517 0.025456
v 0.250996 0.011150 0.012382
v 0.233496 -0.003762 0.031296
v 0.233447 0.006517 0.031526
v 0.090386 -0.003762 0.015635
v 0.101937 -0.003762 0.020143
v 0.112548 0.000871 0.011977
v 0.109754 -0.003762 -0.001163
v 0.099132 -0.003762 -0.008200
v 0.095212 -0.003762 -0.018585
v 0.082801 0.000871 -0.023661
v 0.072851 -0.003762 -0.014702
v 0.074116 -0.003762 -0.003856
v 0.090386 0.006517 0.015635
v 0.101937 0.006517 0.020143
v 0.112548 0.011150 0.011977
v 0.109754 0.006517 -0.001163
v 0.099132 0.006517 -0.008200
v 0.095212 0.006517 -0.018585
v 0.082801 0.011150 -0.023661
v 0.072851 0.006517 -0.014702
v 0.074116 0.006517 -0.003856
v 0.086104 -0.003762 0.002839
v 0.086175 0.006517 0.002614
v 0.175147 -0.003762 -0.118905
v 0.165226 -0.003762 -0.109480
v 0.153285 -0.003762 -0.112819
v 0.143537 0.000871 -0.103638
v 0.147623 -0.003762 -0.090841
v 0.158892 -0.003762 -0.084894
v 0.163826 -0.003762 -0.074950
v 0.176679 0.000871 -0.071133
v 0.185688 -0.003762 -0.081036
v 0.183352 -0.003762 -0.091702
v 0.191350 -0.003762 -0.103013
v 0.188259 0.000871 -0.116087
v 0.175147 0.006517 -0.118905
v 0.165226 0.006517 -0.109480
v 0.153285 0.006517 -0.112819
v 0.143537 0.011150 -0.103638
v 0.147623 0.006517 -0.090841
v 0.158892 0.006517 -0.084894
v 0.163826 0.006517 -0.074950
v 0.176679 0.011150 -0.071133
v 0.185688 0.006517 -0.081036
v 0.183352 0.006517 -0.091702
v 0.191350 0.006517 -0.103013
v 0.188259 0.011150 -0.116087
v 0.170759 -0.003762 -0.097173
v 0.170710 0.006517 -0.096943
v 0.030859 -0.003762 -0.131250
v 0.031606 -0.003762 -0.124403
v 0.018082 -0.003762 -0.112495
v 0.016558 0.000871 -0.099192
v 0.027936 -0.003762 -0.092052
v 0.040383 -0.003762 -0.094778
v 0.050568 -0.003762 -0.090365
v 0.062852 0.000871 -0.095741
v 0.063345 -0.003762 -0.109120
v 0.066960 -0.003762 -0.119632
v 0.053490 -0.003762 -0.129564
v 0.042694 0.000871 -0.137558
v 0.030859 0.006517 -0.131250
v 0.031606 0.006517 -0.124403
v 0.018082 0.006517 -0.112495
v 0.016558 0.011150 -0.099192
v 0.027936 0.006517 -0.092052
v 0.040383 0.006517 -0.094778
v 0.050568 0.006517 -0.090365
v 0.062852 0.011150 -0.095741
v 0.063345 0.006517 -0.109120
v 0.066960 0.006517 -0.119632
v 0.053490 0.006517 -0.129564
v 0.042694 0.011150 -0.137558
v 0.041527 -0.003762 -0.111817
v 0.041638 0.006517 -0.111609
v -0.110350 -0.003762 -0.047620
v -0.102025 -0.003762 -0.036760
v -0.106604 -0.003762 -0.025237
v -0.098504 0.000871 -0.014576
v -0.085347 -0.003762 -0.017289
v -0.078244 -0.003762 -0.027868
v -0.067836 -0.003762 -0.031724
v -0.062684 0.000871 -0.044104
v -0.071581 -0.003762 -0.054108
v -0.082435 -0.003762 -0.052910
v -0.092839 -0.003762 -0.062055
v -0.106166 0.000871 -0.060361
v -0.110350 0.006517 -0.047620
v -0.102025 0.006517 -0.036760
v -0.106604 0.006517 -0.025237
v -0.098504 0.011150 -0.014576
v -0.085347 0.006517 -0.017289
v -0.078244 0.006517 -0.027868
v -0.067836 0.006517 -0.031724
v -0.062684 0.011150 -0.044104
v -0.071581 0.006517 -0.054108
v -0.082435 0.006517 -0.052910
v -0.092839 0.006517 -0.062055
v -0.106166 0.011150 -0.060361
v -0.089204 -0.003762 -0.040964
v -0.088980 0.006517 -0.040891
v -0.099962 -0.003762 -0.188925
v -0.101461 -0.000599 -0.175323
v -0.112739 -0.003762 -0.170170
v -0.114263 0.000871 -0.156866
v -0.102884 -0.003762 -0.149726
v -0.090437 -0.003762 -0.152453
v -0.080252 -0.003762 -0.148039
v -0.067969 0.000871 -0.153415
v -0.067475 -0.003762 -0.166794
v -0.062221 -0.004687 -0.172985
v -0.077330 -0.003762 -0.187238
v -0.088127 0.000871 -0.195232
v -0.099962 0.006517 -0.188925
v -0.101461 0.009680 -0.175323
v -0.112739 0.006517 -0.170170
v -0.114263 0.011150 -0.156866
v -0.102884 0.006517 -0.149726
v -0.090437 0.004031 -0.152453
v -0.080252 0.006517 -0.148038
v -0.067969 0.011150 -0.153415
v -0.067475 0.006517 -0.166794
v -0.062221 0.005592 -0.172985
v -0.077330 0.006517 -0.187238
v -0.088127 0.011150 -0.195232
v -0.089294 -0.003762 -0.169491
v -0.089182 0.004031 -0.169283
v -0.204316 -0.003762 0.040357
v -0.206533 -0.003762 0.032306
v -0.203343 -0.003762 0.017683
v -0.209058 0.000871 0.005575
v -0.212316 -0.003330 0.005504
v -0.231633 -0.003762 0.014381
v -0.232721 -0.003762 0.039747
v -0.224438 -0.003762 0.050851
v -0.211050 0.000871 0.051954
v -0.204316 0.006517 0.040357
v -0.206533 0.006517 0.032306
v -0.203343 0.006517 0.017683
v -0.209058 0.011150 0.005575
v -0.212316 0.006949 0.005504
v -0.231633 0.006517 0.014381
v -0.232721 0.006517 0.039747
v -0.224438 0.006517 0.050851
v -0.211050 0.011150 0.051954
v -0.223624 -0.003762 0.029464
v -0.223828 0.006517 0.029346
v -0.128388 -0.003762 -0.105139
v -0.141186 -0.003762 -0.109981
v -0.143368 -0.003762 -0.122187
v -0.155871 0.000871 -0.126978
v -0.165622 -0.003762 -0.117738
v -0.166083 -0.003762 -0.105004
v -0.172896 -0.003762 -0.096241
v -0.170750 0.000871 -0.083005
v -0.157916 -0.003762 -0.079192
v -0.149324 -0.003762 -0.085931
v -0.135662 -0.003762 -0.083642
v -0.125228 0.000871 -0.092106
v -0.128388 0.006517 -0.105139
v -0.141186 0.006517 -0.109981
v -0.143368 0.006517 -0.122187
v -0.155871 0.011150 -0.126978
v -0.165622 0.006517 -0.117738
v -0.166083 0.006517 -0.105004
v -0.172896 0.006517 -0.096241
v -0.170750 0.011150 -0.083005
v -0.157916 0.006517 -0.079192
v -0.149324 0.006517 -0.085931
v -0.135662 0.006517 -0.083642
v -0.125228 0.011150 -0.092106
v -0.149867 -0.003762 -0.099651
v -0.150096 0.006517 -0.099594
v -0.062742 -0.003762 0.020423
v -0.068637 -0.003762 0.008073
v -0.061769 -0.003762 -0.002251
v -0.067486 0.000871 -0.014360
v -0.080919 -0.003762 -0.014431
v -0.090059 -0.003762 -0.005553
v -0.101042 -0.003762 -0.003937
v -0.108646 0.000871 0.007107
v -0.096860 -0.003762 0.015269
v -0.101176 -0.003762 0.032301
v -0.082865 -0.003762 0.030917
v -0.069477 0.000871 0.032020
v -0.062742 0.006517 0.020423
v -0.068637 0.006517 0.008073
v -0.061769 0.006517 -0.002251
v -0.067486 0.011150 -0.014360
v -0.080919 0.006517 -0.014431
v -0.090059 0.006517 -0.005553
v -0.101042 0.006517 -0.003937
v -0.108646 0.011150 0.007107
v -0.096860 0.006517 0.015269
v -0.101176 0.006517 0.032301
v -0.082865 0.006517 0.030917
v -0.069477 0.011150 0.032020
v -0.082052 -0.003762 0.009529
v -0.082256 0.012514 0.009412
v -0.272507 -0.003676 -0.062124
v -0.301788 0.000871 -0.065093
v -0.315895 -0.003762 -0.049264
v -0.310214 -0.003762 -0.037858
v -0.312011 -0.003762 -0.026904
v -0.293843 0.000871 -0.019356
v -0.265993 -0.003676 -0.024622
v -0.248862 0.000871 -0.047804
v -0.272507 0.006432 -0.062124
v -0.301788 0.011150 -0.065093
v -0.315895 0.006517 -0.049264
v -0.310214 0.006517 -0.037858
v -0.312011 0.006517 -0.026905
v -0.293843 0.011150 -0.019356
v -0.265993 0.006432 -0.024622
v -0.248862 0.011150 -0.047804
v -0.301193 -0.003762 -0.040362
v -0.301368 0.006517 -0.040204
v -0.370029 -0.003676 0.066457
v -0.340683 0.000871 0.064242
v -0.329572 -0.003762 0.046182
v -0.337167 -0.003762 0.035950
v -0.337320 -0.003762 0.024851
v -0.356530 0.000871 0.020609
v -0.383024 -0.003676 0.030679
v -0.395820 0.000871 0.056509
v -0.370029 0.006432 0.066457
v -0.340683 0.011150 0.064242
v -0.329572 0.006517 0.046182
v -0.337167 0.006517 0.035950
v -0.337320 0.006517 0.024851
v -0.356530 0.011150 0.020609
v -0.383024 0.006432 0.030679
v -0.395820 0.011150 0.056509
v -0.345607 -0.003762 0.039998
v -0.345464 0.006517 0.039812
v -0.256989 -0.003676 0.149809
v -0.259600 0.000871 0.120495
v -0.277809 -0.003762 0.109629
v -0.287937 -0.003762 0.117361
v -0.299033 -0.003762 0.117664
v -0.303015 0.000871 0.136930
v -0.292588 -0.003676 0.163285
v -0.266589 0.000871 0.175732
v -0.256989 0.006432 0.149809
v -0.259600 0.011150 0.120495
v -0.277809 0.006517 0.109629
v -0.287937 0.006517 0.117361
v -0.299033 0.006517 0.117664
v -0.303015 0.011150 0.136930
v -0.292588 0.006432 0.163285
v -0.266589 0.011150 0.175732
v -0.283775 -0.003762 0.125746
v -0.283964 0.006517 0.125606
v -0.418360 -0.003762 0.086167
v -0.422749 -0.003762 0.073205
v -0.414706 -0.003762 0.063769
v -0.418946 0.000871 0.051068
v -0.432276 -0.003762 0.049405
v -0.442406 -0.003762 0.057136
v -0.453501 -0.003762 0.057440
v -0.462362 0.000871 0.067503
v -0.457155 -0.003762 0.079838
v -0.446493 -0.003762 0.082195
v -0.439585 -0.003762 0.094202
v -0.426421 0.000871 0.096884
v -0.418360 0.006517 0.086167
v -0.422749 0.006517 0.073205
v -0.414706 0.006517 0.063769
v -0.418946 0.011150 0.051068
v -0.432276 0.006517 0.049405
v -0.442406 0.006517 0.057136
v -0.453501 0.006517 0.057440
v -0.462362 0.011150 0.067503
v -0.457155 0.006517 0.079838
v -0.446493 0.006517 0.082195
v -0.439585 0.006517 0.094202
v -0.426421 0.011150 0.096884
v -0.436241 -0.003762 0.073062
v -0.436430 0.006517 0.072921
v -0.325721 -0.003762 -0.049304
v -0.337856 -0.003762 -0.055628
v -0.338575 -0.003762 -0.068007
v -0.350422 0.000871 -0.074246
v -0.361200 -0.003762 -0.066227
v -0.363167 -0.003762 -0.053637
v -0.370970 -0.003762 -0.045744
v -0.370408 0.000871 -0.032347
v -0.358117 -0.003762 -0.027040
v -0.348786 -0.003762 -0.032712
v -0.335492 -0.003762 -0.028820
v -0.324129 0.000871 -0.035988
v -0.325721 0.006517 -0.049304
v -0.337856 0.006517 -0.055628
v -0.338575 0.006517 -0.068007
v -0.350422 0.011150 -0.074246
v -0.361200 0.006517 -0.066227
v -0.363167 0.006517 -0.053637
v -0.370970 0.006517 -0.045744
v -0.370408 0.011150 -0.032347
v -0.358117 0.006517 -0.027040
v -0.348786 0.006517 -0.032712
v -0.335492 0.006517 -0.028821
v -0.324129 0.011150 -0.035988
v -0.347700 -0.003762 -0.046400
v -0.347934 0.006517 -0.046371
v -0.275422 -0.003762 0.083154
v -0.279811 -0.003762 0.070193
v -0.271768 -0.003762 0.060756
v -0.276009 0.000871 0.048055
v -0.289339 -0.003762 0.046392
v -0.299467 -0.003762 0.054124
v -0.310564 -0.003762 0.054427
v -0.319424 0.000871 0.064491
v -0.314218 -0.003762 0.076825
v -0.303556 -0.003762 0.079182
v -0.296647 -0.003762 0.091189
v -0.283484 0.000871 0.093872
v -0.275422 0.006517 0.083154
v -0.279811 0.006517 0.070193
v -0.271768 0.006517 0.060756
v -0.276009 0.011150 0.048055
v -0.289339 0.006517 0.046392
v -0.299467 0.006517 0.054124
v -0.310564 0.006517 0.054427
v -0.319424 0.011150 0.064491
v -0.314218 0.006517 0.076825
v -0.303556 0.006517 0.079182
v -0.296647 0.006517 0.091189
v -0.283484 0.011150 0.093872
v -0.293304 -0.003762 0.070049
v -0.293492 0.006517 0.069908
v -0.231971 -0.003762 -0.016977
v -0.218959 -0.003762 -0.021211
v -0.209618 -0.003762 -0.013057
v -0.196868 0.000871 -0.017146
v -0.195047 -0.003762 -0.030455
v -0.202657 -0.003762 -0.040676
v -0.202829 -0.003762 -0.051774
v -0.212787 0.000871 -0.060754
v -0.225182 -0.003762 -0.055694
v -0.227666 -0.003762 -0.045061
v -0.239754 -0.003762 -0.038295
v -0.242593 0.000871 -0.025164
v -0.231971 0.006517 -0.016977
v -0.218959 0.006517 -0.021211
v -0.209618 0.006517 -0.013057
v -0.196868 0.011150 -0.017146
v -0.195047 0.006517 -0.030455
v -0.202657 0.006517 -0.040676
v -0.202829 0.006517 -0.051774
v -0.212787 0.011150 -0.060754
v -0.225182 0.006517 -0.055694
v -0.227666 0.006517 -0.045061
v -0.239754 0.006517 -0.038295
v -0.242593 0.011150 -0.025164
v -0.218655 -0.003762 -0.034701
v -0.218512 0.006517 -0.034888
v -0.159790 -0.003762 0.081552
v -0.153322 -0.003762 0.069494
v -0.140936 -0.003762 0.068921
v -0.134556 0.000871 0.057149
v -0.142447 -0.003762 0.046277
v -0.155012 -0.003762 0.044161
v -0.162812 -0.003762 0.036264
v -0.176215 0.000871 0.036667
v -0.181668 -0.003762 0.048895
v -0.176106 -0.003762 0.058292
v -0.180156 -0.003762 0.071539
v -0.173124 0.000871 0.082986
v -0.159790 0.006517 0.081552
v -0.153322 0.006517 0.069494
v -0.140936 0.006517 0.068921
v -0.134556 0.011150 0.057149
v -0.142447 0.006517 0.046277
v -0.155012 0.006517 0.044161
v -0.162812 0.006517 0.036264
v -0.176215 0.011150 0.036667
v -0.181668 0.006517 0.048895
v -0.176106 0.006517 0.058292
v -0.180156 0.006517 0.071539
v -0.173124 0.011150 0.082986
v -0.162432 -0.003762 0.059541
v -0.162459 0.006517 0.059307
v -0.230657 -0.003762 0.125987
v -0.217644 -0.003762 0.121752
v -0.208304 -0.003762 0.129907
v -0.195553 0.000871 0.125817
v -0.193732 -0.003762 0.112508
v -0.201343 -0.003762 0.102288
v -0.201514 -0.003762 0.091189
v -0.211472 0.000871 0.082210
v -0.223867 -0.003762 0.087269
v -0.226350 -0.003762 0.097903
v -0.238439 -0.003762 0.104668
v -0.241278 0.000871 0.117799
v -0.230657 0.006517 0.125987
v -0.217644 0.006517 0.121752
v -0.208304 0.006517 0.129907
v -0.195553 0.011150 0.125817
v -0.193732 0.006517 0.112508
v -0.201343 0.006517 0.102288
v -0.201514 0.006517 0.091189
v -0.211472 0.011150 0.082210
v -0.223867 0.006517 0.087269
v -0.226350 0.006517 0.097903
v -0.238439 0.006517 0.104668
v -0.241278 0.011150 0.117799
v -0.217340 -0.003762 0.108262
v -0.217197 0.006517 0.108075
v 0.081828 -0.003762 0.121298
v 0.091231 -0.003762 0.111357
v 0.103334 -0.003762 0.114051
v 0.112577 0.000871 0.104363
v 0.107812 -0.003762 0.091804
v 0.096241 -0.003762 0.086466
v 0.090783 -0.003762 0.076801
v 0.077743 0.000871 0.073676
v 0.069277 -0.003762 0.084048
v 0.072180 -0.003762 0.094574
v 0.064799 -0.003762 0.106296
v 0.068585 0.000871 0.119186
v 0.081828 0.006517 0.121297
v 0.091231 0.006517 0.111356
v 0.103334 0.006517 0.114051
v 0.112577 0.011150 0.104363
v 0.107812 0.006517 0.091804
v 0.096241 0.006517 0.086466
v 0.090783 0.006517 0.076801
v 0.077743 0.011150 0.073676
v 0.069277 0.006517 0.084048
v 0.072180 0.006517 0.094574
v 0.064799 0.006517 0.106296
v 0.068585 0.011150 0.119186
v 0.085048 -0.003762 0.099363
v 0.085084 0.006517 0.099131
v 0.007755 -0.003762 0.049568
v -0.000913 -0.003762 0.060156
v -0.013178 -0.003762 0.058335
v -0.021703 0.000871 0.068660
v -0.016052 -0.003762 0.080847
v -0.004128 -0.003762 0.085341
v 0.002007 -0.003762 0.094591
v 0.015237 0.000871 0.096774
v 0.022940 -0.003762 0.085824
v 0.019291 -0.003762 0.075533
v 0.025813 -0.003762 0.063312
v 0.021115 0.000871 0.050726
v 0.007755 0.006517 0.049568
v -0.000913 0.006517 0.060156
v -0.013178 0.006517 0.058335
v -0.021703 0.011150 0.068660
v -0.016052 0.006517 0.080847
v -0.004128 0.006517 0.085341
v 0.002007 0.006517 0.094591
v 0.015237 0.011150 0.096774
v 0.022940 0.006517 0.085824
v 0.019291 0.006517 0.075533
v 0.025813 0.006517 0.063312
v 0.021115 0.011150 0.050726
v 0.006113 -0.003762 0.071676
v 0.006093 0.006517 0.071911
v 0.147689 -0.003762 0.027353
v 0.134105 -0.003762 0.029005
v 0.126508 -0.003762 0.019206
v 0.113208 0.000871 0.020766
v 0.108861 -0.003762 0.033476
v 0.114363 -0.003762 0.044969
v 0.112396 -0.003762 0.055894
v 0.120440 0.000871 0.066621
v 0.133577 -0.003762 0.064041
v 0.138060 -0.003762 0.054084
v 0.151224 -0.003762 0.049771
v 0.156536 0.000871 0.037432
v 0.147689 0.006517 0.027353
v 0.134105 0.006517 0.029005
v 0.126508 0.006517 0.019206
v 0.113208 0.011150 0.020766
v 0.108861 0.006517 0.033476
v 0.114363 0.006517 0.044969
v 0.112396 0.006517 0.055894
v 0.120440 0.011150 0.066621
v 0.133577 0.006517 0.064041
v 0.138060 0.006517 0.054084
v 0.151224 0.006517 0.049771
v 0.156536 0.011150 0.037432
v 0.131211 -0.003762 0.042185
v 0.131034 0.006517 0.042341
v 0.104327 -0.003676 0.163013
v 0.132643 0.000871 0.171040
v 0.149293 -0.003762 0.157911
v 0.145685 -0.003762 0.145689
v 0.149364 -0.003762 0.135216
v 0.132789 0.000871 0.124618
v 0.104447 -0.003676 0.124950
v 0.083540 0.000871 0.144793
v 0.104327 0.006432 0.163014
v 0.132643 0.011150 0.171040
v 0.149293 0.006517 0.157911
v 0.145685 0.006517 0.145689
v 0.149364 0.006517 0.135216
v 0.132789 0.011150 0.124618
v 0.104447 0.006432 0.124950
v 0.083540 0.011150 0.144793
v 0.136367 -0.003762 0.146583
v 0.136566 0.006517 0.146458
v 0.222762 -0.003676 0.053393
v 0.187835 0.000871 0.040383
v 0.179391 -0.003762 0.066307
v 0.185087 -0.003762 0.077707
v 0.183304 -0.003762 0.088663
v 0.198990 0.000871 0.110585
v 0.229324 -0.003676 0.090887
v 0.246425 0.000871 0.067682
v 0.222762 0.006432 0.053393
v 0.187835 0.011150 0.040383
v 0.179391 0.006517 0.066307
v 0.185087 0.006517 0.077707
v 0.183304 0.006517 0.088663
v 0.198990 0.011150 0.110585
v 0.229324 0.006432 0.090887
v 0.246425 0.011150 0.067682
v 0.194103 -0.003762 0.075191
v 0.193930 0.006517 0.075349
v 0.145920 -0.003676 -0.022996
v 0.150091 0.000871 0.009375
v 0.159421 -0.003762 0.020197
v 0.170741 -0.003762 0.014348
v 0.181720 -0.003762 0.015984
v 0.191571 0.000871 -0.019846
v 0.183323 -0.003676 -0.030063
v 0.171066 0.000871 -0.040438
v 0.145920 0.006432 -0.022996
v 0.150091 0.011150 0.009375
v 0.159421 0.006517 0.020197
v 0.170741 0.006517 0.014348
v 0.181720 0.006517 0.015984
v 0.191571 0.011150 -0.019846
v 0.183323 0.006432 -0.030063
v 0.171066 0.011150 -0.040438
v 0.168103 -0.003762 0.005366
v 0.168265 0.006517 0.005537
v 0.068258 -0.003676 0.083859
v 0.079443 0.000871 0.056636
v 0.068286 -0.003762 0.038605
v 0.055734 -0.003762 0.040803
v 0.045746 -0.003762 0.035961
v 0.033337 0.000871 0.051227
v 0.030453 -0.003676 0.079424
v 0.047798 0.000871 0.102447
v 0.068258 0.006432 0.083859
v 0.079443 0.011150 0.056636
v 0.068286 0.006517 0.038605
v 0.055734 0.006517 0.040803
v 0.045746 0.006517 0.035961
v 0.033337 0.011150 0.051227
v 0.030453 0.006432 0.079424
v 0.047798 0.011150 0.102447
v 0.055566 -0.003762 0.050163
v 0.055464 0.006517 0.049951
v 0.056399 -0.003676 -0.056275
v 0.030865 0.000871 -0.041642
v 0.028612 -0.003762 -0.020558
v 0.039872 -0.003762 -0.014592
v 0.044789 -0.003762 -0.004640
v 0.063954 0.000871 -0.009082
v 0.083531 -0.003676 -0.029578
v 0.083960 0.000871 -0.058400
v 0.056399 0.006432 -0.056275
v 0.030865 0.011150 -0.041642
v 0.028612 0.006517 -0.020558
v 0.039872 0.006517 -0.014592
v 0.044789 0.006517 -0.004640
v 0.063954 0.011150 -0.009082
v 0.083531 0.006432 -0.029578
v 0.083960 0.011150 -0.058400
v 0.045747 -0.003762 -0.021880
v 0.045698 0.006517 -0.021650
v -0.051293 -0.003676 -0.096741
v -0.036316 0.000871 -0.071407
v -0.015203 -0.003762 -0.069439
v -0.009390 -0.003762 -0.080778
v 0.000494 -0.003762 -0.085828
v -0.004206 0.000871 -0.104932
v -0.024964 -0.003676 -0.124230
v -0.053789 0.000871 -0.124271
v -0.051293 0.006432 -0.096741
v -0.036316 0.011150 -0.071407
v -0.015203 0.006517 -0.069439
v -0.009390 0.006517 -0.080778
v 0.000494 0.006517 -0.085828
v -0.004206 0.011150 -0.104932
v -0.024964 0.006432 -0.124230
v -0.053789 0.011150 -0.124271
v -0.016757 -0.003762 -0.086554
v -0.016526 0.006517 -0.086509
v -0.068100 -0.003676 0.036922
v -0.097462 0.000871 0.034905
v -0.111047 -0.003762 0.051184
v -0.104998 -0.003762 0.062400
v -0.106439 -0.003762 0.073406
v -0.088035 0.000871 0.080360
v -0.060371 -0.003676 0.074192
v -0.044002 0.000871 0.050465
v -0.068100 0.006432 0.036922
v -0.097462 0.011150 0.034905
v -0.111047 0.006517 0.051184
v -0.104998 0.006517 0.062400
v -0.106439 0.006517 0.073406
v -0.088035 0.011150 0.080360
v -0.060371 0.006432 0.074192
v -0.044002 0.011150 0.050466
v -0.096064 -0.003762 0.059604
v -0.096233 0.006517 0.059768
v -0.149858 -0.003676 -0.013892
v -0.120482 0.000871 -0.012114
v -0.107029 -0.003762 -0.028504
v -0.113168 -0.003762 -0.039670
v -0.111818 -0.003762 -0.050688
v -0.130278 0.000871 -0.057491
v -0.157891 -0.003676 -0.051099
v -0.174065 0.000871 -0.027239
v -0.149858 0.006432 -0.013892
v -0.120482 0.011150 -0.012114
v -0.107029 0.006517 -0.028504
v -0.113168 0.006517 -0.039670
v -0.111818 0.006517 -0.050688
v -0.130278 0.011150 -0.057491
v -0.157891 0.006432 -0.051099
v -0.174065 0.011150 -0.027239
v -0.122079 -0.003762 -0.036801
v -0.121912 0.006517 -0.036967
v -0.152753 -0.003676 0.131228
v -0.133444 0.000871 0.109017
v -0.138243 -0.003762 0.088363
v -0.150838 -0.003762 0.086428
v -0.158751 -0.003762 0.078644
v -0.175393 0.000871 0.089136
v -0.187149 -0.003676 0.114926
v -0.178086 0.000871 0.142289
v -0.152753 0.006432 0.131228
v -0.133444 0.011150 0.109017
v -0.138243 0.006517 0.088363
v -0.150838 0.006517 0.086428
v -0.158751 0.006517 0.078644
v -0.175393 0.011150 0.089136
v -0.187149 0.006432 0.114926
v -0.178086 0.011150 0.142289
v -0.153992 -0.003762 0.095242
v -0.154022 0.006517 0.095008
v -0.235522 -0.003676 0.047801
v -0.264884 0.000871 0.045784
v -0.278470 -0.003762 0.062064
v -0.272420 -0.003762 0.073280
v -0.273861 -0.003762 0.084285
v -0.255457 0.000871 0.091239
v -0.227793 -0.003676 0.085072
v -0.211425 0.000871 0.061345
v -0.235522 0.006432 0.047801
v -0.264884 0.011150 0.045784
v -0.278470 0.006517 0.062064
v -0.272420 0.006517 0.073280
v -0.273861 0.006517 0.084285
v -0.255457 0.011150 0.091239
v -0.227793 0.006432 0.085072
v -0.211425 0.011150 0.061345
v -0.263486 -0.003762 0.070483
v -0.263655 0.006517 0.070647
v -0.392227 -0.003676 0.003032
v -0.362851 0.000871 0.004810
v -0.349398 -0.003762 -0.011580
v -0.355538 -0.003762 -0.022747
v -0.354187 -0.003762 -0.033765
v -0.372647 0.000871 -0.040567
v -0.400260 -0.003676 -0.034175
v -0.416434 0.000871 -0.010315
v -0.392227 0.006432 0.003032
v -0.362851 0.011150 0.004810
v -0.349398 0.006517 -0.011580
v -0.355538 0.006517 -0.022747
v -0.354187 0.006517 -0.033765
v -0.372647 0.011150 -0.040567
v -0.400260 0.006432 -0.034175
v -0.416434 0.011150 -0.010315
v -0.364448 -0.003762 -0.019878
v -0.364281 0.006517 -0.020043
v -0.395122 -0.003676 0.148151
v -0.375813 0.000871 0.125941
v -0.380613 -0.003762 0.105287
v -0.393207 -0.003762 0.103351
v -0.401120 -0.003762 0.095568
v -0.417762 0.000871 0.106060
v -0.429518 -0.003676 0.131849
v -0.420455 0.000871 0.159213
v -0.395122 0.006432 0.148151
v -0.375813 0.011150 0.125941
v -0.380613 0.006517 0.105287
v -0.393207 0.006517 0.103351
v -0.401120 0.006517 0.095568
v -0.417762 0.011150 0.106060
v -0.429518 0.006432 0.131849
v -0.420455 0.011150 0.159213
v -0.396361 -0.003762 0.112165
v -0.396392 0.006517 0.111932
vt 0.818182 0.000000
vt 0.636364 0.000000
vt 0.727273 0.000000
vt 0.909091 0.000000
vt 0.545455 0.000000
vt 1.000000 0.000000
vt 0.454545 0.000000
vt 0.000000 0.000000
vt 0.363636 0.000000
vt 0.090909 0.000000
vt 0.272727 0.000000
vt 0.181818 0.000000
vt 0.000000 1.000000
vt 0.083333 1.000000
vt 0.083333 0.916667
vt 0.000000 0.916667
vt 0.000000 0.083333
vt 0.083333 0.083333
vt 0.083333 0.000000
vt 0.000000 0.166667
vt 0.083333 0.166667
vt 0.000000 0.250000
vt 0.083333 0.250000
vt 0.000000 0.333333
vt 0.083333 0.333333
vt 0.000000 0.416667
vt 0.083333 0.416667
vt 0.000000 0.500000
vt 0.083333 0.500000
vt 0.000000 0.583333
vt 0.083333 0.583333
vt 0.000000 0.666667
vt 0.083333 0.666667
vt 0.000000 0.750000
vt 0.083333 0.750000
vt 0.000000 0.833333
vt 0.083333 0.833333
vt 0.166667 1.000000
vt 0.166667 0.916667
vt 0.166667 0.083333
vt 0.166667 0.000000
vt 0.166667 0.166667
vt 0.166667 0.250000
vt 0.166667 0.333333
vt 0.166667 0.416667
vt 0.166667 0.500000
vt 0.166667 0.583333
vt 0.166667 0.666667
vt 0.166667 0.750000
vt 0.166667 0.833333
vt 0.250000 1.000000
vt 0.250000 0.916667
vt 0.250000 0.083333
vt 0.250000 0.000000
vt 0.250000 0.166667
vt 0.250000 0.250000
vt 0.250000 0.333333
vt 0.250000 0.416667
vt 0.250000 0.500000
vt 0.250000 0.583333
vt 0.250000 0.666667
vt 0.250000 0.750000
vt 0.250000 0.833333
vt 0.333333 1.000000
vt 0.333333 0.916667
vt 0.333333 0.083333
vt 0.333333 0.000000
vt 0.333333 0.166667
vt 0.333333 0.250000
vt 0.333333 0.333333
vt 0.333333 0.416667
vt 0.333333 0.500000
vt 0.333333 0.583333
vt 0.333333 0.666667
vt 0.333333 0.750000
vt 0.333333 0.833333
vt 0.416667 1.000000
vt 0.416667 0.916667
vt 0.416667 0.083333
vt 0.416667 0.000000
vt 0.416667 0.166667
vt 0.416667 0.250000
vt 0.416667 0.333333
vt 0.416667 0.416667
vt 0.416667 0.500000
vt 0.416667 0.583333
vt 0.416667 0.666667
vt 0.416667 0.750000
vt 0.416667 0.833333
vt 0.500000 1.000000
vt 0.500000 0.916667
vt 0.500000 0.083333
vt 0.500000 0.000000
vt 0.500000 0.166667
vt 0.500000 0.250000
vt 0.500000 0.333333
vt 0.500000 0.416667
vt 0.500000 0.500000
vt 0.500000 0.583333
vt 0.500000 0.666667
vt 0.500000 0.750000
vt 0.500000 0.833333
vt 0.583333 1.000000
vt 0.583333 0.916667
vt 0.583333 0.083333
vt 0.583333 0.000000
vt 0.583333 0.166667
vt 0.583333 0.250000
vt 0.583333 0.333333
vt 0.583333 0.416667
vt 0.583333 0.500000
vt 0.583333 0.583333
vt 0.583333 0.666667
vt 0.583333 0.750000
vt 0.583333 0.833333
vt 0.666667 1.000000
vt 0.666667 0.916667
vt 0.666667 0.083333
vt 0.666667 0.000000
vt 0.666667 0.166667
vt 0.666667 0.250000
vt 0.666667 0.333333
vt 0.666667 0.416667
vt 0.666667 0.500000
vt 0.666667 0.583333
vt 0.666667 0.666667
vt 0.666667 0.750000
vt 0.666667 0.833333
vt 0.750000 1.000000
vt 0.750000 0.916667
vt 0.750000 0.083333
vt 0.750000 0.000000
vt 0.750000 0.166667
vt 0.750000 0.250000
vt 0.750000 0.333333
vt 0.750000 0.416667
vt 0.750000 0.500000
vt 0.750000 0.583333
vt 0.750000 0.666667
vt 0.750000 0.750000
vt 0.750000 0.833333
vt 0.833333 1.000000
vt 0.833333 0.916667
vt 0.833333 0.083333
vt 0.833333 0.000000
vt 0.833333 0.166667
vt 0.833333 0.250000
vt 0.833333 0.333333
vt 0.833333 0.416667
vt 0.833333 0.500000
vt 0.833333 0.583333
vt 0.833333 0.666667
vt 0.833333 0.750000
vt 0.833333 0.833333
vt 0.916667 1.000000
vt 0.916667 0.916667
vt 0.916667 0.083333
vt 0.916667 0.000000
vt 0.916667 0.166667
vt 0.916667 0.250000
vt 0.916667 0.333333
vt 0.916667 0.416667
vt 0.916667 0.500000
vt 0.916667 0.583333
vt 0.916667 0.666667
vt 0.916667 0.750000
vt 0.916667 0.833333
vt 1.000000 1.000000
vt 1.000000 0.916667
vt 1.000000 0.083333
vt 1.000000 0.166667
vt 1.000000 0.250000
vt 1.000000 0.333333
vt 1.000000 0.416667
vt 1.000000 0.500000
vt 1.000000 0.583333
vt 1.000000 0.666667
vt 1.000000 0.750000
vt 1.000000 0.833333
vt 0.097906 0.314200
vt 0.022816 0.294253
vt 0.119175 0.122613
vt 0.172826 0.141972
vt 0.150279 0.030463
vt 0.181441 0.049126
vt 0.182973 0.005376
vt 0.195249 0.024427
vt 0.211563 0.001864
vt 0.208266 0.021530
vt 0.250846 0.030034
vt 0.236573 0.049900
vt 0.315216 0.069036
vt 0.297055 0.088729
vt 0.363881 0.132787
vt 0.344282 0.153043
vt 0.078382 0.528983
vt 0.001992 0.508659
vt 0.322352 0.639041
vt 0.376826 0.511024
vt 0.436482 0.668936
vt 0.377441 0.723723
vt 0.435242 0.712787
vt 0.480697 0.736713
vt 0.543015 0.666390
vt 0.555424 0.532794
vt 0.474110 0.423024
vt 0.791398 0.331765
vt 0.889874 0.193286
vt 0.910104 0.331061
vt 0.835297 0.398938
vt 0.782214 0.373657
vt 0.732255 0.385389
vt 0.689596 0.301704
vt 0.711328 0.169180
vt 0.817898 0.083473
vt 0.383105 0.314200
vt 0.308015 0.294253
vt 0.404374 0.122613
vt 0.458025 0.141972
vt 0.435478 0.030463
vt 0.466639 0.049126
vt 0.468172 0.005376
vt 0.480448 0.024427
vt 0.496762 0.001864
vt 0.493465 0.021530
vt 0.536045 0.030034
vt 0.521772 0.049900
vt 0.600415 0.069036
vt 0.582253 0.088729
vt 0.649079 0.132787
vt 0.629481 0.153043
vt 0.363581 0.528983
vt 0.287191 0.508659
vt 0.541136 0.685923
vt 0.595610 0.557906
vt 0.655266 0.715819
vt 0.596224 0.770605
vt 0.654026 0.759669
vt 0.699480 0.783596
vt 0.761799 0.713272
vt 0.774208 0.579676
vt 0.692894 0.469906
vt 0.879302 0.599383
vt 0.977778 0.460904
vt 0.998008 0.598679
vt 0.923202 0.666556
vt 0.870118 0.641275
vt 0.820159 0.653007
vt 0.777500 0.569323
vt 0.799232 0.436798
vt 0.905803 0.351091
vt 0.640957 0.314200
vt 0.565867 0.294253
vt 0.662226 0.122613
vt 0.715877 0.141972
vt 0.693330 0.030463
vt 0.724491 0.049126
vt 0.726024 0.005376
vt 0.738300 0.024427
vt 0.754614 0.001864
vt 0.751317 0.021530
vt 0.793897 0.030034
vt 0.779624 0.049900
vt 0.858267 0.069036
vt 0.840105 0.088729
vt 0.906931 0.132787
vt 0.887333 0.153043
vt 0.621433 0.528982
vt 0.545043 0.508659
vt 0.138731 0.836336
vt 0.193205 0.708319
vt 0.252861 0.866232
vt 0.193819 0.921018
vt 0.251621 0.910082
vt 0.297075 0.934009
vt 0.359394 0.863685
vt 0.371803 0.730089
vt 0.290489 0.620319
vt 0.178024 0.609151
vt 0.276500 0.470671
vt 0.296729 0.608446
vt 0.221923 0.676323
vt 0.168839 0.651042
vt 0.118881 0.662774
vt 0.076222 0.579090
vt 0.097953 0.446565
vt 0.204524 0.360858
vt 0.001992 0.699083
vt 0.001992 0.648729
vt 0.041328 0.657991
vt 0.036172 0.703176
vt 0.020377 0.595160
vt 0.061010 0.615858
vt 0.074421 0.547218
vt 0.116499 0.580292
vt 0.105011 0.469663
vt 0.148538 0.511948
vt 0.160712 0.412525
vt 0.205636 0.459192
vt 0.212546 0.362127
vt 0.258748 0.411108
vt 0.298243 0.323009
vt 0.345438 0.372665
vt 0.341163 0.239561
vt 0.388805 0.288215
vt 0.392134 0.189456
vt 0.440044 0.236735
vt 0.454783 0.125500
vt 0.502645 0.171497
vt 0.535477 0.084076
vt 0.583184 0.128945
vt 0.571980 0.001936
vt 0.619728 0.046382
vt 0.717123 0.495736
vt 0.792599 0.522336
vt 0.665084 0.556929
vt 0.706381 0.423635
vt 0.629441 0.392040
vt 0.570018 0.450565
vt 0.568664 0.525054
vt 0.527890 0.575487
vt 0.539367 0.657849
vt 0.619533 0.679522
vt 0.668720 0.638579
vt 0.747999 0.653846
vt 0.814238 0.603097
vt 0.222444 0.943716
vt 0.146336 0.919013
vt 0.141278 0.837694
vt 0.093900 0.969701
vt 0.013630 0.948078
vt 0.001992 0.865442
vt 0.046167 0.805534
vt 0.044460 0.740708
vt 0.103531 0.682247
vt 0.180382 0.713743
vt 0.194547 0.776079
vt 0.266889 0.812080
vt 0.288568 0.892986
vt 0.154483 0.699081
vt 0.154483 0.648728
vt 0.193818 0.657990
vt 0.188663 0.703175
vt 0.172868 0.595159
vt 0.213500 0.615857
vt 0.226912 0.547218
vt 0.268989 0.580291
vt 0.257503 0.469663
vt 0.301028 0.511945
vt 0.313201 0.412522
vt 0.358128 0.459193
vt 0.365037 0.362128
vt 0.411236 0.411107
vt 0.450734 0.323007
vt 0.497929 0.372665
vt 0.493651 0.239558
vt 0.541296 0.288218
vt 0.544627 0.189460
vt 0.592532 0.236730
vt 0.607273 0.125497
vt 0.655137 0.171499
vt 0.687966 0.084076
vt 0.735674 0.128946
vt 0.724470 0.001936
vt 0.772218 0.046382
vt 0.531397 0.661912
vt 0.606872 0.688512
vt 0.479358 0.723104
vt 0.520655 0.589811
vt 0.443714 0.558216
vt 0.384291 0.616740
vt 0.382937 0.691230
vt 0.342163 0.741662
vt 0.353640 0.824025
vt 0.433807 0.845698
vt 0.482993 0.804754
vt 0.562272 0.820022
vt 0.628512 0.769272
vt 0.222478 0.353339
vt 0.146305 0.328619
vt 0.141304 0.247308
vt 0.093955 0.379354
vt 0.013637 0.357673
vt 0.001992 0.275090
vt 0.046237 0.215118
vt 0.044444 0.150314
vt 0.103572 0.091852
vt 0.180386 0.123331
vt 0.194610 0.185719
vt 0.266956 0.221793
vt 0.288575 0.302498
vt 0.273738 0.724496
vt 0.273738 0.674142
vt 0.313073 0.683404
vt 0.307918 0.728589
vt 0.292123 0.620573
vt 0.332756 0.641271
vt 0.346168 0.572631
vt 0.388245 0.605705
vt 0.376758 0.495075
vt 0.420282 0.537362
vt 0.432456 0.437940
vt 0.477383 0.484603
vt 0.484292 0.387540
vt 0.530492 0.436523
vt 0.569988 0.348421
vt 0.617183 0.398079
vt 0.612906 0.264974
vt 0.660550 0.313632
vt 0.663880 0.214874
vt 0.711787 0.262146
vt 0.726527 0.150913
vt 0.774391 0.196913
vt 0.807221 0.109491
vt 0.854928 0.154360
vt 0.843724 0.027351
vt 0.891472 0.071797
vt 0.900893 0.716652
vt 0.976368 0.743252
vt 0.848854 0.777845
vt 0.890151 0.644551
vt 0.813210 0.612956
vt 0.753788 0.671481
vt 0.752434 0.745970
vt 0.711660 0.796403
vt 0.723136 0.878765
vt 0.803303 0.900438
vt 0.852490 0.859495
vt 0.931769 0.874762
vt 0.998008 0.824013
vt 0.930190 0.445224
vt 0.854017 0.420504
vt 0.849017 0.339193
vt 0.801667 0.471240
vt 0.721350 0.449559
vt 0.709705 0.366976
vt 0.753949 0.307004
vt 0.752157 0.242200
vt 0.811285 0.183738
vt 0.888099 0.215217
vt 0.902322 0.277604
vt 0.974668 0.313679
vt 0.996288 0.394384
s 1
usemtl liane
f 4368/1 4/2 4367/3
f 5/4 4/2 4368/1
f 5/4 4366/5 4/2
f 6/6 4366/5 5/4
f 6/6 4365/7 4366/5
f 1/8 4365/7 6/6
f 1/8 3/9 4365/7
f 4363/10 3/9 1/8
f 4363/10 2/11 3/9
f 4364/12 2/11 4363/10
f 11/2 4230/1 4229/3
f 11/2 12/4 4230/1
f 10/5 12/4 11/2
f 10/5 13/6 12/4
f 9/7 13/6 10/5
f 9/7 4226/8 13/6
f 8/9 4226/8 9/7
f 8/9 4227/10 4226/8
f 7/11 4227/10 8/9
f 7/11 4228/12 4227/10
f 20/1 19/2 4223/3
f 4224/4 19/2 20/1
f 4224/4 18/5 19/2
f 4225/6 18/5 4224/4
f 4225/6 4222/7 18/5
f 4221/8 4222/7 4225/6
f 4221/8 17/9 4222/7
f 14/10 17/9 4221/8
f 14/10 16/11 17/9
f 15/12 16/11 14/10
f 4087/2 26/1 25/3
f 4087/2 27/4 26/1
f 24/5 27/4 4087/2
f 24/5 4088/6 27/4
f 4086/7 4088/6 24/5
f 4086/7 21/8 4088/6
f 23/9 21/8 4086/7
f 23/9 22/10 21/8
f 4085/11 22/10 23/9
f 4085/11 4084/12 22/10
f 4082/1 31/2 4081/3
f 4082/1 30/5 31/2
f 32/4 30/5 4082/1
f 32/4 29/7 30/5
f 4083/6 29/7 32/4
f 4083/6 4080/9 29/7
f 4077/8 4080/9 4083/6
f 4077/8 4079/11 4080/9
f 4078/10 4079/11 4077/8
f 4078/10 28/12 4079/11
f 3941/2 3942/1 35/3
f 3941/2 3943/4 3942/1
f 3940/5 3943/4 3941/2
f 3940/5 3944/6 3943/4
f 3939/7 3944/6 3940/5
f 3938/9 3944/6 3939/7
f 3938/9 3936/8 3944/6
f 3937/11 3936/8 3938/9
f 3937/11 33/10 3936/8
f 34/12 33/10 3937/11
f 3933/1 3932/2 38/3
f 3934/4 3932/2 3933/1
f 3934/4 37/5 3932/2
f 3935/6 37/5 3934/4
f 3935/6 3931/7 37/5
f 3927/8 3931/7 3935/6
f 3927/8 3930/9 3931/7
f 3928/10 3930/9 3927/8
f 3928/10 3929/11 3930/9
f 36/12 3929/11 3928/10
f 43/2 44/1 3794/3
f 43/2 45/4 44/1
f 3793/5 45/4 43/2
f 3793/5 46/6 45/4
f 3792/7 46/6 3793/5
f 3792/7 39/8 46/6
f 42/9 39/8 3792/7
f 42/9 40/10 39/8
f 41/11 40/10 42/9
f 41/11 3791/12 40/10
f 3788/1 50/2 3787/3
f 3789/4 50/2 3788/1
f 3789/4 3786/5 50/2
f 3790/6 3786/5 3789/4
f 3790/6 3785/7 3786/5
f 3783/8 3785/7 3790/6
f 3783/8 49/9 3785/7
f 47/10 49/9 3783/8
f 47/10 3784/11 49/9
f 48/12 3784/11 47/10
f 54/2 55/1 3649/3
f 54/2 56/4 55/1
f 53/5 56/4 54/2
f 53/5 3650/6 56/4
f 3648/7 3650/6 53/5
f 3648/7 3645/8 3650/6
f 52/9 3645/8 3648/7
f 52/9 3646/10 3645/8
f 3647/11 3646/10 52/9
f 3647/11 51/12 3646/10
f 64/1 62/2 63/3
f 64/1 61/5 62/2
f 65/4 61/5 64/1
f 65/4 3643/7 61/5
f 3644/6 3643/7 65/4
f 3644/6 3642/9 3643/7
f 57/8 3642/9 3644/6
f 57/8 60/11 3642/9
f 58/10 60/11 57/8
f 58/10 59/12 60/11
f 3508/2 72/1 71/3
f 3508/2 3509/4 72/1
f 3507/5 3509/4 3508/2
f 3507/5 73/6 3509/4
f 70/7 73/6 3507/5
f 70/7 66/8 73/6
f 69/9 66/8 70/7
f 69/9 3506/10 66/8
f 68/11 3506/10 69/9
f 68/11 67/12 3506/10
f 3505/1 75/2 3504/3
f 76/4 75/2 3505/1
f 76/4 3503/5 75/2
f 77/6 3503/5 76/4
f 77/6 3502/7 3503/5
f 3498/8 3502/7 77/6
f 3498/8 3501/9 3502/7
f 3499/10 3501/9 3498/8
f 3499/10 3500/11 3501/9
f 74/12 3500/11 3499/10
f 83/2 85/1 84/3
f 83/2 86/4 85/1
f 82/5 86/4 83/2
f 82/5 87/6 86/4
f 3365/7 87/6 82/5
f 3365/7 78/8 87/6
f 81/9 78/8 3365/7
f 81/9 79/10 78/8
f 3364/11 79/10 81/9
f 3364/11 80/12 79/10
f 3361/1 3360/2 91/3
f 3361/1 3359/5 3360/2
f 3362/4 3359/5 3361/1
f 3362/4 90/7 3359/5
f 3363/6 90/7 3362/4
f 3363/6 89/9 90/7
f 88/8 89/9 3363/6
f 88/8 3358/11 89/9
f 3356/10 3358/11 88/8
f 3356/10 3357/12 3358/11
f 3221/2 3223/1 3222/3
f 3221/2 95/4 3223/1
f 94/5 95/4 3221/2
f 94/5 96/6 95/4
f 93/7 96/6 94/5
f 93/7 3217/8 96/6
f 92/9 3217/8 93/7
f 92/9 3218/10 3217/8
f 3220/11 3218/10 92/9
f 3220/11 3219/12 3218/10
f 3214/1 3213/2 101/3
f 3215/4 3213/2 3214/1
f 3215/4 100/5 3213/2
f 3216/6 100/5 3215/4
f 3216/6 99/7 100/5
f 97/8 99/7 3216/6
f 97/8 3212/9 99/7
f 3210/10 3212/9 97/8
f 3210/10 3211/11 3212/9
f 98/12 3211/11 3210/10
f 3075/2 108/1 107/3
f 3075/2 3076/4 108/1
f 3074/5 3076/4 3075/2
f 3074/5 3077/6 3076/4
f 106/7 3077/6 3074/5
f 106/7 102/8 3077/6
f 105/9 102/8 106/7
f 105/9 103/10 102/8
f 104/11 103/10 105/9
f 104/11 3073/12 103/10
f 114/1 3070/2 113/3
f 3071/4 3070/2 114/1
f 3071/4 3069/5 3070/2
f 3072/6 3069/5 3071/4
f 3072/6 3068/7 3069/5
f 109/8 3068/7 3072/6
f 109/8 3067/9 3068/7
f 110/10 3067/9 109/8
f 110/10 112/11 3067/9
f 111/12 112/11 110/10
f 2932/2 119/1 118/3
f 2932/2 2933/4 119/1
f 2931/5 2933/4 2932/2
f 2931/5 2934/6 2933/4
f 117/7 2934/6 2931/5
f 117/7 2928/8 2934/6
f 2930/9 2928/8 117/7
f 2930/9 115/10 2928/8
f 2929/11 115/10 2930/9
f 2929/11 116/12 115/10
f 126/1 2927/2 125/3
f 127/4 2927/2 126/1
f 127/4 124/5 2927/2
f 128/6 124/5 127/4
f 128/6 123/7 124/5
f 2925/8 123/7 128/6
f 2925/8 122/9 123/7
f 120/10 122/9 2925/8
f 120/10 2926/11 122/9
f 121/12 2926/11 120/10
f 133/2 2792/1 2791/3
f 133/2 134/4 2792/1
f 2790/5 134/4 133/2
f 2790/5 135/6 134/4
f 132/7 135/6 2790/5
f 132/7 2788/8 135/6
f 131/9 2788/8 132/7
f 2789/11 2788/8 131/9
f 2789/11 129/10 2788/8
f 130/12 129/10 2789/11
f 142/1 141/2 2786/3
f 2787/4 141/2 142/1
f 2787/4 140/5 141/2
f 143/6 140/5 2787/4
f 143/6 139/7 140/5
f 2784/8 139/7 143/6
f 2784/8 138/9 139/7
f 136/10 138/9 2784/8
f 136/10 137/11 138/9
f 2785/12 137/11 136/10
f 2650/2 147/1 146/3
f 2650/2 148/4 147/1
f 2649/5 148/4 2650/2
f 2649/5 2651/6 148/4
f 2648/7 2651/6 2649/5
f 2647/9 2651/6 2648/7
f 2647/9 2645/8 2651/6
f 145/11 2645/8 2647/9
f 145/11 2646/10 2645/8
f 144/12 2646/10 145/11
f 2644/1 2643/2 152/3
f 153/4 2643/2 2644/1
f 153/4 151/5 2643/2
f 154/6 151/5 153/4
f 154/6 150/7 151/5
f 2639/8 150/7 154/6
f 2639/8 149/9 150/7
f 2640/10 149/9 2639/8
f 2640/10 2642/11 149/9
f 2641/12 2642/11 2640/10
f 2505/2 158/1 2506/3
f 2505/2 159/4 158/1
f 157/5 159/4 2505/2
f 157/5 160/6 159/4
f 2504/7 160/6 157/5
f 2504/7 2501/8 160/6
f 2503/9 2501/8 2504/7
f 156/11 2501/8 2503/9
f 156/11 2502/10 2501/8
f 155/12 2502/10 156/11
f 2498/1 162/2 2497/3
f 2499/4 162/2 2498/1
f 2499/4 2496/5 162/2
f 2500/6 2496/5 2499/4
f 2500/6 161/7 2496/5
f 2491/8 161/7 2500/6
f 2491/8 2495/9 161/7
f 2492/10 2495/9 2491/8
f 2492/10 2494/11 2495/9
f 2493/12 2494/11 2492/10
f 2357/2 166/1 165/3
f 2357/2 167/4 166/1
f 2356/5 167/4 2357/2
f 2356/5 2358/6 167/4
f 164/7 2358/6 2356/5
f 164/7 2352/8 2358/6
f 163/9 2352/8 164/7
f 2355/11 2352/8 163/9
f 2355/11 2353/10 2352/8
f 2354/12 2353/10 2355/11
f 2351/1 172/2 173/3
f 174/4 172/2 2351/1
f 174/4 2350/5 172/2
f 175/6 2350/5 174/4
f 175/6 171/7 2350/5
f 168/8 171/7 175/6
f 168/8 170/9 171/7
f 2348/10 170/9 168/8
f 2348/10 169/11 170/9
f 2349/12 169/11 2348/10
f 2212/2 2214/1 2213/3
f 2212/2 178/4 2214/1
f 2211/5 178/4 2212/2
f 2211/5 2215/6 178/4
f 2210/7 2215/6 2211/5
f 2210/7 2207/8 2215/6
f 177/9 2207/8 2210/7
f 2209/11 2207/8 177/9
f 2209/11 2208/10 2207/8
f 176/12 2208/10 2209/11
f 2205/1 2204/2 184/3
f 2206/4 2204/2 2205/1
f 2206/4 2203/5 2204/2
f 185/6 2203/5 2206/4
f 185/6 2202/7 2203/5
f 179/8 2202/7 185/6
f 179/8 183/9 2202/7
f 180/10 183/9 179/8
f 180/10 182/11 183/9
f 181/12 182/11 180/10
f 190/2 2068/1 191/3
f 190/2 2069/4 2068/1
f 189/5 2069/4 190/2
f 189/5 192/6 2069/4
f 2067/7 192/6 189/5
f 2067/7 186/8 192/6
f 2066/9 186/8 2067/7
f 188/11 186/8 2066/9
f 188/11 2065/10 186/8
f 187/12 2065/10 188/11
f 2064/1 2062/2 2063/3
f 196/4 2062/2 2064/1
f 196/4 195/5 2062/2
f 197/6 195/5 196/4
f 197/6 194/7 195/5
f 2058/8 194/7 197/6
f 2058/8 193/9 194/7
f 2059/10 193/9 2058/8
f 2059/10 2061/11 193/9
f 2060/12 2061/11 2059/10
f 1923/2 1924/1 202/3
f 1923/2 1925/4 1924/1
f 201/5 1925/4 1923/2
f 201/5 203/6 1925/4
f 1922/7 203/6 201/5
f 1922/7 1920/8 203/6
f 200/9 1920/8 1922/7
f 200/9 198/10 1920/8
f 1921/11 198/10 200/9
f 1921/11 199/12 198/10
f 211/1 209/2 210/3
f 1919/4 209/2 211/1
f 1919/4 208/5 209/2
f 212/6 208/5 1919/4
f 212/6 1918/7 208/5
f 1917/8 1918/7 212/6
f 1917/8 207/9 1918/7
f 204/10 207/9 1917/8
f 204/10 206/11 207/9
f 205/12 206/11 204/10
f 1783/2 216/1 1784/3
f 1783/2 217/4 216/1
f 1782/5 217/4 1783/2
f 1782/5 218/6 217/4
f 1781/7 218/6 1782/5
f 1781/7 1779/8 218/6
f 215/9 1779/8 1781/7
f 215/9 213/10 1779/8
f 1780/11 213/10 215/9
f 1780/11 214/12 213/10
f 223/1 1778/2 222/3
f 224/4 1778/2 223/1
f 224/4 221/5 1778/2
f 225/6 221/5 224/4
f 225/6 1777/7 221/5
f 219/8 1777/7 225/6
f 219/8 1776/9 1777/7
f 1774/10 1776/9 219/8
f 1774/10 1775/11 1776/9
f 220/12 1775/11 1774/10
f 1640/2 1641/1 229/3
f 1640/2 230/4 1641/1
f 228/5 230/4 1640/2
f 228/5 231/6 230/4
f 1639/7 231/6 228/5
f 1639/7 226/8 231/6
f 1638/9 226/8 1639/7
f 1638/9 1636/10 226/8
f 227/11 1636/10 1638/9
f 227/11 1637/12 1636/10
f 1634/1 1633/2 236/3
f 237/4 1633/2 1634/1
f 237/4 235/5 1633/2
f 1635/6 235/5 237/4
f 1635/6 234/7 235/5
f 1630/8 234/7 1635/6
f 1630/8 1632/9 234/7
f 1631/10 1632/9 1630/8
f 1631/10 233/11 1632/9
f 232/12 233/11 1631/10
f 1495/2 238/1 1496/3
f 1495/2 239/4 238/1
f 1494/5 239/4 1495/2
f 1494/5 1497/6 239/4
f 1493/7 1497/6 1494/5
f 1493/7 1488/8 1497/6
f 1492/9 1488/8 1493/7
f 1492/9 1489/10 1488/8
f 1491/11 1489/10 1492/9
f 1491/11 1490/12 1489/10
f 1487/1 246/2 247/3
f 248/4 246/2 1487/1
f 248/4 1486/5 246/2
f 249/6 1486/5 248/4
f 249/6 245/7 1486/5
f 240/8 245/7 249/6
f 240/8 244/9 245/7
f 241/10 244/9 240/8
f 241/10 243/11 244/9
f 242/12 243/11 241/10
f 1351/2 1352/1 253/3
f 1351/2 254/4 1352/1
f 1350/5 254/4 1351/2
f 1350/5 1353/6 254/4
f 252/7 1353/6 1350/5
f 252/7 1347/8 1353/6
f 1349/9 1347/8 252/7
f 1349/9 250/10 1347/8
f 1348/11 250/10 1349/9
f 1348/11 251/12 250/10
f 1345/1 258/2 259/3
f 1346/4 258/2 1345/1
f 1346/4 257/5 258/2
f 260/6 257/5 1346/4
f 260/6 1344/7 257/5
f 1341/8 1344/7 260/6
f 1341/8 256/9 1344/7
f 255/10 256/9 1341/8
f 255/10 1343/11 256/9
f 1342/12 1343/11 255/10
f 266/2 1207/1 267/3
f 266/2 268/4 1207/1
f 265/5 268/4 266/2
f 265/5 1208/6 268/4
f 1206/7 1208/6 265/5
f 1206/7 261/8 1208/6
f 264/9 261/8 1206/7
f 264/9 1205/10 261/8
f 263/11 1205/10 264/9
f 263/11 262/12 1205/10
f 1204/1 272/2 1203/3
f 1204/1 1202/5 272/2
f 273/4 1202/5 1204/1
f 273/4 271/7 1202/5
f 274/6 271/7 273/4
f 274/6 1201/9 271/7
f 1199/8 1201/9 274/6
f 1199/8 270/11 1201/9
f 1200/10 270/11 1199/8
f 1200/10 269/12 270/11
f 1063/2 1064/1 280/3
f 279/5 1064/1 1063/2
f 279/5 1065/4 1064/1
f 1062/7 1065/4 279/5
f 1062/7 1066/6 1065/4
f 278/9 1066/6 1062/7
f 278/9 1061/8 1066/6
f 277/11 1061/8 278/9
f 277/11 275/10 1061/8
f 276/12 275/10 277/11
f 283/1 281/2 282/3
f 1060/4 281/2 283/1
f 1060/4 1059/5 281/2
f 284/6 1059/5 1060/4
f 284/6 1058/7 1059/5
f 1053/8 1058/7 284/6
f 1053/8 1057/9 1058/7
f 1053/8 1056/11 1057/9
f 1054/10 1056/11 1053/8
f 1054/10 1055/12 1056/11
f 919/2 920/1 289/3
f 919/2 290/4 920/1
f 288/5 290/4 919/2
f 288/5 291/6 290/4
f 287/7 291/6 288/5
f 287/7 916/8 291/6
f 286/9 916/8 287/7
f 918/11 916/8 286/9
f 918/11 285/10 916/8
f 917/12 285/10 918/11
f 914/1 912/2 913/3
f 914/1 911/5 912/2
f 294/4 911/5 914/1
f 294/4 910/7 911/5
f 915/6 910/7 294/4
f 915/6 909/9 910/7
f 907/8 909/9 915/6
f 907/8 908/11 909/9
f 292/10 908/11 907/8
f 292/10 293/12 908/11
f 299/2 301/1 300/3
f 298/5 301/1 299/2
f 298/5 773/4 301/1
f 297/7 773/4 298/5
f 297/7 774/6 773/4
f 296/9 774/6 297/7
f 296/9 770/8 774/6
f 772/11 770/8 296/9
f 772/11 295/10 770/8
f 771/12 295/10 772/11
f 306/1 305/2 768/3
f 769/4 305/2 306/1
f 769/4 767/5 305/2
f 307/6 767/5 769/4
f 307/6 304/7 767/5
f 764/8 304/7 307/6
f 764/8 303/9 304/7
f 765/10 303/9 764/8
f 765/10 766/11 303/9
f 302/12 766/11 765/10
f 629/2 630/1 312/3
f 629/2 631/4 630/1
f 311/5 631/4 629/2
f 311/5 313/6 631/4
f 310/7 313/6 311/5
f 310/7 308/8 313/6
f 628/9 308/8 310/7
f 628/9 309/10 308/8
f 627/11 309/10 628/9
f 627/11 626/12 309/10
f 625/1 317/2 624/3
f 318/4 317/2 625/1
f 318/4 316/5 317/2
f 319/6 316/5 318/4
f 319/6 315/7 316/5
f 314/8 315/7 319/6
f 314/8 623/9 315/7
f 620/10 623/9 314/8
f 620/10 622/11 623/9
f 621/12 622/11 620/10
f 324/2 326/1 325/3
f 324/2 487/4 326/1
f 323/5 487/4 324/2
f 323/5 327/6 487/4
f 486/7 327/6 323/5
f 486/7 320/8 327/6
f 322/9 320/8 486/7
f 322/9 484/10 320/8
f 485/11 484/10 322/9
f 485/11 321/12 484/10
f 334/1 332/2 333/3
f 483/4 332/2 334/1
f 483/4 482/5 332/2
f 335/6 482/5 483/4
f 335/6 331/7 482/5
f 480/8 331/7 335/6
f 480/8 330/9 331/7
f 480/8 481/11 330/9
f 328/10 481/11 480/8
f 328/10 329/12 481/11
f 344/2 346/1 345/3
f 344/2 339/4 346/1
f 343/5 339/4 344/2
f 343/5 347/6 339/4
f 338/7 347/6 343/5
f 338/7 336/8 347/6
f 337/9 336/8 338/7
f 337/9 340/10 336/8
f 342/11 340/10 337/9
f 342/11 341/12 340/10
f 336/13 348/14 359/15 347/16
f 340/17 349/18 348/19 336/8
f 341/20 350/21 349/18 340/17
f 342/22 351/23 350/21 341/20
f 337/24 352/25 351/23 342/22
f 338/26 353/27 352/25 337/24
f 343/28 354/29 353/27 338/26
f 344/30 355/31 354/29 343/28
f 345/32 356/33 355/31 344/30
f 346/34 357/35 356/33 345/32
f 339/36 358/37 357/35 346/34
f 347/16 359/15 358/37 339/36
f 348/14 360/38 371/39 359/15
f 349/18 361/40 360/41 348/19
f 350/21 362/42 361/40 349/18
f 351/23 363/43 362/42 350/21
f 352/25 364/44 363/43 351/23
f 353/27 365/45 364/44 352/25
f 354/29 366/46 365/45 353/27
f 355/31 367/47 366/46 354/29
f 356/33 368/48 367/47 355/31
f 357/35 369/49 368/48 356/33
f 358/37 370/50 369/49 357/35
f 359/15 371/39 370/50 358/37
f 360/38 372/51 383/52 371/39
f 361/40 373/53 372/54 360/41
f 362/42 374/55 373/53 361/40
f 363/43 375/56 374/55 362/42
f 364/44 376/57 375/56 363/43
f 365/45 377/58 376/57 364/44
f 366/46 378/59 377/58 365/45
f 367/47 379/60 378/59 366/46
f 368/48 380/61 379/60 367/47
f 369/49 381/62 380/61 368/48
f 370/50 382/63 381/62 369/49
f 371/39 383/52 382/63 370/50
f 372/51 384/64 395/65 383/52
f 373/53 385/66 384/67 372/54
f 374/55 386/68 385/66 373/53
f 375/56 387/69 386/68 374/55
f 376/57 388/70 387/69 375/56
f 377/58 389/71 388/70 376/57
f 378/59 390/72 389/71 377/58
f 379/60 391/73 390/72 378/59
f 380/61 392/74 391/73 379/60
f 381/62 393/75 392/74 380/61
f 382/63 394/76 393/75 381/62
f 383/52 395/65 394/76 382/63
f 384/64 396/77 407/78 395/65
f 385/66 397/79 396/80 384/67
f 386/68 398/81 397/79 385/66
f 387/69 399/82 398/81 386/68
f 388/70 400/83 399/82 387/69
f 389/71 401/84 400/83 388/70
f 390/72 402/85 401/84 389/71
f 391/73 403/86 402/85 390/72
f 392/74 404/87 403/86 391/73
f 393/75 405/88 404/87 392/74
f 394/76 406/89 405/88 393/75
f 395/65 407/78 406/89 394/76
f 396/77 408/90 419/91 407/78
f 397/79 409/92 408/93 396/80
f 398/81 410/94 409/92 397/79
f 399/82 411/95 410/94 398/81
f 400/83 412/96 411/95 399/82
f 401/84 413/97 412/96 400/83
f 402/85 414/98 413/97 401/84
f 403/86 415/99 414/98 402/85
f 404/87 416/100 415/99 403/86
f 405/88 417/101 416/100 404/87
f 406/89 418/102 417/101 405/88
f 407/78 419/91 418/102 406/89
f 408/90 420/103 431/104 419/91
f 409/92 421/105 420/106 408/93
f 410/94 422/107 421/105 409/92
f 411/95 423/108 422/107 410/94
f 412/96 424/109 423/108 411/95
f 413/97 425/110 424/109 412/96
f 414/98 426/111 425/110 413/97
f 415/99 427/112 426/111 414/98
f 416/100 428/113 427/112 415/99
f 417/101 429/114 428/113 416/100
f 418/102 430/115 429/114 417/101
f 419/91 431/104 430/115 418/102
f 420/103 432/116 443/117 431/104
f 421/105 433/118 432/119 420/106
f 422/107 434/120 433/118 421/105
f 423/108 435/121 434/120 422/107
f 424/109 436/122 435/121 423/108
f 425/110 437/123 436/122 424/109
f 426/111 438/124 437/123 425/110
f 427/112 439/125 438/124 426/111
f 428/113 440/126 439/125 427/112
f 429/114 441/127 440/126 428/113
f 430/115 442/128 441/127 429/114
f 431/104 443/117 442/128 430/115
f 432/116 444/129 455/130 443/117
f 433/118 445/131 444/132 432/119
f 434/120 446/133 445/131 433/118
f 435/121 447/134 446/133 434/120
f 436/122 448/135 447/134 435/121
f 437/123 449/136 448/135 436/122
f 438/124 450/137 449/136 437/123
f 439/125 451/138 450/137 438/124
f 440/126 452/139 451/138 439/125
f 441/127 453/140 452/139 440/126
f 442/128 454/141 453/140 441/127
f 443/117 455/130 454/141 442/128
f 444/129 456/142 467/143 455/130
f 445/131 457/144 456/145 444/132
f 446/133 458/146 457/144 445/131
f 447/134 459/147 458/146 446/133
f 448/135 460/148 459/147 447/134
f 449/136 461/149 460/148 448/135
f 450/137 462/150 461/149 449/136
f 451/138 463/151 462/150 450/137
f 452/139 464/152 463/151 451/138
f 453/140 465/153 464/152 452/139
f 454/141 466/154 465/153 453/140
f 455/130 467/143 466/154 454/141
f 456/142 468/155 479/156 467/143
f 457/144 469/157 468/158 456/145
f 458/146 470/159 469/157 457/144
f 459/147 471/160 470/159 458/146
f 460/148 472/161 471/160 459/147
f 461/149 473/162 472/161 460/148
f 462/150 474/163 473/162 461/149
f 463/151 475/164 474/163 462/150
f 464/152 476/165 475/164 463/151
f 465/153 477/166 476/165 464/152
f 466/154 478/167 477/166 465/153
f 467/143 479/156 478/167 466/154
f 468/155 480/168 335/169 479/156
f 469/157 328/170 480/6 468/158
f 470/159 329/171 328/170 469/157
f 471/160 481/172 329/171 470/159
f 472/161 330/173 481/172 471/160
f 473/162 331/174 330/173 472/161
f 474/163 482/175 331/174 473/162
f 475/164 332/176 482/175 474/163
f 476/165 333/177 332/176 475/164
f 477/166 334/178 333/177 476/165
f 478/167 483/179 334/178 477/166
f 479/156 335/169 483/179 478/167
f 320/13 488/14 499/15 327/16
f 484/17 489/18 488/19 320/8
f 321/20 490/21 489/18 484/17
f 485/22 491/23 490/21 321/20
f 322/24 492/25 491/23 485/22
f 486/26 493/27 492/25 322/24
f 323/28 494/29 493/27 486/26
f 324/30 495/31 494/29 323/28
f 325/32 496/33 495/31 324/30
f 326/34 497/35 496/33 325/32
f 487/36 498/37 497/35 326/34
f 327/16 499/15 498/37 487/36
f 488/14 500/38 511/39 499/15
f 489/18 501/40 500/41 488/19
f 490/21 502/42 501/40 489/18
f 491/23 503/43 502/42 490/21
f 492/25 504/44 503/43 491/23
f 493/27 505/45 504/44 492/25
f 494/29 506/46 505/45 493/27
f 495/31 507/47 506/46 494/29
f 496/33 508/48 507/47 495/31
f 497/35 509/49 508/48 496/33
f 498/37 510/50 509/49 497/35
f 499/15 511/39 510/50 498/37
f 500/38 512/51 523/52 511/39
f 501/40 513/53 512/54 500/41
f 502/42 514/55 513/53 501/40
f 503/43 515/56 514/55 502/42
f 504/44 516/57 515/56 503/43
f 505/45 517/58 516/57 504/44
f 506/46 518/59 517/58 505/45
f 507/47 519/60 518/59 506/46
f 508/48 520/61 519/60 507/47
f 509/49 521/62 520/61 508/48
f 510/50 522/63 521/62 509/49
f 511/39 523/52 522/63 510/50
f 512/51 524/64 535/65 523/52
f 513/53 525/66 524/67 512/54
f 514/55 526/68 525/66 513/53
f 515/56 527/69 526/68 514/55
f 516/57 528/70 527/69 515/56
f 517/58 529/71 528/70 516/57
f 518/59 530/72 529/71 517/58
f 519/60 531/73 530/72 518/59
f 520/61 532/74 531/73 519/60
f 521/62 533/75 532/74 520/61
f 522/63 534/76 533/75 521/62
f 523/52 535/65 534/76 522/63
f 524/64 536/77 547/78 535/65
f 525/66 537/79 536/80 524/67
f 526/68 538/81 537/79 525/66
f 527/69 539/82 538/81 526/68
f 528/70 540/83 539/82 527/69
f 529/71 541/84 540/83 528/70
f 530/72 542/85 541/84 529/71
f 531/73 543/86 542/85 530/72
f 532/74 544/87 543/86 531/73
f 533/75 545/88 544/87 532/74
f 534/76 546/89 545/88 533/75
f 535/65 547/78 546/89 534/76
f 536/77 548/90 559/91 547/78
f 537/79 549/92 548/93 536/80
f 538/81 550/94 549/92 537/79
f 539/82 551/95 550/94 538/81
f 540/83 552/96 551/95 539/82
f 541/84 553/97 552/96 540/83
f 542/85 554/98 553/97 541/84
f 543/86 555/99 554/98 542/85
f 544/87 556/100 555/99 543/86
f 545/88 557/101 556/100 544/87
f 546/89 558/102 557/101 545/88
f 547/78 559/91 558/102 546/89
f 548/90 560/103 571/104 559/91
f 549/92 561/105 560/106 548/93
f 550/94 562/107 561/105 549/92
f 551/95 563/108 562/107 550/94
f 552/96 564/109 563/108 551/95
f 553/97 565/110 564/109 552/96
f 554/98 566/111 565/110 553/97
f 555/99 567/112 566/111 554/98
f 556/100 568/113 567/112 555/99
f 557/101 569/114 568/113 556/100
f 558/102 570/115 569/114 557/101
f 559/91 571/104 570/115 558/102
f 560/103 572/116 583/117 571/104
f 561/105 573/118 572/119 560/106
f 562/107 574/120 573/118 561/105
f 563/108 575/121 574/120 562/107
f 564/109 576/122 575/121 563/108
f 565/110 577/123 576/122 564/109
f 566/111 578/124 577/123 565/110
f 567/112 579/125 578/124 566/111
f 568/113 580/126 579/125 567/112
f 569/114 581/127 580/126 568/113
f 570/115 582/128 581/127 569/114
f 571/104 583/117 582/128 570/115
f 572/116 584/129 595/130 583/117
f 573/118 585/131 584/132 572/119
f 574/120 586/133 585/131 573/118
f 575/121 587/134 586/133 574/120
f 576/122 588/135 587/134 575/121
f 577/123 589/136 588/135 576/122
f 578/124 590/137 589/136 577/123
f 579/125 591/138 590/137 578/124
f 580/126 592/139 591/138 579/125
f 581/127 593/140 592/139 580/126
f 582/128 594/141 593/140 581/127
f 583/117 595/130 594/141 582/128
f 584/129 596/142 607/143 595/130
f 585/131 597/144 596/145 584/132
f 586/133 598/146 597/144 585/131
f 587/134 599/147 598/146 586/133
f 588/135 600/148 599/147 587/134
f 589/136 601/149 600/148 588/135
f 590/137 602/150 601/149 589/136
f 591/138 603/151 602/150 590/137
f 592/139 604/152 603/151 591/138
f 593/140 605/153 604/152 592/139
f 594/141 606/154 605/153 593/140
f 595/130 607/143 606/154 594/141
f 596/142 608/155 619/156 607/143
f 597/144 609/157 608/158 596/145
f 598/146 610/159 609/157 597/144
f 599/147 611/160 610/159 598/146
f 600/148 612/161 611/160 599/147
f 601/149 613/162 612/161 600/148
f 602/150 614/163 613/162 601/149
f 603/151 615/164 614/163 602/150
f 604/152 616/165 615/164 603/151
f 605/153 617/166 616/165 604/152
f 606/154 618/167 617/166 605/153
f 607/143 619/156 618/167 606/154
f 608/155 314/168 319/169 619/156
f 609/157 620/170 314/6 608/158
f 610/159 621/171 620/170 609/157
f 611/160 622/172 621/171 610/159
f 612/161 623/173 622/172 611/160
f 613/162 315/174 623/173 612/161
f 614/163 316/175 315/174 613/162
f 615/164 317/176 316/175 614/163
f 616/165 624/177 317/176 615/164
f 617/166 625/178 624/177 616/165
f 618/167 318/179 625/178 617/166
f 619/156 319/169 318/179 618/167
f 308/13 632/14 643/15 313/16
f 309/17 633/18 632/19 308/8
f 626/20 634/21 633/18 309/17
f 627/22 635/23 634/21 626/20
f 628/24 636/25 635/23 627/22
f 310/26 637/27 636/25 628/24
f 311/28 638/29 637/27 310/26
f 629/30 639/31 638/29 311/28
f 312/32 640/33 639/31 629/30
f 630/34 641/35 640/33 312/32
f 631/36 642/37 641/35 630/34
f 313/16 643/15 642/37 631/36
f 632/14 644/38 655/39 643/15
f 633/18 645/40 644/41 632/19
f 634/21 646/42 645/40 633/18
f 635/23 647/43 646/42 634/21
f 636/25 648/44 647/43 635/23
f 637/27 649/45 648/44 636/25
f 638/29 650/46 649/45 637/27
f 639/31 651/47 650/46 638/29
f 640/33 652/48 651/47 639/31
f 641/35 653/49 652/48 640/33
f 642/37 654/50 653/49 641/35
f 643/15 655/39 654/50 642/37
f 644/38 656/51 667/52 655/39
f 645/40 657/53 656/54 644/41
f 646/42 658/55 657/53 645/40
f 647/43 659/56 658/55 646/42
f 648/44 660/57 659/56 647/43
f 649/45 661/58 660/57 648/44
f 650/46 662/59 661/58 649/45
f 651/47 663/60 662/59 650/46
f 652/48 664/61 663/60 651/47
f 653/49 665/62 664/61 652/48
f 654/50 666/63 665/62 653/49
f 655/39 667/52 666/63 654/50
f 656/51 668/64 679/65 667/52
f 657/53 669/66 668/67 656/54
f 658/55 670/68 669/66 657/53
f 659/56 671/69 670/68 658/55
f 660/57 672/70 671/69 659/56
f 661/58 673/71 672/70 660/57
f 662/59 674/72 673/71 661/58
f 663/60 675/73 674/72 662/59
f 664/61 676/74 675/73 663/60
f 665/62 677/75 676/74 664/61
f 666/63 678/76 677/75 665/62
f 667/52 679/65 678/76 666/63
f 668/64 680/77 691/78 679/65
f 669/66 681/79 680/80 668/67
f 670/68 682/81 681/79 669/66
f 671/69 683/82 682/81 670/68
f 672/70 684/83 683/82 671/69
f 673/71 685/84 684/83 672/70
f 674/72 686/85 685/84 673/71
f 675/73 687/86 686/85 674/72
f 676/74 688/87 687/86 675/73
f 677/75 689/88 688/87 676/74
f 678/76 690/89 689/88 677/75
f 679/65 691/78 690/89 678/76
f 680/77 692/90 703/91 691/78
f 681/79 693/92 692/93 680/80
f 682/81 694/94 693/92 681/79
f 683/82 695/95 694/94 682/81
f 684/83 696/96 695/95 683/82
f 685/84 697/97 696/96 684/83
f 686/85 698/98 697/97 685/84
f 687/86 699/99 698/98 686/85
f 688/87 700/100 699/99 687/86
f 689/88 701/101 700/100 688/87
f 690/89 702/102 701/101 689/88
f 691/78 703/91 702/102 690/89
f 692/90 704/103 715/104 703/91
f 693/92 705/105 704/106 692/93
f 694/94 706/107 705/105 693/92
f 695/95 707/108 706/107 694/94
f 696/96 708/109 707/108 695/95
f 697/97 709/110 708/109 696/96
f 698/98 710/111 709/110 697/97
f 699/99 711/112 710/111 698/98
f 700/100 712/113 711/112 699/99
f 701/101 713/114 712/113 700/100
f 702/102 714/115 713/114 701/101
f 703/91 715/104 714/115 702/102
f 704/103 716/116 727/117 715/104
f 705/105 717/118 716/119 704/106
f 706/107 718/120 717/118 705/105
f 707/108 719/121 718/120 706/107
f 708/109 720/122 719/121 707/108
f 709/110 721/123 720/122 708/109
f 710/111 722/124 721/123 709/110
f 711/112 723/125 722/124 710/111
f 712/113 724/126 723/125 711/112
f 713/114 725/127 724/126 712/113
f 714/115 726/128 725/127 713/114
f 715/104 727/117 726/128 714/115
f 716/116 728/129 739/130 727/117
f 717/118 729/131 728/132 716/119
f 718/120 730/133 729/131 717/118
f 719/121 731/134 730/133 718/120
f 720/122 732/135 731/134 719/121
f 721/123 733/136 732/135 720/122
f 722/124 734/137 733/136 721/123
f 723/125 735/138 734/137 722/124
f 724/126 736/139 735/138 723/125
f 725/127 737/140 736/139 724/126
f 726/128 738/141 737/140 725/127
f 727/117 739/130 738/141 726/128
f 728/129 740/142 751/143 739/130
f 729/131 741/144 740/145 728/132
f 730/133 742/146 741/144 729/131
f 731/134 743/147 742/146 730/133
f 732/135 744/148 743/147 731/134
f 733/136 745/149 744/148 732/135
f 734/137 746/150 745/149 733/136
f 735/138 747/151 746/150 734/137
f 736/139 748/152 747/151 735/138
f 737/140 749/153 748/152 736/139
f 738/141 750/154 749/153 737/140
f 739/130 751/143 750/154 738/141
f 740/142 752/155 763/156 751/143
f 741/144 753/157 752/158 740/145
f 742/146 754/159 753/157 741/144
f 743/147 755/160 754/159 742/146
f 744/148 756/161 755/160 743/147
f 745/149 757/162 756/161 744/148
f 746/150 758/163 757/162 745/149
f 747/151 759/164 758/163 746/150
f 748/152 760/165 759/164 747/151
f 749/153 761/166 760/165 748/152
f 750/154 762/167 761/166 749/153
f 751/143 763/156 762/167 750/154
f 752/155 764/168 307/169 763/156
f 753/157 765/170 764/6 752/158
f 754/159 302/171 765/170 753/157
f 755/160 766/172 302/171 754/159
f 756/161 303/173 766/172 755/160
f 757/162 304/174 303/173 756/161
f 758/163 767/175 304/174 757/162
f 759/164 305/176 767/175 758/163
f 760/165 768/177 305/176 759/164
f 761/166 306/178 768/177 760/165
f 762/167 769/179 306/178 761/166
f 763/156 307/169 769/179 762/167
f 770/13 775/14 786/15 774/16
f 295/17 776/18 775/19 770/8
f 771/20 777/21 776/18 295/17
f 772/22 778/23 777/21 771/20
f 296/24 779/25 778/23 772/22
f 297/26 780/27 779/25 296/24
f 298/28 781/29 780/27 297/26
f 299/30 782/31 781/29 298/28
f 300/32 783/33 782/31 299/30
f 301/34 784/35 783/33 300/32
f 773/36 785/37 784/35 301/34
f 774/16 786/15 785/37 773/36
f 775/14 787/38 798/39 786/15
f 776/18 788/40 787/41 775/19
f 777/21 789/42 788/40 776/18
f 778/23 790/43 789/42 777/21
f 779/25 791/44 790/43 778/23
f 780/27 792/45 791/44 779/25
f 781/29 793/46 792/45 780/27
f 782/31 794/47 793/46 781/29
f 783/33 795/48 794/47 782/31
f 784/35 796/49 795/48 783/33
f 785/37 797/50 796/49 784/35
f 786/15 798/39 797/50 785/37
f 787/38 799/51 810/52 798/39
f 788/40 800/53 799/54 787/41
f 789/42 801/55 800/53 788/40
f 790/43 802/56 801/55 789/42
f 791/44 803/57 802/56 790/43
f 792/45 804/58 803/57 791/44
f 793/46 805/59 804/58 792/45
f 794/47 806/60 805/59 793/46
f 795/48 807/61 806/60 794/47
f 796/49 808/62 807/61 795/48
f 797/50 809/63 808/62 796/49
f 798/39 810/52 809/63 797/50
f 799/51 811/64 822/65 810/52
f 800/53 812/66 811/67 799/54
f 801/55 813/68 812/66 800/53
f 802/56 814/69 813/68 801/55
f 803/57 815/70 814/69 802/56
f 804/58 816/71 815/70 803/57
f 805/59 817/72 816/71 804/58
f 806/60 818/73 817/72 805/59
f 807/61 819/74 818/73 806/60
f 808/62 820/75 819/74 807/61
f 809/63 821/76 820/75 808/62
f 810/52 822/65 821/76 809/63
f 811/64 823/77 834/78 822/65
f 812/66 824/79 823/80 811/67
f 813/68 825/81 824/79 812/66
f 814/69 826/82 825/81 813/68
f 815/70 827/83 826/82 814/69
f 816/71 828/84 827/83 815/70
f 817/72 829/85 828/84 816/71
f 818/73 830/86 829/85 817/72
f 819/74 831/87 830/86 818/73
f 820/75 832/88 831/87 819/74
f 821/76 833/89 832/88 820/75
f 822/65 834/78 833/89 821/76
f 823/77 835/90 846/91 834/78
f 824/79 836/92 835/93 823/80
f 825/81 837/94 836/92 824/79
f 826/82 838/95 837/94 825/81
f 827/83 839/96 838/95 826/82
f 828/84 840/97 839/96 827/83
f 829/85 841/98 840/97 828/84
f 830/86 842/99 841/98 829/85
f 831/87 843/100 842/99 830/86
f 832/88 844/101 843/100 831/87
f 833/89 845/102 844/101 832/88
f 834/78 846/91 845/102 833/89
f 835/90 847/103 858/104 846/91
f 836/92 848/105 847/106 835/93
f 837/94 849/107 848/105 836/92
f 838/95 850/108 849/107 837/94
f 839/96 851/109 850/108 838/95
f 840/97 852/110 851/109 839/96
f 841/98 853/111 852/110 840/97
f 842/99 854/112 853/111 841/98
f 843/100 855/113 854/112 842/99
f 844/101 856/114 855/113 843/100
f 845/102 857/115 856/114 844/101
f 846/91 858/104 857/115 845/102
f 847/103 859/116 870/117 858/104
f 848/105 860/118 859/119 847/106
f 849/107 861/120 860/118 848/105
f 850/108 862/121 861/120 849/107
f 851/109 863/122 862/121 850/108
f 852/110 864/123 863/122 851/109
f 853/111 865/124 864/123 852/110
f 854/112 866/125 865/124 853/111
f 855/113 867/126 866/125 854/112
f 856/114 868/127 867/126 855/113
f 857/115 869/128 868/127 856/114
f 858/104 870/117 869/128 857/115
f 859/116 871/129 882/130 870/117
f 860/118 872/131 871/132 859/119
f 861/120 873/133 872/131 860/118
f 862/121 874/134 873/133 861/120
f 863/122 875/135 874/134 862/121
f 864/123 876/136 875/135 863/122
f 865/124 877/137 876/136 864/123
f 866/125 878/138 877/137 865/124
f 867/126 879/139 878/138 866/125
f 868/127 880/140 879/139 867/126
f 869/128 881/141 880/140 868/127
f 870/117 882/130 881/141 869/128
f 871/129 883/142 894/143 882/130
f 872/131 884/144 883/145 871/132
f 873/133 885/146 884/144 872/131
f 874/134 886/147 885/146 873/133
f 875/135 887/148 886/147 874/134
f 876/136 888/149 887/148 875/135
f 877/137 889/150 888/149 876/136
f 878/138 890/151 889/150 877/137
f 879/139 891/152 890/151 878/138
f 880/140 892/153 891/152 879/139
f 881/141 893/154 892/153 880/140
f 882/130 894/143 893/154 881/141
f 883/142 895/155 906/156 894/143
f 884/144 896/157 895/158 883/145
f 885/146 897/159 896/157 884/144
f 886/147 898/160 897/159 885/146
f 887/148 899/161 898/160 886/147
f 888/149 900/162 899/161 887/148
f 889/150 901/163 900/162 888/149
f 890/151 902/164 901/163 889/150
f 891/152 903/165 902/164 890/151
f 892/153 904/166 903/165 891/152
f 893/154 905/167 904/166 892/153
f 894/143 906/156 905/167 893/154
f 895/155 907/168 915/169 906/156
f 896/157 292/170 907/6 895/158
f 897/159 293/171 292/170 896/157
f 898/160 908/172 293/171 897/159
f 899/161 909/173 908/172 898/160
f 900/162 910/174 909/173 899/161
f 901/163 911/175 910/174 900/162
f 902/164 912/176 911/175 901/163
f 903/165 913/177 912/176 902/164
f 904/166 914/178 913/177 903/165
f 905/167 294/179 914/178 904/166
f 906/156 915/169 294/179 905/167
f 916/13 921/14 932/15 291/16
f 285/17 922/18 921/19 916/8
f 917/20 923/21 922/18 285/17
f 918/22 924/23 923/21 917/20
f 286/24 925/25 924/23 918/22
f 287/26 926/27 925/25 286/24
f 288/28 927/29 926/27 287/26
f 919/30 928/31 927/29 288/28
f 289/32 929/33 928/31 919/30
f 920/34 930/35 929/33 289/32
f 290/36 931/37 930/35 920/34
f 291/16 932/15 931/37 290/36
f 921/14 933/38 944/39 932/15
f 922/18 934/40 933/41 921/19
f 923/21 935/42 934/40 922/18
f 924/23 936/43 935/42 923/21
f 925/25 937/44 936/43 924/23
f 926/27 938/45 937/44 925/25
f 927/29 939/46 938/45 926/27
f 928/31 940/47 939/46 927/29
f 929/33 941/48 940/47 928/31
f 930/35 942/49 941/48 929/33
f 931/37 943/50 942/49 930/35
f 932/15 944/39 943/50 931/37
f 933/38 945/51 956/52 944/39
f 934/40 946/53 945/54 933/41
f 935/42 947/55 946/53 934/40
f 936/43 948/56 947/55 935/42
f 937/44 949/57 948/56 936/43
f 938/45 950/58 949/57 937/44
f 939/46 951/59 950/58 938/45
f 940/47 952/60 951/59 939/46
f 941/48 953/61 952/60 940/47
f 942/49 954/62 953/61 941/48
f 943/50 955/63 954/62 942/49
f 944/39 956/52 955/63 943/50
f 945/51 957/64 968/65 956/52
f 946/53 958/66 957/67 945/54
f 947/55 959/68 958/66 946/53
f 948/56 960/69 959/68 947/55
f 949/57 961/70 960/69 948/56
f 950/58 962/71 961/70 949/57
f 951/59 963/72 962/71 950/58
f 952/60 964/73 963/72 951/59
f 953/61 965/74 964/73 952/60
f 954/62 966/75 965/74 953/61
f 955/63 967/76 966/75 954/62
f 956/52 968/65 967/76 955/63
f 957/64 969/77 980/78 968/65
f 958/66 970/79 969/80 957/67
f 959/68 971/81 970/79 958/66
f 960/69 972/82 971/81 959/68
f 961/70 973/83 972/82 960/69
f 962/71 974/84 973/83 961/70
f 963/72 975/85 974/84 962/71
f 964/73 976/86 975/85 963/72
f 965/74 977/87 976/86 964/73
f 966/75 978/88 977/87 965/74
f 967/76 979/89 978/88 966/75
f 968/65 980/78 979/89 967/76
f 969/77 981/90 992/91 980/78
f 970/79 982/92 981/93 969/80
f 971/81 983/94 982/92 970/79
f 972/82 984/95 983/94 971/81
f 973/83 985/96 984/95 972/82
f 974/84 986/97 985/96 973/83
f 975/85 987/98 986/97 974/84
f 976/86 988/99 987/98 975/85
f 977/87 989/100 988/99 976/86
f 978/88 990/101 989/100 977/87
f 979/89 991/102 990/101 978/88
f 980/78 992/91 991/102 979/89
f 981/90 993/103 1004/104 992/91
f 982/92 994/105 993/106 981/93
f 983/94 995/107 994/105 982/92
f 984/95 996/108 995/107 983/94
f 985/96 997/109 996/108 984/95
f 986/97 998/110 997/109 985/96
f 987/98 999/111 998/110 986/97
f 988/99 1000/112 999/111 987/98
f 989/100 1001/113 1000/112 988/99
f 990/101 1002/114 1001/113 989/100
f 991/102 1003/115 1002/114 990/101
f 992/91 1004/104 1003/115 991/102
f 993/103 1005/116 1016/117 1004/104
f 994/105 1006/118 1005/119 993/106
f 995/107 1007/120 1006/118 994/105
f 996/108 1008/121 1007/120 995/107
f 997/109 1009/122 1008/121 996/108
f 998/110 1010/123 1009/122 997/109
f 999/111 1011/124 1010/123 998/110
f 1000/112 1012/125 1011/124 999/111
f 1001/113 1013/126 1012/125 1000/112
f 1002/114 1014/127 1013/126 1001/113
f 1003/115 1015/128 1014/127 1002/114
f 1004/104 1016/117 1015/128 1003/115
f 1005/116 1017/129 1028/130 1016/117
f 1006/118 1018/131 1017/132 1005/119
f 1007/120 1019/133 1018/131 1006/118
f 1008/121 1020/134 1019/133 1007/120
f 1009/122 1021/135 1020/134 1008/121
f 1010/123 1022/136 1021/135 1009/122
f 1011/124 1023/137 1022/136 1010/123
f 1012/125 1024/138 1023/137 1011/124
f 1013/126 1025/139 1024/138 1012/125
f 1014/127 1026/140 1025/139 1013/126
f 1015/128 1027/141 1026/140 1014/127
f 1016/117 1028/130 1027/141 1015/128
f 1017/129 1029/142 1040/143 1028/130
f 1018/131 1030/144 1029/145 1017/132
f 1019/133 1031/146 1030/144 1018/131
f 1020/134 1032/147 1031/146 1019/133
f 1021/135 1033/148 1032/147 1020/134
f 1022/136 1034/149 1033/148 1021/135
f 1023/137 1035/150 1034/149 1022/136
f 1024/138 1036/151 1035/150 1023/137
f 1025/139 1037/152 1036/151 1024/138
f 1026/140 1038/153 1037/152 1025/139
f 1027/141 1039/154 1038/153 1026/140
f 1028/130 1040/143 1039/154 1027/141
f 1029/142 1041/155 1052/156 1040/143
f 1030/144 1042/157 1041/158 1029/145
f 1031/146 1043/159 1042/157 1030/144
f 1032/147 1044/160 1043/159 1031/146
f 1033/148 1045/161 1044/160 1032/147
f 1034/149 1046/162 1045/161 1033/148
f 1035/150 1047/163 1046/162 1034/149
f 1036/151 1048/164 1047/163 1035/150
f 1037/152 1049/165 1048/164 1036/151
f 1038/153 1050/166 1049/165 1037/152
f 1039/154 1051/167 1050/166 1038/153
f 1040/143 1052/156 1051/167 1039/154
f 1041/155 1053/168 284/169 1052/156
f 1042/157 1054/170 1053/6 1041/158
f 1043/159 1055/171 1054/170 1042/157
f 1044/160 1056/172 1055/171 1043/159
f 1045/161 1057/173 1056/172 1044/160
f 1046/162 1058/174 1057/173 1045/161
f 1047/163 1059/175 1058/174 1046/162
f 1048/164 281/176 1059/175 1047/163
f 1049/165 282/177 281/176 1048/164
f 1050/166 283/178 282/177 1049/165
f 1051/167 1060/179 283/178 1050/166
f 1052/156 284/169 1060/179 1051/167
f 1061/13 1067/14 1078/15 1066/16
f 275/17 1068/18 1067/19 1061/8
f 276/20 1069/21 1068/18 275/17
f 277/22 1070/23 1069/21 276/20
f 278/24 1071/25 1070/23 277/22
f 1062/26 1072/27 1071/25 278/24
f 279/28 1073/29 1072/27 1062/26
f 1063/30 1074/31 1073/29 279/28
f 280/32 1075/33 1074/31 1063/30
f 1064/34 1076/35 1075/33 280/32
f 1065/36 1077/37 1076/35 1064/34
f 1066/16 1078/15 1077/37 1065/36
f 1067/14 1079/38 1090/39 1078/15
f 1068/18 1080/40 1079/41 1067/19
f 1069/21 1081/42 1080/40 1068/18
f 1070/23 1082/43 1081/42 1069/21
f 1071/25 1083/44 1082/43 1070/23
f 1072/27 1084/45 1083/44 1071/25
f 1073/29 1085/46 1084/45 1072/27
f 1074/31 1086/47 1085/46 1073/29
f 1075/33 1087/48 1086/47 1074/31
f 1076/35 1088/49 1087/48 1075/33
f 1077/37 1089/50 1088/49 1076/35
f 1078/15 1090/39 1089/50 1077/37
f 1079/38 1091/51 1102/52 1090/39
f 1080/40 1092/53 1091/54 1079/41
f 1081/42 1093/55 1092/53 1080/40
f 1082/43 1094/56 1093/55 1081/42
f 1083/44 1095/57 1094/56 1082/43
f 1084/45 1096/58 1095/57 1083/44
f 1085/46 1097/59 1096/58 1084/45
f 1086/47 1098/60 1097/59 1085/46
f 1087/48 1099/61 1098/60 1086/47
f 1088/49 1100/62 1099/61 1087/48
f 1089/50 1101/63 1100/62 1088/49
f 1090/39 1102/52 1101/63 1089/50
f 1091/51 1103/64 1114/65 1102/52
f 1092/53 1104/66 1103/67 1091/54
f 1093/55 1105/68 1104/66 1092/53
f 1094/56 1106/69 1105/68 1093/55
f 1095/57 1107/70 1106/69 1094/56
f 1096/58 1108/71 1107/70 1095/57
f 1097/59 1109/72 1108/71 1096/58
f 1098/60 1110/73 1109/72 1097/59
f 1099/61 1111/74 1110/73 1098/60
f 1100/62 1112/75 1111/74 1099/61
f 1101/63 1113/76 1112/75 1100/62
f 1102/52 1114/65 1113/76 1101/63
f 1103/64 1115/77 1126/78 1114/65
f 1104/66 1116/79 1115/80 1103/67
f 1105/68 1117/81 1116/79 1104/66
f 1106/69 1118/82 1117/81 1105/68
f 1107/70 1119/83 1118/82 1106/69
f 1108/71 1120/84 1119/83 1107/70
f 1109/72 1121/85 1120/84 1108/71
f 1110/73 1122/86 1121/85 1109/72
f 1111/74 1123/87 1122/86 1110/73
f 1112/75 1124/88 1123/87 1111/74
f 1113/76 1125/89 1124/88 1112/75
f 1114/65 1126/78 1125/89 1113/76
f 1115/77 1127/90 1138/91 1126/78
f 1116/79 1128/92 1127/93 1115/80
f 1117/81 1129/94 1128/92 1116/79
f 1118/82 1130/95 1129/94 1117/81
f 1119/83 1131/96 1130/95 1118/82
f 1120/84 1132/97 1131/96 1119/83
f 1121/85 1133/98 1132/97 1120/84
f 1122/86 1134/99 1133/98 1121/85
f 1123/87 1135/100 1134/99 1122/86
f 1124/88 1136/101 1135/100 1123/87
f 1125/89 1137/102 1136/101 1124/88
f 1126/78 1138/91 1137/102 1125/89
f 1127/90 1139/103 1150/104 1138/91
f 1128/92 1140/105 1139/106 1127/93
f 1129/94 1141/107 1140/105 1128/92
f 1130/95 1142/108 1141/107 1129/94
f 1131/96 1143/109 1142/108 1130/95
f 1132/97 1144/110 1143/109 1131/96
f 1133/98 1145/111 1144/110 1132/97
f 1134/99 1146/112 1145/111 1133/98
f 1135/100 1147/113 1146/112 1134/99
f 1136/101 1148/114 1147/113 1135/100
f 1137/102 1149/115 1148/114 1136/101
f 1138/91 1150/104 1149/115 1137/102
f 1139/103 1151/116 1162/117 1150/104
f 1140/105 1152/118 1151/119 1139/106
f 1141/107 1153/120 1152/118 1140/105
f 1142/108 1154/121 1153/120 1141/107
f 1143/109 1155/122 1154/121 1142/108
f 1144/110 1156/123 1155/122 1143/109
f 1145/111 1157/124 1156/123 1144/110
f 1146/112 1158/125 1157/124 1145/111
f 1147/113 1159/126 1158/125 1146/112
f 1148/114 1160/127 1159/126 1147/113
f 1149/115 1161/128 1160/127 1148/114
f 1150/104 1162/117 1161/128 1149/115
f 1151/116 1163/129 1174/130 1162/117
f 1152/118 1164/131 1163/132 1151/119
f 1153/120 1165/133 1164/131 1152/118
f 1154/121 1166/134 1165/133 1153/120
f 1155/122 1167/135 1166/134 1154/121
f 1156/123 1168/136 1167/135 1155/122
f 1157/124 1169/137 1168/136 1156/123
f 1158/125 1170/138 1169/137 1157/124
f 1159/126 1171/139 1170/138 1158/125
f 1160/127 1172/140 1171/139 1159/126
f 1161/128 1173/141 1172/140 1160/127
f 1162/117 1174/130 1173/141 1161/128
f 1163/129 1175/142 1186/143 1174/130
f 1164/131 1176/144 1175/145 1163/132
f 1165/133 1177/146 1176/144 1164/131
f 1166/134 1178/147 1177/146 1165/133
f 1167/135 1179/148 1178/147 1166/134
f 1168/136 1180/149 1179/148 1167/135
f 1169/137 1181/150 1180/149 1168/136
f 1170/138 1182/151 1181/150 1169/137
f 1171/139 1183/152 1182/151 1170/138
f 1172/140 1184/153 1183/152 1171/139
f 1173/141 1185/154 1184/153 1172/140
f 1174/130 1186/143 1185/154 1173/141
f 1175/142 1187/155 1198/156 1186/143
f 1176/144 1188/157 1187/158 1175/145
f 1177/146 1189/159 1188/157 1176/144
f 1178/147 1190/160 1189/159 1177/146
f 1179/148 1191/161 1190/160 1178/147
f 1180/149 1192/162 1191/161 1179/148
f 1181/150 1193/163 1192/162 1180/149
f 1182/151 1194/164 1193/163 1181/150
f 1183/152 1195/165 1194/164 1182/151
f 1184/153 1196/166 1195/165 1183/152
f 1185/154 1197/167 1196/166 1184/153
f 1186/143 1198/156 1197/167 1185/154
f 1187/155 1199/168 274/169 1198/156
f 1188/157 1200/170 1199/6 1187/158
f 1189/159 269/171 1200/170 1188/157
f 1190/160 270/172 269/171 1189/159
f 1191/161 1201/173 270/172 1190/160
f 1192/162 271/174 1201/173 1191/161
f 1193/163 1202/175 271/174 1192/162
f 1194/164 272/176 1202/175 1193/163
f 1195/165 1203/177 272/176 1194/164
f 1196/166 1204/178 1203/177 1195/165
f 1197/167 273/179 1204/178 1196/166
f 1198/156 274/169 273/179 1197/167
f 261/13 1209/14 1220/15 1208/16
f 1205/17 1210/18 1209/19 261/8
f 262/20 1211/21 1210/18 1205/17
f 263/22 1212/23 1211/21 262/20
f 264/24 1213/25 1212/23 263/22
f 1206/26 1214/27 1213/25 264/24
f 265/28 1215/29 1214/27 1206/26
f 266/30 1216/31 1215/29 265/28
f 267/32 1217/33 1216/31 266/30
f 1207/34 1218/35 1217/33 267/32
f 268/36 1219/37 1218/35 1207/34
f 1208/16 1220/15 1219/37 268/36
f 1209/14 1221/38 1232/39 1220/15
f 1210/18 1222/40 1221/41 1209/19
f 1211/21 1223/42 1222/40 1210/18
f 1212/23 1224/43 1223/42 1211/21
f 1213/25 1225/44 1224/43 1212/23
f 1214/27 1226/45 1225/44 1213/25
f 1215/29 1227/46 1226/45 1214/27
f 1216/31 1228/47 1227/46 1215/29
f 1217/33 1229/48 1228/47 1216/31
f 1218/35 1230/49 1229/48 1217/33
f 1219/37 1231/50 1230/49 1218/35
f 1220/15 1232/39 1231/50 1219/37
f 1221/38 1233/51 1244/52 1232/39
f 1222/40 1234/53 1233/54 1221/41
f 1223/42 1235/55 1234/53 1222/40
f 1224/43 1236/56 1235/55 1223/42
f 1225/44 1237/57 1236/56 1224/43
f 1226/45 1238/58 1237/57 1225/44
f 1227/46 1239/59 1238/58 1226/45
f 1228/47 1240/60 1239/59 1227/46
f 1229/48 1241/61 1240/60 1228/47
f 1230/49 1242/62 1241/61 1229/48
f 1231/50 1243/63 1242/62 1230/49
f 1232/39 1244/52 1243/63 1231/50
f 1233/51 1245/64 1256/65 1244/52
f 1234/53 1246/66 1245/67 1233/54
f 1235/55 1247/68 1246/66 1234/53
f 1236/56 1248/69 1247/68 1235/55
f 1237/57 1249/70 1248/69 1236/56
f 1238/58 1250/71 1249/70 1237/57
f 1239/59 1251/72 1250/71 1238/58
f 1240/60 1252/73 1251/72 1239/59
f 1241/61 1253/74 1252/73 1240/60
f 1242/62 1254/75 1253/74 1241/61
f 1243/63 1255/76 1254/75 1242/62
f 1244/52 1256/65 1255/76 1243/63
f 1245/64 1257/77 1268/78 1256/65
f 1246/66 1258/79 1257/80 1245/67
f 1247/68 1259/81 1258/79 1246/66
f 1248/69 1260/82 1259/81 1247/68
f 1249/70 1261/83 1260/82 1248/69
f 1250/71 1262/84 1261/83 1249/70
f 1251/72 1263/85 1262/84 1250/71
f 1252/73 1264/86 1263/85 1251/72
f 1253/74 1265/87 1264/86 1252/73
f 1254/75 1266/88 1265/87 1253/74
f 1255/76 1267/89 1266/88 1254/75
f 1256/65 1268/78 1267/89 1255/76
f 1257/77 1269/90 1280/91 1268/78
f 1258/79 1270/92 1269/93 1257/80
f 1259/81 1271/94 1270/92 1258/79
f 1260/82 1272/95 1271/94 1259/81
f 1261/83 1273/96 1272/95 1260/82
f 1262/84 1274/97 1273/96 1261/83
f 1263/85 1275/98 1274/97 1262/84
f 1264/86 1276/99 1275/98 1263/85
f 1265/87 1277/100 1276/99 1264/86
f 1266/88 1278/101 1277/100 1265/87
f 1267/89 1279/102 1278/101 1266/88
f 1268/78 1280/91 1279/102 1267/89
f 1269/90 1281/103 1292/104 1280/91
f 1270/92 1282/105 1281/106 1269/93
f 1271/94 1283/107 1282/105 1270/92
f 1272/95 1284/108 1283/107 1271/94
f 1273/96 1285/109 1284/108 1272/95
f 1274/97 1286/110 1285/109 1273/96
f 1275/98 1287/111 1286/110 1274/97
f 1276/99 1288/112 1287/111 1275/98
f 1277/100 1289/113 1288/112 1276/99
f 1278/101 1290/114 1289/113 1277/100
f 1279/102 1291/115 1290/114 1278/101
f 1280/91 1292/104 1291/115 1279/102
f 1281/103 1293/116 1304/117 1292/104
f 1282/105 1294/118 1293/119 1281/106
f 1283/107 1295/120 1294/118 1282/105
f 1284/108 1296/121 1295/120 1283/107
f 1285/109 1297/122 1296/121 1284/108
f 1286/110 1298/123 1297/122 1285/109
f 1287/111 1299/124 1298/123 1286/110
f 1288/112 1300/125 1299/124 1287/111
f 1289/113 1301/126 1300/125 1288/112
f 1290/114 1302/127 1301/126 1289/113
f 1291/115 1303/128 1302/127 1290/114
f 1292/104 1304/117 1303/128 1291/115
f 1293/116 1305/129 1316/130 1304/117
f 1294/118 1306/131 1305/132 1293/119
f 1295/120 1307/133 1306/131 1294/118
f 1296/121 1308/134 1307/133 1295/120
f 1297/122 1309/135 1308/134 1296/121
f 1298/123 1310/136 1309/135 1297/122
f 1299/124 1311/137 1310/136 1298/123
f 1300/125 1312/138 1311/137 1299/124
f 1301/126 1313/139 1312/138 1300/125
f 1302/127 1314/140 1313/139 1301/126
f 1303/128 1315/141 1314/140 1302/127
f 1304/117 1316/130 1315/141 1303/128
f 1305/129 1317/142 1328/143 1316/130
f 1306/131 1318/144 1317/145 1305/132
f 1307/133 1319/146 1318/144 1306/131
f 1308/134 1320/147 1319/146 1307/133
f 1309/135 1321/148 1320/147 1308/134
f 1310/136 1322/149 1321/148 1309/135
f 1311/137 1323/150 1322/149 1310/136
f 1312/138 1324/151 1323/150 1311/137
f 1313/139 1325/152 1324/151 1312/138
f 1314/140 1326/153 1325/152 1313/139
f 1315/141 1327/154 1326/153 1314/140
f 1316/130 1328/143 1327/154 1315/141
f 1317/142 1329/155 1340/156 1328/143
f 1318/144 1330/157 1329/158 1317/145
f 1319/146 1331/159 1330/157 1318/144
f 1320/147 1332/160 1331/159 1319/146
f 1321/148 1333/161 1332/160 1320/147
f 1322/149 1334/162 1333/161 1321/148
f 1323/150 1335/163 1334/162 1322/149
f 1324/151 1336/164 1335/163 1323/150
f 1325/152 1337/165 1336/164 1324/151
f 1326/153 1338/166 1337/165 1325/152
f 1327/154 1339/167 1338/166 1326/153
f 1328/143 1340/156 1339/167 1327/154
f 1329/155 1341/168 260/169 1340/156
f 1330/157 255/170 1341/6 1329/158
f 1331/159 1342/171 255/170 1330/157
f 1332/160 1343/172 1342/171 1331/159
f 1333/161 256/173 1343/172 1332/160
f 1334/162 1344/174 256/173 1333/161
f 1335/163 257/175 1344/174 1334/162
f 1336/164 258/176 257/175 1335/163
f 1337/165 259/177 258/176 1336/164
f 1338/166 1345/178 259/177 1337/165
f 1339/167 1346/179 1345/178 1338/166
f 1340/156 260/169 1346/179 1339/167
f 1347/13 1354/14 1365/15 1353/16
f 250/17 1355/18 1354/19 1347/8
f 251/20 1356/21 1355/18 250/17
f 1348/22 1357/23 1356/21 251/20
f 1349/24 1358/25 1357/23 1348/22
f 252/26 1359/27 1358/25 1349/24
f 1350/28 1360/29 1359/27 252/26
f 1351/30 1361/31 1360/29 1350/28
f 253/32 1362/33 1361/31 1351/30
f 1352/34 1363/35 1362/33 253/32
f 254/36 1364/37 1363/35 1352/34
f 1353/16 1365/15 1364/37 254/36
f 1354/14 1366/38 1377/39 1365/15
f 1355/18 1367/40 1366/41 1354/19
f 1356/21 1368/42 1367/40 1355/18
f 1357/23 1369/43 1368/42 1356/21
f 1358/25 1370/44 1369/43 1357/23
f 1359/27 1371/45 1370/44 1358/25
f 1360/29 1372/46 1371/45 1359/27
f 1361/31 1373/47 1372/46 1360/29
f 1362/33 1374/48 1373/47 1361/31
f 1363/35 1375/49 1374/48 1362/33
f 1364/37 1376/50 1375/49 1363/35
f 1365/15 1377/39 1376/50 1364/37
f 1366/38 1378/51 1389/52 1377/39
f 1367/40 1379/53 1378/54 1366/41
f 1368/42 1380/55 1379/53 1367/40
f 1369/43 1381/56 1380/55 1368/42
f 1370/44 1382/57 1381/56 1369/43
f 1371/45 1383/58 1382/57 1370/44
f 1372/46 1384/59 1383/58 1371/45
f 1373/47 1385/60 1384/59 1372/46
f 1374/48 1386/61 1385/60 1373/47
f 1375/49 1387/62 1386/61 1374/48
f 1376/50 1388/63 1387/62 1375/49
f 1377/39 1389/52 1388/63 1376/50
f 1378/51 1390/64 1401/65 1389/52
f 1379/53 1391/66 1390/67 1378/54
f 1380/55 1392/68 1391/66 1379/53
f 1381/56 1393/69 1392/68 1380/55
f 1382/57 1394/70 1393/69 1381/56
f 1383/58 1395/71 1394/70 1382/57
f 1384/59 1396/72 1395/71 1383/58
f 1385/60 1397/73 1396/72 1384/59
f 1386/61 1398/74 1397/73 1385/60
f 1387/62 1399/75 1398/74 1386/61
f 1388/63 1400/76 1399/75 1387/62
f 1389/52 1401/65 1400/76 1388/63
f 1390/64 1402/77 1413/78 1401/65
f 1391/66 1403/79 1402/80 1390/67
f 1392/68 1404/81 1403/79 1391/66
f 1393/69 1405/82 1404/81 1392/68
f 1394/70 1406/83 1405/82 1393/69
f 1395/71 1407/84 1406/83 1394/70
f 1396/72 1408/85 1407/84 1395/71
f 1397/73 1409/86 1408/85 1396/72
f 1398/74 1410/87 1409/86 1397/73
f 1399/75 1411/88 1410/87 1398/74
f 1400/76 1412/89 1411/88 1399/75
f 1401/65 1413/78 1412/89 1400/76
f 1402/77 1414/90 1425/91 1413/78
f 1403/79 1415/92 1414/93 1402/80
f 1404/81 1416/94 1415/92 1403/79
f 1405/82 1417/95 1416/94 1404/81
f 1406/83 1418/96 1417/95 1405/82
f 1407/84 1419/97 1418/96 1406/83
f 1408/85 1420/98 1419/97 1407/84
f 1409/86 1421/99 1420/98 1408/85
f 1410/87 1422/100 1421/99 1409/86
f 1411/88 1423/101 1422/100 1410/87
f 1412/89 1424/102 1423/101 1411/88
f 1413/78 1425/91 1424/102 1412/89
f 1414/90 1426/103 1437/104 1425/91
f 1415/92 1427/105 1426/106 1414/93
f 1416/94 1428/107 1427/105 1415/92
f 1417/95 1429/108 1428/107 1416/94
f 1418/96 1430/109 1429/108 1417/95
f 1419/97 1431/110 1430/109 1418/96
f 1420/98 1432/111 1431/110 1419/97
f 1421/99 1433/112 1432/111 1420/98
f 1422/100 1434/113 1433/112 1421/99
f 1423/101 1435/114 1434/113 1422/100
f 1424/102 1436/115 1435/114 1423/101
f 1425/91 1437/104 1436/115 1424/102
f 1426/103 1438/116 1449/117 1437/104
f 1427/105 1439/118 1438/119 1426/106
f 1428/107 1440/120 1439/118 1427/105
f 1429/108 1441/121 1440/120 1428/107
f 1430/109 1442/122 1441/121 1429/108
f 1431/110 1443/123 1442/122 1430/109
f 1432/111 1444/124 1443/123 1431/110
f 1433/112 1445/125 1444/124 1432/111
f 1434/113 1446/126 1445/125 1433/112
f 1435/114 1447/127 1446/126 1434/113
f 1436/115 1448/128 1447/127 1435/114
f 1437/104 1449/117 1448/128 1436/115
f 1438/116 1450/129 1461/130 1449/117
f 1439/118 1451/131 1450/132 1438/119
f 1440/120 1452/133 1451/131 1439/118
f 1441/121 1453/134 1452/133 1440/120
f 1442/122 1454/135 1453/134 1441/121
f 1443/123 1455/136 1454/135 1442/122
f 1444/124 1456/137 1455/136 1443/123
f 1445/125 1457/138 1456/137 1444/124
f 1446/126 1458/139 1457/138 1445/125
f 1447/127 1459/140 1458/139 1446/126
f 1448/128 1460/141 1459/140 1447/127
f 1449/117 1461/130 1460/141 1448/128
f 1450/129 1462/142 1473/143 1461/130
f 1451/131 1463/144 1462/145 1450/132
f 1452/133 1464/146 1463/144 1451/131
f 1453/134 1465/147 1464/146 1452/133
f 1454/135 1466/148 1465/147 1453/134
f 1455/136 1467/149 1466/148 1454/135
f 1456/137 1468/150 1467/149 1455/136
f 1457/138 1469/151 1468/150 1456/137
f 1458/139 1470/152 1469/151 1457/138
f 1459/140 1471/153 1470/152 1458/139
f 1460/141 1472/154 1471/153 1459/140
f 1461/130 1473/143 1472/154 1460/141
f 1462/142 1474/155 1485/156 1473/143
f 1463/144 1475/157 1474/158 1462/145
f 1464/146 1476/159 1475/157 1463/144
f 1465/147 1477/160 1476/159 1464/146
f 1466/148 1478/161 1477/160 1465/147
f 1467/149 1479/162 1478/161 1466/148
f 1468/150 1480/163 1479/162 1467/149
f 1469/151 1481/164 1480/163 1468/150
f 1470/152 1482/165 1481/164 1469/151
f 1471/153 1483/166 1482/165 1470/152
f 1472/154 1484/167 1483/166 1471/153
f 1473/143 1485/156 1484/167 1472/154
f 1474/155 240/168 249/169 1485/156
f 1475/157 241/170 240/6 1474/158
f 1476/159 242/171 241/170 1475/157
f 1477/160 243/172 242/171 1476/159
f 1478/161 244/173 243/172 1477/160
f 1479/162 245/174 244/173 1478/161
f 1480/163 1486/175 245/174 1479/162
f 1481/164 246/176 1486/175 1480/163
f 1482/165 247/177 246/176 1481/164
f 1483/166 1487/178 247/177 1482/165
f 1484/167 248/179 1487/178 1483/166
f 1485/156 249/169 248/179 1484/167
f 1488/13 1498/14 1509/15 1497/16
f 1489/17 1499/18 1498/19 1488/8
f 1490/20 1500/21 1499/18 1489/17
f 1491/22 1501/23 1500/21 1490/20
f 1492/24 1502/25 1501/23 1491/22
f 1493/26 1503/27 1502/25 1492/24
f 1494/28 1504/29 1503/27 1493/26
f 1495/30 1505/31 1504/29 1494/28
f 1496/32 1506/33 1505/31 1495/30
f 238/34 1507/35 1506/33 1496/32
f 239/36 1508/37 1507/35 238/34
f 1497/16 1509/15 1508/37 239/36
f 1498/14 1510/38 1521/39 1509/15
f 1499/18 1511/40 1510/41 1498/19
f 1500/21 1512/42 1511/40 1499/18
f 1501/23 1513/43 1512/42 1500/21
f 1502/25 1514/44 1513/43 1501/23
f 1503/27 1515/45 1514/44 1502/25
f 1504/29 1516/46 1515/45 1503/27
f 1505/31 1517/47 1516/46 1504/29
f 1506/33 1518/48 1517/47 1505/31
f 1507/35 1519/49 1518/48 1506/33
f 1508/37 1520/50 1519/49 1507/35
f 1509/15 1521/39 1520/50 1508/37
f 1510/38 1522/51 1533/52 1521/39
f 1511/40 1523/53 1522/54 1510/41
f 1512/42 1524/55 1523/53 1511/40
f 1513/43 1525/56 1524/55 1512/42
f 1514/44 1526/57 1525/56 1513/43
f 1515/45 1527/58 1526/57 1514/44
f 1516/46 1528/59 1527/58 1515/45
f 1517/47 1529/60 1528/59 1516/46
f 1518/48 1530/61 1529/60 1517/47
f 1519/49 1531/62 1530/61 1518/48
f 1520/50 1532/63 1531/62 1519/49
f 1521/39 1533/52 1532/63 1520/50
f 1522/51 1534/64 1545/65 1533/52
f 1523/53 1535/66 1534/67 1522/54
f 1524/55 1536/68 1535/66 1523/53
f 1525/56 1537/69 1536/68 1524/55
f 1526/57 1538/70 1537/69 1525/56
f 1527/58 1539/71 1538/70 1526/57
f 1528/59 1540/72 1539/71 1527/58
f 1529/60 1541/73 1540/72 1528/59
f 1530/61 1542/74 1541/73 1529/60
f 1531/62 1543/75 1542/74 1530/61
f 1532/63 1544/76 1543/75 1531/62
f 1533/52 1545/65 1544/76 1532/63
f 1534/64 1546/77 1557/78 1545/65
f 1535/66 1547/79 1546/80 1534/67
f 1536/68 1548/81 1547/79 1535/66
f 1537/69 1549/82 1548/81 1536/68
f 1538/70 1550/83 1549/82 1537/69
f 1539/71 1551/84 1550/83 1538/70
f 1540/72 1552/85 1551/84 1539/71
f 1541/73 1553/86 1552/85 1540/72
f 1542/74 1554/87 1553/86 1541/73
f 1543/75 1555/88 1554/87 1542/74
f 1544/76 1556/89 1555/88 1543/75
f 1545/65 1557/78 1556/89 1544/76
f 1546/77 1558/90 1569/91 1557/78
f 1547/79 1559/92 1558/93 1546/80
f 1548/81 1560/94 1559/92 1547/79
f 1549/82 1561/95 1560/94 1548/81
f 1550/83 1562/96 1561/95 1549/82
f 1551/84 1563/97 1562/96 1550/83
f 1552/85 1564/98 1563/97 1551/84
f 1553/86 1565/99 1564/98 1552/85
f 1554/87 1566/100 1565/99 1553/86
f 1555/88 1567/101 1566/100 1554/87
f 1556/89 1568/102 1567/101 1555/88
f 1557/78 1569/91 1568/102 1556/89
f 1558/90 1570/103 1581/104 1569/91
f 1559/92 1571/105 1570/106 1558/93
f 1560/94 1572/107 1571/105 1559/92
f 1561/95 1573/108 1572/107 1560/94
f 1562/96 1574/109 1573/108 1561/95
f 1563/97 1575/110 1574/109 1562/96
f 1564/98 1576/111 1575/110 1563/97
f 1565/99 1577/112 1576/111 1564/98
f 1566/100 1578/113 1577/112 1565/99
f 1567/101 1579/114 1578/113 1566/100
f 1568/102 1580/115 1579/114 1567/101
f 1569/91 1581/104 1580/115 1568/102
f 1570/103 1582/116 1593/117 1581/104
f 1571/105 1583/118 1582/119 1570/106
f 1572/107 1584/120 1583/118 1571/105
f 1573/108 1585/121 1584/120 1572/107
f 1574/109 1586/122 1585/121 1573/108
f 1575/110 1587/123 1586/122 1574/109
f 1576/111 1588/124 1587/123 1575/110
f 1577/112 1589/125 1588/124 1576/111
f 1578/113 1590/126 1589/125 1577/112
f 1579/114 1591/127 1590/126 1578/113
f 1580/115 1592/128 1591/127 1579/114
f 1581/104 1593/117 1592/128 1580/115
f 1582/116 1594/129 1605/130 1593/117
f 1583/118 1595/131 1594/132 1582/119
f 1584/120 1596/133 1595/131 1583/118
f 1585/121 1597/134 1596/133 1584/120
f 1586/122 1598/135 1597/134 1585/121
f 1587/123 1599/136 1598/135 1586/122
f 1588/124 1600/137 1599/136 1587/123
f 1589/125 1601/138 1600/137 1588/124
f 1590/126 1602/139 1601/138 1589/125
f 1591/127 1603/140 1602/139 1590/126
f 1592/128 1604/141 1603/140 1591/127
f 1593/117 1605/130 1604/141 1592/128
f 1594/129 1606/142 1617/143 1605/130
f 1595/131 1607/144 1606/145 1594/132
f 1596/133 1608/146 1607/144 1595/131
f 1597/134 1609/147 1608/146 1596/133
f 1598/135 1610/148 1609/147 1597/134
f 1599/136 1611/149 1610/148 1598/135
f 1600/137 1612/150 1611/149 1599/136
f 1601/138 1613/151 1612/150 1600/137
f 1602/139 1614/152 1613/151 1601/138
f 1603/140 1615/153 1614/152 1602/139
f 1604/141 1616/154 1615/153 1603/140
f 1605/130 1617/143 1616/154 1604/141
f 1606/142 1618/155 1629/156 1617/143
f 1607/144 1619/157 1618/158 1606/145
f 1608/146 1620/159 1619/157 1607/144
f 1609/147 1621/160 1620/159 1608/146
f 1610/148 1622/161 1621/160 1609/147
f 1611/149 1623/162 1622/161 1610/148
f 1612/150 1624/163 1623/162 1611/149
f 1613/151 1625/164 1624/163 1612/150
f 1614/152 1626/165 1625/164 1613/151
f 1615/153 1627/166 1626/165 1614/152
f 1616/154 1628/167 1627/166 1615/153
f 1617/143 1629/156 1628/167 1616/154
f 1618/155 1630/168 1635/169 1629/156
f 1619/157 1631/170 1630/6 1618/158
f 1620/159 232/171 1631/170 1619/157
f 1621/160 233/172 232/171 1620/159
f 1622/161 1632/173 233/172 1621/160
f 1623/162 234/174 1632/173 1622/161
f 1624/163 235/175 234/174 1623/162
f 1625/164 1633/176 235/175 1624/163
f 1626/165 236/177 1633/176 1625/164
f 1627/166 1634/178 236/177 1626/165
f 1628/167 237/179 1634/178 1627/166
f 1629/156 1635/169 237/179 1628/167
f 226/13 1642/14 1653/15 231/16
f 1636/17 1643/18 1642/19 226/8
f 1637/20 1644/21 1643/18 1636/17
f 227/22 1645/23 1644/21 1637/20
f 1638/24 1646/25 1645/23 227/22
f 1639/26 1647/27 1646/25 1638/24
f 228/28 1648/29 1647/27 1639/26
f 1640/30 1649/31 1648/29 228/28
f 229/32 1650/33 1649/31 1640/30
f 1641/34 1651/35 1650/33 229/32
f 230/36 1652/37 1651/35 1641/34
f 231/16 1653/15 1652/37 230/36
f 1642/14 1654/38 1665/39 1653/15
f 1643/18 1655/40 1654/41 1642/19
f 1644/21 1656/42 1655/40 1643/18
f 1645/23 1657/43 1656/42 1644/21
f 1646/25 1658/44 1657/43 1645/23
f 1647/27 1659/45 1658/44 1646/25
f 1648/29 1660/46 1659/45 1647/27
f 1649/31 1661/47 1660/46 1648/29
f 1650/33 1662/48 1661/47 1649/31
f 1651/35 1663/49 1662/48 1650/33
f 1652/37 1664/50 1663/49 1651/35
f 1653/15 1665/39 1664/50 1652/37
f 1654/38 1666/51 1677/52 1665/39
f 1655/40 1667/53 1666/54 1654/41
f 1656/42 1668/55 1667/53 1655/40
f 1657/43 1669/56 1668/55 1656/42
f 1658/44 1670/57 1669/56 1657/43
f 1659/45 1671/58 1670/57 1658/44
f 1660/46 1672/59 1671/58 1659/45
f 1661/47 1673/60 1672/59 1660/46
f 1662/48 1674/61 1673/60 1661/47
f 1663/49 1675/62 1674/61 1662/48
f 1664/50 1676/63 1675/62 1663/49
f 1665/39 1677/52 1676/63 1664/50
f 1666/51 1678/64 1689/65 1677/52
f 1667/53 1679/66 1678/67 1666/54
f 1668/55 1680/68 1679/66 1667/53
f 1669/56 1681/69 1680/68 1668/55
f 1670/57 1682/70 1681/69 1669/56
f 1671/58 1683/71 1682/70 1670/57
f 1672/59 1684/72 1683/71 1671/58
f 1673/60 1685/73 1684/72 1672/59
f 1674/61 1686/74 1685/73 1673/60
f 1675/62 1687/75 1686/74 1674/61
f 1676/63 1688/76 1687/75 1675/62
f 1677/52 1689/65 1688/76 1676/63
f 1678/64 1690/77 1701/78 1689/65
f 1679/66 1691/79 1690/80 1678/67
f 1680/68 1692/81 1691/79 1679/66
f 1681/69 1693/82 1692/81 1680/68
f 1682/70 1694/83 1693/82 1681/69
f 1683/71 1695/84 1694/83 1682/70
f 1684/72 1696/85 1695/84 1683/71
f 1685/73 1697/86 1696/85 1684/72
f 1686/74 1698/87 1697/86 1685/73
f 1687/75 1699/88 1698/87 1686/74
f 1688/76 1700/89 1699/88 1687/75
f 1689/65 1701/78 1700/89 1688/76
f 1690/77 1702/90 1713/91 1701/78
f 1691/79 1703/92 1702/93 1690/80
f 1692/81 1704/94 1703/92 1691/79
f 1693/82 1705/95 1704/94 1692/81
f 1694/83 1706/96 1705/95 1693/82
f 1695/84 1707/97 1706/96 1694/83
f 1696/85 1708/98 1707/97 1695/84
f 1697/86 1709/99 1708/98 1696/85
f 1698/87 1710/100 1709/99 1697/86
f 1699/88 1711/101 1710/100 1698/87
f 1700/89 1712/102 1711/101 1699/88
f 1701/78 1713/91 1712/102 1700/89
f 1702/90 1714/103 1725/104 1713/91
f 1703/92 1715/105 1714/106 1702/93
f 1704/94 1716/107 1715/105 1703/92
f 1705/95 1717/108 1716/107 1704/94
f 1706/96 1718/109 1717/108 1705/95
f 1707/97 1719/110 1718/109 1706/96
f 1708/98 1720/111 1719/110 1707/97
f 1709/99 1721/112 1720/111 1708/98
f 1710/100 1722/113 1721/112 1709/99
f 1711/101 1723/114 1722/113 1710/100
f 1712/102 1724/115 1723/114 1711/101
f 1713/91 1725/104 1724/115 1712/102
f 1714/103 1726/116 1737/117 1725/104
f 1715/105 1727/118 1726/119 1714/106
f 1716/107 1728/120 1727/118 1715/105
f 1717/108 1729/121 1728/120 1716/107
f 1718/109 1730/122 1729/121 1717/108
f 1719/110 1731/123 1730/122 1718/109
f 1720/111 1732/124 1731/123 1719/110
f 1721/112 1733/125 1732/124 1720/111
f 1722/113 1734/126 1733/125 1721/112
f 1723/114 1735/127 1734/126 1722/113
f 1724/115 1736/128 1735/127 1723/114
f 1725/104 1737/117 1736/128 1724/115
f 1726/116 1738/129 1749/130 1737/117
f 1727/118 1739/131 1738/132 1726/119
f 1728/120 1740/133 1739/131 1727/118
f 1729/121 1741/134 1740/133 1728/120
f 1730/122 1742/135 1741/134 1729/121
f 1731/123 1743/136 1742/135 1730/122
f 1732/124 1744/137 1743/136 1731/123
f 1733/125 1745/138 1744/137 1732/124
f 1734/126 1746/139 1745/138 1733/125
f 1735/127 1747/140 1746/139 1734/126
f 1736/128 1748/141 1747/140 1735/127
f 1737/117 1749/130 1748/141 1736/128
f 1738/129 1750/142 1761/143 1749/130
f 1739/131 1751/144 1750/145 1738/132
f 1740/133 1752/146 1751/144 1739/131
f 1741/134 1753/147 1752/146 1740/133
f 1742/135 1754/148 1753/147 1741/134
f 1743/136 1755/149 1754/148 1742/135
f 1744/137 1756/150 1755/149 1743/136
f 1745/138 1757/151 1756/150 1744/137
f 1746/139 1758/152 1757/151 1745/138
f 1747/140 1759/153 1758/152 1746/139
f 1748/141 1760/154 1759/153 1747/140
f 1749/130 1761/143 1760/154 1748/141
f 1750/142 1762/155 1773/156 1761/143
f 1751/144 1763/157 1762/158 1750/145
f 1752/146 1764/159 1763/157 1751/144
f 1753/147 1765/160 1764/159 1752/146
f 1754/148 1766/161 1765/160 1753/147
f 1755/149 1767/162 1766/161 1754/148
f 1756/150 1768/163 1767/162 1755/149
f 1757/151 1769/164 1768/163 1756/150
f 1758/152 1770/165 1769/164 1757/151
f 1759/153 1771/166 1770/165 1758/152
f 1760/154 1772/167 1771/166 1759/153
f 1761/143 1773/156 1772/167 1760/154
f 1762/155 219/168 225/169 1773/156
f 1763/157 1774/170 219/6 1762/158
f 1764/159 220/171 1774/170 1763/157
f 1765/160 1775/172 220/171 1764/159
f 1766/161 1776/173 1775/172 1765/160
f 1767/162 1777/174 1776/173 1766/161
f 1768/163 221/175 1777/174 1767/162
f 1769/164 1778/176 221/175 1768/163
f 1770/165 222/177 1778/176 1769/164
f 1771/166 223/178 222/177 1770/165
f 1772/167 224/179 223/178 1771/166
f 1773/156 225/169 224/179 1772/167
f 1779/13 1785/14 1796/15 218/16
f 213/17 1786/18 1785/19 1779/8
f 214/20 1787/21 1786/18 213/17
f 1780/22 1788/23 1787/21 214/20
f 215/24 1789/25 1788/23 1780/22
f 1781/26 1790/27 1789/25 215/24
f 1782/28 1791/29 1790/27 1781/26
f 1783/30 1792/31 1791/29 1782/28
f 1784/32 1793/33 1792/31 1783/30
f 216/34 1794/35 1793/33 1784/32
f 217/36 1795/37 1794/35 216/34
f 218/16 1796/15 1795/37 217/36
f 1785/14 1797/38 1808/39 1796/15
f 1786/18 1798/40 1797/41 1785/19
f 1787/21 1799/42 1798/40 1786/18
f 1788/23 1800/43 1799/42 1787/21
f 1789/25 1801/44 1800/43 1788/23
f 1790/27 1802/45 1801/44 1789/25
f 1791/29 1803/46 1802/45 1790/27
f 1792/31 1804/47 1803/46 1791/29
f 1793/33 1805/48 1804/47 1792/31
f 1794/35 1806/49 1805/48 1793/33
f 1795/37 1807/50 1806/49 1794/35
f 1796/15 1808/39 1807/50 1795/37
f 1797/38 1809/51 1820/52 1808/39
f 1798/40 1810/53 1809/54 1797/41
f 1799/42 1811/55 1810/53 1798/40
f 1800/43 1812/56 1811/55 1799/42
f 1801/44 1813/57 1812/56 1800/43
f 1802/45 1814/58 1813/57 1801/44
f 1803/46 1815/59 1814/58 1802/45
f 1804/47 1816/60 1815/59 1803/46
f 1805/48 1817/61 1816/60 1804/47
f 1806/49 1818/62 1817/61 1805/48
f 1807/50 1819/63 1818/62 1806/49
f 1808/39 1820/52 1819/63 1807/50
f 1809/51 1821/64 1832/65 1820/52
f 1810/53 1822/66 1821/67 1809/54
f 1811/55 1823/68 1822/66 1810/53
f 1812/56 1824/69 1823/68 1811/55
f 1813/57 1825/70 1824/69 1812/56
f 1814/58 1826/71 1825/70 1813/57
f 1815/59 1827/72 1826/71 1814/58
f 1816/60 1828/73 1827/72 1815/59
f 1817/61 1829/74 1828/73 1816/60
f 1818/62 1830/75 1829/74 1817/61
f 1819/63 1831/76 1830/75 1818/62
f 1820/52 1832/65 1831/76 1819/63
f 1821/64 1833/77 1844/78 1832/65
f 1822/66 1834/79 1833/80 1821/67
f 1823/68 1835/81 1834/79 1822/66
f 1824/69 1836/82 1835/81 1823/68
f 1825/70 1837/83 1836/82 1824/69
f 1826/71 1838/84 1837/83 1825/70
f 1827/72 1839/85 1838/84 1826/71
f 1828/73 1840/86 1839/85 1827/72
f 1829/74 1841/87 1840/86 1828/73
f 1830/75 1842/88 1841/87 1829/74
f 1831/76 1843/89 1842/88 1830/75
f 1832/65 1844/78 1843/89 1831/76
f 1833/77 1845/90 1856/91 1844/78
f 1834/79 1846/92 1845/93 1833/80
f 1835/81 1847/94 1846/92 1834/79
f 1836/82 1848/95 1847/94 1835/81
f 1837/83 1849/96 1848/95 1836/82
f 1838/84 1850/97 1849/96 1837/83
f 1839/85 1851/98 1850/97 1838/84
f 1840/86 1852/99 1851/98 1839/85
f 1841/87 1853/100 1852/99 1840/86
f 1842/88 1854/101 1853/100 1841/87
f 1843/89 1855/102 1854/101 1842/88
f 1844/78 1856/91 1855/102 1843/89
f 1845/90 1857/103 1868/104 1856/91
f 1846/92 1858/105 1857/106 1845/93
f 1847/94 1859/107 1858/105 1846/92
f 1848/95 1860/108 1859/107 1847/94
f 1849/96 1861/109 1860/108 1848/95
f 1850/97 1862/110 1861/109 1849/96
f 1851/98 1863/111 1862/110 1850/97
f 1852/99 1864/112 1863/111 1851/98
f 1853/100 1865/113 1864/112 1852/99
f 1854/101 1866/114 1865/113 1853/100
f 1855/102 1867/115 1866/114 1854/101
f 1856/91 1868/104 1867/115 1855/102
f 1857/103 1869/116 1880/117 1868/104
f 1858/105 1870/118 1869/119 1857/106
f 1859/107 1871/120 1870/118 1858/105
f 1860/108 1872/121 1871/120 1859/107
f 1861/109 1873/122 1872/121 1860/108
f 1862/110 1874/123 1873/122 1861/109
f 1863/111 1875/124 1874/123 1862/110
f 1864/112 1876/125 1875/124 1863/111
f 1865/113 1877/126 1876/125 1864/112
f 1866/114 1878/127 1877/126 1865/113
f 1867/115 1879/128 1878/127 1866/114
f 1868/104 1880/117 1879/128 1867/115
f 1869/116 1881/129 1892/130 1880/117
f 1870/118 1882/131 1881/132 1869/119
f 1871/120 1883/133 1882/131 1870/118
f 1872/121 1884/134 1883/133 1871/120
f 1873/122 1885/135 1884/134 1872/121
f 1874/123 1886/136 1885/135 1873/122
f 1875/124 1887/137 1886/136 1874/123
f 1876/125 1888/138 1887/137 1875/124
f 1877/126 1889/139 1888/138 1876/125
f 1878/127 1890/140 1889/139 1877/126
f 1879/128 1891/141 1890/140 1878/127
f 1880/117 1892/130 1891/141 1879/128
f 1881/129 1893/142 1904/143 1892/130
f 1882/131 1894/144 1893/145 1881/132
f 1883/133 1895/146 1894/144 1882/131
f 1884/134 1896/147 1895/146 1883/133
f 1885/135 1897/148 1896/147 1884/134
f 1886/136 1898/149 1897/148 1885/135
f 1887/137 1899/150 1898/149 1886/136
f 1888/138 1900/151 1899/150 1887/137
f 1889/139 1901/152 1900/151 1888/138
f 1890/140 1902/153 1901/152 1889/139
f 1891/141 1903/154 1902/153 1890/140
f 1892/130 1904/143 1903/154 1891/141
f 1893/142 1905/155 1916/156 1904/143
f 1894/144 1906/157 1905/158 1893/145
f 1895/146 1907/159 1906/157 1894/144
f 1896/147 1908/160 1907/159 1895/146
f 1897/148 1909/161 1908/160 1896/147
f 1898/149 1910/162 1909/161 1897/148
f 1899/150 1911/163 1910/162 1898/149
f 1900/151 1912/164 1911/163 1899/150
f 1901/152 1913/165 1912/164 1900/151
f 1902/153 1914/166 1913/165 1901/152
f 1903/154 1915/167 1914/166 1902/153
f 1904/143 1916/156 1915/167 1903/154
f 1905/155 1917/168 212/169 1916/156
f 1906/157 204/170 1917/6 1905/158
f 1907/159 205/171 204/170 1906/157
f 1908/160 206/172 205/171 1907/159
f 1909/161 207/173 206/172 1908/160
f 1910/162 1918/174 207/173 1909/161
f 1911/163 208/175 1918/174 1910/162
f 1912/164 209/176 208/175 1911/163
f 1913/165 210/177 209/176 1912/164
f 1914/166 211/178 210/177 1913/165
f 1915/167 1919/179 211/178 1914/166
f 1916/156 212/169 1919/179 1915/167
f 1920/13 1926/14 1937/15 203/16
f 198/17 1927/18 1926/19 1920/8
f 199/20 1928/21 1927/18 198/17
f 1921/22 1929/23 1928/21 199/20
f 200/24 1930/25 1929/23 1921/22
f 1922/26 1931/27 1930/25 200/24
f 201/28 1932/29 1931/27 1922/26
f 1923/30 1933/31 1932/29 201/28
f 202/32 1934/33 1933/31 1923/30
f 1924/34 1935/35 1934/33 202/32
f 1925/36 1936/37 1935/35 1924/34
f 203/16 1937/15 1936/37 1925/36
f 1926/14 1938/38 1949/39 1937/15
f 1927/18 1939/40 1938/41 1926/19
f 1928/21 1940/42 1939/40 1927/18
f 1929/23 1941/43 1940/42 1928/21
f 1930/25 1942/44 1941/43 1929/23
f 1931/27 1943/45 1942/44 1930/25
f 1932/29 1944/46 1943/45 1931/27
f 1933/31 1945/47 1944/46 1932/29
f 1934/33 1946/48 1945/47 1933/31
f 1935/35 1947/49 1946/48 1934/33
f 1936/37 1948/50 1947/49 1935/35
f 1937/15 1949/39 1948/50 1936/37
f 1938/38 1950/51 1961/52 1949/39
f 1939/40 1951/53 1950/54 1938/41
f 1940/42 1952/55 1951/53 1939/40
f 1941/43 1953/56 1952/55 1940/42
f 1942/44 1954/57 1953/56 1941/43
f 1943/45 1955/58 1954/57 1942/44
f 1944/46 1956/59 1955/58 1943/45
f 1945/47 1957/60 1956/59 1944/46
f 1946/48 1958/61 1957/60 1945/47
f 1947/49 1959/62 1958/61 1946/48
f 1948/50 1960/63 1959/62 1947/49
f 1949/39 1961/52 1960/63 1948/50
f 1950/51 1962/64 1973/65 1961/52
f 1951/53 1963/66 1962/67 1950/54
f 1952/55 1964/68 1963/66 1951/53
f 1953/56 1965/69 1964/68 1952/55
f 1954/57 1966/70 1965/69 1953/56
f 1955/58 1967/71 1966/70 1954/57
f 1956/59 1968/72 1967/71 1955/58
f 1957/60 1969/73 1968/72 1956/59
f 1958/61 1970/74 1969/73 1957/60
f 1959/62 1971/75 1970/74 1958/61
f 1960/63 1972/76 1971/75 1959/62
f 1961/52 1973/65 1972/76 1960/63
f 1962/64 1974/77 1985/78 1973/65
f 1963/66 1975/79 1974/80 1962/67
f 1964/68 1976/81 1975/79 1963/66
f 1965/69 1977/82 1976/81 1964/68
f 1966/70 1978/83 1977/82 1965/69
f 1967/71 1979/84 1978/83 1966/70
f 1968/72 1980/85 1979/84 1967/71
f 1969/73 1981/86 1980/85 1968/72
f 1970/74 1982/87 1981/86 1969/73
f 1971/75 1983/88 1982/87 1970/74
f 1972/76 1984/89 1983/88 1971/75
f 1973/65 1985/78 1984/89 1972/76
f 1974/77 1986/90 1997/91 1985/78
f 1975/79 1987/92 1986/93 1974/80
f 1976/81 1988/94 1987/92 1975/79
f 1977/82 1989/95 1988/94 1976/81
f 1978/83 1990/96 1989/95 1977/82
f 1979/84 1991/97 1990/96 1978/83
f 1980/85 1992/98 1991/97 1979/84
f 1981/86 1993/99 1992/98 1980/85
f 1982/87 1994/100 1993/99 1981/86
f 1983/88 1995/101 1994/100 1982/87
f 1984/89 1996/102 1995/101 1983/88
f 1985/78 1997/91 1996/102 1984/89
f 1986/90 1998/103 2009/104 1997/91
f 1987/92 1999/105 1998/106 1986/93
f 1988/94 2000/107 1999/105 1987/92
f 1989/95 2001/108 2000/107 1988/94
f 1990/96 2002/109 2001/108 1989/95
f 1991/97 2003/110 2002/109 1990/96
f 1992/98 2004/111 2003/110 1991/97
f 1993/99 2005/112 2004/111 1992/98
f 1994/100 2006/113 2005/112 1993/99
f 1995/101 2007/114 2006/113 1994/100
f 1996/102 2008/115 2007/114 1995/101
f 1997/91 2009/104 2008/115 1996/102
f 1998/103 2010/116 2021/117 2009/104
f 1999/105 2011/118 2010/119 1998/106
f 2000/107 2012/120 2011/118 1999/105
f 2001/108 2013/121 2012/120 2000/107
f 2002/109 2014/122 2013/121 2001/108
f 2003/110 2015/123 2014/122 2002/109
f 2004/111 2016/124 2015/123 2003/110
f 2005/112 2017/125 2016/124 2004/111
f 2006/113 2018/126 2017/125 2005/112
f 2007/114 2019/127 2018/126 2006/113
f 2008/115 2020/128 2019/127 2007/114
f 2009/104 2021/117 2020/128 2008/115
f 2010/116 2022/129 2033/130 2021/117
f 2011/118 2023/131 2022/132 2010/119
f 2012/120 2024/133 2023/131 2011/118
f 2013/121 2025/134 2024/133 2012/120
f 2014/122 2026/135 2025/134 2013/121
f 2015/123 2027/136 2026/135 2014/122
f 2016/124 2028/137 2027/136 2015/123
f 2017/125 2029/138 2028/137 2016/124
f 2018/126 2030/139 2029/138 2017/125
f 2019/127 2031/140 2030/139 2018/126
f 2020/128 2032/141 2031/140 2019/127
f 2021/117 2033/130 2032/141 2020/128
f 2022/129 2034/142 2045/143 2033/130
f 2023/131 2035/144 2034/145 2022/132
f 2024/133 2036/146 2035/144 2023/131
f 2025/134 2037/147 2036/146 2024/133
f 2026/135 2038/148 2037/147 2025/134
f 2027/136 2039/149 2038/148 2026/135
f 2028/137 2040/150 2039/149 2027/136
f 2029/138 2041/151 2040/150 2028/137
f 2030/139 2042/152 2041/151 2029/138
f 2031/140 2043/153 2042/152 2030/139
f 2032/141 2044/154 2043/153 2031/140
f 2033/130 2045/143 2044/154 2032/141
f 2034/142 2046/155 2057/156 2045/143
f 2035/144 2047/157 2046/158 2034/145
f 2036/146 2048/159 2047/157 2035/144
f 2037/147 2049/160 2048/159 2036/146
f 2038/148 2050/161 2049/160 2037/147
f 2039/149 2051/162 2050/161 2038/148
f 2040/150 2052/163 2051/162 2039/149
f 2041/151 2053/164 2052/163 2040/150
f 2042/152 2054/165 2053/164 2041/151
f 2043/153 2055/166 2054/165 2042/152
f 2044/154 2056/167 2055/166 2043/153
f 2045/143 2057/156 2056/167 2044/154
f 2046/155 2058/168 197/169 2057/156
f 2047/157 2059/170 2058/6 2046/158
f 2048/159 2060/171 2059/170 2047/157
f 2049/160 2061/172 2060/171 2048/159
f 2050/161 193/173 2061/172 2049/160
f 2051/162 194/174 193/173 2050/161
f 2052/163 195/175 194/174 2051/162
f 2053/164 2062/176 195/175 2052/163
f 2054/165 2063/177 2062/176 2053/164
f 2055/166 2064/178 2063/177 2054/165
f 2056/167 196/179 2064/178 2055/166
f 2057/156 197/169 196/179 2056/167
f 186/13 2070/14 2081/15 192/16
f 2065/17 2071/18 2070/19 186/8
f 187/20 2072/21 2071/18 2065/17
f 188/22 2073/23 2072/21 187/20
f 2066/24 2074/25 2073/23 188/22
f 2067/26 2075/27 2074/25 2066/24
f 189/28 2076/29 2075/27 2067/26
f 190/30 2077/31 2076/29 189/28
f 191/32 2078/33 2077/31 190/30
f 2068/34 2079/35 2078/33 191/32
f 2069/36 2080/37 2079/35 2068/34
f 192/16 2081/15 2080/37 2069/36
f 2070/14 2082/38 2093/39 2081/15
f 2071/18 2083/40 2082/41 2070/19
f 2072/21 2084/42 2083/40 2071/18
f 2073/23 2085/43 2084/42 2072/21
f 2074/25 2086/44 2085/43 2073/23
f 2075/27 2087/45 2086/44 2074/25
f 2076/29 2088/46 2087/45 2075/27
f 2077/31 2089/47 2088/46 2076/29
f 2078/33 2090/48 2089/47 2077/31
f 2079/35 2091/49 2090/48 2078/33
f 2080/37 2092/50 2091/49 2079/35
f 2081/15 2093/39 2092/50 2080/37
f 2082/38 2094/51 2105/52 2093/39
f 2083/40 2095/53 2094/54 2082/41
f 2084/42 2096/55 2095/53 2083/40
f 2085/43 2097/56 2096/55 2084/42
f 2086/44 2098/57 2097/56 2085/43
f 2087/45 2099/58 2098/57 2086/44
f 2088/46 2100/59 2099/58 2087/45
f 2089/47 2101/60 2100/59 2088/46
f 2090/48 2102/61 2101/60 2089/47
f 2091/49 2103/62 2102/61 2090/48
f 2092/50 2104/63 2103/62 2091/49
f 2093/39 2105/52 2104/63 2092/50
f 2094/51 2106/64 2117/65 2105/52
f 2095/53 2107/66 2106/67 2094/54
f 2096/55 2108/68 2107/66 2095/53
f 2097/56 2109/69 2108/68 2096/55
f 2098/57 2110/70 2109/69 2097/56
f 2099/58 2111/71 2110/70 2098/57
f 2100/59 2112/72 2111/71 2099/58
f 2101/60 2113/73 2112/72 2100/59
f 2102/61 2114/74 2113/73 2101/60
f 2103/62 2115/75 2114/74 2102/61
f 2104/63 2116/76 2115/75 2103/62
f 2105/52 2117/65 2116/76 2104/63
f 2106/64 2118/77 2129/78 2117/65
f 2107/66 2119/79 2118/80 2106/67
f 2108/68 2120/81 2119/79 2107/66
f 2109/69 2121/82 2120/81 2108/68
f 2110/70 2122/83 2121/82 2109/69
f 2111/71 2123/84 2122/83 2110/70
f 2112/72 2124/85 2123/84 2111/71
f 2113/73 2125/86 2124/85 2112/72
f 2114/74 2126/87 2125/86 2113/73
f 2115/75 2127/88 2126/87 2114/74
f 2116/76 2128/89 2127/88 2115/75
f 2117/65 2129/78 2128/89 2116/76
f 2118/77 2130/90 2141/91 2129/78
f 2119/79 2131/92 2130/93 2118/80
f 2120/81 2132/94 2131/92 2119/79
f 2121/82 2133/95 2132/94 2120/81
f 2122/83 2134/96 2133/95 2121/82
f 2123/84 2135/97 2134/96 2122/83
f 2124/85 2136/98 2135/97 2123/84
f 2125/86 2137/99 2136/98 2124/85
f 2126/87 2138/100 2137/99 2125/86
f 2127/88 2139/101 2138/100 2126/87
f 2128/89 2140/102 2139/101 2127/88
f 2129/78 2141/91 2140/102 2128/89
f 2130/90 2142/103 2153/104 2141/91
f 2131/92 2143/105 2142/106 2130/93
f 2132/94 2144/107 2143/105 2131/92
f 2133/95 2145/108 2144/107 2132/94
f 2134/96 2146/109 2145/108 2133/95
f 2135/97 2147/110 2146/109 2134/96
f 2136/98 2148/111 2147/110 2135/97
f 2137/99 2149/112 2148/111 2136/98
f 2138/100 2150/113 2149/112 2137/99
f 2139/101 2151/114 2150/113 2138/100
f 2140/102 2152/115 2151/114 2139/101
f 2141/91 2153/104 2152/115 2140/102
f 2142/103 2154/116 2165/117 2153/104
f 2143/105 2155/118 2154/119 2142/106
f 2144/107 2156/120 2155/118 2143/105
f 2145/108 2157/121 2156/120 2144/107
f 2146/109 2158/122 2157/121 2145/108
f 2147/110 2159/123 2158/122 2146/109
f 2148/111 2160/124 2159/123 2147/110
f 2149/112 2161/125 2160/124 2148/111
f 2150/113 2162/126 2161/125 2149/112
f 2151/114 2163/127 2162/126 2150/113
f 2152/115 2164/128 2163/127 2151/114
f 2153/104 2165/117 2164/128 2152/115
f 2154/116 2166/129 2177/130 2165/117
f 2155/118 2167/131 2166/132 2154/119
f 2156/120 2168/133 2167/131 2155/118
f 2157/121 2169/134 2168/133 2156/120
f 2158/122 2170/135 2169/134 2157/121
f 2159/123 2171/136 2170/135 2158/122
f 2160/124 2172/137 2171/136 2159/123
f 2161/125 2173/138 2172/137 2160/124
f 2162/126 2174/139 2173/138 2161/125
f 2163/127 2175/140 2174/139 2162/126
f 2164/128 2176/141 2175/140 2163/127
f 2165/117 2177/130 2176/141 2164/128
f 2166/129 2178/142 2189/143 2177/130
f 2167/131 2179/144 2178/145 2166/132
f 2168/133 2180/146 2179/144 2167/131
f 2169/134 2181/147 2180/146 2168/133
f 2170/135 2182/148 2181/147 2169/134
f 2171/136 2183/149 2182/148 2170/135
f 2172/137 2184/150 2183/149 2171/136
f 2173/138 2185/151 2184/150 2172/137
f 2174/139 2186/152 2185/151 2173/138
f 2175/140 2187/153 2186/152 2174/139
f 2176/141 2188/154 2187/153 2175/140
f 2177/130 2189/143 2188/154 2176/141
f 2178/142 2190/155 2201/156 2189/143
f 2179/144 2191/157 2190/158 2178/145
f 2180/146 2192/159 2191/157 2179/144
f 2181/147 2193/160 2192/159 2180/146
f 2182/148 2194/161 2193/160 2181/147
f 2183/149 2195/162 2194/161 2182/148
f 2184/150 2196/163 2195/162 2183/149
f 2185/151 2197/164 2196/163 2184/150
f 2186/152 2198/165 2197/164 2185/151
f 2187/153 2199/166 2198/165 2186/152
f 2188/154 2200/167 2199/166 2187/153
f 2189/143 2201/156 2200/167 2188/154
f 2190/155 179/168 185/169 2201/156
f 2191/157 180/170 179/6 2190/158
f 2192/159 181/171 180/170 2191/157
f 2193/160 182/172 181/171 2192/159
f 2194/161 183/173 182/172 2193/160
f 2195/162 2202/174 183/173 2194/161
f 2196/163 2203/175 2202/174 2195/162
f 2197/164 2204/176 2203/175 2196/163
f 2198/165 184/177 2204/176 2197/164
f 2199/166 2205/178 184/177 2198/165
f 2200/167 2206/179 2205/178 2199/166
f 2201/156 185/169 2206/179 2200/167
f 2207/13 2216/14 2227/15 2215/16
f 2208/17 2217/18 2216/19 2207/8
f 176/20 2218/21 2217/18 2208/17
f 2209/22 2219/23 2218/21 176/20
f 177/24 2220/25 2219/23 2209/22
f 2210/26 2221/27 2220/25 177/24
f 2211/28 2222/29 2221/27 2210/26
f 2212/30 2223/31 2222/29 2211/28
f 2213/32 2224/33 2223/31 2212/30
f 2214/34 2225/35 2224/33 2213/32
f 178/36 2226/37 2225/35 2214/34
f 2215/16 2227/15 2226/37 178/36
f 2216/14 2228/38 2239/39 2227/15
f 2217/18 2229/40 2228/41 2216/19
f 2218/21 2230/42 2229/40 2217/18
f 2219/23 2231/43 2230/42 2218/21
f 2220/25 2232/44 2231/43 2219/23
f 2221/27 2233/45 2232/44 2220/25
f 2222/29 2234/46 2233/45 2221/27
f 2223/31 2235/47 2234/46 2222/29
f 2224/33 2236/48 2235/47 2223/31
f 2225/35 2237/49 2236/48 2224/33
f 2226/37 2238/50 2237/49 2225/35
f 2227/15 2239/39 2238/50 2226/37
f 2228/38 2240/51 2251/52 2239/39
f 2229/40 2241/53 2240/54 2228/41
f 2230/42 2242/55 2241/53 2229/40
f 2231/43 2243/56 2242/55 2230/42
f 2232/44 2244/57 2243/56 2231/43
f 2233/45 2245/58 2244/57 2232/44
f 2234/46 2246/59 2245/58 2233/45
f 2235/47 2247/60 2246/59 2234/46
f 2236/48 2248/61 2247/60 2235/47
f 2237/49 2249/62 2248/61 2236/48
f 2238/50 2250/63 2249/62 2237/49
f 2239/39 2251/52 2250/63 2238/50
f 2240/51 2252/64 2263/65 2251/52
f 2241/53 2253/66 2252/67 2240/54
f 2242/55 2254/68 2253/66 2241/53
f 2243/56 2255/69 2254/68 2242/55
f 2244/57 2256/70 2255/69 2243/56
f 2245/58 2257/71 2256/70 2244/57
f 2246/59 2258/72 2257/71 2245/58
f 2247/60 2259/73 2258/72 2246/59
f 2248/61 2260/74 2259/73 2247/60
f 2249/62 2261/75 2260/74 2248/61
f 2250/63 2262/76 2261/75 2249/62
f 2251/52 2263/65 2262/76 2250/63
f 2252/64 2264/77 2275/78 2263/65
f 2253/66 2265/79 2264/80 2252/67
f 2254/68 2266/81 2265/79 2253/66
f 2255/69 2267/82 2266/81 2254/68
f 2256/70 2268/83 2267/82 2255/69
f 2257/71 2269/84 2268/83 2256/70
f 2258/72 2270/85 2269/84 2257/71
f 2259/73 2271/86 2270/85 2258/72
f 2260/74 2272/87 2271/86 2259/73
f 2261/75 2273/88 2272/87 2260/74
f 2262/76 2274/89 2273/88 2261/75
f 2263/65 2275/78 2274/89 2262/76
f 2264/77 2276/90 2287/91 2275/78
f 2265/79 2277/92 2276/93 2264/80
f 2266/81 2278/94 2277/92 2265/79
f 2267/82 2279/95 2278/94 2266/81
f 2268/83 2280/96 2279/95 2267/82
f 2269/84 2281/97 2280/96 2268/83
f 2270/85 2282/98 2281/97 2269/84
f 2271/86 2283/99 2282/98 2270/85
f 2272/87 2284/100 2283/99 2271/86
f 2273/88 2285/101 2284/100 2272/87
f 2274/89 2286/102 2285/101 2273/88
f 2275/78 2287/91 2286/102 2274/89
f 2276/90 2288/103 2299/104 2287/91
f 2277/92 2289/105 2288/106 2276/93
f 2278/94 2290/107 2289/105 2277/92
f 2279/95 2291/108 2290/107 2278/94
f 2280/96 2292/109 2291/108 2279/95
f 2281/97 2293/110 2292/109 2280/96
f 2282/98 2294/111 2293/110 2281/97
f 2283/99 2295/112 2294/111 2282/98
f 2284/100 2296/113 2295/112 2283/99
f 2285/101 2297/114 2296/113 2284/100
f 2286/102 2298/115 2297/114 2285/101
f 2287/91 2299/104 2298/115 2286/102
f 2288/103 2300/116 2311/117 2299/104
f 2289/105 2301/118 2300/119 2288/106
f 2290/107 2302/120 2301/118 2289/105
f 2291/108 2303/121 2302/120 2290/107
f 2292/109 2304/122 2303/121 2291/108
f 2293/110 2305/123 2304/122 2292/109
f 2294/111 2306/124 2305/123 2293/110
f 2295/112 2307/125 2306/124 2294/111
f 2296/113 2308/126 2307/125 2295/112
f 2297/114 2309/127 2308/126 2296/113
f 2298/115 2310/128 2309/127 2297/114
f 2299/104 2311/117 2310/128 2298/115
f 2300/116 2312/129 2323/130 2311/117
f 2301/118 2313/131 2312/132 2300/119
f 2302/120 2314/133 2313/131 2301/118
f 2303/121 2315/134 2314/133 2302/120
f 2304/122 2316/135 2315/134 2303/121
f 2305/123 2317/136 2316/135 2304/122
f 2306/124 2318/137 2317/136 2305/123
f 2307/125 2319/138 2318/137 2306/124
f 2308/126 2320/139 2319/138 2307/125
f 2309/127 2321/140 2320/139 2308/126
f 2310/128 2322/141 2321/140 2309/127
f 2311/117 2323/130 2322/141 2310/128
f 2312/129 2324/142 2335/143 2323/130
f 2313/131 2325/144 2324/145 2312/132
f 2314/133 2326/146 2325/144 2313/131
f 2315/134 2327/147 2326/146 2314/133
f 2316/135 2328/148 2327/147 2315/134
f 2317/136 2329/149 2328/148 2316/135
f 2318/137 2330/150 2329/149 2317/136
f 2319/138 2331/151 2330/150 2318/137
f 2320/139 2332/152 2331/151 2319/138
f 2321/140 2333/153 2332/152 2320/139
f 2322/141 2334/154 2333/153 2321/140
f 2323/130 2335/143 2334/154 2322/141
f 2324/142 2336/155 2347/156 2335/143
f 2325/144 2337/157 2336/158 2324/145
f 2326/146 2338/159 2337/157 2325/144
f 2327/147 2339/160 2338/159 2326/146
f 2328/148 2340/161 2339/160 2327/147
f 2329/149 2341/162 2340/161 2328/148
f 2330/150 2342/163 2341/162 2329/149
f 2331/151 2343/164 2342/163 2330/150
f 2332/152 2344/165 2343/164 2331/151
f 2333/153 2345/166 2344/165 2332/152
f 2334/154 2346/167 2345/166 2333/153
f 2335/143 2347/156 2346/167 2334/154
f 2336/155 168/168 175/169 2347/156
f 2337/157 2348/170 168/6 2336/158
f 2338/159 2349/171 2348/170 2337/157
f 2339/160 169/172 2349/171 2338/159
f 2340/161 170/173 169/172 2339/160
f 2341/162 171/174 170/173 2340/161
f 2342/163 2350/175 171/174 2341/162
f 2343/164 172/176 2350/175 2342/163
f 2344/165 173/177 172/176 2343/164
f 2345/166 2351/178 173/177 2344/165
f 2346/167 174/179 2351/178 2345/166
f 2347/156 175/169 174/179 2346/167
f 2352/13 2359/14 2370/15 2358/16
f 2353/17 2360/18 2359/19 2352/8
f 2354/20 2361/21 2360/18 2353/17
f 2355/22 2362/23 2361/21 2354/20
f 163/24 2363/25 2362/23 2355/22
f 164/26 2364/27 2363/25 163/24
f 2356/28 2365/29 2364/27 164/26
f 2357/30 2366/31 2365/29 2356/28
f 165/32 2367/33 2366/31 2357/30
f 166/34 2368/35 2367/33 165/32
f 167/36 2369/37 2368/35 166/34
f 2358/16 2370/15 2369/37 167/36
f 2359/14 2371/38 2382/39 2370/15
f 2360/18 2372/40 2371/41 2359/19
f 2361/21 2373/42 2372/40 2360/18
f 2362/23 2374/43 2373/42 2361/21
f 2363/25 2375/44 2374/43 2362/23
f 2364/27 2376/45 2375/44 2363/25
f 2365/29 2377/46 2376/45 2364/27
f 2366/31 2378/47 2377/46 2365/29
f 2367/33 2379/48 2378/47 2366/31
f 2368/35 2380/49 2379/48 2367/33
f 2369/37 2381/50 2380/49 2368/35
f 2370/15 2382/39 2381/50 2369/37
f 2371/38 2383/51 2394/52 2382/39
f 2372/40 2384/53 2383/54 2371/41
f 2373/42 2385/55 2384/53 2372/40
f 2374/43 2386/56 2385/55 2373/42
f 2375/44 2387/57 2386/56 2374/43
f 2376/45 2388/58 2387/57 2375/44
f 2377/46 2389/59 2388/58 2376/45
f 2378/47 2390/60 2389/59 2377/46
f 2379/48 2391/61 2390/60 2378/47
f 2380/49 2392/62 2391/61 2379/48
f 2381/50 2393/63 2392/62 2380/49
f 2382/39 2394/52 2393/63 2381/50
f 2383/51 2395/64 2406/65 2394/52
f 2384/53 2396/66 2395/67 2383/54
f 2385/55 2397/68 2396/66 2384/53
f 2386/56 2398/69 2397/68 2385/55
f 2387/57 2399/70 2398/69 2386/56
f 2388/58 2400/71 2399/70 2387/57
f 2389/59 2401/72 2400/71 2388/58
f 2390/60 2402/73 2401/72 2389/59
f 2391/61 2403/74 2402/73 2390/60
f 2392/62 2404/75 2403/74 2391/61
f 2393/63 2405/76 2404/75 2392/62
f 2394/52 2406/65 2405/76 2393/63
f 2395/64 2407/77 2418/78 2406/65
f 2396/66 2408/79 2407/80 2395/67
f 2397/68 2409/81 2408/79 2396/66
f 2398/69 2410/82 2409/81 2397/68
f 2399/70 2411/83 2410/82 2398/69
f 2400/71 2412/84 2411/83 2399/70
f 2401/72 2413/85 2412/84 2400/71
f 2402/73 2414/86 2413/85 2401/72
f 2403/74 2415/87 2414/86 2402/73
f 2404/75 2416/88 2415/87 2403/74
f 2405/76 2417/89 2416/88 2404/75
f 2406/65 2418/78 2417/89 2405/76
f 2407/77 2419/90 2430/91 2418/78
f 2408/79 2420/92 2419/93 2407/80
f 2409/81 2421/94 2420/92 2408/79
f 2410/82 2422/95 2421/94 2409/81
f 2411/83 2423/96 2422/95 2410/82
f 2412/84 2424/97 2423/96 2411/83
f 2413/85 2425/98 2424/97 2412/84
f 2414/86 2426/99 2425/98 2413/85
f 2415/87 2427/100 2426/99 2414/86
f 2416/88 2428/101 2427/100 2415/87
f 2417/89 2429/102 2428/101 2416/88
f 2418/78 2430/91 2429/102 2417/89
f 2419/90 2431/103 2442/104 2430/91
f 2420/92 2432/105 2431/106 2419/93
f 2421/94 2433/107 2432/105 2420/92
f 2422/95 2434/108 2433/107 2421/94
f 2423/96 2435/109 2434/108 2422/95
f 2424/97 2436/110 2435/109 2423/96
f 2425/98 2437/111 2436/110 2424/97
f 2426/99 2438/112 2437/111 2425/98
f 2427/100 2439/113 2438/112 2426/99
f 2428/101 2440/114 2439/113 2427/100
f 2429/102 2441/115 2440/114 2428/101
f 2430/91 2442/104 2441/115 2429/102
f 2431/103 2443/116 2454/117 2442/104
f 2432/105 2444/118 2443/119 2431/106
f 2433/107 2445/120 2444/118 2432/105
f 2434/108 2446/121 2445/120 2433/107
f 2435/109 2447/122 2446/121 2434/108
f 2436/110 2448/123 2447/122 2435/109
f 2437/111 2449/124 2448/123 2436/110
f 2438/112 2450/125 2449/124 2437/111
f 2439/113 2451/126 2450/125 2438/112
f 2440/114 2452/127 2451/126 2439/113
f 2441/115 2453/128 2452/127 2440/114
f 2442/104 2454/117 2453/128 2441/115
f 2443/116 2455/129 2466/130 2454/117
f 2444/118 2456/131 2455/132 2443/119
f 2445/120 2457/133 2456/131 2444/118
f 2446/121 2458/134 2457/133 2445/120
f 2447/122 2459/135 2458/134 2446/121
f 2448/123 2460/136 2459/135 2447/122
f 2449/124 2461/137 2460/136 2448/123
f 2450/125 2462/138 2461/137 2449/124
f 2451/126 2463/139 2462/138 2450/125
f 2452/127 2464/140 2463/139 2451/126
f 2453/128 2465/141 2464/140 2452/127
f 2454/117 2466/130 2465/141 2453/128
f 2455/129 2467/142 2478/143 2466/130
f 2456/131 2468/144 2467/145 2455/132
f 2457/133 2469/146 2468/144 2456/131
f 2458/134 2470/147 2469/146 2457/133
f 2459/135 2471/148 2470/147 2458/134
f 2460/136 2472/149 2471/148 2459/135
f 2461/137 2473/150 2472/149 2460/136
f 2462/138 2474/151 2473/150 2461/137
f 2463/139 2475/152 2474/151 2462/138
f 2464/140 2476/153 2475/152 2463/139
f 2465/141 2477/154 2476/153 2464/140
f 2466/130 2478/143 2477/154 2465/141
f 2467/142 2479/155 2490/156 2478/143
f 2468/144 2480/157 2479/158 2467/145
f 2469/146 2481/159 2480/157 2468/144
f 2470/147 2482/160 2481/159 2469/146
f 2471/148 2483/161 2482/160 2470/147
f 2472/149 2484/162 2483/161 2471/148
f 2473/150 2485/163 2484/162 2472/149
f 2474/151 2486/164 2485/163 2473/150
f 2475/152 2487/165 2486/164 2474/151
f 2476/153 2488/166 2487/165 2475/152
f 2477/154 2489/167 2488/166 2476/153
f 2478/143 2490/156 2489/167 2477/154
f 2479/155 2491/168 2500/169 2490/156
f 2480/157 2492/170 2491/6 2479/158
f 2481/159 2493/171 2492/170 2480/157
f 2482/160 2494/172 2493/171 2481/159
f 2483/161 2495/173 2494/172 2482/160
f 2484/162 161/174 2495/173 2483/161
f 2485/163 2496/175 161/174 2484/162
f 2486/164 162/176 2496/175 2485/163
f 2487/165 2497/177 162/176 2486/164
f 2488/166 2498/178 2497/177 2487/165
f 2489/167 2499/179 2498/178 2488/166
f 2490/156 2500/169 2499/179 2489/167
f 2501/13 2507/14 2518/15 160/16
f 2502/17 2508/18 2507/19 2501/8
f 155/20 2509/21 2508/18 2502/17
f 156/22 2510/23 2509/21 155/20
f 2503/24 2511/25 2510/23 156/22
f 2504/26 2512/27 2511/25 2503/24
f 157/28 2513/29 2512/27 2504/26
f 2505/30 2514/31 2513/29 157/28
f 2506/32 2515/33 2514/31 2505/30
f 158/34 2516/35 2515/33 2506/32
f 159/36 2517/37 2516/35 158/34
f 160/16 2518/15 2517/37 159/36
f 2507/14 2519/38 2530/39 2518/15
f 2508/18 2520/40 2519/41 2507/19
f 2509/21 2521/42 2520/40 2508/18
f 2510/23 2522/43 2521/42 2509/21
f 2511/25 2523/44 2522/43 2510/23
f 2512/27 2524/45 2523/44 2511/25
f 2513/29 2525/46 2524/45 2512/27
f 2514/31 2526/47 2525/46 2513/29
f 2515/33 2527/48 2526/47 2514/31
f 2516/35 2528/49 2527/48 2515/33
f 2517/37 2529/50 2528/49 2516/35
f 2518/15 2530/39 2529/50 2517/37
f 2519/38 2531/51 2542/52 2530/39
f 2520/40 2532/53 2531/54 2519/41
f 2521/42 2533/55 2532/53 2520/40
f 2522/43 2534/56 2533/55 2521/42
f 2523/44 2535/57 2534/56 2522/43
f 2524/45 2536/58 2535/57 2523/44
f 2525/46 2537/59 2536/58 2524/45
f 2526/47 2538/60 2537/59 2525/46
f 2527/48 2539/61 2538/60 2526/47
f 2528/49 2540/62 2539/61 2527/48
f 2529/50 2541/63 2540/62 2528/49
f 2530/39 2542/52 2541/63 2529/50
f 2531/51 2543/64 2554/65 2542/52
f 2532/53 2544/66 2543/67 2531/54
f 2533/55 2545/68 2544/66 2532/53
f 2534/56 2546/69 2545/68 2533/55
f 2535/57 2547/70 2546/69 2534/56
f 2536/58 2548/71 2547/70 2535/57
f 2537/59 2549/72 2548/71 2536/58
f 2538/60 2550/73 2549/72 2537/59
f 2539/61 2551/74 2550/73 2538/60
f 2540/62 2552/75 2551/74 2539/61
f 2541/63 2553/76 2552/75 2540/62
f 2542/52 2554/65 2553/76 2541/63
f 2543/64 2555/77 2566/78 2554/65
f 2544/66 2556/79 2555/80 2543/67
f 2545/68 2557/81 2556/79 2544/66
f 2546/69 2558/82 2557/81 2545/68
f 2547/70 2559/83 2558/82 2546/69
f 2548/71 2560/84 2559/83 2547/70
f 2549/72 2561/85 2560/84 2548/71
f 2550/73 2562/86 2561/85 2549/72
f 2551/74 2563/87 2562/86 2550/73
f 2552/75 2564/88 2563/87 2551/74
f 2553/76 2565/89 2564/88 2552/75
f 2554/65 2566/78 2565/89 2553/76
f 2555/77 2567/90 2578/91 2566/78
f 2556/79 2568/92 2567/93 2555/80
f 2557/81 2569/94 2568/92 2556/79
f 2558/82 2570/95 2569/94 2557/81
f 2559/83 2571/96 2570/95 2558/82
f 2560/84 2572/97 2571/96 2559/83
f 2561/85 2573/98 2572/97 2560/84
f 2562/86 2574/99 2573/98 2561/85
f 2563/87 2575/100 2574/99 2562/86
f 2564/88 2576/101 2575/100 2563/87
f 2565/89 2577/102 2576/101 2564/88
f 2566/78 2578/91 2577/102 2565/89
f 2567/90 2579/103 2590/104 2578/91
f 2568/92 2580/105 2579/106 2567/93
f 2569/94 2581/107 2580/105 2568/92
f 2570/95 2582/108 2581/107 2569/94
f 2571/96 2583/109 2582/108 2570/95
f 2572/97 2584/110 2583/109 2571/96
f 2573/98 2585/111 2584/110 2572/97
f 2574/99 2586/112 2585/111 2573/98
f 2575/100 2587/113 2586/112 2574/99
f 2576/101 2588/114 2587/113 2575/100
f 2577/102 2589/115 2588/114 2576/101
f 2578/91 2590/104 2589/115 2577/102
f 2579/103 2591/116 2602/117 2590/104
f 2580/105 2592/118 2591/119 2579/106
f 2581/107 2593/120 2592/118 2580/105
f 2582/108 2594/121 2593/120 2581/107
f 2583/109 2595/122 2594/121 2582/108
f 2584/110 2596/123 2595/122 2583/109
f 2585/111 2597/124 2596/123 2584/110
f 2586/112 2598/125 2597/124 2585/111
f 2587/113 2599/126 2598/125 2586/112
f 2588/114 2600/127 2599/126 2587/113
f 2589/115 2601/128 2600/127 2588/114
f 2590/104 2602/117 2601/128 2589/115
f 2591/116 2603/129 2614/130 2602/117
f 2592/118 2604/131 2603/132 2591/119
f 2593/120 2605/133 2604/131 2592/118
f 2594/121 2606/134 2605/133 2593/120
f 2595/122 2607/135 2606/134 2594/121
f 2596/123 2608/136 2607/135 2595/122
f 2597/124 2609/137 2608/136 2596/123
f 2598/125 2610/138 2609/137 2597/124
f 2599/126 2611/139 2610/138 2598/125
f 2600/127 2612/140 2611/139 2599/126
f 2601/128 2613/141 2612/140 2600/127
f 2602/117 2614/130 2613/141 2601/128
f 2603/129 2615/142 2626/143 2614/130
f 2604/131 2616/144 2615/145 2603/132
f 2605/133 2617/146 2616/144 2604/131
f 2606/134 2618/147 2617/146 2605/133
f 2607/135 2619/148 2618/147 2606/134
f 2608/136 2620/149 2619/148 2607/135
f 2609/137 2621/150 2620/149 2608/136
f 2610/138 2622/151 2621/150 2609/137
f 2611/139 2623/152 2622/151 2610/138
f 2612/140 2624/153 2623/152 2611/139
f 2613/141 2625/154 2624/153 2612/140
f 2614/130 2626/143 2625/154 2613/141
f 2615/142 2627/155 2638/156 2626/143
f 2616/144 2628/157 2627/158 2615/145
f 2617/146 2629/159 2628/157 2616/144
f 2618/147 2630/160 2629/159 2617/146
f 2619/148 2631/161 2630/160 2618/147
f 2620/149 2632/162 2631/161 2619/148
f 2621/150 2633/163 2632/162 2620/149
f 2622/151 2634/164 2633/163 2621/150
f 2623/152 2635/165 2634/164 2622/151
f 2624/153 2636/166 2635/165 2623/152
f 2625/154 2637/167 2636/166 2624/153
f 2626/143 2638/156 2637/167 2625/154
f 2627/155 2639/168 154/169 2638/156
f 2628/157 2640/170 2639/6 2627/158
f 2629/159 2641/171 2640/170 2628/157
f 2630/160 2642/172 2641/171 2629/159
f 2631/161 149/173 2642/172 2630/160
f 2632/162 150/174 149/173 2631/161
f 2633/163 151/175 150/174 2632/162
f 2634/164 2643/176 151/175 2633/163
f 2635/165 152/177 2643/176 2634/164
f 2636/166 2644/178 152/177 2635/165
f 2637/167 153/179 2644/178 2636/166
f 2638/156 154/169 153/179 2637/167
f 2645/13 2652/14 2663/15 2651/16
f 2646/17 2653/18 2652/19 2645/8
f 144/20 2654/21 2653/18 2646/17
f 145/22 2655/23 2654/21 144/20
f 2647/24 2656/25 2655/23 145/22
f 2648/26 2657/27 2656/25 2647/24
f 2649/28 2658/29 2657/27 2648/26
f 2650/30 2659/31 2658/29 2649/28
f 146/32 2660/33 2659/31 2650/30
f 147/34 2661/35 2660/33 146/32
f 148/36 2662/37 2661/35 147/34
f 2651/16 2663/15 2662/37 148/36
f 2652/14 2664/38 2675/39 2663/15
f 2653/18 2665/40 2664/41 2652/19
f 2654/21 2666/42 2665/40 2653/18
f 2655/23 2667/43 2666/42 2654/21
f 2656/25 2668/44 2667/43 2655/23
f 2657/27 2669/45 2668/44 2656/25
f 2658/29 2670/46 2669/45 2657/27
f 2659/31 2671/47 2670/46 2658/29
f 2660/33 2672/48 2671/47 2659/31
f 2661/35 2673/49 2672/48 2660/33
f 2662/37 2674/50 2673/49 2661/35
f 2663/15 2675/39 2674/50 2662/37
f 2664/38 2676/51 2687/52 2675/39
f 2665/40 2677/53 2676/54 2664/41
f 2666/42 2678/55 2677/53 2665/40
f 2667/43 2679/56 2678/55 2666/42
f 2668/44 2680/57 2679/56 2667/43
f 2669/45 2681/58 2680/57 2668/44
f 2670/46 2682/59 2681/58 2669/45
f 2671/47 2683/60 2682/59 2670/46
f 2672/48 2684/61 2683/60 2671/47
f 2673/49 2685/62 2684/61 2672/48
f 2674/50 2686/63 2685/62 2673/49
f 2675/39 2687/52 2686/63 2674/50
f 2676/51 2688/64 2699/65 2687/52
f 2677/53 2689/66 2688/67 2676/54
f 2678/55 2690/68 2689/66 2677/53
f 2679/56 2691/69 2690/68 2678/55
f 2680/57 2692/70 2691/69 2679/56
f 2681/58 2693/71 2692/70 2680/57
f 2682/59 2694/72 2693/71 2681/58
f 2683/60 2695/73 2694/72 2682/59
f 2684/61 2696/74 2695/73 2683/60
f 2685/62 2697/75 2696/74 2684/61
f 2686/63 2698/76 2697/75 2685/62
f 2687/52 2699/65 2698/76 2686/63
f 2688/64 2700/77 2711/78 2699/65
f 2689/66 2701/79 2700/80 2688/67
f 2690/68 2702/81 2701/79 2689/66
f 2691/69 2703/82 2702/81 2690/68
f 2692/70 2704/83 2703/82 2691/69
f 2693/71 2705/84 2704/83 2692/70
f 2694/72 2706/85 2705/84 2693/71
f 2695/73 2707/86 2706/85 2694/72
f 2696/74 2708/87 2707/86 2695/73
f 2697/75 2709/88 2708/87 2696/74
f 2698/76 2710/89 2709/88 2697/75
f 2699/65 2711/78 2710/89 2698/76
f 2700/77 2712/90 2723/91 2711/78
f 2701/79 2713/92 2712/93 2700/80
f 2702/81 2714/94 2713/92 2701/79
f 2703/82 2715/95 2714/94 2702/81
f 2704/83 2716/96 2715/95 2703/82
f 2705/84 2717/97 2716/96 2704/83
f 2706/85 2718/98 2717/97 2705/84
f 2707/86 2719/99 2718/98 2706/85
f 2708/87 2720/100 2719/99 2707/86
f 2709/88 2721/101 2720/100 2708/87
f 2710/89 2722/102 2721/101 2709/88
f 2711/78 2723/91 2722/102 2710/89
f 2712/90 2724/103 2735/104 2723/91
f 2713/92 2725/105 2724/106 2712/93
f 2714/94 2726/107 2725/105 2713/92
f 2715/95 2727/108 2726/107 2714/94
f 2716/96 2728/109 2727/108 2715/95
f 2717/97 2729/110 2728/109 2716/96
f 2718/98 2730/111 2729/110 2717/97
f 2719/99 2731/112 2730/111 2718/98
f 2720/100 2732/113 2731/112 2719/99
f 2721/101 2733/114 2732/113 2720/100
f 2722/102 2734/115 2733/114 2721/101
f 2723/91 2735/104 2734/115 2722/102
f 2724/103 2736/116 2747/117 2735/104
f 2725/105 2737/118 2736/119 2724/106
f 2726/107 2738/120 2737/118 2725/105
f 2727/108 2739/121 2738/120 2726/107
f 2728/109 2740/122 2739/121 2727/108
f 2729/110 2741/123 2740/122 2728/109
f 2730/111 2742/124 2741/123 2729/110
f 2731/112 2743/125 2742/124 2730/111
f 2732/113 2744/126 2743/125 2731/112
f 2733/114 2745/127 2744/126 2732/113
f 2734/115 2746/128 2745/127 2733/114
f 2735/104 2747/117 2746/128 2734/115
f 2736/116 2748/129 2759/130 2747/117
f 2737/118 2749/131 2748/132 2736/119
f 2738/120 2750/133 2749/131 2737/118
f 2739/121 2751/134 2750/133 2738/120
f 2740/122 2752/135 2751/134 2739/121
f 2741/123 2753/136 2752/135 2740/122
f 2742/124 2754/137 2753/136 2741/123
f 2743/125 2755/138 2754/137 2742/124
f 2744/126 2756/139 2755/138 2743/125
f 2745/127 2757/140 2756/139 2744/126
f 2746/128 2758/141 2757/140 2745/127
f 2747/117 2759/130 2758/141 2746/128
f 2748/129 2760/142 2771/143 2759/130
f 2749/131 2761/144 2760/145 2748/132
f 2750/133 2762/146 2761/144 2749/131
f 2751/134 2763/147 2762/146 2750/133
f 2752/135 2764/148 2763/147 2751/134
f 2753/136 2765/149 2764/148 2752/135
f 2754/137 2766/150 2765/149 2753/136
f 2755/138 2767/151 2766/150 2754/137
f 2756/139 2768/152 2767/151 2755/138
f 2757/140 2769/153 2768/152 2756/139
f 2758/141 2770/154 2769/153 2757/140
f 2759/130 2771/143 2770/154 2758/141
f 2760/142 2772/155 2783/156 2771/143
f 2761/144 2773/157 2772/158 2760/145
f 2762/146 2774/159 2773/157 2761/144
f 2763/147 2775/160 2774/159 2762/146
f 2764/148 2776/161 2775/160 2763/147
f 2765/149 2777/162 2776/161 2764/148
f 2766/150 2778/163 2777/162 2765/149
f 2767/151 2779/164 2778/163 2766/150
f 2768/152 2780/165 2779/164 2767/151
f 2769/153 2781/166 2780/165 2768/152
f 2770/154 2782/167 2781/166 2769/153
f 2771/143 2783/156 2782/167 2770/154
f 2772/155 2784/168 143/169 2783/156
f 2773/157 136/170 2784/6 2772/158
f 2774/159 2785/171 136/170 2773/157
f 2775/160 137/172 2785/171 2774/159
f 2776/161 138/173 137/172 2775/160
f 2777/162 139/174 138/173 2776/161
f 2778/163 140/175 139/174 2777/162
f 2779/164 141/176 140/175 2778/163
f 2780/165 2786/177 141/176 2779/164
f 2781/166 142/178 2786/177 2780/165
f 2782/167 2787/179 142/178 2781/166
f 2783/156 143/169 2787/179 2782/167
f 2788/13 2793/14 2804/15 135/16
f 129/17 2794/18 2793/19 2788/8
f 130/20 2795/21 2794/18 129/17
f 2789/22 2796/23 2795/21 130/20
f 131/24 2797/25 2796/23 2789/22
f 132/26 2798/27 2797/25 131/24
f 2790/28 2799/29 2798/27 132/26
f 133/30 2800/31 2799/29 2790/28
f 2791/32 2801/33 2800/31 133/30
f 2792/34 2802/35 2801/33 2791/32
f 134/36 2803/37 2802/35 2792/34
f 135/16 2804/15 2803/37 134/36
f 2793/14 2805/38 2816/39 2804/15
f 2794/18 2806/40 2805/41 2793/19
f 2795/21 2807/42 2806/40 2794/18
f 2796/23 2808/43 2807/42 2795/21
f 2797/25 2809/44 2808/43 2796/23
f 2798/27 2810/45 2809/44 2797/25
f 2799/29 2811/46 2810/45 2798/27
f 2800/31 2812/47 2811/46 2799/29
f 2801/33 2813/48 2812/47 2800/31
f 2802/35 2814/49 2813/48 2801/33
f 2803/37 2815/50 2814/49 2802/35
f 2804/15 2816/39 2815/50 2803/37
f 2805/38 2817/51 2828/52 2816/39
f 2806/40 2818/53 2817/54 2805/41
f 2807/42 2819/55 2818/53 2806/40
f 2808/43 2820/56 2819/55 2807/42
f 2809/44 2821/57 2820/56 2808/43
f 2810/45 2822/58 2821/57 2809/44
f 2811/46 2823/59 2822/58 2810/45
f 2812/47 2824/60 2823/59 2811/46
f 2813/48 2825/61 2824/60 2812/47
f 2814/49 2826/62 2825/61 2813/48
f 2815/50 2827/63 2826/62 2814/49
f 2816/39 2828/52 2827/63 2815/50
f 2817/51 2829/64 2840/65 2828/52
f 2818/53 2830/66 2829/67 2817/54
f 2819/55 2831/68 2830/66 2818/53
f 2820/56 2832/69 2831/68 2819/55
f 2821/57 2833/70 2832/69 2820/56
f 2822/58 2834/71 2833/70 2821/57
f 2823/59 2835/72 2834/71 2822/58
f 2824/60 2836/73 2835/72 2823/59
f 2825/61 2837/74 2836/73 2824/60
f 2826/62 2838/75 2837/74 2825/61
f 2827/63 2839/76 2838/75 2826/62
f 2828/52 2840/65 2839/76 2827/63
f 2829/64 2841/77 2852/78 2840/65
f 2830/66 2842/79 2841/80 2829/67
f 2831/68 2843/81 2842/79 2830/66
f 2832/69 2844/82 2843/81 2831/68
f 2833/70 2845/83 2844/82 2832/69
f 2834/71 2846/84 2845/83 2833/70
f 2835/72 2847/85 2846/84 2834/71
f 2836/73 2848/86 2847/85 2835/72
f 2837/74 2849/87 2848/86 2836/73
f 2838/75 2850/88 2849/87 2837/74
f 2839/76 2851/89 2850/88 2838/75
f 2840/65 2852/78 2851/89 2839/76
f 2841/77 2853/90 2864/91 2852/78
f 2842/79 2854/92 2853/93 2841/80
f 2843/81 2855/94 2854/92 2842/79
f 2844/82 2856/95 2855/94 2843/81
f 2845/83 2857/96 2856/95 2844/82
f 2846/84 2858/97 2857/96 2845/83
f 2847/85 2859/98 2858/97 2846/84
f 2848/86 2860/99 2859/98 2847/85
f 2849/87 2861/100 2860/99 2848/86
f 2850/88 2862/101 2861/100 2849/87
f 2851/89 2863/102 2862/101 2850/88
f 2852/78 2864/91 2863/102 2851/89
f 2853/90 2865/103 2876/104 2864/91
f 2854/92 2866/105 2865/106 2853/93
f 2855/94 2867/107 2866/105 2854/92
f 2856/95 2868/108 2867/107 2855/94
f 2857/96 2869/109 2868/108 2856/95
f 2858/97 2870/110 2869/109 2857/96
f 2859/98 2871/111 2870/110 2858/97
f 2860/99 2872/112 2871/111 2859/98
f 2861/100 2873/113 2872/112 2860/99
f 2862/101 2874/114 2873/113 2861/100
f 2863/102 2875/115 2874/114 2862/101
f 2864/91 2876/104 2875/115 2863/102
f 2865/103 2877/116 2888/117 2876/104
f 2866/105 2878/118 2877/119 2865/106
f 2867/107 2879/120 2878/118 2866/105
f 2868/108 2880/121 2879/120 2867/107
f 2869/109 2881/122 2880/121 2868/108
f 2870/110 2882/123 2881/122 2869/109
f 2871/111 2883/124 2882/123 2870/110
f 2872/112 2884/125 2883/124 2871/111
f 2873/113 2885/126 2884/125 2872/112
f 2874/114 2886/127 2885/126 2873/113
f 2875/115 2887/128 2886/127 2874/114
f 2876/104 2888/117 2887/128 2875/115
f 2877/116 2889/129 2900/130 2888/117
f 2878/118 2890/131 2889/132 2877/119
f 2879/120 2891/133 2890/131 2878/118
f 2880/121 2892/134 2891/133 2879/120
f 2881/122 2893/135 2892/134 2880/121
f 2882/123 2894/136 2893/135 2881/122
f 2883/124 2895/137 2894/136 2882/123
f 2884/125 2896/138 2895/137 2883/124
f 2885/126 2897/139 2896/138 2884/125
f 2886/127 2898/140 2897/139 2885/126
f 2887/128 2899/141 2898/140 2886/127
f 2888/117 2900/130 2899/141 2887/128
f 2889/129 2901/142 2912/143 2900/130
f 2890/131 2902/144 2901/145 2889/132
f 2891/133 2903/146 2902/144 2890/131
f 2892/134 2904/147 2903/146 2891/133
f 2893/135 2905/148 2904/147 2892/134
f 2894/136 2906/149 2905/148 2893/135
f 2895/137 2907/150 2906/149 2894/136
f 2896/138 2908/151 2907/150 2895/137
f 2897/139 2909/152 2908/151 2896/138
f 2898/140 2910/153 2909/152 2897/139
f 2899/141 2911/154 2910/153 2898/140
f 2900/130 2912/143 2911/154 2899/141
f 2901/142 2913/155 2924/156 2912/143
f 2902/144 2914/157 2913/158 2901/145
f 2903/146 2915/159 2914/157 2902/144
f 2904/147 2916/160 2915/159 2903/146
f 2905/148 2917/161 2916/160 2904/147
f 2906/149 2918/162 2917/161 2905/148
f 2907/150 2919/163 2918/162 2906/149
f 2908/151 2920/164 2919/163 2907/150
f 2909/152 2921/165 2920/164 2908/151
f 2910/153 2922/166 2921/165 2909/152
f 2911/154 2923/167 2922/166 2910/153
f 2912/143 2924/156 2923/167 2911/154
f 2913/155 2925/168 128/169 2924/156
f 2914/157 120/170 2925/6 2913/158
f 2915/159 121/171 120/170 2914/157
f 2916/160 2926/172 121/171 2915/159
f 2917/161 122/173 2926/172 2916/160
f 2918/162 123/174 122/173 2917/161
f 2919/163 124/175 123/174 2918/162
f 2920/164 2927/176 124/175 2919/163
f 2921/165 125/177 2927/176 2920/164
f 2922/166 126/178 125/177 2921/165
f 2923/167 127/179 126/178 2922/166
f 2924/156 128/169 127/179 2923/167
f 2928/13 2935/14 2946/15 2934/16
f 115/17 2936/18 2935/19 2928/8
f 116/20 2937/21 2936/18 115/17
f 2929/22 2938/23 2937/21 116/20
f 2930/24 2939/25 2938/23 2929/22
f 117/26 2940/27 2939/25 2930/24
f 2931/28 2941/29 2940/27 117/26
f 2932/30 2942/31 2941/29 2931/28
f 118/32 2943/33 2942/31 2932/30
f 119/34 2944/35 2943/33 118/32
f 2933/36 2945/37 2944/35 119/34
f 2934/16 2946/15 2945/37 2933/36
f 2935/14 2947/38 2958/39 2946/15
f 2936/18 2948/40 2947/41 2935/19
f 2937/21 2949/42 2948/40 2936/18
f 2938/23 2950/43 2949/42 2937/21
f 2939/25 2951/44 2950/43 2938/23
f 2940/27 2952/45 2951/44 2939/25
f 2941/29 2953/46 2952/45 2940/27
f 2942/31 2954/47 2953/46 2941/29
f 2943/33 2955/48 2954/47 2942/31
f 2944/35 2956/49 2955/48 2943/33
f 2945/37 2957/50 2956/49 2944/35
f 2946/15 2958/39 2957/50 2945/37
f 2947/38 2959/51 2970/52 2958/39
f 2948/40 2960/53 2959/54 2947/41
f 2949/42 2961/55 2960/53 2948/40
f 2950/43 2962/56 2961/55 2949/42
f 2951/44 2963/57 2962/56 2950/43
f 2952/45 2964/58 2963/57 2951/44
f 2953/46 2965/59 2964/58 2952/45
f 2954/47 2966/60 2965/59 2953/46
f 2955/48 2967/61 2966/60 2954/47
f 2956/49 2968/62 2967/61 2955/48
f 2957/50 2969/63 2968/62 2956/49
f 2958/39 2970/52 2969/63 2957/50
f 2959/51 2971/64 2982/65 2970/52
f 2960/53 2972/66 2971/67 2959/54
f 2961/55 2973/68 2972/66 2960/53
f 2962/56 2974/69 2973/68 2961/55
f 2963/57 2975/70 2974/69 2962/56
f 2964/58 2976/71 2975/70 2963/57
f 2965/59 2977/72 2976/71 2964/58
f 2966/60 2978/73 2977/72 2965/59
f 2967/61 2979/74 2978/73 2966/60
f 2968/62 2980/75 2979/74 2967/61
f 2969/63 2981/76 2980/75 2968/62
f 2970/52 2982/65 2981/76 2969/63
f 2971/64 2983/77 2994/78 2982/65
f 2972/66 2984/79 2983/80 2971/67
f 2973/68 2985/81 2984/79 2972/66
f 2974/69 2986/82 2985/81 2973/68
f 2975/70 2987/83 2986/82 2974/69
f 2976/71 2988/84 2987/83 2975/70
f 2977/72 2989/85 2988/84 2976/71
f 2978/73 2990/86 2989/85 2977/72
f 2979/74 2991/87 2990/86 2978/73
f 2980/75 2992/88 2991/87 2979/74
f 2981/76 2993/89 2992/88 2980/75
f 2982/65 2994/78 2993/89 2981/76
f 2983/77 2995/90 3006/91 2994/78
f 2984/79 2996/92 2995/93 2983/80
f 2985/81 2997/94 2996/92 2984/79
f 2986/82 2998/95 2997/94 2985/81
f 2987/83 2999/96 2998/95 2986/82
f 2988/84 3000/97 2999/96 2987/83
f 2989/85 3001/98 3000/97 2988/84
f 2990/86 3002/99 3001/98 2989/85
f 2991/87 3003/100 3002/99 2990/86
f 2992/88 3004/101 3003/100 2991/87
f 2993/89 3005/102 3004/101 2992/88
f 2994/78 3006/91 3005/102 2993/89
f 2995/90 3007/103 3018/104 3006/91
f 2996/92 3008/105 3007/106 2995/93
f 2997/94 3009/107 3008/105 2996/92
f 2998/95 3010/108 3009/107 2997/94
f 2999/96 3011/109 3010/108 2998/95
f 3000/97 3012/110 3011/109 2999/96
f 3001/98 3013/111 3012/110 3000/97
f 3002/99 3014/112 3013/111 3001/98
f 3003/100 3015/113 3014/112 3002/99
f 3004/101 3016/114 3015/113 3003/100
f 3005/102 3017/115 3016/114 3004/101
f 3006/91 3018/104 3017/115 3005/102
f 3007/103 3019/116 3030/117 3018/104
f 3008/105 3020/118 3019/119 3007/106
f 3009/107 3021/120 3020/118 3008/105
f 3010/108 3022/121 3021/120 3009/107
f 3011/109 3023/122 3022/121 3010/108
f 3012/110 3024/123 3023/122 3011/109
f 3013/111 3025/124 3024/123 3012/110
f 3014/112 3026/125 3025/124 3013/111
f 3015/113 3027/126 3026/125 3014/112
f 3016/114 3028/127 3027/126 3015/113
f 3017/115 3029/128 3028/127 3016/114
f 3018/104 3030/117 3029/128 3017/115
f 3019/116 3031/129 3042/130 3030/117
f 3020/118 3032/131 3031/132 3019/119
f 3021/120 3033/133 3032/131 3020/118
f 3022/121 3034/134 3033/133 3021/120
f 3023/122 3035/135 3034/134 3022/121
f 3024/123 3036/136 3035/135 3023/122
f 3025/124 3037/137 3036/136 3024/123
f 3026/125 3038/138 3037/137 3025/124
f 3027/126 3039/139 3038/138 3026/125
f 3028/127 3040/140 3039/139 3027/126
f 3029/128 3041/141 3040/140 3028/127
f 3030/117 3042/130 3041/141 3029/128
f 3031/129 3043/142 3054/143 3042/130
f 3032/131 3044/144 3043/145 3031/132
f 3033/133 3045/146 3044/144 3032/131
f 3034/134 3046/147 3045/146 3033/133
f 3035/135 3047/148 3046/147 3034/134
f 3036/136 3048/149 3047/148 3035/135
f 3037/137 3049/150 3048/149 3036/136
f 3038/138 3050/151 3049/150 3037/137
f 3039/139 3051/152 3050/151 3038/138
f 3040/140 3052/153 3051/152 3039/139
f 3041/141 3053/154 3052/153 3040/140
f 3042/130 3054/143 3053/154 3041/141
f 3043/142 3055/155 3066/156 3054/143
f 3044/144 3056/157 3055/158 3043/145
f 3045/146 3057/159 3056/157 3044/144
f 3046/147 3058/160 3057/159 3045/146
f 3047/148 3059/161 3058/160 3046/147
f 3048/149 3060/162 3059/161 3047/148
f 3049/150 3061/163 3060/162 3048/149
f 3050/151 3062/164 3061/163 3049/150
f 3051/152 3063/165 3062/164 3050/151
f 3052/153 3064/166 3063/165 3051/152
f 3053/154 3065/167 3064/166 3052/153
f 3054/143 3066/156 3065/167 3053/154
f 3055/155 109/168 3072/169 3066/156
f 3056/157 110/170 109/6 3055/158
f 3057/159 111/171 110/170 3056/157
f 3058/160 112/172 111/171 3057/159
f 3059/161 3067/173 112/172 3058/160
f 3060/162 3068/174 3067/173 3059/161
f 3061/163 3069/175 3068/174 3060/162
f 3062/164 3070/176 3069/175 3061/163
f 3063/165 113/177 3070/176 3062/164
f 3064/166 114/178 113/177 3063/165
f 3065/167 3071/179 114/178 3064/166
f 3066/156 3072/169 3071/179 3065/167
f 102/13 3078/14 3089/15 3077/16
f 103/17 3079/18 3078/19 102/8
f 3073/20 3080/21 3079/18 103/17
f 104/22 3081/23 3080/21 3073/20
f 105/24 3082/25 3081/23 104/22
f 106/26 3083/27 3082/25 105/24
f 3074/28 3084/29 3083/27 106/26
f 3075/30 3085/31 3084/29 3074/28
f 107/32 3086/33 3085/31 3075/30
f 108/34 3087/35 3086/33 107/32
f 3076/36 3088/37 3087/35 108/34
f 3077/16 3089/15 3088/37 3076/36
f 3078/14 3090/38 3101/39 3089/15
f 3079/18 3091/40 3090/41 3078/19
f 3080/21 3092/42 3091/40 3079/18
f 3081/23 3093/43 3092/42 3080/21
f 3082/25 3094/44 3093/43 3081/23
f 3083/27 3095/45 3094/44 3082/25
f 3084/29 3096/46 3095/45 3083/27
f 3085/31 3097/47 3096/46 3084/29
f 3086/33 3098/48 3097/47 3085/31
f 3087/35 3099/49 3098/48 3086/33
f 3088/37 3100/50 3099/49 3087/35
f 3089/15 3101/39 3100/50 3088/37
f 3090/38 3102/51 3113/52 3101/39
f 3091/40 3103/53 3102/54 3090/41
f 3092/42 3104/55 3103/53 3091/40
f 3093/43 3105/56 3104/55 3092/42
f 3094/44 3106/57 3105/56 3093/43
f 3095/45 3107/58 3106/57 3094/44
f 3096/46 3108/59 3107/58 3095/45
f 3097/47 3109/60 3108/59 3096/46
f 3098/48 3110/61 3109/60 3097/47
f 3099/49 3111/62 3110/61 3098/48
f 3100/50 3112/63 3111/62 3099/49
f 3101/39 3113/52 3112/63 3100/50
f 3102/51 3114/64 3125/65 3113/52
f 3103/53 3115/66 3114/67 3102/54
f 3104/55 3116/68 3115/66 3103/53
f 3105/56 3117/69 3116/68 3104/55
f 3106/57 3118/70 3117/69 3105/56
f 3107/58 3119/71 3118/70 3106/57
f 3108/59 3120/72 3119/71 3107/58
f 3109/60 3121/73 3120/72 3108/59
f 3110/61 3122/74 3121/73 3109/60
f 3111/62 3123/75 3122/74 3110/61
f 3112/63 3124/76 3123/75 3111/62
f 3113/52 3125/65 3124/76 3112/63
f 3114/64 3126/77 3137/78 3125/65
f 3115/66 3127/79 3126/80 3114/67
f 3116/68 3128/81 3127/79 3115/66
f 3117/69 3129/82 3128/81 3116/68
f 3118/70 3130/83 3129/82 3117/69
f 3119/71 3131/84 3130/83 3118/70
f 3120/72 3132/85 3131/84 3119/71
f 3121/73 3133/86 3132/85 3120/72
f 3122/74 3134/87 3133/86 3121/73
f 3123/75 3135/88 3134/87 3122/74
f 3124/76 3136/89 3135/88 3123/75
f 3125/65 3137/78 3136/89 3124/76
f 3126/77 3138/90 3149/91 3137/78
f 3127/79 3139/92 3138/93 3126/80
f 3128/81 3140/94 3139/92 3127/79
f 3129/82 3141/95 3140/94 3128/81
f 3130/83 3142/96 3141/95 3129/82
f 3131/84 3143/97 3142/96 3130/83
f 3132/85 3144/98 3143/97 3131/84
f 3133/86 3145/99 3144/98 3132/85
f 3134/87 3146/100 3145/99 3133/86
f 3135/88 3147/101 3146/100 3134/87
f 3136/89 3148/102 3147/101 3135/88
f 3137/78 3149/91 3148/102 3136/89
f 3138/90 3150/103 3161/104 3149/91
f 3139/92 3151/105 3150/106 3138/93
f 3140/94 3152/107 3151/105 3139/92
f 3141/95 3153/108 3152/107 3140/94
f 3142/96 3154/109 3153/108 3141/95
f 3143/97 3155/110 3154/109 3142/96
f 3144/98 3156/111 3155/110 3143/97
f 3145/99 3157/112 3156/111 3144/98
f 3146/100 3158/113 3157/112 3145/99
f 3147/101 3159/114 3158/113 3146/100
f 3148/102 3160/115 3159/114 3147/101
f 3149/91 3161/104 3160/115 3148/102
f 3150/103 3162/116 3173/117 3161/104
f 3151/105 3163/118 3162/119 3150/106
f 3152/107 3164/120 3163/118 3151/105
f 3153/108 3165/121 3164/120 3152/107
f 3154/109 3166/122 3165/121 3153/108
f 3155/110 3167/123 3166/122 3154/109
f 3156/111 3168/124 3167/123 3155/110
f 3157/112 3169/125 3168/124 3156/111
f 3158/113 3170/126 3169/125 3157/112
f 3159/114 3171/127 3170/126 3158/113
f 3160/115 3172/128 3171/127 3159/114
f 3161/104 3173/117 3172/128 3160/115
f 3162/116 3174/129 3185/130 3173/117
f 3163/118 3175/131 3174/132 3162/119
f 3164/120 3176/133 3175/131 3163/118
f 3165/121 3177/134 3176/133 3164/120
f 3166/122 3178/135 3177/134 3165/121
f 3167/123 3179/136 3178/135 3166/122
f 3168/124 3180/137 3179/136 3167/123
f 3169/125 3181/138 3180/137 3168/124
f 3170/126 3182/139 3181/138 3169/125
f 3171/127 3183/140 3182/139 3170/126
f 3172/128 3184/141 3183/140 3171/127
f 3173/117 3185/130 3184/141 3172/128
f 3174/129 3186/142 3197/143 3185/130
f 3175/131 3187/144 3186/145 3174/132
f 3176/133 3188/146 3187/144 3175/131
f 3177/134 3189/147 3188/146 3176/133
f 3178/135 3190/148 3189/147 3177/134
f 3179/136 3191/149 3190/148 3178/135
f 3180/137 3192/150 3191/149 3179/136
f 3181/138 3193/151 3192/150 3180/137
f 3182/139 3194/152 3193/151 3181/138
f 3183/140 3195/153 3194/152 3182/139
f 3184/141 3196/154 3195/153 3183/140
f 3185/130 3197/143 3196/154 3184/141
f 3186/142 3198/155 3209/156 3197/143
f 3187/144 3199/157 3198/158 3186/145
f 3188/146 3200/159 3199/157 3187/144
f 3189/147 3201/160 3200/159 3188/146
f 3190/148 3202/161 3201/160 3189/147
f 3191/149 3203/162 3202/161 3190/148
f 3192/150 3204/163 3203/162 3191/149
f 3193/151 3205/164 3204/163 3192/150
f 3194/152 3206/165 3205/164 3193/151
f 3195/153 3207/166 3206/165 3194/152
f 3196/154 3208/167 3207/166 3195/153
f 3197/143 3209/156 3208/167 3196/154
f 3198/155 97/168 3216/169 3209/156
f 3199/157 3210/170 97/6 3198/158
f 3200/159 98/171 3210/170 3199/157
f 3201/160 3211/172 98/171 3200/159
f 3202/161 3212/173 3211/172 3201/160
f 3203/162 99/174 3212/173 3202/161
f 3204/163 100/175 99/174 3203/162
f 3205/164 3213/176 100/175 3204/163
f 3206/165 101/177 3213/176 3205/164
f 3207/166 3214/178 101/177 3206/165
f 3208/167 3215/179 3214/178 3207/166
f 3209/156 3216/169 3215/179 3208/167
f 3217/13 3224/14 3235/15 96/16
f 3218/17 3225/18 3224/19 3217/8
f 3219/20 3226/21 3225/18 3218/17
f 3220/22 3227/23 3226/21 3219/20
f 92/24 3228/25 3227/23 3220/22
f 93/26 3229/27 3228/25 92/24
f 94/28 3230/29 3229/27 93/26
f 3221/30 3231/31 3230/29 94/28
f 3222/32 3232/33 3231/31 3221/30
f 3223/34 3233/35 3232/33 3222/32
f 95/36 3234/37 3233/35 3223/34
f 96/16 3235/15 3234/37 95/36
f 3224/14 3236/38 3247/39 3235/15
f 3225/18 3237/40 3236/41 3224/19
f 3226/21 3238/42 3237/40 3225/18
f 3227/23 3239/43 3238/42 3226/21
f 3228/25 3240/44 3239/43 3227/23
f 3229/27 3241/45 3240/44 3228/25
f 3230/29 3242/46 3241/45 3229/27
f 3231/31 3243/47 3242/46 3230/29
f 3232/33 3244/48 3243/47 3231/31
f 3233/35 3245/49 3244/48 3232/33
f 3234/37 3246/50 3245/49 3233/35
f 3235/15 3247/39 3246/50 3234/37
f 3236/38 3248/51 3259/52 3247/39
f 3237/40 3249/53 3248/54 3236/41
f 3238/42 3250/55 3249/53 3237/40
f 3239/43 3251/56 3250/55 3238/42
f 3240/44 3252/57 3251/56 3239/43
f 3241/45 3253/58 3252/57 3240/44
f 3242/46 3254/59 3253/58 3241/45
f 3243/47 3255/60 3254/59 3242/46
f 3244/48 3256/61 3255/60 3243/47
f 3245/49 3257/62 3256/61 3244/48
f 3246/50 3258/63 3257/62 3245/49
f 3247/39 3259/52 3258/63 3246/50
f 3248/51 3260/64 3271/65 3259/52
f 3249/53 3261/66 3260/67 3248/54
f 3250/55 3262/68 3261/66 3249/53
f 3251/56 3263/69 3262/68 3250/55
f 3252/57 3264/70 3263/69 3251/56
f 3253/58 3265/71 3264/70 3252/57
f 3254/59 3266/72 3265/71 3253/58
f 3255/60 3267/73 3266/72 3254/59
f 3256/61 3268/74 3267/73 3255/60
f 3257/62 3269/75 3268/74 3256/61
f 3258/63 3270/76 3269/75 3257/62
f 3259/52 3271/65 3270/76 3258/63
f 3260/64 3272/77 3283/78 3271/65
f 3261/66 3273/79 3272/80 3260/67
f 3262/68 3274/81 3273/79 3261/66
f 3263/69 3275/82 3274/81 3262/68
f 3264/70 3276/83 3275/82 3263/69
f 3265/71 3277/84 3276/83 3264/70
f 3266/72 3278/85 3277/84 3265/71
f 3267/73 3279/86 3278/85 3266/72
f 3268/74 3280/87 3279/86 3267/73
f 3269/75 3281/88 3280/87 3268/74
f 3270/76 3282/89 3281/88 3269/75
f 3271/65 3283/78 3282/89 3270/76
f 3272/77 3284/90 3295/91 3283/78
f 3273/79 3285/92 3284/93 3272/80
f 3274/81 3286/94 3285/92 3273/79
f 3275/82 3287/95 3286/94 3274/81
f 3276/83 3288/96 3287/95 3275/82
f 3277/84 3289/97 3288/96 3276/83
f 3278/85 3290/98 3289/97 3277/84
f 3279/86 3291/99 3290/98 3278/85
f 3280/87 3292/100 3291/99 3279/86
f 3281/88 3293/101 3292/100 3280/87
f 3282/89 3294/102 3293/101 3281/88
f 3283/78 3295/91 3294/102 3282/89
f 3284/90 3296/103 3307/104 3295/91
f 3285/92 3297/105 3296/106 3284/93
f 3286/94 3298/107 3297/105 3285/92
f 3287/95 3299/108 3298/107 3286/94
f 3288/96 3300/109 3299/108 3287/95
f 3289/97 3301/110 3300/109 3288/96
f 3290/98 3302/111 3301/110 3289/97
f 3291/99 3303/112 3302/111 3290/98
f 3292/100 3304/113 3303/112 3291/99
f 3293/101 3305/114 3304/113 3292/100
f 3294/102 3306/115 3305/114 3293/101
f 3295/91 3307/104 3306/115 3294/102
f 3296/103 3308/116 3319/117 3307/104
f 3297/105 3309/118 3308/119 3296/106
f 3298/107 3310/120 3309/118 3297/105
f 3299/108 3311/121 3310/120 3298/107
f 3300/109 3312/122 3311/121 3299/108
f 3301/110 3313/123 3312/122 3300/109
f 3302/111 3314/124 3313/123 3301/110
f 3303/112 3315/125 3314/124 3302/111
f 3304/113 3316/126 3315/125 3303/112
f 3305/114 3317/127 3316/126 3304/113
f 3306/115 3318/128 3317/127 3305/114
f 3307/104 3319/117 3318/128 3306/115
f 3308/116 3320/129 3331/130 3319/117
f 3309/118 3321/131 3320/132 3308/119
f 3310/120 3322/133 3321/131 3309/118
f 3311/121 3323/134 3322/133 3310/120
f 3312/122 3324/135 3323/134 3311/121
f 3313/123 3325/136 3324/135 3312/122
f 3314/124 3326/137 3325/136 3313/123
f 3315/125 3327/138 3326/137 3314/124
f 3316/126 3328/139 3327/138 3315/125
f 3317/127 3329/140 3328/139 3316/126
f 3318/128 3330/141 3329/140 3317/127
f 3319/117 3331/130 3330/141 3318/128
f 3320/129 3332/142 3343/143 3331/130
f 3321/131 3333/144 3332/145 3320/132
f 3322/133 3334/146 3333/144 3321/131
f 3323/134 3335/147 3334/146 3322/133
f 3324/135 3336/148 3335/147 3323/134
f 3325/136 3337/149 3336/148 3324/135
f 3326/137 3338/150 3337/149 3325/136
f 3327/138 3339/151 3338/150 3326/137
f 3328/139 3340/152 3339/151 3327/138
f 3329/140 3341/153 3340/152 3328/139
f 3330/141 3342/154 3341/153 3329/140
f 3331/130 3343/143 3342/154 3330/141
f 3332/142 3344/155 3355/156 3343/143
f 3333/144 3345/157 3344/158 3332/145
f 3334/146 3346/159 3345/157 3333/144
f 3335/147 3347/160 3346/159 3334/146
f 3336/148 3348/161 3347/160 3335/147
f 3337/149 3349/162 3348/161 3336/148
f 3338/150 3350/163 3349/162 3337/149
f 3339/151 3351/164 3350/163 3338/150
f 3340/152 3352/165 3351/164 3339/151
f 3341/153 3353/166 3352/165 3340/152
f 3342/154 3354/167 3353/166 3341/153
f 3343/143 3355/156 3354/167 3342/154
f 3344/155 88/168 3363/169 3355/156
f 3345/157 3356/170 88/6 3344/158
f 3346/159 3357/171 3356/170 3345/157
f 3347/160 3358/172 3357/171 3346/159
f 3348/161 89/173 3358/172 3347/160
f 3349/162 90/174 89/173 3348/161
f 3350/163 3359/175 90/174 3349/162
f 3351/164 3360/176 3359/175 3350/163
f 3352/165 91/177 3360/176 3351/164
f 3353/166 3361/178 91/177 3352/165
f 3354/167 3362/179 3361/178 3353/166
f 3355/156 3363/169 3362/179 3354/167
f 78/13 3366/14 3377/15 87/16
f 79/17 3367/18 3366/19 78/8
f 80/20 3368/21 3367/18 79/17
f 3364/22 3369/23 3368/21 80/20
f 81/24 3370/25 3369/23 3364/22
f 3365/26 3371/27 3370/25 81/24
f 82/28 3372/29 3371/27 3365/26
f 83/30 3373/31 3372/29 82/28
f 84/32 3374/33 3373/31 83/30
f 85/34 3375/35 3374/33 84/32
f 86/36 3376/37 3375/35 85/34
f 87/16 3377/15 3376/37 86/36
f 3366/14 3378/38 3389/39 3377/15
f 3367/18 3379/40 3378/41 3366/19
f 3368/21 3380/42 3379/40 3367/18
f 3369/23 3381/43 3380/42 3368/21
f 3370/25 3382/44 3381/43 3369/23
f 3371/27 3383/45 3382/44 3370/25
f 3372/29 3384/46 3383/45 3371/27
f 3373/31 3385/47 3384/46 3372/29
f 3374/33 3386/48 3385/47 3373/31
f 3375/35 3387/49 3386/48 3374/33
f 3376/37 3388/50 3387/49 3375/35
f 3377/15 3389/39 3388/50 3376/37
f 3378/38 3390/51 3401/52 3389/39
f 3379/40 3391/53 3390/54 3378/41
f 3380/42 3392/55 3391/53 3379/40
f 3381/43 3393/56 3392/55 3380/42
f 3382/44 3394/57 3393/56 3381/43
f 3383/45 3395/58 3394/57 3382/44
f 3384/46 3396/59 3395/58 3383/45
f 3385/47 3397/60 3396/59 3384/46
f 3386/48 3398/61 3397/60 3385/47
f 3387/49 3399/62 3398/61 3386/48
f 3388/50 3400/63 3399/62 3387/49
f 3389/39 3401/52 3400/63 3388/50
f 3390/51 3402/64 3413/65 3401/52
f 3391/53 3403/66 3402/67 3390/54
f 3392/55 3404/68 3403/66 3391/53
f 3393/56 3405/69 3404/68 3392/55
f 3394/57 3406/70 3405/69 3393/56
f 3395/58 3407/71 3406/70 3394/57
f 3396/59 3408/72 3407/71 3395/58
f 3397/60 3409/73 3408/72 3396/59
f 3398/61 3410/74 3409/73 3397/60
f 3399/62 3411/75 3410/74 3398/61
f 3400/63 3412/76 3411/75 3399/62
f 3401/52 3413/65 3412/76 3400/63
f 3402/64 3414/77 3425/78 3413/65
f 3403/66 3415/79 3414/80 3402/67
f 3404/68 3416/81 3415/79 3403/66
f 3405/69 3417/82 3416/81 3404/68
f 3406/70 3418/83 3417/82 3405/69
f 3407/71 3419/84 3418/83 3406/70
f 3408/72 3420/85 3419/84 3407/71
f 3409/73 3421/86 3420/85 3408/72
f 3410/74 3422/87 3421/86 3409/73
f 3411/75 3423/88 3422/87 3410/74
f 3412/76 3424/89 3423/88 3411/75
f 3413/65 3425/78 3424/89 3412/76
f 3414/77 3426/90 3437/91 3425/78
f 3415/79 3427/92 3426/93 3414/80
f 3416/81 3428/94 3427/92 3415/79
f 3417/82 3429/95 3428/94 3416/81
f 3418/83 3430/96 3429/95 3417/82
f 3419/84 3431/97 3430/96 3418/83
f 3420/85 3432/98 3431/97 3419/84
f 3421/86 3433/99 3432/98 3420/85
f 3422/87 3434/100 3433/99 3421/86
f 3423/88 3435/101 3434/100 3422/87
f 3424/89 3436/102 3435/101 3423/88
f 3425/78 3437/91 3436/102 3424/89
f 3426/90 3438/103 3449/104 3437/91
f 3427/92 3439/105 3438/106 3426/93
f 3428/94 3440/107 3439/105 3427/92
f 3429/95 3441/108 3440/107 3428/94
f 3430/96 3442/109 3441/108 3429/95
f 3431/97 3443/110 3442/109 3430/96
f 3432/98 3444/111 3443/110 3431/97
f 3433/99 3445/112 3444/111 3432/98
f 3434/100 3446/113 3445/112 3433/99
f 3435/101 3447/114 3446/113 3434/100
f 3436/102 3448/115 3447/114 3435/101
f 3437/91 3449/104 3448/115 3436/102
f 3438/103 3450/116 3461/117 3449/104
f 3439/105 3451/118 3450/119 3438/106
f 3440/107 3452/120 3451/118 3439/105
f 3441/108 3453/121 3452/120 3440/107
f 3442/109 3454/122 3453/121 3441/108
f 3443/110 3455/123 3454/122 3442/109
f 3444/111 3456/124 3455/123 3443/110
f 3445/112 3457/125 3456/124 3444/111
f 3446/113 3458/126 3457/125 3445/112
f 3447/114 3459/127 3458/126 3446/113
f 3448/115 3460/128 3459/127 3447/114
f 3449/104 3461/117 3460/128 3448/115
f 3450/116 3462/129 3473/130 3461/117
f 3451/118 3463/131 3462/132 3450/119
f 3452/120 3464/133 3463/131 3451/118
f 3453/121 3465/134 3464/133 3452/120
f 3454/122 3466/135 3465/134 3453/121
f 3455/123 3467/136 3466/135 3454/122
f 3456/124 3468/137 3467/136 3455/123
f 3457/125 3469/138 3468/137 3456/124
f 3458/126 3470/139 3469/138 3457/125
f 3459/127 3471/140 3470/139 3458/126
f 3460/128 3472/141 3471/140 3459/127
f 3461/117 3473/130 3472/141 3460/128
f 3462/129 3474/142 3485/143 3473/130
f 3463/131 3475/144 3474/145 3462/132
f 3464/133 3476/146 3475/144 3463/131
f 3465/134 3477/147 3476/146 3464/133
f 3466/135 3478/148 3477/147 3465/134
f 3467/136 3479/149 3478/148 3466/135
f 3468/137 3480/150 3479/149 3467/136
f 3469/138 3481/151 3480/150 3468/137
f 3470/139 3482/152 3481/151 3469/138
f 3471/140 3483/153 3482/152 3470/139
f 3472/141 3484/154 3483/153 3471/140
f 3473/130 3485/143 3484/154 3472/141
f 3474/142 3486/155 3497/156 3485/143
f 3475/144 3487/157 3486/158 3474/145
f 3476/146 3488/159 3487/157 3475/144
f 3477/147 3489/160 3488/159 3476/146
f 3478/148 3490/161 3489/160 3477/147
f 3479/149 3491/162 3490/161 3478/148
f 3480/150 3492/163 3491/162 3479/149
f 3481/151 3493/164 3492/163 3480/150
f 3482/152 3494/165 3493/164 3481/151
f 3483/153 3495/166 3494/165 3482/152
f 3484/154 3496/167 3495/166 3483/153
f 3485/143 3497/156 3496/167 3484/154
f 3486/155 3498/168 77/169 3497/156
f 3487/157 3499/170 3498/6 3486/158
f 3488/159 74/171 3499/170 3487/157
f 3489/160 3500/172 74/171 3488/159
f 3490/161 3501/173 3500/172 3489/160
f 3491/162 3502/174 3501/173 3490/161
f 3492/163 3503/175 3502/174 3491/162
f 3493/164 75/176 3503/175 3492/163
f 3494/165 3504/177 75/176 3493/164
f 3495/166 3505/178 3504/177 3494/165
f 3496/167 76/179 3505/178 3495/166
f 3497/156 77/169 76/179 3496/167
f 66/13 3510/14 3521/15 73/16
f 3506/17 3511/18 3510/19 66/8
f 67/20 3512/21 3511/18 3506/17
f 68/22 3513/23 3512/21 67/20
f 69/24 3514/25 3513/23 68/22
f 70/26 3515/27 3514/25 69/24
f 3507/28 3516/29 3515/27 70/26
f 3508/30 3517/31 3516/29 3507/28
f 71/32 3518/33 3517/31 3508/30
f 72/34 3519/35 3518/33 71/32
f 3509/36 3520/37 3519/35 72/34
f 73/16 3521/15 3520/37 3509/36
f 3510/14 3522/38 3533/39 3521/15
f 3511/18 3523/40 3522/41 3510/19
f 3512/21 3524/42 3523/40 3511/18
f 3513/23 3525/43 3524/42 3512/21
f 3514/25 3526/44 3525/43 3513/23
f 3515/27 3527/45 3526/44 3514/25
f 3516/29 3528/46 3527/45 3515/27
f 3517/31 3529/47 3528/46 3516/29
f 3518/33 3530/48 3529/47 3517/31
f 3519/35 3531/49 3530/48 3518/33
f 3520/37 3532/50 3531/49 3519/35
f 3521/15 3533/39 3532/50 3520/37
f 3522/38 3534/51 3545/52 3533/39
f 3523/40 3535/53 3534/54 3522/41
f 3524/42 3536/55 3535/53 3523/40
f 3525/43 3537/56 3536/55 3524/42
f 3526/44 3538/57 3537/56 3525/43
f 3527/45 3539/58 3538/57 3526/44
f 3528/46 3540/59 3539/58 3527/45
f 3529/47 3541/60 3540/59 3528/46
f 3530/48 3542/61 3541/60 3529/47
f 3531/49 3543/62 3542/61 3530/48
f 3532/50 3544/63 3543/62 3531/49
f 3533/39 3545/52 3544/63 3532/50
f 3534/51 3546/64 3557/65 3545/52
f 3535/53 3547/66 3546/67 3534/54
f 3536/55 3548/68 3547/66 3535/53
f 3537/56 3549/69 3548/68 3536/55
f 3538/57 3550/70 3549/69 3537/56
f 3539/58 3551/71 3550/70 3538/57
f 3540/59 3552/72 3551/71 3539/58
f 3541/60 3553/73 3552/72 3540/59
f 3542/61 3554/74 3553/73 3541/60
f 3543/62 3555/75 3554/74 3542/61
f 3544/63 3556/76 3555/75 3543/62
f 3545/52 3557/65 3556/76 3544/63
f 3546/64 3558/77 3569/78 3557/65
f 3547/66 3559/79 3558/80 3546/67
f 3548/68 3560/81 3559/79 3547/66
f 3549/69 3561/82 3560/81 3548/68
f 3550/70 3562/83 3561/82 3549/69
f 3551/71 3563/84 3562/83 3550/70
f 3552/72 3564/85 3563/84 3551/71
f 3553/73 3565/86 3564/85 3552/72
f 3554/74 3566/87 3565/86 3553/73
f 3555/75 3567/88 3566/87 3554/74
f 3556/76 3568/89 3567/88 3555/75
f 3557/65 3569/78 3568/89 3556/76
f 3558/77 3570/90 3581/91 3569/78
f 3559/79 3571/92 3570/93 3558/80
f 3560/81 3572/94 3571/92 3559/79
f 3561/82 3573/95 3572/94 3560/81
f 3562/83 3574/96 3573/95 3561/82
f 3563/84 3575/97 3574/96 3562/83
f 3564/85 3576/98 3575/97 3563/84
f 3565/86 3577/99 3576/98 3564/85
f 3566/87 3578/100 3577/99 3565/86
f 3567/88 3579/101 3578/100 3566/87
f 3568/89 3580/102 3579/101 3567/88
f 3569/78 3581/91 3580/102 3568/89
f 3570/90 3582/103 3593/104 3581/91
f 3571/92 3583/105 3582/106 3570/93
f 3572/94 3584/107 3583/105 3571/92
f 3573/95 3585/108 3584/107 3572/94
f 3574/96 3586/109 3585/108 3573/95
f 3575/97 3587/110 3586/109 3574/96
f 3576/98 3588/111 3587/110 3575/97
f 3577/99 3589/112 3588/111 3576/98
f 3578/100 3590/113 3589/112 3577/99
f 3579/101 3591/114 3590/113 3578/100
f 3580/102 3592/115 3591/114 3579/101
f 3581/91 3593/104 3592/115 3580/102
f 3582/103 3594/116 3605/117 3593/104
f 3583/105 3595/118 3594/119 3582/106
f 3584/107 3596/120 3595/118 3583/105
f 3585/108 3597/121 3596/120 3584/107
f 3586/109 3598/122 3597/121 3585/108
f 3587/110 3599/123 3598/122 3586/109
f 3588/111 3600/124 3599/123 3587/110
f 3589/112 3601/125 3600/124 3588/111
f 3590/113 3602/126 3601/125 3589/112
f 3591/114 3603/127 3602/126 3590/113
f 3592/115 3604/128 3603/127 3591/114
f 3593/104 3605/117 3604/128 3592/115
f 3594/116 3606/129 3617/130 3605/117
f 3595/118 3607/131 3606/132 3594/119
f 3596/120 3608/133 3607/131 3595/118
f 3597/121 3609/134 3608/133 3596/120
f 3598/122 3610/135 3609/134 3597/121
f 3599/123 3611/136 3610/135 3598/122
f 3600/124 3612/137 3611/136 3599/123
f 3601/125 3613/138 3612/137 3600/124
f 3602/126 3614/139 3613/138 3601/125
f 3603/127 3615/140 3614/139 3602/126
f 3604/128 3616/141 3615/140 3603/127
f 3605/117 3617/130 3616/141 3604/128
f 3606/129 3618/142 3629/143 3617/130
f 3607/131 3619/144 3618/145 3606/132
f 3608/133 3620/146 3619/144 3607/131
f 3609/134 3621/147 3620/146 3608/133
f 3610/135 3622/148 3621/147 3609/134
f 3611/136 3623/149 3622/148 3610/135
f 3612/137 3624/150 3623/149 3611/136
f 3613/138 3625/151 3624/150 3612/137
f 3614/139 3626/152 3625/151 3613/138
f 3615/140 3627/153 3626/152 3614/139
f 3616/141 3628/154 3627/153 3615/140
f 3617/130 3629/143 3628/154 3616/141
f 3618/142 3630/155 3641/156 3629/143
f 3619/144 3631/157 3630/158 3618/145
f 3620/146 3632/159 3631/157 3619/144
f 3621/147 3633/160 3632/159 3620/146
f 3622/148 3634/161 3633/160 3621/147
f 3623/149 3635/162 3634/161 3622/148
f 3624/150 3636/163 3635/162 3623/149
f 3625/151 3637/164 3636/163 3624/150
f 3626/152 3638/165 3637/164 3625/151
f 3627/153 3639/166 3638/165 3626/152
f 3628/154 3640/167 3639/166 3627/153
f 3629/143 3641/156 3640/167 3628/154
f 3630/155 57/168 3644/169 3641/156
f 3631/157 58/170 57/6 3630/158
f 3632/159 59/171 58/170 3631/157
f 3633/160 60/172 59/171 3632/159
f 3634/161 3642/173 60/172 3633/160
f 3635/162 3643/174 3642/173 3634/161
f 3636/163 61/175 3643/174 3635/162
f 3637/164 62/176 61/175 3636/163
f 3638/165 63/177 62/176 3637/164
f 3639/166 64/178 63/177 3638/165
f 3640/167 65/179 64/178 3639/166
f 3641/156 3644/169 65/179 3640/167
f 3645/13 3651/14 3662/15 3650/16
f 3646/17 3652/18 3651/19 3645/8
f 51/20 3653/21 3652/18 3646/17
f 3647/22 3654/23 3653/21 51/20
f 52/24 3655/25 3654/23 3647/22
f 3648/26 3656/27 3655/25 52/24
f 53/28 3657/29 3656/27 3648/26
f 54/30 3658/31 3657/29 53/28
f 3649/32 3659/33 3658/31 54/30
f 55/34 3660/35 3659/33 3649/32
f 56/36 3661/37 3660/35 55/34
f 3650/16 3662/15 3661/37 56/36
f 3651/14 3663/38 3674/39 3662/15
f 3652/18 3664/40 3663/41 3651/19
f 3653/21 3665/42 3664/40 3652/18
f 3654/23 3666/43 3665/42 3653/21
f 3655/25 3667/44 3666/43 3654/23
f 3656/27 3668/45 3667/44 3655/25
f 3657/29 3669/46 3668/45 3656/27
f 3658/31 3670/47 3669/46 3657/29
f 3659/33 3671/48 3670/47 3658/31
f 3660/35 3672/49 3671/48 3659/33
f 3661/37 3673/50 3672/49 3660/35
f 3662/15 3674/39 3673/50 3661/37
f 3663/38 3675/51 3686/52 3674/39
f 3664/40 3676/53 3675/54 3663/41
f 3665/42 3677/55 3676/53 3664/40
f 3666/43 3678/56 3677/55 3665/42
f 3667/44 3679/57 3678/56 3666/43
f 3668/45 3680/58 3679/57 3667/44
f 3669/46 3681/59 3680/58 3668/45
f 3670/47 3682/60 3681/59 3669/46
f 3671/48 3683/61 3682/60 3670/47
f 3672/49 3684/62 3683/61 3671/48
f 3673/50 3685/63 3684/62 3672/49
f 3674/39 3686/52 3685/63 3673/50
f 3675/51 3687/64 3698/65 3686/52
f 3676/53 3688/66 3687/67 3675/54
f 3677/55 3689/68 3688/66 3676/53
f 3678/56 3690/69 3689/68 3677/55
f 3679/57 3691/70 3690/69 3678/56
f 3680/58 3692/71 3691/70 3679/57
f 3681/59 3693/72 3692/71 3680/58
f 3682/60 3694/73 3693/72 3681/59
f 3683/61 3695/74 3694/73 3682/60
f 3684/62 3696/75 3695/74 3683/61
f 3685/63 3697/76 3696/75 3684/62
f 3686/52 3698/65 3697/76 3685/63
f 3687/64 3699/77 3710/78 3698/65
f 3688/66 3700/79 3699/80 3687/67
f 3689/68 3701/81 3700/79 3688/66
f 3690/69 3702/82 3701/81 3689/68
f 3691/70 3703/83 3702/82 3690/69
f 3692/71 3704/84 3703/83 3691/70
f 3693/72 3705/85 3704/84 3692/71
f 3694/73 3706/86 3705/85 3693/72
f 3695/74 3707/87 3706/86 3694/73
f 3696/75 3708/88 3707/87 3695/74
f 3697/76 3709/89 3708/88 3696/75
f 3698/65 3710/78 3709/89 3697/76
f 3699/77 3711/90 3722/91 3710/78
f 3700/79 3712/92 3711/93 3699/80
f 3701/81 3713/94 3712/92 3700/79
f 3702/82 3714/95 3713/94 3701/81
f 3703/83 3715/96 3714/95 3702/82
f 3704/84 3716/97 3715/96 3703/83
f 3705/85 3717/98 3716/97 3704/84
f 3706/86 3718/99 3717/98 3705/85
f 3707/87 3719/100 3718/99 3706/86
f 3708/88 3720/101 3719/100 3707/87
f 3709/89 3721/102 3720/101 3708/88
f 3710/78 3722/91 3721/102 3709/89
f 3711/90 3723/103 3734/104 3722/91
f 3712/92 3724/105 3723/106 3711/93
f 3713/94 3725/107 3724/105 3712/92
f 3714/95 3726/108 3725/107 3713/94
f 3715/96 3727/109 3726/108 3714/95
f 3716/97 3728/110 3727/109 3715/96
f 3717/98 3729/111 3728/110 3716/97
f 3718/99 3730/112 3729/111 3717/98
f 3719/100 3731/113 3730/112 3718/99
f 3720/101 3732/114 3731/113 3719/100
f 3721/102 3733/115 3732/114 3720/101
f 3722/91 3734/104 3733/115 3721/102
f 3723/103 3735/116 3746/117 3734/104
f 3724/105 3736/118 3735/119 3723/106
f 3725/107 3737/120 3736/118 3724/105
f 3726/108 3738/121 3737/120 3725/107
f 3727/109 3739/122 3738/121 3726/108
f 3728/110 3740/123 3739/122 3727/109
f 3729/111 3741/124 3740/123 3728/110
f 3730/112 3742/125 3741/124 3729/111
f 3731/113 3743/126 3742/125 3730/112
f 3732/114 3744/127 3743/126 3731/113
f 3733/115 3745/128 3744/127 3732/114
f 3734/104 3746/117 3745/128 3733/115
f 3735/116 3747/129 3758/130 3746/117
f 3736/118 3748/131 3747/132 3735/119
f 3737/120 3749/133 3748/131 3736/118
f 3738/121 3750/134 3749/133 3737/120
f 3739/122 3751/135 3750/134 3738/121
f 3740/123 3752/136 3751/135 3739/122
f 3741/124 3753/137 3752/136 3740/123
f 3742/125 3754/138 3753/137 3741/124
f 3743/126 3755/139 3754/138 3742/125
f 3744/127 3756/140 3755/139 3743/126
f 3745/128 3757/141 3756/140 3744/127
f 3746/117 3758/130 3757/141 3745/128
f 3747/129 3759/142 3770/143 3758/130
f 3748/131 3760/144 3759/145 3747/132
f 3749/133 3761/146 3760/144 3748/131
f 3750/134 3762/147 3761/146 3749/133
f 3751/135 3763/148 3762/147 3750/134
f 3752/136 3764/149 3763/148 3751/135
f 3753/137 3765/150 3764/149 3752/136
f 3754/138 3766/151 3765/150 3753/137
f 3755/139 3767/152 3766/151 3754/138
f 3756/140 3768/153 3767/152 3755/139
f 3757/141 3769/154 3768/153 3756/140
f 3758/130 3770/143 3769/154 3757/141
f 3759/142 3771/155 3782/156 3770/143
f 3760/144 3772/157 3771/158 3759/145
f 3761/146 3773/159 3772/157 3760/144
f 3762/147 3774/160 3773/159 3761/146
f 3763/148 3775/161 3774/160 3762/147
f 3764/149 3776/162 3775/161 3763/148
f 3765/150 3777/163 3776/162 3764/149
f 3766/151 3778/164 3777/163 3765/150
f 3767/152 3779/165 3778/164 3766/151
f 3768/153 3780/166 3779/165 3767/152
f 3769/154 3781/167 3780/166 3768/153
f 3770/143 3782/156 3781/167 3769/154
f 3771/155 3783/168 3790/169 3782/156
f 3772/157 47/170 3783/6 3771/158
f 3773/159 48/171 47/170 3772/157
f 3774/160 3784/172 48/171 3773/159
f 3775/161 49/173 3784/172 3774/160
f 3776/162 3785/174 49/173 3775/161
f 3777/163 3786/175 3785/174 3776/162
f 3778/164 50/176 3786/175 3777/163
f 3779/165 3787/177 50/176 3778/164
f 3780/166 3788/178 3787/177 3779/165
f 3781/167 3789/179 3788/178 3780/166
f 3782/156 3790/169 3789/179 3781/167
f 39/13 3795/14 3806/15 46/16
f 40/17 3796/18 3795/19 39/8
f 3791/20 3797/21 3796/18 40/17
f 41/22 3798/23 3797/21 3791/20
f 42/24 3799/25 3798/23 41/22
f 3792/26 3800/27 3799/25 42/24
f 3793/28 3801/29 3800/27 3792/26
f 43/30 3802/31 3801/29 3793/28
f 3794/32 3803/33 3802/31 43/30
f 44/34 3804/35 3803/33 3794/32
f 45/36 3805/37 3804/35 44/34
f 46/16 3806/15 3805/37 45/36
f 3795/14 3807/38 3818/39 3806/15
f 3796/18 3808/40 3807/41 3795/19
f 3797/21 3809/42 3808/40 3796/18
f 3798/23 3810/43 3809/42 3797/21
f 3799/25 3811/44 3810/43 3798/23
f 3800/27 3812/45 3811/44 3799/25
f 3801/29 3813/46 3812/45 3800/27
f 3802/31 3814/47 3813/46 3801/29
f 3803/33 3815/48 3814/47 3802/31
f 3804/35 3816/49 3815/48 3803/33
f 3805/37 3817/50 3816/49 3804/35
f 3806/15 3818/39 3817/50 3805/37
f 3807/38 3819/51 3830/52 3818/39
f 3808/40 3820/53 3819/54 3807/41
f 3809/42 3821/55 3820/53 3808/40
f 3810/43 3822/56 3821/55 3809/42
f 3811/44 3823/57 3822/56 3810/43
f 3812/45 3824/58 3823/57 3811/44
f 3813/46 3825/59 3824/58 3812/45
f 3814/47 3826/60 3825/59 3813/46
f 3815/48 3827/61 3826/60 3814/47
f 3816/49 3828/62 3827/61 3815/48
f 3817/50 3829/63 3828/62 3816/49
f 3818/39 3830/52 3829/63 3817/50
f 3819/51 3831/64 3842/65 3830/52
f 3820/53 3832/66 3831/67 3819/54
f 3821/55 3833/68 3832/66 3820/53
f 3822/56 3834/69 3833/68 3821/55
f 3823/57 3835/70 3834/69 3822/56
f 3824/58 3836/71 3835/70 3823/57
f 3825/59 3837/72 3836/71 3824/58
f 3826/60 3838/73 3837/72 3825/59
f 3827/61 3839/74 3838/73 3826/60
f 3828/62 3840/75 3839/74 3827/61
f 3829/63 3841/76 3840/75 3828/62
f 3830/52 3842/65 3841/76 3829/63
f 3831/64 3843/77 3854/78 3842/65
f 3832/66 3844/79 3843/80 3831/67
f 3833/68 3845/81 3844/79 3832/66
f 3834/69 3846/82 3845/81 3833/68
f 3835/70 3847/83 3846/82 3834/69
f 3836/71 3848/84 3847/83 3835/70
f 3837/72 3849/85 3848/84 3836/71
f 3838/73 3850/86 3849/85 3837/72
f 3839/74 3851/87 3850/86 3838/73
f 3840/75 3852/88 3851/87 3839/74
f 3841/76 3853/89 3852/88 3840/75
f 3842/65 3854/78 3853/89 3841/76
f 3843/77 3855/90 3866/91 3854/78
f 3844/79 3856/92 3855/93 3843/80
f 3845/81 3857/94 3856/92 3844/79
f 3846/82 3858/95 3857/94 3845/81
f 3847/83 3859/96 3858/95 3846/82
f 3848/84 3860/97 3859/96 3847/83
f 3849/85 3861/98 3860/97 3848/84
f 3850/86 3862/99 3861/98 3849/85
f 3851/87 3863/100 3862/99 3850/86
f 3852/88 3864/101 3863/100 3851/87
f 3853/89 3865/102 3864/101 3852/88
f 3854/78 3866/91 3865/102 3853/89
f 3855/90 3867/103 3878/104 3866/91
f 3856/92 3868/105 3867/106 3855/93
f 3857/94 3869/107 3868/105 3856/92
f 3858/95 3870/108 3869/107 3857/94
f 3859/96 3871/109 3870/108 3858/95
f 3860/97 3872/110 3871/109 3859/96
f 3861/98 3873/111 3872/110 3860/97
f 3862/99 3874/112 3873/111 3861/98
f 3863/100 3875/113 3874/112 3862/99
f 3864/101 3876/114 3875/113 3863/100
f 3865/102 3877/115 3876/114 3864/101
f 3866/91 3878/104 3877/115 3865/102
f 3867/103 3879/116 3890/117 3878/104
f 3868/105 3880/118 3879/119 3867/106
f 3869/107 3881/120 3880/118 3868/105
f 3870/108 3882/121 3881/120 3869/107
f 3871/109 3883/122 3882/121 3870/108
f 3872/110 3884/123 3883/122 3871/109
f 3873/111 3885/124 3884/123 3872/110
f 3874/112 3886/125 3885/124 3873/111
f 3875/113 3887/126 3886/125 3874/112
f 3876/114 3888/127 3887/126 3875/113
f 3877/115 3889/128 3888/127 3876/114
f 3878/104 3890/117 3889/128 3877/115
f 3879/116 3891/129 3902/130 3890/117
f 3880/118 3892/131 3891/132 3879/119
f 3881/120 3893/133 3892/131 3880/118
f 3882/121 3894/134 3893/133 3881/120
f 3883/122 3895/135 3894/134 3882/121
f 3884/123 3896/136 3895/135 3883/122
f 3885/124 3897/137 3896/136 3884/123
f 3886/125 3898/138 3897/137 3885/124
f 3887/126 3899/139 3898/138 3886/125
f 3888/127 3900/140 3899/139 3887/126
f 3889/128 3901/141 3900/140 3888/127
f 3890/117 3902/130 3901/141 3889/128
f 3891/129 3903/142 3914/143 3902/130
f 3892/131 3904/144 3903/145 3891/132
f 3893/133 3905/146 3904/144 3892/131
f 3894/134 3906/147 3905/146 3893/133
f 3895/135 3907/148 3906/147 3894/134
f 3896/136 3908/149 3907/148 3895/135
f 3897/137 3909/150 3908/149 3896/136
f 3898/138 3910/151 3909/150 3897/137
f 3899/139 3911/152 3910/151 3898/138
f 3900/140 3912/153 3911/152 3899/139
f 3901/141 3913/154 3912/153 3900/140
f 3902/130 3914/143 3913/154 3901/141
f 3903/142 3915/155 3926/156 3914/143
f 3904/144 3916/157 3915/158 3903/145
f 3905/146 3917/159 3916/157 3904/144
f 3906/147 3918/160 3917/159 3905/146
f 3907/148 3919/161 3918/160 3906/147
f 3908/149 3920/162 3919/161 3907/148
f 3909/150 3921/163 3920/162 3908/149
f 3910/151 3922/164 3921/163 3909/150
f 3911/152 3923/165 3922/164 3910/151
f 3912/153 3924/166 3923/165 3911/152
f 3913/154 3925/167 3924/166 3912/153
f 3914/143 3926/156 3925/167 3913/154
f 3915/155 3927/168 3935/169 3926/156
f 3916/157 3928/170 3927/6 3915/158
f 3917/159 36/171 3928/170 3916/157
f 3918/160 3929/172 36/171 3917/159
f 3919/161 3930/173 3929/172 3918/160
f 3920/162 3931/174 3930/173 3919/161
f 3921/163 37/175 3931/174 3920/162
f 3922/164 3932/176 37/175 3921/163
f 3923/165 38/177 3932/176 3922/164
f 3924/166 3933/178 38/177 3923/165
f 3925/167 3934/179 3933/178 3924/166
f 3926/156 3935/169 3934/179 3925/167
f 3936/13 3945/14 3956/15 3944/16
f 33/17 3946/18 3945/19 3936/8
f 34/20 3947/21 3946/18 33/17
f 3937/22 3948/23 3947/21 34/20
f 3938/24 3949/25 3948/23 3937/22
f 3939/26 3950/27 3949/25 3938/24
f 3940/28 3951/29 3950/27 3939/26
f 3941/30 3952/31 3951/29 3940/28
f 35/32 3953/33 3952/31 3941/30
f 3942/34 3954/35 3953/33 35/32
f 3943/36 3955/37 3954/35 3942/34
f 3944/16 3956/15 3955/37 3943/36
f 3945/14 3957/38 3968/39 3956/15
f 3946/18 3958/40 3957/41 3945/19
f 3947/21 3959/42 3958/40 3946/18
f 3948/23 3960/43 3959/42 3947/21
f 3949/25 3961/44 3960/43 3948/23
f 3950/27 3962/45 3961/44 3949/25
f 3951/29 3963/46 3962/45 3950/27
f 3952/31 3964/47 3963/46 3951/29
f 3953/33 3965/48 3964/47 3952/31
f 3954/35 3966/49 3965/48 3953/33
f 3955/37 3967/50 3966/49 3954/35
f 3956/15 3968/39 3967/50 3955/37
f 3957/38 3969/51 3980/52 3968/39
f 3958/40 3970/53 3969/54 3957/41
f 3959/42 3971/55 3970/53 3958/40
f 3960/43 3972/56 3971/55 3959/42
f 3961/44 3973/57 3972/56 3960/43
f 3962/45 3974/58 3973/57 3961/44
f 3963/46 3975/59 3974/58 3962/45
f 3964/47 3976/60 3975/59 3963/46
f 3965/48 3977/61 3976/60 3964/47
f 3966/49 3978/62 3977/61 3965/48
f 3967/50 3979/63 3978/62 3966/49
f 3968/39 3980/52 3979/63 3967/50
f 3969/51 3981/64 3992/65 3980/52
f 3970/53 3982/66 3981/67 3969/54
f 3971/55 3983/68 3982/66 3970/53
f 3972/56 3984/69 3983/68 3971/55
f 3973/57 3985/70 3984/69 3972/56
f 3974/58 3986/71 3985/70 3973/57
f 3975/59 3987/72 3986/71 3974/58
f 3976/60 3988/73 3987/72 3975/59
f 3977/61 3989/74 3988/73 3976/60
f 3978/62 3990/75 3989/74 3977/61
f 3979/63 3991/76 3990/75 3978/62
f 3980/52 3992/65 3991/76 3979/63
f 3981/64 3993/77 4004/78 3992/65
f 3982/66 3994/79 3993/80 3981/67
f 3983/68 3995/81 3994/79 3982/66
f 3984/69 3996/82 3995/81 3983/68
f 3985/70 3997/83 3996/82 3984/69
f 3986/71 3998/84 3997/83 3985/70
f 3987/72 3999/85 3998/84 3986/71
f 3988/73 4000/86 3999/85 3987/72
f 3989/74 4001/87 4000/86 3988/73
f 3990/75 4002/88 4001/87 3989/74
f 3991/76 4003/89 4002/88 3990/75
f 3992/65 4004/78 4003/89 3991/76
f 3993/77 4005/90 4016/91 4004/78
f 3994/79 4006/92 4005/93 3993/80
f 3995/81 4007/94 4006/92 3994/79
f 3996/82 4008/95 4007/94 3995/81
f 3997/83 4009/96 4008/95 3996/82
f 3998/84 4010/97 4009/96 3997/83
f 3999/85 4011/98 4010/97 3998/84
f 4000/86 4012/99 4011/98 3999/85
f 4001/87 4013/100 4012/99 4000/86
f 4002/88 4014/101 4013/100 4001/87
f 4003/89 4015/102 4014/101 4002/88
f 4004/78 4016/91 4015/102 4003/89
f 4005/90 4017/103 4028/104 4016/91
f 4006/92 4018/105 4017/106 4005/93
f 4007/94 4019/107 4018/105 4006/92
f 4008/95 4020/108 4019/107 4007/94
f 4009/96 4021/109 4020/108 4008/95
f 4010/97 4022/110 4021/109 4009/96
f 4011/98 4023/111 4022/110 4010/97
f 4012/99 4024/112 4023/111 4011/98
f 4013/100 4025/113 4024/112 4012/99
f 4014/101 4026/114 4025/113 4013/100
f 4015/102 4027/115 4026/114 4014/101
f 4016/91 4028/104 4027/115 4015/102
f 4017/103 4029/116 4040/117 4028/104
f 4018/105 4030/118 4029/119 4017/106
f 4019/107 4031/120 4030/118 4018/105
f 4020/108 4032/121 4031/120 4019/107
f 4021/109 4033/122 4032/121 4020/108
f 4022/110 4034/123 4033/122 4021/109
f 4023/111 4035/124 4034/123 4022/110
f 4024/112 4036/125 4035/124 4023/111
f 4025/113 4037/126 4036/125 4024/112
f 4026/114 4038/127 4037/126 4025/113
f 4027/115 4039/128 4038/127 4026/114
f 4028/104 4040/117 4039/128 4027/115
f 4029/116 4041/129 4052/130 4040/117
f 4030/118 4042/131 4041/132 4029/119
f 4031/120 4043/133 4042/131 4030/118
f 4032/121 4044/134 4043/133 4031/120
f 4033/122 4045/135 4044/134 4032/121
f 4034/123 4046/136 4045/135 4033/122
f 4035/124 4047/137 4046/136 4034/123
f 4036/125 4048/138 4047/137 4035/124
f 4037/126 4049/139 4048/138 4036/125
f 4038/127 4050/140 4049/139 4037/126
f 4039/128 4051/141 4050/140 4038/127
f 4040/117 4052/130 4051/141 4039/128
f 4041/129 4053/142 4064/143 4052/130
f 4042/131 4054/144 4053/145 4041/132
f 4043/133 4055/146 4054/144 4042/131
f 4044/134 4056/147 4055/146 4043/133
f 4045/135 4057/148 4056/147 4044/134
f 4046/136 4058/149 4057/148 4045/135
f 4047/137 4059/150 4058/149 4046/136
f 4048/138 4060/151 4059/150 4047/137
f 4049/139 4061/152 4060/151 4048/138
f 4050/140 4062/153 4061/152 4049/139
f 4051/141 4063/154 4062/153 4050/140
f 4052/130 4064/143 4063/154 4051/141
f 4053/142 4065/155 4076/156 4064/143
f 4054/144 4066/157 4065/158 4053/145
f 4055/146 4067/159 4066/157 4054/144
f 4056/147 4068/160 4067/159 4055/146
f 4057/148 4069/161 4068/160 4056/147
f 4058/149 4070/162 4069/161 4057/148
f 4059/150 4071/163 4070/162 4058/149
f 4060/151 4072/164 4071/163 4059/150
f 4061/152 4073/165 4072/164 4060/151
f 4062/153 4074/166 4073/165 4061/152
f 4063/154 4075/167 4074/166 4062/153
f 4064/143 4076/156 4075/167 4063/154
f 4065/155 4077/168 4083/169 4076/156
f 4066/157 4078/170 4077/6 4065/158
f 4067/159 28/171 4078/170 4066/157
f 4068/160 4079/172 28/171 4067/159
f 4069/161 4080/173 4079/172 4068/160
f 4070/162 29/174 4080/173 4069/161
f 4071/163 30/175 29/174 4070/162
f 4072/164 31/176 30/175 4071/163
f 4073/165 4081/177 31/176 4072/164
f 4074/166 4082/178 4081/177 4073/165
f 4075/167 32/179 4082/178 4074/166
f 4076/156 4083/169 32/179 4075/167
f 21/13 4089/14 4100/15 4088/16
f 22/17 4090/18 4089/19 21/8
f 4084/20 4091/21 4090/18 22/17
f 4085/22 4092/23 4091/21 4084/20
f 23/24 4093/25 4092/23 4085/22
f 4086/26 4094/27 4093/25 23/24
f 24/28 4095/29 4094/27 4086/26
f 4087/30 4096/31 4095/29 24/28
f 25/32 4097/33 4096/31 4087/30
f 26/34 4098/35 4097/33 25/32
f 27/36 4099/37 4098/35 26/34
f 4088/16 4100/15 4099/37 27/36
f 4089/14 4101/38 4112/39 4100/15
f 4090/18 4102/40 4101/41 4089/19
f 4091/21 4103/42 4102/40 4090/18
f 4092/23 4104/43 4103/42 4091/21
f 4093/25 4105/44 4104/43 4092/23
f 4094/27 4106/45 4105/44 4093/25
f 4095/29 4107/46 4106/45 4094/27
f 4096/31 4108/47 4107/46 4095/29
f 4097/33 4109/48 4108/47 4096/31
f 4098/35 4110/49 4109/48 4097/33
f 4099/37 4111/50 4110/49 4098/35
f 4100/15 4112/39 4111/50 4099/37
f 4101/38 4113/51 4124/52 4112/39
f 4102/40 4114/53 4113/54 4101/41
f 4103/42 4115/55 4114/53 4102/40
f 4104/43 4116/56 4115/55 4103/42
f 4105/44 4117/57 4116/56 4104/43
f 4106/45 4118/58 4117/57 4105/44
f 4107/46 4119/59 4118/58 4106/45
f 4108/47 4120/60 4119/59 4107/46
f 4109/48 4121/61 4120/60 4108/47
f 4110/49 4122/62 4121/61 4109/48
f 4111/50 4123/63 4122/62 4110/49
f 4112/39 4124/52 4123/63 4111/50
f 4113/51 4125/64 4136/65 4124/52
f 4114/53 4126/66 4125/67 4113/54
f 4115/55 4127/68 4126/66 4114/53
f 4116/56 4128/69 4127/68 4115/55
f 4117/57 4129/70 4128/69 4116/56
f 4118/58 4130/71 4129/70 4117/57
f 4119/59 4131/72 4130/71 4118/58
f 4120/60 4132/73 4131/72 4119/59
f 4121/61 4133/74 4132/73 4120/60
f 4122/62 4134/75 4133/74 4121/61
f 4123/63 4135/76 4134/75 4122/62
f 4124/52 4136/65 4135/76 4123/63
f 4125/64 4137/77 4148/78 4136/65
f 4126/66 4138/79 4137/80 4125/67
f 4127/68 4139/81 4138/79 4126/66
f 4128/69 4140/82 4139/81 4127/68
f 4129/70 4141/83 4140/82 4128/69
f 4130/71 4142/84 4141/83 4129/70
f 4131/72 4143/85 4142/84 4130/71
f 4132/73 4144/86 4143/85 4131/72
f 4133/74 4145/87 4144/86 4132/73
f 4134/75 4146/88 4145/87 4133/74
f 4135/76 4147/89 4146/88 4134/75
f 4136/65 4148/78 4147/89 4135/76
f 4137/77 4149/90 4160/91 4148/78
f 4138/79 4150/92 4149/93 4137/80
f 4139/81 4151/94 4150/92 4138/79
f 4140/82 4152/95 4151/94 4139/81
f 4141/83 4153/96 4152/95 4140/82
f 4142/84 4154/97 4153/96 4141/83
f 4143/85 4155/98 4154/97 4142/84
f 4144/86 4156/99 4155/98 4143/85
f 4145/87 4157/100 4156/99 4144/86
f 4146/88 4158/101 4157/100 4145/87
f 4147/89 4159/102 4158/101 4146/88
f 4148/78 4160/91 4159/102 4147/89
f 4149/90 4161/103 4172/104 4160/91
f 4150/92 4162/105 4161/106 4149/93
f 4151/94 4163/107 4162/105 4150/92
f 4152/95 4164/108 4163/107 4151/94
f 4153/96 4165/109 4164/108 4152/95
f 4154/97 4166/110 4165/109 4153/96
f 4155/98 4167/111 4166/110 4154/97
f 4156/99 4168/112 4167/111 4155/98
f 4157/100 4169/113 4168/112 4156/99
f 4158/101 4170/114 4169/113 4157/100
f 4159/102 4171/115 4170/114 4158/101
f 4160/91 4172/104 4171/115 4159/102
f 4161/103 4173/116 4184/117 4172/104
f 4162/105 4174/118 4173/119 4161/106
f 4163/107 4175/120 4174/118 4162/105
f 4164/108 4176/121 4175/120 4163/107
f 4165/109 4177/122 4176/121 4164/108
f 4166/110 4178/123 4177/122 4165/109
f 4167/111 4179/124 4178/123 4166/110
f 4168/112 4180/125 4179/124 4167/111
f 4169/113 4181/126 4180/125 4168/112
f 4170/114 4182/127 4181/126 4169/113
f 4171/115 4183/128 4182/127 4170/114
f 4172/104 4184/117 4183/128 4171/115
f 4173/116 4185/129 4196/130 4184/117
f 4174/118 4186/131 4185/132 4173/119
f 4175/120 4187/133 4186/131 4174/118
f 4176/121 4188/134 4187/133 4175/120
f 4177/122 4189/135 4188/134 4176/121
f 4178/123 4190/136 4189/135 4177/122
f 4179/124 4191/137 4190/136 4178/123
f 4180/125 4192/138 4191/137 4179/124
f 4181/126 4193/139 4192/138 4180/125
f 4182/127 4194/140 4193/139 4181/126
f 4183/128 4195/141 4194/140 4182/127
f 4184/117 4196/130 4195/141 4183/128
f 4185/129 4197/142 4208/143 4196/130
f 4186/131 4198/144 4197/145 4185/132
f 4187/133 4199/146 4198/144 4186/131
f 4188/134 4200/147 4199/146 4187/133
f 4189/135 4201/148 4200/147 4188/134
f 4190/136 4202/149 4201/148 4189/135
f 4191/137 4203/150 4202/149 4190/136
f 4192/138 4204/151 4203/150 4191/137
f 4193/139 4205/152 4204/151 4192/138
f 4194/140 4206/153 4205/152 4193/139
f 4195/141 4207/154 4206/153 4194/140
f 4196/130 4208/143 4207/154 4195/141
f 4197/142 4209/155 4220/156 4208/143
f 4198/144 4210/157 4209/158 4197/145
f 4199/146 4211/159 4210/157 4198/144
f 4200/147 4212/160 4211/159 4199/146
f 4201/148 4213/161 4212/160 4200/147
f 4202/149 4214/162 4213/161 4201/148
f 4203/150 4215/163 4214/162 4202/149
f 4204/151 4216/164 4215/163 4203/150
f 4205/152 4217/165 4216/164 4204/151
f 4206/153 4218/166 4217/165 4205/152
f 4207/154 4219/167 4218/166 4206/153
f 4208/143 4220/156 4219/167 4207/154
f 4209/155 4221/168 4225/169 4220/156
f 4210/157 14/170 4221/6 4209/158
f 4211/159 15/171 14/170 4210/157
f 4212/160 16/172 15/171 4211/159
f 4213/161 17/173 16/172 4212/160
f 4214/162 4222/174 17/173 4213/161
f 4215/163 18/175 4222/174 4214/162
f 4216/164 19/176 18/175 4215/163
f 4217/165 4223/177 19/176 4216/164
f 4218/166 20/178 4223/177 4217/165
f 4219/167 4224/179 20/178 4218/166
f 4220/156 4225/169 4224/179 4219/167
f 4226/13 4231/14 4242/15 13/16
f 4227/17 4232/18 4231/19 4226/8
f 4228/20 4233/21 4232/18 4227/17
f 7/22 4234/23 4233/21 4228/20
f 8/24 4235/25 4234/23 7/22
f 9/26 4236/27 4235/25 8/24
f 10/28 4237/29 4236/27 9/26
f 11/30 4238/31 4237/29 10/28
f 4229/32 4239/33 4238/31 11/30
f 4230/34 4240/35 4239/33 4229/32
f 12/36 4241/37 4240/35 4230/34
f 13/16 4242/15 4241/37 12/36
f 4231/14 4243/38 4254/39 4242/15
f 4232/18 4244/40 4243/41 4231/19
f 4233/21 4245/42 4244/40 4232/18
f 4234/23 4246/43 4245/42 4233/21
f 4235/25 4247/44 4246/43 4234/23
f 4236/27 4248/45 4247/44 4235/25
f 4237/29 4249/46 4248/45 4236/27
f 4238/31 4250/47 4249/46 4237/29
f 4239/33 4251/48 4250/47 4238/31
f 4240/35 4252/49 4251/48 4239/33
f 4241/37 4253/50 4252/49 4240/35
f 4242/15 4254/39 4253/50 4241/37
f 4243/38 4255/51 4266/52 4254/39
f 4244/40 4256/53 4255/54 4243/41
f 4245/42 4257/55 4256/53 4244/40
f 4246/43 4258/56 4257/55 4245/42
f 4247/44 4259/57 4258/56 4246/43
f 4248/45 4260/58 4259/57 4247/44
f 4249/46 4261/59 4260/58 4248/45
f 4250/47 4262/60 4261/59 4249/46
f 4251/48 4263/61 4262/60 4250/47
f 4252/49 4264/62 4263/61 4251/48
f 4253/50 4265/63 4264/62 4252/49
f 4254/39 4266/52 4265/63 4253/50
f 4255/51 4267/64 4278/65 4266/52
f 4256/53 4268/66 4267/67 4255/54
f 4257/55 4269/68 4268/66 4256/53
f 4258/56 4270/69 4269/68 4257/55
f 4259/57 4271/70 4270/69 4258/56
f 4260/58 4272/71 4271/70 4259/57
f 4261/59 4273/72 4272/71 4260/58
f 4262/60 4274/73 4273/72 4261/59
f 4263/61 4275/74 4274/73 4262/60
f 4264/62 4276/75 4275/74 4263/61
f 4265/63 4277/76 4276/75 4264/62
f 4266/52 4278/65 4277/76 4265/63
f 4267/64 4279/77 4290/78 4278/65
f 4268/66 4280/79 4279/80 4267/67
f 4269/68 4281/81 4280/79 4268/66
f 4270/69 4282/82 4281/81 4269/68
f 4271/70 4283/83 4282/82 4270/69
f 4272/71 4284/84 4283/83 4271/70
f 4273/72 4285/85 4284/84 4272/71
f 4274/73 4286/86 4285/85 4273/72
f 4275/74 4287/87 4286/86 4274/73
f 4276/75 4288/88 4287/87 4275/74
f 4277/76 4289/89 4288/88 4276/75
f 4278/65 4290/78 4289/89 4277/76
f 4279/77 4291/90 4302/91 4290/78
f 4280/79 4292/92 4291/93 4279/80
f 4281/81 4293/94 4292/92 4280/79
f 4282/82 4294/95 4293/94 4281/81
f 4283/83 4295/96 4294/95 4282/82
f 4284/84 4296/97 4295/96 4283/83
f 4285/85 4297/98 4296/97 4284/84
f 4286/86 4298/99 4297/98 4285/85
f 4287/87 4299/100 4298/99 4286/86
f 4288/88 4300/101 4299/100 4287/87
f 4289/89 4301/102 4300/101 4288/88
f 4290/78 4302/91 4301/102 4289/89
f 4291/90 4303/103 4314/104 4302/91
f 4292/92 4304/105 4303/106 4291/93
f 4293/94 4305/107 4304/105 4292/92
f 4294/95 4306/108 4305/107 4293/94
f 4295/96 4307/109 4306/108 4294/95
f 4296/97 4308/110 4307/109 4295/96
f 4297/98 4309/111 4308/110 4296/97
f 4298/99 4310/112 4309/111 4297/98
f 4299/100 4311/113 4310/112 4298/99
f 4300/101 4312/114 4311/113 4299/100
f 4301/102 4313/115 4312/114 4300/101
f 4302/91 4314/104 4313/115 4301/102
f 4303/103 4315/116 4326/117 4314/104
f 4304/105 4316/118 4315/119 4303/106
f 4305/107 4317/120 4316/118 4304/105
f 4306/108 4318/121 4317/120 4305/107
f 4307/109 4319/122 4318/121 4306/108
f 4308/110 4320/123 4319/122 4307/109
f 4309/111 4321/124 4320/123 4308/110
f 4310/112 4322/125 4321/124 4309/111
f 4311/113 4323/126 4322/125 4310/112
f 4312/114 4324/127 4323/126 4311/113
f 4313/115 4325/128 4324/127 4312/114
f 4314/104 4326/117 4325/128 4313/115
f 4315/116 4327/129 4338/130 4326/117
f 4316/118 4328/131 4327/132 4315/119
f 4317/120 4329/133 4328/131 4316/118
f 4318/121 4330/134 4329/133 4317/120
f 4319/122 4331/135 4330/134 4318/121
f 4320/123 4332/136 4331/135 4319/122
f 4321/124 4333/137 4332/136 4320/123
f 4322/125 4334/138 4333/137 4321/124
f 4323/126 4335/139 4334/138 4322/125
f 4324/127 4336/140 4335/139 4323/126
f 4325/128 4337/141 4336/140 4324/127
f 4326/117 4338/130 4337/141 4325/128
f 4327/129 4339/142 4350/143 4338/130
f 4328/131 4340/144 4339/145 4327/132
f 4329/133 4341/146 4340/144 4328/131
f 4330/134 4342/147 4341/146 4329/133
f 4331/135 4343/148 4342/147 4330/134
f 4332/136 4344/149 4343/148 4331/135
f 4333/137 4345/150 4344/149 4332/136
f 4334/138 4346/151 4345/150 4333/137
f 4335/139 4347/152 4346/151 4334/138
f 4336/140 4348/153 4347/152 4335/139
f 4337/141 4349/154 4348/153 4336/140
f 4338/130 4350/143 4349/154 4337/141
f 4339/142 4351/155 4362/156 4350/143
f 4340/144 4352/157 4351/158 4339/145
f 4341/146 4353/159 4352/157 4340/144
f 4342/147 4354/160 4353/159 4341/146
f 4343/148 4355/161 4354/160 4342/147
f 4344/149 4356/162 4355/161 4343/148
f 4345/150 4357/163 4356/162 4344/149
f 4346/151 4358/164 4357/163 4345/150
f 4347/152 4359/165 4358/164 4346/151
f 4348/153 4360/166 4359/165 4347/152
f 4349/154 4361/167 4360/166 4348/153
f 4350/143 4362/156 4361/167 4349/154
f 4351/155 1/168 6/169 4362/156
f 4352/157 4363/170 1/6 4351/158
f 4353/159 4364/171 4363/170 4352/157
f 4354/160 2/172 4364/171 4353/159
f 4355/161 3/173 2/172 4354/160
f 4356/162 4365/174 3/173 4355/161
f 4357/163 4366/175 4365/174 4356/162
f 4358/164 4/176 4366/175 4357/163
f 4359/165 4367/177 4/176 4358/164
f 4360/166 4368/178 4367/177 4359/165
f 4361/167 5/179 4368/178 4360/166
f 4362/156 6/169 5/179 4361/167
usemtl Feuille
f 4377/180 4369/181 4370/182 4378/183
f 4370/182 4371/184 4379/185 4378/183
f 4371/184 4372/186 4380/187 4379/185
f 4372/186 4373/188 4381/189 4380/187
f 4373/188 4374/190 4382/191 4381/189
f 4382/191 4374/190 4375/192 4383/193
f 4383/193 4375/192 4376/194 4384/195
f 4384/196 4376/197 4369/181 4377/180
f 4370/198 4369/199 4385/200
f 4371/201 4370/198 4385/200
f 4372/202 4371/201 4385/200
f 4373/203 4372/202 4385/200
f 4374/204 4373/203 4385/200
f 4375/205 4374/204 4385/200
f 4376/206 4375/205 4385/200
f 4369/199 4376/206 4385/200
f 4386/207 4377/208 4378/209
f 4378/209 4379/210 4386/207
f 4379/210 4380/211 4386/207
f 4380/211 4381/212 4386/207
f 4381/212 4382/213 4386/207
f 4386/207 4382/213 4383/214
f 4386/207 4383/214 4384/215
f 4386/207 4384/215 4377/208
f 4395/216 4387/217 4388/218 4396/219
f 4388/218 4389/220 4397/221 4396/219
f 4389/220 4390/222 4398/223 4397/221
f 4390/222 4391/224 4399/225 4398/223
f 4391/224 4392/226 4400/227 4399/225
f 4400/227 4392/226 4393/228 4401/229
f 4401/229 4393/228 4394/230 4402/231
f 4402/232 4394/233 4387/217 4395/216
f 4388/234 4387/235 4403/236
f 4389/237 4388/234 4403/236
f 4390/238 4389/237 4403/236
f 4391/239 4390/238 4403/236
f 4392/240 4391/239 4403/236
f 4393/241 4392/240 4403/236
f 4394/242 4393/241 4403/236
f 4387/235 4394/242 4403/236
f 4404/243 4395/244 4396/245
f 4396/245 4397/246 4404/243
f 4397/246 4398/247 4404/243
f 4398/247 4399/248 4404/243
f 4399/248 4400/249 4404/243
f 4404/243 4400/249 4401/250
f 4404/243 4401/250 4402/251
f 4404/243 4402/251 4395/244
f 4413/252 4405/253 4406/254 4414/255
f 4406/254 4407/256 4415/257 4414/255
f 4407/256 4408/258 4416/259 4415/257
f 4408/258 4409/260 4417/261 4416/259
f 4409/260 4410/262 4418/263 4417/261
f 4418/263 4410/262 4411/264 4419/265
f 4419/265 4411/264 4412/266 4420/267
f 4420/268 4412/269 4405/253 4413/252
f 4406/270 4405/271 4421/272
f 4407/273 4406/270 4421/272
f 4408/274 4407/273 4421/272
f 4409/275 4408/274 4421/272
f 4410/276 4409/275 4421/272
f 4411/277 4410/276 4421/272
f 4412/278 4411/277 4421/272
f 4405/271 4412/278 4421/272
f 4422/279 4413/280 4414/281
f 4414/281 4415/282 4422/279
f 4415/282 4416/283 4422/279
f 4416/283 4417/284 4422/279
f 4417/284 4418/285 4422/279
f 4422/279 4418/285 4419/286
f 4422/279 4419/286 4420/287
f 4422/279 4420/287 4413/280
f 4431/180 4423/181 4424/182 4432/183
f 4424/182 4425/184 4433/185 4432/183
f 4425/184 4426/186 4434/187 4433/185
f 4426/186 4427/188 4435/189 4434/187
f 4427/188 4428/190 4436/191 4435/189
f 4436/191 4428/190 4429/192 4437/193
f 4437/193 4429/192 4430/194 4438/195
f 4438/196 4430/197 4423/181 4431/180
f 4424/198 4423/199 4439/200
f 4425/201 4424/198 4439/200
f 4426/202 4425/201 4439/200
f 4427/203 4426/202 4439/200
f 4428/204 4427/203 4439/200
f 4429/205 4428/204 4439/200
f 4430/206 4429/205 4439/200
f 4423/199 4430/206 4439/200
f 4440/207 4431/208 4432/209
f 4432/209 4433/210 4440/207
f 4433/210 4434/211 4440/207
f 4434/211 4435/212 4440/207
f 4435/212 4436/213 4440/207
f 4440/207 4436/213 4437/214
f 4440/207 4437/214 4438/215
f 4440/207 4438/215 4431/208
f 4449/216 4441/217 4442/218 4450/219
f 4442/218 4443/220 4451/221 4450/219
f 4443/220 4444/222 4452/223 4451/221
f 4444/222 4445/224 4453/225 4452/223
f 4445/224 4446/226 4454/227 4453/225
f 4454/227 4446/226 4447/228 4455/229
f 4455/229 4447/228 4448/230 4456/231
f 4456/232 4448/233 4441/217 4449/216
f 4442/234 4441/235 4457/236
f 4443/237 4442/234 4457/236
f 4444/238 4443/237 4457/236
f 4445/239 4444/238 4457/236
f 4446/240 4445/239 4457/236
f 4447/241 4446/240 4457/236
f 4448/242 4447/241 4457/236
f 4441/235 4448/242 4457/236
f 4458/243 4449/244 4450/245
f 4450/245 4451/246 4458/243
f 4451/246 4452/247 4458/243
f 4452/247 4453/248 4458/243
f 4453/248 4454/249 4458/243
f 4458/243 4454/249 4455/250
f 4458/243 4455/250 4456/251
f 4458/243 4456/251 4449/244
f 4467/252 4459/253 4460/254 4468/255
f 4460/254 4461/256 4469/257 4468/255
f 4461/256 4462/258 4470/259 4469/257
f 4462/258 4463/260 4471/261 4470/259
f 4463/260 4464/262 4472/263 4471/261
f 4472/263 4464/262 4465/264 4473/265
f 4473/265 4465/264 4466/266 4474/267
f 4474/268 4466/269 4459/253 4467/252
f 4460/270 4459/271 4475/272
f 4461/273 4460/270 4475/272
f 4462/274 4461/273 4475/272
f 4463/275 4462/274 4475/272
f 4464/276 4463/275 4475/272
f 4465/277 4464/276 4475/272
f 4466/278 4465/277 4475/272
f 4459/271 4466/278 4475/272
f 4476/279 4467/280 4468/281
f 4468/281 4469/282 4476/279
f 4469/282 4470/283 4476/279
f 4470/283 4471/284 4476/279
f 4471/284 4472/285 4476/279
f 4476/279 4472/285 4473/286
f 4476/279 4473/286 4474/287
f 4476/279 4474/287 4467/280
f 4863/180 4855/181 4856/182 4864/183
f 4856/182 4857/184 4865/185 4864/183
f 4857/184 4858/186 4866/187 4865/185
f 4858/186 4859/188 4867/189 4866/187
f 4859/188 4860/190 4868/191 4867/189
f 4868/191 4860/190 4861/192 4869/193
f 4869/193 4861/192 4862/194 4870/195
f 4870/196 4862/197 4855/181 4863/180
f 4856/198 4855/199 4871/200
f 4857/201 4856/198 4871/200
f 4858/202 4857/201 4871/200
f 4859/203 4858/202 4871/200
f 4860/204 4859/203 4871/200
f 4861/205 4860/204 4871/200
f 4862/206 4861/205 4871/200
f 4855/199 4862/206 4871/200
f 4872/207 4863/208 4864/209
f 4864/209 4865/210 4872/207
f 4865/210 4866/211 4872/207
f 4866/211 4867/212 4872/207
f 4867/212 4868/213 4872/207
f 4872/207 4868/213 4869/214
f 4872/207 4869/214 4870/215
f 4872/207 4870/215 4863/208
f 4881/216 4873/217 4874/218 4882/219
f 4874/218 4875/220 4883/221 4882/219
f 4875/220 4876/222 4884/223 4883/221
f 4876/222 4877/224 4885/225 4884/223
f 4877/224 4878/226 4886/227 4885/225
f 4886/227 4878/226 4879/228 4887/229
f 4887/229 4879/228 4880/230 4888/231
f 4888/232 4880/233 4873/217 4881/216
f 4874/234 4873/235 4889/236
f 4875/237 4874/234 4889/236
f 4876/238 4875/237 4889/236
f 4877/239 4876/238 4889/236
f 4878/240 4877/239 4889/236
f 4879/241 4878/240 4889/236
f 4880/242 4879/241 4889/236
f 4873/235 4880/242 4889/236
f 4890/243 4881/244 4882/245
f 4882/245 4883/246 4890/243
f 4883/246 4884/247 4890/243
f 4884/247 4885/248 4890/243
f 4885/248 4886/249 4890/243
f 4890/243 4886/249 4887/250
f 4890/243 4887/250 4888/251
f 4890/243 4888/251 4881/244
f 4899/252 4891/253 4892/254 4900/255
f 4892/254 4893/256 4901/257 4900/255
f 4893/256 4894/258 4902/259 4901/257
f 4894/258 4895/260 4903/261 4902/259
f 4895/260 4896/262 4904/263 4903/261
f 4904/263 4896/262 4897/264 4905/265
f 4905/265 4897/264 4898/266 4906/267
f 4906/268 4898/269 4891/253 4899/252
f 4892/270 4891/271 4907/272
f 4893/273 4892/270 4907/272
f 4894/274 4893/273 4907/272
f 4895/275 4894/274 4907/272
f 4896/276 4895/275 4907/272
f 4897/277 4896/276 4907/272
f 4898/278 4897/277 4907/272
f 4891/271 4898/278 4907/272
f 4908/279 4899/280 4900/281
f 4900/281 4901/282 4908/279
f 4901/282 4902/283 4908/279
f 4902/283 4903/284 4908/279
f 4903/284 4904/285 4908/279
f 4908/279 4904/285 4905/286
f 4908/279 4905/286 4906/287
f 4908/279 4906/287 4899/280
f 5151/180 5143/181 5144/182 5152/183
f 5144/182 5145/184 5153/185 5152/183
f 5145/184 5146/186 5154/187 5153/185
f 5146/186 5147/188 5155/189 5154/187
f 5147/188 5148/190 5156/191 5155/189
f 5156/191 5148/190 5149/192 5157/193
f 5157/193 5149/192 5150/194 5158/195
f 5158/196 5150/197 5143/181 5151/180
f 5144/198 5143/199 5159/200
f 5145/201 5144/198 5159/200
f 5146/202 5145/201 5159/200
f 5147/203 5146/202 5159/200
f 5148/204 5147/203 5159/200
f 5149/205 5148/204 5159/200
f 5150/206 5149/205 5159/200
f 5143/199 5150/206 5159/200
f 5160/207 5151/208 5152/209
f 5152/209 5153/210 5160/207
f 5153/210 5154/211 5160/207
f 5154/211 5155/212 5160/207
f 5155/212 5156/213 5160/207
f 5160/207 5156/213 5157/214
f 5160/207 5157/214 5158/215
f 5160/207 5158/215 5151/208
f 5169/216 5161/217 5162/218 5170/219
f 5162/218 5163/220 5171/221 5170/219
f 5163/220 5164/222 5172/223 5171/221
f 5164/222 5165/224 5173/225 5172/223
f 5165/224 5166/226 5174/227 5173/225
f 5174/227 5166/226 5167/228 5175/229
f 5175/229 5167/228 5168/230 5176/231
f 5176/232 5168/233 5161/217 5169/216
f 5162/234 5161/235 5177/236
f 5163/237 5162/234 5177/236
f 5164/238 5163/237 5177/236
f 5165/239 5164/238 5177/236
f 5166/240 5165/239 5177/236
f 5167/241 5166/240 5177/236
f 5168/242 5167/241 5177/236
f 5161/235 5168/242 5177/236
f 5178/243 5169/244 5170/245
f 5170/245 5171/246 5178/243
f 5171/246 5172/247 5178/243
f 5172/247 5173/248 5178/243
f 5173/248 5174/249 5178/243
f 5178/243 5174/249 5175/250
f 5178/243 5175/250 5176/251
f 5178/243 5176/251 5169/244
f 5187/252 5179/253 5180/254 5188/255
f 5180/254 5181/256 5189/257 5188/255
f 5181/256 5182/258 5190/259 5189/257
f 5182/258 5183/260 5191/261 5190/259
f 5183/260 5184/262 5192/263 5191/261
f 5192/263 5184/262 5185/264 5193/265
f 5193/265 5185/264 5186/266 5194/267
f 5194/268 5186/269 5179/253 5187/252
f 5180/270 5179/271 5195/272
f 5181/273 5180/270 5195/272
f 5182/274 5181/273 5195/272
f 5183/275 5182/274 5195/272
f 5184/276 5183/275 5195/272
f 5185/277 5184/276 5195/272
f 5186/278 5185/277 5195/272
f 5179/271 5186/278 5195/272
f 5196/279 5187/280 5188/281
f 5188/281 5189/282 5196/279
f 5189/282 5190/283 5196/279
f 5190/283 5191/284 5196/279
f 5191/284 5192/285 5196/279
f 5196/279 5192/285 5193/286
f 5196/279 5193/286 5194/287
f 5196/279 5194/287 5187/280
f 5205/180 5197/181 5198/182 5206/183
f 5198/182 5199/184 5207/185 5206/183
f 5199/184 5200/186 5208/187 5207/185
f 5200/186 5201/188 5209/189 5208/187
f 5201/188 5202/190 5210/191 5209/189
f 5210/191 5202/190 5203/192 5211/193
f 5211/193 5203/192 5204/194 5212/195
f 5212/196 5204/197 5197/181 5205/180
f 5198/198 5197/199 5213/200
f 5199/201 5198/198 5213/200
f 5200/202 5199/201 5213/200
f 5201/203 5200/202 5213/200
f 5202/204 5201/203 5213/200
f 5203/205 5202/204 5213/200
f 5204/206 5203/205 5213/200
f 5197/199 5204/206 5213/200
f 5214/207 5205/208 5206/209
f 5206/209 5207/210 5214/207
f 5207/210 5208/211 5214/207
f 5208/211 5209/212 5214/207
f 5209/212 5210/213 5214/207
f 5214/207 5210/213 5211/214
f 5214/207 5211/214 5212/215
f 5214/207 5212/215 5205/208
f 5223/216 5215/217 5216/218 5224/219
f 5216/218 5217/220 5225/221 5224/219
f 5217/220 5218/222 5226/223 5225/221
f 5218/222 5219/224 5227/225 5226/223
f 5219/224 5220/226 5228/227 5227/225
f 5228/227 5220/226 5221/228 5229/229
f 5229/229 5221/228 5222/230 5230/231
f 5230/232 5222/233 5215/217 5223/216
f 5216/234 5215/235 5231/236
f 5217/237 5216/234 5231/236
f 5218/238 5217/237 5231/236
f 5219/239 5218/238 5231/236
f 5220/240 5219/239 5231/236
f 5221/241 5220/240 5231/236
f 5222/242 5221/241 5231/236
f 5215/235 5222/242 5231/236
f 5232/243 5223/244 5224/245
f 5224/245 5225/246 5232/243
f 5225/246 5226/247 5232/243
f 5226/247 5227/248 5232/243
f 5227/248 5228/249 5232/243
f 5232/243 5228/249 5229/250
f 5232/243 5229/250 5230/251
f 5232/243 5230/251 5223/244
f 5241/252 5233/253 5234/254 5242/255
f 5234/254 5235/256 5243/257 5242/255
f 5235/256 5236/258 5244/259 5243/257
f 5236/258 5237/260 5245/261 5244/259
f 5237/260 5238/262 5246/263 5245/261
f 5246/263 5238/262 5239/264 5247/265
f 5247/265 5239/264 5240/266 5248/267
f 5248/268 5240/269 5233/253 5241/252
f 5234/270 5233/271 5249/272
f 5235/273 5234/270 5249/272
f 5236/274 5235/273 5249/272
f 5237/275 5236/274 5249/272
f 5238/276 5237/275 5249/272
f 5239/277 5238/276 5249/272
f 5240/278 5239/277 5249/272
f 5233/271 5240/278 5249/272
f 5250/279 5241/280 5242/281
f 5242/281 5243/282 5250/279
f 5243/282 5244/283 5250/279
f 5244/283 5245/284 5250/279
f 5245/284 5246/285 5250/279
f 5250/279 5246/285 5247/286
f 5250/279 5247/286 5248/287
f 5250/279 5248/287 5241/280
f 5259/180 5251/181 5252/182 5260/183
f 5252/182 5253/184 5261/185 5260/183
f 5253/184 5254/186 5262/187 5261/185
f 5254/186 5255/188 5263/189 5262/187
f 5255/188 5256/190 5264/191 5263/189
f 5264/191 5256/190 5257/192 5265/193
f 5265/193 5257/192 5258/194 5266/195
f 5266/196 5258/197 5251/181 5259/180
f 5252/198 5251/199 5267/200
f 5253/201 5252/198 5267/200
f 5254/202 5253/201 5267/200
f 5255/203 5254/202 5267/200
f 5256/204 5255/203 5267/200
f 5257/205 5256/204 5267/200
f 5258/206 5257/205 5267/200
f 5251/199 5258/206 5267/200
f 5268/207 5259/208 5260/209
f 5260/209 5261/210 5268/207
f 5261/210 5262/211 5268/207
f 5262/211 5263/212 5268/207
f 5263/212 5264/213 5268/207
f 5268/207 5264/213 5265/214
f 5268/207 5265/214 5266/215
f 5268/207 5266/215 5259/208
f 5277/216 5269/217 5270/218 5278/219
f 5270/218 5271/220 5279/221 5278/219
f 5271/220 5272/222 5280/223 5279/221
f 5272/222 5273/224 5281/225 5280/223
f 5273/224 5274/226 5282/227 5281/225
f 5282/227 5274/226 5275/228 5283/229
f 5283/229 5275/228 5276/230 5284/231
f 5284/232 5276/233 5269/217 5277/216
f 5270/234 5269/235 5285/236
f 5271/237 5270/234 5285/236
f 5272/238 5271/237 5285/236
f 5273/239 5272/238 5285/236
f 5274/240 5273/239 5285/236
f 5275/241 5274/240 5285/236
f 5276/242 5275/241 5285/236
f 5269/235 5276/242 5285/236
f 5286/243 5277/244 5278/245
f 5278/245 5279/246 5286/243
f 5279/246 5280/247 5286/243
f 5280/247 5281/248 5286/243
f 5281/248 5282/249 5286/243
f 5286/243 5282/249 5283/250
f 5286/243 5283/250 5284/251
f 5286/243 5284/251 5277/244
f 5295/252 5287/253 5288/254 5296/255
f 5288/254 5289/256 5297/257 5296/255
f 5289/256 5290/258 5298/259 5297/257
f 5290/258 5291/260 5299/261 5298/259
f 5291/260 5292/262 5300/263 5299/261
f 5300/263 5292/262 5293/264 5301/265
f 5301/265 5293/264 5294/266 5302/267
f 5302/268 5294/269 5287/253 5295/252
f 5288/270 5287/271 5303/272
f 5289/273 5288/270 5303/272
f 5290/274 5289/273 5303/272
f 5291/275 5290/274 5303/272
f 5292/276 5291/275 5303/272
f 5293/277 5292/276 5303/272
f 5294/278 5293/277 5303/272
f 5287/271 5294/278 5303/272
f 5304/279 5295/280 5296/281
f 5296/281 5297/282 5304/279
f 5297/282 5298/283 5304/279
f 5298/283 5299/284 5304/279
f 5299/284 5300/285 5304/279
f 5304/279 5300/285 5301/286
f 5304/279 5301/286 5302/287
f 5304/279 5302/287 5295/280
f 5313/180 5305/181 5306/182 5314/183
f 5306/182 5307/184 5315/185 5314/183
f 5307/184 5308/186 5316/187 5315/185
f 5308/186 5309/188 5317/189 5316/187
f 5309/188 5310/190 5318/191 5317/189
f 5318/191 5310/190 5311/192 5319/193
f 5319/193 5311/192 5312/194 5320/195
f 5320/196 5312/197 5305/181 5313/180
f 5306/198 5305/199 5321/200
f 5307/201 5306/198 5321/200
f 5308/202 5307/201 5321/200
f 5309/203 5308/202 5321/200
f 5310/204 5309/203 5321/200
f 5311/205 5310/204 5321/200
f 5312/206 5311/205 5321/200
f 5305/199 5312/206 5321/200
f 5322/207 5313/208 5314/209
f 5314/209 5315/210 5322/207
f 5315/210 5316/211 5322/207
f 5316/211 5317/212 5322/207
f 5317/212 5318/213 5322/207
f 5322/207 5318/213 5319/214
f 5322/207 5319/214 5320/215
f 5322/207 5320/215 5313/208
f 5331/216 5323/217 5324/218 5332/219
f 5324/218 5325/220 5333/221 5332/219
f 5325/220 5326/222 5334/223 5333/221
f 5326/222 5327/224 5335/225 5334/223
f 5327/224 5328/226 5336/227 5335/225
f 5336/227 5328/226 5329/228 5337/229
f 5337/229 5329/228 5330/230 5338/231
f 5338/232 5330/233 5323/217 5331/216
f 5324/234 5323/235 5339/236
f 5325/237 5324/234 5339/236
f 5326/238 5325/237 5339/236
f 5327/239 5326/238 5339/236
f 5328/240 5327/239 5339/236
f 5329/241 5328/240 5339/236
f 5330/242 5329/241 5339/236
f 5323/235 5330/242 5339/236
f 5340/243 5331/244 5332/245
f 5332/245 5333/246 5340/243
f 5333/246 5334/247 5340/243
f 5334/247 5335/248 5340/243
f 5335/248 5336/249 5340/243
f 5340/243 5336/249 5337/250
f 5340/243 5337/250 5338/251
f 5340/243 5338/251 5331/244
f 5349/252 5341/253 5342/254 5350/255
f 5342/254 5343/256 5351/257 5350/255
f 5343/256 5344/258 5352/259 5351/257
f 5344/258 5345/260 5353/261 5352/259
f 5345/260 5346/262 5354/263 5353/261
f 5354/263 5346/262 5347/264 5355/265
f 5355/265 5347/264 5348/266 5356/267
f 5356/268 5348/269 5341/253 5349/252
f 5342/270 5341/271 5357/272
f 5343/273 5342/270 5357/272
f 5344/274 5343/273 5357/272
f 5345/275 5344/274 5357/272
f 5346/276 5345/275 5357/272
f 5347/277 5346/276 5357/272
f 5348/278 5347/277 5357/272
f 5341/271 5348/278 5357/272
f 5358/279 5349/280 5350/281
f 5350/281 5351/282 5358/279
f 5351/282 5352/283 5358/279
f 5352/283 5353/284 5358/279
f 5353/284 5354/285 5358/279
f 5358/279 5354/285 5355/286
f 5358/279 5355/286 5356/287
f 5358/279 5356/287 5349/280
usemtl Fleur
f 4477/288 4478/289 4490/290 4489/291
f 4478/289 4479/292 4491/293 4490/290
f 4479/292 4480/294 4492/295 4491/293
f 4480/294 4481/296 4493/297 4492/295
f 4481/296 4482/298 4494/299 4493/297
f 4482/298 4483/300 4495/301 4494/299
f 4483/300 4484/302 4496/303 4495/301
f 4484/302 4485/304 4497/305 4496/303
f 4485/304 4486/306 4498/307 4497/305
f 4486/306 4487/308 4499/309 4498/307
f 4487/308 4488/310 4500/311 4499/309
f 4488/310 4477/312 4489/313 4500/311
f 4478/314 4477/315 4501/316
f 4479/317 4478/314 4501/316
f 4480/318 4479/317 4501/316
f 4481/319 4480/318 4501/316
f 4482/320 4481/319 4501/316
f 4483/321 4482/320 4501/316
f 4484/322 4483/321 4501/316
f 4485/323 4484/322 4501/316
f 4486/324 4485/323 4501/316
f 4487/325 4486/324 4501/316
f 4488/326 4487/325 4501/316
f 4477/315 4488/326 4501/316
f 4489/327 4490/328 4502/329
f 4490/328 4491/330 4502/329
f 4491/330 4492/331 4502/329
f 4492/331 4493/332 4502/329
f 4493/332 4494/333 4502/329
f 4494/333 4495/334 4502/329
f 4495/334 4496/335 4502/329
f 4496/335 4497/336 4502/329
f 4497/336 4498/337 4502/329
f 4498/337 4499/338 4502/329
f 4499/338 4500/339 4502/329
f 4500/339 4489/327 4502/329
f 4503/340 4504/341 4516/342 4515/343
f 4504/341 4505/344 4517/345 4516/342
f 4505/344 4506/346 4518/347 4517/345
f 4506/346 4507/348 4519/349 4518/347
f 4507/348 4508/350 4520/351 4519/349
f 4508/350 4509/352 4521/353 4520/351
f 4509/352 4510/354 4522/355 4521/353
f 4510/354 4511/356 4523/357 4522/355
f 4511/356 4512/358 4524/359 4523/357
f 4512/358 4513/360 4525/361 4524/359
f 4513/360 4514/362 4526/363 4525/361
f 4514/362 4503/364 4515/365 4526/363
f 4504/366 4503/367 4527/368
f 4505/369 4504/366 4527/368
f 4506/370 4505/369 4527/368
f 4507/371 4506/370 4527/368
f 4508/372 4507/371 4527/368
f 4509/373 4508/372 4527/368
f 4510/374 4509/373 4527/368
f 4511/375 4510/374 4527/368
f 4512/376 4511/375 4527/368
f 4513/377 4512/376 4527/368
f 4514/378 4513/377 4527/368
f 4503/367 4514/378 4527/368
f 4515/379 4516/380 4528/381
f 4516/380 4517/382 4528/381
f 4517/382 4518/383 4528/381
f 4518/383 4519/384 4528/381
f 4519/384 4520/385 4528/381
f 4520/385 4521/386 4528/381
f 4521/386 4522/387 4528/381
f 4522/387 4523/388 4528/381
f 4523/388 4524/389 4528/381
f 4524/389 4525/390 4528/381
f 4525/390 4526/391 4528/381
f 4526/391 4515/379 4528/381
f 4529/392 4530/393 4542/394 4541/395
f 4530/393 4531/396 4543/397 4542/394
f 4531/396 4532/398 4544/399 4543/397
f 4532/398 4533/400 4545/401 4544/399
f 4533/400 4534/402 4546/403 4545/401
f 4534/402 4535/404 4547/405 4546/403
f 4535/404 4536/406 4548/407 4547/405
f 4536/406 4537/408 4549/409 4548/407
f 4537/408 4538/410 4550/411 4549/409
f 4538/410 4539/412 4551/413 4550/411
f 4539/412 4540/414 4552/415 4551/413
f 4540/414 4529/416 4541/417 4552/415
f 4530/418 4529/419 4553/420
f 4531/421 4530/418 4553/420
f 4532/422 4531/421 4553/420
f 4533/423 4532/422 4553/420
f 4534/424 4533/423 4553/420
f 4535/425 4534/424 4553/420
f 4536/426 4535/425 4553/420
f 4537/427 4536/426 4553/420
f 4538/428 4537/427 4553/420
f 4539/429 4538/428 4553/420
f 4540/430 4539/429 4553/420
f 4529/419 4540/430 4553/420
f 4541/431 4542/432 4554/433
f 4542/432 4543/434 4554/433
f 4543/434 4544/435 4554/433
f 4544/435 4545/436 4554/433
f 4545/436 4546/437 4554/433
f 4546/437 4547/438 4554/433
f 4547/438 4548/439 4554/433
f 4548/439 4549/440 4554/433
f 4549/440 4550/441 4554/433
f 4550/441 4551/442 4554/433
f 4551/442 4552/443 4554/433
f 4552/443 4541/431 4554/433
f 4555/288 4556/289 4568/290 4567/291
f 4556/289 4557/292 4569/293 4568/290
f 4557/292 4558/294 4570/295 4569/293
f 4558/294 4559/296 4571/297 4570/295
f 4559/296 4560/298 4572/299 4571/297
f 4560/298 4561/300 4573/301 4572/299
f 4561/300 4562/302 4574/303 4573/301
f 4562/302 4563/304 4575/305 4574/303
f 4563/304 4564/306 4576/307 4575/305
f 4564/306 4565/308 4577/309 4576/307
f 4565/308 4566/310 4578/311 4577/309
f 4566/310 4555/312 4567/313 4578/311
f 4556/314 4555/315 4579/316
f 4557/317 4556/314 4579/316
f 4558/318 4557/317 4579/316
f 4559/319 4558/318 4579/316
f 4560/320 4559/319 4579/316
f 4561/321 4560/320 4579/316
f 4562/322 4561/321 4579/316
f 4563/323 4562/322 4579/316
f 4564/324 4563/323 4579/316
f 4565/325 4564/324 4579/316
f 4566/326 4565/325 4579/316
f 4555/315 4566/326 4579/316
f 4567/327 4568/328 4580/329
f 4568/328 4569/330 4580/329
f 4569/330 4570/331 4580/329
f 4570/331 4571/332 4580/329
f 4571/332 4572/333 4580/329
f 4572/333 4573/334 4580/329
f 4573/334 4574/335 4580/329
f 4574/335 4575/336 4580/329
f 4575/336 4576/337 4580/329
f 4576/337 4577/338 4580/329
f 4577/338 4578/339 4580/329
f 4578/339 4567/327 4580/329
f 4581/340 4582/341 4594/342 4593/343
f 4582/341 4583/344 4595/345 4594/342
f 4583/344 4584/346 4596/347 4595/345
f 4584/346 4585/348 4597/349 4596/347
f 4585/348 4586/350 4598/351 4597/349
f 4586/350 4587/352 4599/353 4598/351
f 4587/352 4588/354 4600/355 4599/353
f 4588/354 4589/356 4601/357 4600/355
f 4589/356 4590/358 4602/359 4601/357
f 4590/358 4591/360 4603/361 4602/359
f 4591/360 4592/362 4604/363 4603/361
f 4592/362 4581/364 4593/365 4604/363
f 4582/366 4581/367 4605/368
f 4583/369 4582/366 4605/368
f 4584/370 4583/369 4605/368
f 4585/371 4584/370 4605/368
f 4586/372 4585/371 4605/368
f 4587/373 4586/372 4605/368
f 4588/374 4587/373 4605/368
f 4589/375 4588/374 4605/368
f 4590/376 4589/375 4605/368
f 4591/377 4590/376 4605/368
f 4592/378 4591/377 4605/368
f 4581/367 4592/378 4605/368
f 4593/379 4594/380 4606/381
f 4594/380 4595/382 4606/381
f 4595/382 4596/383 4606/381
f 4596/383 4597/384 4606/381
f 4597/384 4598/385 4606/381
f 4598/385 4599/386 4606/381
f 4599/386 4600/387 4606/381
f 4600/387 4601/388 4606/381
f 4601/388 4602/389 4606/381
f 4602/389 4603/390 4606/381
f 4603/390 4604/391 4606/381
f 4604/391 4593/379 4606/381
f 4607/392 4608/393 4620/394 4619/395
f 4608/393 4609/396 4621/397 4620/394
f 4609/396 4610/398 4622/399 4621/397
f 4610/398 4611/400 4623/401 4622/399
f 4611/400 4612/402 4624/403 4623/401
f 4612/402 4613/404 4625/405 4624/403
f 4613/404 4614/406 4626/407 4625/405
f 4614/406 4615/408 4627/409 4626/407
f 4615/408 4616/410 4628/411 4627/409
f 4616/410 4617/412 4629/413 4628/411
f 4617/412 4618/414 4630/415 4629/413
f 4618/414 4607/416 4619/417 4630/415
f 4608/418 4607/419 4631/420
f 4609/421 4608/418 4631/420
f 4610/422 4609/421 4631/420
f 4611/423 4610/422 4631/420
f 4612/424 4611/423 4631/420
f 4613/425 4612/424 4631/420
f 4614/426 4613/425 4631/420
f 4615/427 4614/426 4631/420
f 4616/428 4615/427 4631/420
f 4617/429 4616/428 4631/420
f 4618/430 4617/429 4631/420
f 4607/419 4618/430 4631/420
f 4619/431 4620/432 4632/433
f 4620/432 4621/434 4632/433
f 4621/434 4622/435 4632/433
f 4622/435 4623/436 4632/433
f 4623/436 4624/437 4632/433
f 4624/437 4625/438 4632/433
f 4625/438 4626/439 4632/433
f 4626/439 4627/440 4632/433
f 4627/440 4628/441 4632/433
f 4628/441 4629/442 4632/433
f 4629/442 4630/443 4632/433
f 4630/443 4619/431 4632/433
f 4633/288 4634/289 4646/290 4645/291
f 4634/289 4635/292 4647/293 4646/290
f 4635/292 4636/294 4648/295 4647/293
f 4636/294 4637/296 4649/297 4648/295
f 4637/296 4638/298 4650/299 4649/297
f 4638/298 4639/300 4651/301 4650/299
f 4639/300 4640/302 4652/303 4651/301
f 4640/302 4641/304 4653/305 4652/303
f 4641/304 4642/306 4654/307 4653/305
f 4642/306 4643/308 4655/309 4654/307
f 4643/308 4644/310 4656/311 4655/309
f 4644/310 4633/312 4645/313 4656/311
f 4634/314 4633/315 4657/316
f 4635/317 4634/314 4657/316
f 4636/318 4635/317 4657/316
f 4637/319 4636/318 4657/316
f 4638/320 4637/319 4657/316
f 4639/321 4638/320 4657/316
f 4640/322 4639/321 4657/316
f 4641/323 4640/322 4657/316
f 4642/324 4641/323 4657/316
f 4643/325 4642/324 4657/316
f 4644/326 4643/325 4657/316
f 4633/315 4644/326 4657/316
f 4645/327 4646/328 4658/329
f 4646/328 4647/330 4658/329
f 4647/330 4648/331 4658/329
f 4648/331 4649/332 4658/329
f 4649/332 4650/333 4658/329
f 4650/333 4651/334 4658/329
f 4651/334 4652/335 4658/329
f 4652/335 4653/336 4658/329
f 4653/336 4654/337 4658/329
f 4654/337 4655/338 4658/329
f 4655/338 4656/339 4658/329
f 4656/339 4645/327 4658/329
f 4659/341 4660/344 4669/345 4668/342
f 4660/344 4661/346 4670/347 4669/345
f 4661/346 4662/348 4671/349 4670/347
f 4662/348 4663/350 4672/351 4671/349
f 4663/350 4664/352 4673/353 4672/351
f 4664/352 4665/354 4674/355 4673/353
f 4665/354 4666/356 4675/357 4674/355
f 4666/356 4667/358 4676/359 4675/357
f 4660/369 4659/366 4677/368
f 4661/370 4660/369 4677/368
f 4662/371 4661/370 4677/368
f 4663/372 4662/371 4677/368
f 4664/373 4663/372 4677/368
f 4665/374 4664/373 4677/368
f 4666/375 4665/374 4677/368
f 4667/376 4666/375 4677/368
f 4668/380 4669/382 4678/381
f 4669/382 4670/383 4678/381
f 4670/383 4671/384 4678/381
f 4671/384 4672/385 4678/381
f 4672/385 4673/386 4678/381
f 4673/386 4674/387 4678/381
f 4674/387 4675/388 4678/381
f 4675/388 4676/389 4678/381
f 4676/389 4667/376 4677/368 4678/381
f 4679/392 4680/393 4692/394 4691/395
f 4680/393 4681/396 4693/397 4692/394
f 4681/396 4682/398 4694/399 4693/397
f 4682/398 4683/400 4695/401 4694/399
f 4683/400 4684/402 4696/403 4695/401
f 4684/402 4685/404 4697/405 4696/403
f 4685/404 4686/406 4698/407 4697/405
f 4686/406 4687/408 4699/409 4698/407
f 4687/408 4688/410 4700/411 4699/409
f 4688/410 4689/412 4701/413 4700/411
f 4689/412 4690/414 4702/415 4701/413
f 4690/414 4679/416 4691/417 4702/415
f 4680/418 4679/419 4703/420
f 4681/421 4680/418 4703/420
f 4682/422 4681/421 4703/420
f 4683/423 4682/422 4703/420
f 4684/424 4683/423 4703/420
f 4685/425 4684/424 4703/420
f 4686/426 4685/425 4703/420
f 4687/427 4686/426 4703/420
f 4688/428 4687/427 4703/420
f 4689/429 4688/428 4703/420
f 4690/430 4689/429 4703/420
f 4679/419 4690/430 4703/420
f 4691/431 4692/432 4704/433
f 4692/432 4693/434 4704/433
f 4693/434 4694/435 4704/433
f 4694/435 4695/436 4704/433
f 4695/436 4696/437 4704/433
f 4696/437 4697/438 4704/433
f 4697/438 4698/439 4704/433
f 4698/439 4699/440 4704/433
f 4699/440 4700/441 4704/433
f 4700/441 4701/442 4704/433
f 4701/442 4702/443 4704/433
f 4702/443 4691/431 4704/433
f 4668/380 4678/381 4677/368 4659/366
f 4705/288 4706/289 4718/290 4717/291
f 4706/289 4707/292 4719/293 4718/290
f 4707/292 4708/294 4720/295 4719/293
f 4708/294 4709/296 4721/297 4720/295
f 4709/296 4710/298 4722/299 4721/297
f 4710/298 4711/300 4723/301 4722/299
f 4711/300 4712/302 4724/303 4723/301
f 4712/302 4713/304 4725/305 4724/303
f 4713/304 4714/306 4726/307 4725/305
f 4714/306 4715/308 4727/309 4726/307
f 4715/308 4716/310 4728/311 4727/309
f 4716/310 4705/312 4717/313 4728/311
f 4706/314 4705/315 4729/316
f 4707/317 4706/314 4729/316
f 4708/318 4707/317 4729/316
f 4709/319 4708/318 4729/316
f 4710/320 4709/319 4729/316
f 4711/321 4710/320 4729/316
f 4712/322 4711/321 4729/316
f 4713/323 4712/322 4729/316
f 4714/324 4713/323 4729/316
f 4715/325 4714/324 4729/316
f 4716/326 4715/325 4729/316
f 4705/315 4716/326 4729/316
f 4717/327 4718/328 4730/329
f 4718/328 4719/330 4730/329
f 4719/330 4720/331 4730/329
f 4720/331 4721/332 4730/329
f 4721/332 4722/333 4730/329
f 4722/333 4723/334 4730/329
f 4723/334 4724/335 4730/329
f 4724/335 4725/336 4730/329
f 4725/336 4726/337 4730/329
f 4726/337 4727/338 4730/329
f 4727/338 4728/339 4730/329
f 4728/339 4717/327 4730/329
f 4731/340 4732/341 4744/342 4743/343
f 4732/341 4733/344 4745/345 4744/342
f 4733/344 4734/346 4746/347 4745/345
f 4734/346 4735/348 4747/349 4746/347
f 4735/348 4736/350 4748/351 4747/349
f 4736/350 4737/352 4749/353 4748/351
f 4737/352 4738/354 4750/355 4749/353
f 4738/354 4739/356 4751/357 4750/355
f 4739/356 4740/358 4752/359 4751/357
f 4740/358 4741/360 4753/361 4752/359
f 4741/360 4742/362 4754/363 4753/361
f 4742/362 4731/364 4743/365 4754/363
f 4732/366 4731/367 4755/368
f 4733/369 4732/366 4755/368
f 4734/370 4733/369 4755/368
f 4735/371 4734/370 4755/368
f 4736/372 4735/371 4755/368
f 4737/373 4736/372 4755/368
f 4738/374 4737/373 4755/368
f 4739/375 4738/374 4755/368
f 4740/376 4739/375 4755/368
f 4741/377 4740/376 4755/368
f 4742/378 4741/377 4755/368
f 4731/367 4742/378 4755/368
f 4743/379 4744/380 4756/381
f 4744/380 4745/382 4756/381
f 4745/382 4746/383 4756/381
f 4746/383 4747/384 4756/381
f 4747/384 4748/385 4756/381
f 4748/385 4749/386 4756/381
f 4749/386 4750/387 4756/381
f 4750/387 4751/388 4756/381
f 4751/388 4752/389 4756/381
f 4752/389 4753/390 4756/381
f 4753/390 4754/391 4756/381
f 4754/391 4743/379 4756/381
f 4757/392 4758/393 4770/394 4769/395
f 4758/393 4759/396 4771/397 4770/394
f 4759/396 4760/398 4772/399 4771/397
f 4760/398 4761/400 4773/401 4772/399
f 4761/400 4762/402 4774/403 4773/401
f 4762/402 4763/404 4775/405 4774/403
f 4763/404 4764/406 4776/407 4775/405
f 4764/406 4765/408 4777/409 4776/407
f 4765/408 4766/410 4778/411 4777/409
f 4766/410 4767/412 4779/413 4778/411
f 4767/412 4768/414 4780/415 4779/413
f 4768/414 4757/416 4769/417 4780/415
f 4758/418 4757/419 4781/420
f 4759/421 4758/418 4781/420
f 4760/422 4759/421 4781/420
f 4761/423 4760/422 4781/420
f 4762/424 4761/423 4781/420
f 4763/425 4762/424 4781/420
f 4764/426 4763/425 4781/420
f 4765/427 4764/426 4781/420
f 4766/428 4765/427 4781/420
f 4767/429 4766/428 4781/420
f 4768/430 4767/429 4781/420
f 4757/419 4768/430 4781/420
f 4769/431 4770/432 4782/433
f 4770/432 4771/434 4782/433
f 4771/434 4772/435 4782/433
f 4772/435 4773/436 4782/433
f 4773/436 4774/437 4782/433
f 4774/437 4775/438 4782/433
f 4775/438 4776/439 4782/433
f 4776/439 4777/440 4782/433
f 4777/440 4778/441 4782/433
f 4778/441 4779/442 4782/433
f 4779/442 4780/443 4782/433
f 4780/443 4769/431 4782/433
f 4783/288 4784/289 4793/290 4792/291
f 4784/289 4785/292 4794/293 4793/290
f 4785/292 4786/294 4795/295 4794/293
f 4786/294 4787/296 4796/297 4795/295
f 4787/296 4788/298 4797/299 4796/297
f 4789/306 4790/308 4799/309 4798/307
f 4790/308 4791/310 4800/311 4799/309
f 4791/310 4783/312 4792/313 4800/311
f 4784/314 4783/315 4801/316
f 4785/317 4784/314 4801/316
f 4786/318 4785/317 4801/316
f 4787/319 4786/318 4801/316
f 4788/320 4787/319 4801/316
f 4790/325 4789/324 4801/316
f 4791/326 4790/325 4801/316
f 4783/315 4791/326 4801/316
f 4792/327 4793/328 4802/329
f 4793/328 4794/330 4802/329
f 4794/330 4795/331 4802/329
f 4795/331 4796/332 4802/329
f 4796/332 4797/333 4802/329
f 4798/337 4802/329 4801/316 4789/324
f 4797/333 4788/320 4801/316 4802/329
f 4798/337 4799/338 4802/329
f 4799/338 4800/339 4802/329
f 4800/339 4792/327 4802/329
f 4803/340 4804/341 4816/342 4815/343
f 4804/341 4805/344 4817/345 4816/342
f 4805/344 4806/346 4818/347 4817/345
f 4806/346 4807/348 4819/349 4818/347
f 4807/348 4808/350 4820/351 4819/349
f 4808/350 4809/352 4821/353 4820/351
f 4809/352 4810/354 4822/355 4821/353
f 4810/354 4811/356 4823/357 4822/355
f 4811/356 4812/358 4824/359 4823/357
f 4812/358 4813/360 4825/361 4824/359
f 4813/360 4814/362 4826/363 4825/361
f 4814/362 4803/364 4815/365 4826/363
f 4804/366 4803/367 4827/368
f 4805/369 4804/366 4827/368
f 4806/370 4805/369 4827/368
f 4807/371 4806/370 4827/368
f 4808/372 4807/371 4827/368
f 4809/373 4808/372 4827/368
f 4810/374 4809/373 4827/368
f 4811/375 4810/374 4827/368
f 4812/376 4811/375 4827/368
f 4813/377 4812/376 4827/368
f 4814/378 4813/377 4827/368
f 4803/367 4814/378 4827/368
f 4815/379 4816/380 4828/381
f 4816/380 4817/382 4828/381
f 4817/382 4818/383 4828/381
f 4818/383 4819/384 4828/381
f 4819/384 4820/385 4828/381
f 4820/385 4821/386 4828/381
f 4821/386 4822/387 4828/381
f 4822/387 4823/388 4828/381
f 4823/388 4824/389 4828/381
f 4824/389 4825/390 4828/381
f 4825/390 4826/391 4828/381
f 4826/391 4815/379 4828/381
f 4829/392 4830/393 4842/394 4841/395
f 4830/393 4831/396 4843/397 4842/394
f 4831/396 4832/398 4844/399 4843/397
f 4832/398 4833/400 4845/401 4844/399
f 4833/400 4834/402 4846/403 4845/401
f 4834/402 4835/404 4847/405 4846/403
f 4835/404 4836/406 4848/407 4847/405
f 4836/406 4837/408 4849/409 4848/407
f 4837/408 4838/410 4850/411 4849/409
f 4838/410 4839/412 4851/413 4850/411
f 4839/412 4840/414 4852/415 4851/413
f 4840/414 4829/416 4841/417 4852/415
f 4830/418 4829/419 4853/420
f 4831/421 4830/418 4853/420
f 4832/422 4831/421 4853/420
f 4833/423 4832/422 4853/420
f 4834/424 4833/423 4853/420
f 4835/425 4834/424 4853/420
f 4836/426 4835/425 4853/420
f 4837/427 4836/426 4853/420
f 4838/428 4837/427 4853/420
f 4839/429 4838/428 4853/420
f 4840/430 4839/429 4853/420
f 4829/419 4840/430 4853/420
f 4841/431 4842/432 4854/433
f 4842/432 4843/434 4854/433
f 4843/434 4844/435 4854/433
f 4844/435 4845/436 4854/433
f 4845/436 4846/437 4854/433
f 4846/437 4847/438 4854/433
f 4847/438 4848/439 4854/433
f 4848/439 4849/440 4854/433
f 4849/440 4850/441 4854/433
f 4850/441 4851/442 4854/433
f 4851/442 4852/443 4854/433
f 4852/443 4841/431 4854/433
f 4909/288 4910/289 4922/290 4921/291
f 4910/289 4911/292 4923/293 4922/290
f 4911/292 4912/294 4924/295 4923/293
f 4912/294 4913/296 4925/297 4924/295
f 4913/296 4914/298 4926/299 4925/297
f 4914/298 4915/300 4927/301 4926/299
f 4915/300 4916/302 4928/303 4927/301
f 4916/302 4917/304 4929/305 4928/303
f 4917/304 4918/306 4930/307 4929/305
f 4918/306 4919/308 4931/309 4930/307
f 4919/308 4920/310 4932/311 4931/309
f 4920/310 4909/312 4921/313 4932/311
f 4910/314 4909/315 4933/316
f 4911/317 4910/314 4933/316
f 4912/318 4911/317 4933/316
f 4913/319 4912/318 4933/316
f 4914/320 4913/319 4933/316
f 4915/321 4914/320 4933/316
f 4916/322 4915/321 4933/316
f 4917/323 4916/322 4933/316
f 4918/324 4917/323 4933/316
f 4919/325 4918/324 4933/316
f 4920/326 4919/325 4933/316
f 4909/315 4920/326 4933/316
f 4921/327 4922/328 4934/329
f 4922/328 4923/330 4934/329
f 4923/330 4924/331 4934/329
f 4924/331 4925/332 4934/329
f 4925/332 4926/333 4934/329
f 4926/333 4927/334 4934/329
f 4927/334 4928/335 4934/329
f 4928/335 4929/336 4934/329
f 4929/336 4930/337 4934/329
f 4930/337 4931/338 4934/329
f 4931/338 4932/339 4934/329
f 4932/339 4921/327 4934/329
f 4935/340 4936/341 4948/342 4947/343
f 4936/341 4937/344 4949/345 4948/342
f 4937/344 4938/346 4950/347 4949/345
f 4938/346 4939/348 4951/349 4950/347
f 4939/348 4940/350 4952/351 4951/349
f 4940/350 4941/352 4953/353 4952/351
f 4941/352 4942/354 4954/355 4953/353
f 4942/354 4943/356 4955/357 4954/355
f 4943/356 4944/358 4956/359 4955/357
f 4944/358 4945/360 4957/361 4956/359
f 4945/360 4946/362 4958/363 4957/361
f 4946/362 4935/364 4947/365 4958/363
f 4936/366 4935/367 4959/368
f 4937/369 4936/366 4959/368
f 4938/370 4937/369 4959/368
f 4939/371 4938/370 4959/368
f 4940/372 4939/371 4959/368
f 4941/373 4940/372 4959/368
f 4942/374 4941/373 4959/368
f 4943/375 4942/374 4959/368
f 4944/376 4943/375 4959/368
f 4945/377 4944/376 4959/368
f 4946/378 4945/377 4959/368
f 4935/367 4946/378 4959/368
f 4947/379 4948/380 4960/381
f 4948/380 4949/382 4960/381
f 4949/382 4950/383 4960/381
f 4950/383 4951/384 4960/381
f 4951/384 4952/385 4960/381
f 4952/385 4953/386 4960/381
f 4953/386 4954/387 4960/381
f 4954/387 4955/388 4960/381
f 4955/388 4956/389 4960/381
f 4956/389 4957/390 4960/381
f 4957/390 4958/391 4960/381
f 4958/391 4947/379 4960/381
f 4961/392 4962/393 4974/394 4973/395
f 4962/393 4963/396 4975/397 4974/394
f 4963/396 4964/398 4976/399 4975/397
f 4964/398 4965/400 4977/401 4976/399
f 4965/400 4966/402 4978/403 4977/401
f 4966/402 4967/404 4979/405 4978/403
f 4967/404 4968/406 4980/407 4979/405
f 4968/406 4969/408 4981/409 4980/407
f 4969/408 4970/410 4982/411 4981/409
f 4970/410 4971/412 4983/413 4982/411
f 4971/412 4972/414 4984/415 4983/413
f 4972/414 4961/416 4973/417 4984/415
f 4962/418 4961/419 4985/420
f 4963/421 4962/418 4985/420
f 4964/422 4963/421 4985/420
f 4965/423 4964/422 4985/420
f 4966/424 4965/423 4985/420
f 4967/425 4966/424 4985/420
f 4968/426 4967/425 4985/420
f 4969/427 4968/426 4985/420
f 4970/428 4969/427 4985/420
f 4971/429 4970/428 4985/420
f 4972/430 4971/429 4985/420
f 4961/419 4972/430 4985/420
f 4973/431 4974/432 4986/433
f 4974/432 4975/434 4986/433
f 4975/434 4976/435 4986/433
f 4976/435 4977/436 4986/433
f 4977/436 4978/437 4986/433
f 4978/437 4979/438 4986/433
f 4979/438 4980/439 4986/433
f 4980/439 4981/440 4986/433
f 4981/440 4982/441 4986/433
f 4982/441 4983/442 4986/433
f 4983/442 4984/443 4986/433
f 4984/443 4973/431 4986/433
f 4987/288 4988/289 5000/290 4999/291
f 4988/289 4989/292 5001/293 5000/290
f 4989/292 4990/294 5002/295 5001/293
f 4990/294 4991/296 5003/297 5002/295
f 4991/296 4992/298 5004/299 5003/297
f 4992/298 4993/300 5005/301 5004/299
f 4993/300 4994/302 5006/303 5005/301
f 4994/302 4995/304 5007/305 5006/303
f 4995/304 4996/306 5008/307 5007/305
f 4996/306 4997/308 5009/309 5008/307
f 4997/308 4998/310 5010/311 5009/309
f 4998/310 4987/312 4999/313 5010/311
f 4988/314 4987/315 5011/316
f 4989/317 4988/314 5011/316
f 4990/318 4989/317 5011/316
f 4991/319 4990/318 5011/316
f 4992/320 4991/319 5011/316
f 4993/321 4992/320 5011/316
f 4994/322 4993/321 5011/316
f 4995/323 4994/322 5011/316
f 4996/324 4995/323 5011/316
f 4997/325 4996/324 5011/316
f 4998/326 4997/325 5011/316
f 4987/315 4998/326 5011/316
f 4999/327 5000/328 5012/329
f 5000/328 5001/330 5012/329
f 5001/330 5002/331 5012/329
f 5002/331 5003/332 5012/329
f 5003/332 5004/333 5012/329
f 5004/333 5005/334 5012/329
f 5005/334 5006/335 5012/329
f 5006/335 5007/336 5012/329
f 5007/336 5008/337 5012/329
f 5008/337 5009/338 5012/329
f 5009/338 5010/339 5012/329
f 5010/339 4999/327 5012/329
f 5013/340 5014/341 5026/342 5025/343
f 5014/341 5015/344 5027/345 5026/342
f 5015/344 5016/346 5028/347 5027/345
f 5016/346 5017/348 5029/349 5028/347
f 5017/348 5018/350 5030/351 5029/349
f 5018/350 5019/352 5031/353 5030/351
f 5019/352 5020/354 5032/355 5031/353
f 5020/354 5021/356 5033/357 5032/355
f 5021/356 5022/358 5034/359 5033/357
f 5022/358 5023/360 5035/361 5034/359
f 5023/360 5024/362 5036/363 5035/361
f 5024/362 5013/364 5025/365 5036/363
f 5014/366 5013/367 5037/368
f 5015/369 5014/366 5037/368
f 5016/370 5015/369 5037/368
f 5017/371 5016/370 5037/368
f 5018/372 5017/371 5037/368
f 5019/373 5018/372 5037/368
f 5020/374 5019/373 5037/368
f 5021/375 5020/374 5037/368
f 5022/376 5021/375 5037/368
f 5023/377 5022/376 5037/368
f 5024/378 5023/377 5037/368
f 5013/367 5024/378 5037/368
f 5025/379 5026/380 5038/381
f 5026/380 5027/382 5038/381
f 5027/382 5028/383 5038/381
f 5028/383 5029/384 5038/381
f 5029/384 5030/385 5038/381
f 5030/385 5031/386 5038/381
f 5031/386 5032/387 5038/381
f 5032/387 5033/388 5038/381
f 5033/388 5034/389 5038/381
f 5034/389 5035/390 5038/381
f 5035/390 5036/391 5038/381
f 5036/391 5025/379 5038/381
f 5039/392 5040/393 5052/394 5051/395
f 5040/393 5041/396 5053/397 5052/394
f 5041/396 5042/398 5054/399 5053/397
f 5042/398 5043/400 5055/401 5054/399
f 5043/400 5044/402 5056/403 5055/401
f 5044/402 5045/404 5057/405 5056/403
f 5045/404 5046/406 5058/407 5057/405
f 5046/406 5047/408 5059/409 5058/407
f 5047/408 5048/410 5060/411 5059/409
f 5048/410 5049/412 5061/413 5060/411
f 5049/412 5050/414 5062/415 5061/413
f 5050/414 5039/416 5051/417 5062/415
f 5040/418 5039/419 5063/420
f 5041/421 5040/418 5063/420
f 5042/422 5041/421 5063/420
f 5043/423 5042/422 5063/420
f 5044/424 5043/423 5063/420
f 5045/425 5044/424 5063/420
f 5046/426 5045/425 5063/420
f 5047/427 5046/426 5063/420
f 5048/428 5047/427 5063/420
f 5049/429 5048/428 5063/420
f 5050/430 5049/429 5063/420
f 5039/419 5050/430 5063/420
f 5051/431 5052/432 5064/433
f 5052/432 5053/434 5064/433
f 5053/434 5054/435 5064/433
f 5054/435 5055/436 5064/433
f 5055/436 5056/437 5064/433
f 5056/437 5057/438 5064/433
f 5057/438 5058/439 5064/433
f 5058/439 5059/440 5064/433
f 5059/440 5060/441 5064/433
f 5060/441 5061/442 5064/433
f 5061/442 5062/443 5064/433
f 5062/443 5051/431 5064/433
f 5065/288 5066/289 5078/290 5077/291
f 5066/289 5067/292 5079/293 5078/290
f 5067/292 5068/294 5080/295 5079/293
f 5068/294 5069/296 5081/297 5080/295
f 5069/296 5070/298 5082/299 5081/297
f 5070/298 5071/300 5083/301 5082/299
f 5071/300 5072/302 5084/303 5083/301
f 5072/302 5073/304 5085/305 5084/303
f 5073/304 5074/306 5086/307 5085/305
f 5074/306 5075/308 5087/309 5086/307
f 5075/308 5076/310 5088/311 5087/309
f 5076/310 5065/312 5077/313 5088/311
f 5066/314 5065/315 5089/316
f 5067/317 5066/314 5089/316
f 5068/318 5067/317 5089/316
f 5069/319 5068/318 5089/316
f 5070/320 5069/319 5089/316
f 5071/321 5070/320 5089/316
f 5072/322 5071/321 5089/316
f 5073/323 5072/322 5089/316
f 5074/324 5073/323 5089/316
f 5075/325 5074/324 5089/316
f 5076/326 5075/325 5089/316
f 5065/315 5076/326 5089/316
f 5077/327 5078/328 5090/329
f 5078/328 5079/330 5090/329
f 5079/330 5080/331 5090/329
f 5080/331 5081/332 5090/329
f 5081/332 5082/333 5090/329
f 5082/333 5083/334 5090/329
f 5083/334 5084/335 5090/329
f 5084/335 5085/336 5090/329
f 5085/336 5086/337 5090/329
f 5086/337 5087/338 5090/329
f 5087/338 5088/339 5090/329
f 5088/339 5077/327 5090/329
f 5091/340 5092/341 5104/342 5103/343
f 5092/341 5093/344 5105/345 5104/342
f 5093/344 5094/346 5106/347 5105/345
f 5094/346 5095/348 5107/349 5106/347
f 5095/348 5096/350 5108/351 5107/349
f 5096/350 5097/352 5109/353 5108/351
f 5097/352 5098/354 5110/355 5109/353
f 5098/354 5099/356 5111/357 5110/355
f 5099/356 5100/358 5112/359 5111/357
f 5100/358 5101/360 5113/361 5112/359
f 5101/360 5102/362 5114/363 5113/361
f 5102/362 5091/364 5103/365 5114/363
f 5092/366 5091/367 5115/368
f 5093/369 5092/366 5115/368
f 5094/370 5093/369 5115/368
f 5095/371 5094/370 5115/368
f 5096/372 5095/371 5115/368
f 5097/373 5096/372 5115/368
f 5098/374 5097/373 5115/368
f 5099/375 5098/374 5115/368
f 5100/376 5099/375 5115/368
f 5101/377 5100/376 5115/368
f 5102/378 5101/377 5115/368
f 5091/367 5102/378 5115/368
f 5103/379 5104/380 5116/381
f 5104/380 5105/382 5116/381
f 5105/382 5106/383 5116/381
f 5106/383 5107/384 5116/381
f 5107/384 5108/385 5116/381
f 5108/385 5109/386 5116/381
f 5109/386 5110/387 5116/381
f 5110/387 5111/388 5116/381
f 5111/388 5112/389 5116/381
f 5112/389 5113/390 5116/381
f 5113/390 5114/391 5116/381
f 5114/391 5103/379 5116/381
f 5117/392 5118/393 5130/394 5129/395
f 5118/393 5119/396 5131/397 5130/394
f 5119/396 5120/398 5132/399 5131/397
f 5120/398 5121/400 5133/401 5132/399
f 5121/400 5122/402 5134/403 5133/401
f 5122/402 5123/404 5135/405 5134/403
f 5123/404 5124/406 5136/407 5135/405
f 5124/406 5125/408 5137/409 5136/407
f 5125/408 5126/410 5138/411 5137/409
f 5126/410 5127/412 5139/413 5138/411
f 5127/412 5128/414 5140/415 5139/413
f 5128/414 5117/416 5129/417 5140/415
f 5118/418 5117/419 5141/420
f 5119/421 5118/418 5141/420
f 5120/422 5119/421 5141/420
f 5121/423 5120/422 5141/420
f 5122/424 5121/423 5141/420
f 5123/425 5122/424 5141/420
f 5124/426 5123/425 5141/420
f 5125/427 5124/426 5141/420
f 5126/428 5125/427 5141/420
f 5127/429 5126/428 5141/420
f 5128/430 5127/429 5141/420
f 5117/419 5128/430 5141/420
f 5129/431 5130/432 5142/433
f 5130/432 5131/434 5142/433
f 5131/434 5132/435 5142/433
f 5132/435 5133/436 5142/433
f 5133/436 5134/437 5142/433
f 5134/437 5135/438 5142/433
f 5135/438 5136/439 5142/433
f 5136/439 5137/440 5142/433
f 5137/440 5138/441 5142/433
f 5138/441 5139/442 5142/433
f 5139/442 5140/443 5142/433
f 5140/443 5129/431 5142/433
