# This file uses centimeters as units for non-parametric coordinates.

mtllib Poisson.mtl
g default
v 1.831304 1.869032 12.249998
v 2.434707 1.131275 12.249998
v 2.677925 4.583576 -12.249998
v 4.127779 2.810895 -12.249998
v 2.434707 -0.158329 12.249998
v 4.127779 -0.287757 -12.249998
v 0.020852 1.131275 12.249998
v 0.624255 1.869032 12.249998
v -0.222366 4.583576 -12.249998
v -1.672220 2.810895 -12.249998
v 0.020852 -0.158329 12.249998
v -1.672220 -0.287757 -12.249998
v 1.925243 -1.714264 12.249998
v 1.529572 -2.001162 12.249998
v 1.952925 -4.715706 -12.249998
v 2.903642 -4.026349 -12.249998
v 0.925987 -2.001162 12.249998
v 0.530316 -1.714264 12.249998
v -0.448083 -4.026349 -12.249998
v 0.502634 -4.715706 -12.249998
v 0.760328 2.701702 16.244818
v 0.994030 4.407102 16.244818
v 0.760328 -0.279342 16.244818
v 0.957647 -3.876039 16.244818
v 1.110893 -4.539231 16.244818
v 1.344666 -4.539231 16.244818
v 1.497912 -3.876039 16.244818
v 1.695231 -0.279342 16.244818
v 1.695231 2.701702 16.244818
v 1.461529 4.407102 16.244818
v 3.933765 2.618423 -15.079786
v 2.580908 4.272508 -15.079786
v 3.933765 -0.272925 -15.079786
v 2.791525 -3.761400 -15.079786
v 1.904411 -4.404639 -15.079786
v 0.551148 -4.404639 -15.079786
v -0.335966 -3.761400 -15.079786
v -1.478206 -0.272925 -15.079786
v -1.478206 2.618423 -15.079786
v -0.125349 4.272508 -15.079786
v 3.677922 2.364611 -15.918047
v 2.452973 3.862308 -15.918047
v 3.677922 -0.253367 -15.918047
v 2.643677 -3.412016 -15.918047
v 1.840438 -3.994438 -15.918047
v 0.615121 -3.994438 -15.918047
v -0.188118 -3.412016 -15.918047
v -1.222363 -0.253367 -15.918047
v -1.222363 2.364611 -15.918047
v 0.002586 3.862308 -15.918047
v 3.408185 2.097017 -16.627485
v 2.318091 3.429832 -16.627485
v 3.408185 -0.232747 -16.627485
v 2.487800 -3.043659 -16.627485
v 1.772990 -3.561963 -16.627485
v 0.682569 -3.561963 -16.627485
v -0.032241 -3.043659 -16.627485
v -0.952626 -0.232747 -16.627485
v -0.952626 2.097017 -16.627485
v 0.137468 3.429832 -16.627485
v 2.669108 1.363813 -17.952631
v 1.948516 2.244853 -17.952631
v 2.669108 -0.176248 -17.952631
v 2.060700 -2.034366 -17.952631
v 1.588184 -2.376984 -17.952631
v 0.867375 -2.376984 -17.952631
v 0.394859 -2.034366 -17.952631
v -0.213549 -0.176248 -17.952631
v -0.213549 1.363813 -17.952631
v 0.507043 2.244853 -17.952631
v 1.740942 0.443020 -19.156073
v 1.484387 0.756700 -19.156073
v 1.740942 -0.105295 -19.156073
v 1.524328 -0.766848 -19.156073
v 1.356096 -0.888832 -19.156073
v 1.099463 -0.888832 -19.156073
v 0.931231 -0.766848 -19.156073
v 0.714617 -0.105295 -19.156073
v 0.714617 0.443020 -19.156073
v 0.971172 0.756700 -19.156073
v 2.339276 3.497758 -3.297891
v 0.116283 3.497758 -3.297890
v -0.994992 2.139047 -2.450000
v -0.994992 -0.235986 -2.450000
v -0.056724 -3.101515 -2.450000
v 0.671975 -3.629889 -2.450000
v 1.783584 -3.629889 -2.450000
v 2.512283 -3.101515 -2.450000
v 3.450551 -0.235986 -2.450000
v 3.450551 2.139047 -2.450000
v 1.941159 3.009141 1.960000
v 0.466560 3.009141 1.960000
v -0.690239 1.836715 1.960000
v -0.690239 -0.212689 1.960000
v 0.119388 -2.685340 1.960000
v 0.748179 -3.141270 1.960000
v 1.707380 -3.141270 1.960000
v 2.336171 -2.685340 1.960000
v 3.145798 -0.212689 1.960000
v 3.145798 1.836715 1.960000
v 1.366296 6.310859 -2.138315
v 1.089263 6.310859 -2.138314
v 1.183661 5.822241 2.271685
v 1.271899 5.822241 2.271685
v 2.791841 -4.221460 0.391204
v 2.935720 -4.117136 0.391203
v 2.809278 -4.333265 -0.617879
v 2.976017 -4.212364 -0.617879
v -0.248308 -3.770703 0.425444
v -0.083046 -3.890533 0.425444
v -0.294594 -3.880085 -0.733607
v -0.103075 -4.018953 -0.733607
v 3.856888 2.542156 -8.329999
v 3.856888 -0.267048 -8.329999
v 2.747099 -3.656416 -8.329999
v 1.885188 -4.281379 -8.329999
v 0.570371 -4.281379 -8.329999
v -0.291540 -3.656416 -8.329999
v -1.401329 -0.267048 -8.329999
v -1.401329 2.542156 -8.329999
v -0.086907 4.149249 -8.669155
v 2.542465 4.149249 -8.669155
v 3.969985 -6.007525 -9.512434
v 3.651738 -5.548672 -8.182453
v 3.662366 -6.230576 -9.512434
v 3.355619 -5.763385 -8.182453
v -1.095397 -6.200246 -9.428876
v -0.699349 -5.597046 -8.192879
v -1.521641 -5.891180 -9.428876
v -1.110746 -5.298746 -8.192879
v 3.602612 -6.210458 -11.632984
v 3.669617 -6.277069 -10.733807
v 3.430594 -5.983910 -12.076856
v 3.986742 -6.047124 -10.733807
v 3.926457 -5.975641 -11.632984
v 3.757223 -5.747074 -12.076856
v -1.458584 -5.844990 -11.640071
v -1.545917 -5.948547 -10.702457
v -1.213418 -5.513869 -12.102916
v -1.105901 -6.267599 -10.702457
v -1.008831 -6.171101 -11.640071
v -0.759633 -5.842904 -12.102916
v 1.154976 1.482852 -14.418668
v 1.154976 1.530849 -14.512867
v 1.154976 1.605607 -14.587625
v 1.154976 1.699806 -14.635621
v 1.154976 1.804228 -14.652160
v 1.154976 1.908649 -14.635621
v 1.154976 2.002848 -14.587625
v 1.154976 2.077606 -14.512867
v 1.154976 2.125603 -14.418667
v 1.154976 2.142141 -14.314246
v 1.154976 2.125603 -14.209826
v 1.154976 2.077606 -14.115625
v 1.154976 2.002848 -14.040868
v 1.154976 1.908649 -13.992871
v 1.154976 1.804228 -13.976333
v 1.154976 1.699806 -13.992871
v 1.154976 1.605607 -14.040868
v 1.154976 1.530850 -14.115625
v 1.154976 1.482852 -14.209826
v 1.154976 1.466314 -14.314246
v 1.234104 1.169390 -14.520517
v 1.234104 1.264203 -14.706597
v 1.234104 1.411877 -14.854271
v 1.234104 1.597956 -14.949083
v 1.234104 1.804228 -14.981753
v 1.234104 2.010499 -14.949083
v 1.234104 2.196579 -14.854271
v 1.234104 2.344252 -14.706597
v 1.234104 2.439065 -14.520517
v 1.234104 2.471735 -14.314246
v 1.234104 2.439065 -14.107975
v 1.234104 2.344252 -13.921895
v 1.234104 2.196579 -13.774221
v 1.234104 2.010499 -13.679409
v 1.234104 1.804228 -13.646739
v 1.234104 1.597957 -13.679409
v 1.234104 1.411877 -13.774221
v 1.234104 1.264203 -13.921895
v 1.234104 1.169391 -14.107975
v 1.234104 1.136721 -14.314246
v 1.363818 0.871560 -14.617289
v 1.363818 1.010853 -14.890666
v 1.363818 1.227807 -15.107620
v 1.363818 1.501186 -15.246914
v 1.363818 1.804228 -15.294910
v 1.363818 2.107270 -15.246914
v 1.363818 2.380648 -15.107620
v 1.363818 2.597602 -14.890666
v 1.363818 2.736895 -14.617288
v 1.363818 2.784892 -14.314246
v 1.363818 2.736895 -14.011205
v 1.363818 2.597602 -13.737826
v 1.363818 2.380648 -13.520872
v 1.363818 2.107270 -13.381579
v 1.363818 1.804228 -13.333582
v 1.363818 1.501186 -13.381579
v 1.363818 1.227808 -13.520872
v 1.363818 1.010854 -13.737826
v 1.363818 0.871561 -14.011205
v 1.363818 0.823564 -14.314246
v 1.540923 0.596695 -14.706597
v 1.540923 0.777039 -15.060542
v 1.540923 1.057932 -15.341434
v 1.540923 1.411877 -15.521778
v 1.540923 1.804228 -15.583920
v 1.540923 2.196579 -15.521778
v 1.540923 2.550523 -15.341434
v 1.540923 2.831416 -15.060542
v 1.540923 3.011759 -14.706597
v 1.540923 3.073902 -14.314246
v 1.540923 3.011759 -13.921895
v 1.540923 2.831416 -13.567950
v 1.540923 2.550523 -13.287058
v 1.540923 2.196578 -13.106714
v 1.540923 1.804228 -13.044572
v 1.540923 1.411877 -13.106714
v 1.540923 1.057932 -13.287058
v 1.540923 0.777040 -13.567950
v 1.540923 0.596696 -13.921895
v 1.540923 0.534554 -14.314246
v 1.761060 0.351564 -14.786245
v 1.761060 0.568518 -15.212042
v 1.761060 0.906432 -15.549955
v 1.761060 1.332229 -15.766910
v 1.761060 1.804228 -15.841667
v 1.761060 2.276227 -15.766910
v 1.761060 2.702023 -15.549955
v 1.761060 3.039937 -15.212042
v 1.761060 3.256891 -14.786245
v 1.761060 3.331648 -14.314246
v 1.761060 3.256891 -13.842247
v 1.761060 3.039937 -13.416451
v 1.761060 2.702023 -13.078537
v 1.761060 2.276226 -12.861584
v 1.761060 1.804228 -12.786826
v 1.761060 1.332229 -12.861584
v 1.761060 0.906433 -13.078537
v 1.761060 0.568519 -13.416451
v 1.761060 0.351565 -13.842247
v 1.761060 0.276808 -14.314246
v 2.018806 0.142202 -14.854271
v 2.018806 0.390424 -15.341434
v 2.018806 0.777039 -15.728049
v 2.018806 1.264203 -15.976272
v 2.018806 1.804228 -16.061804
v 2.018806 2.344252 -15.976272
v 2.018806 2.831416 -15.728049
v 2.018806 3.218031 -15.341434
v 2.018806 3.466253 -14.854271
v 2.018806 3.551784 -14.314246
v 2.018806 3.466253 -13.774221
v 2.018806 3.218030 -13.287058
v 2.018806 2.831416 -12.900443
v 2.018806 2.344252 -12.652222
v 2.018806 1.804228 -12.566689
v 2.018806 1.264203 -12.652222
v 2.018806 0.777040 -12.900444
v 2.018806 0.390425 -13.287058
v 2.018806 0.142203 -13.774221
v 2.018806 0.056672 -14.314246
v 2.307815 -0.026235 -14.908999
v 2.307815 0.247143 -15.445535
v 2.307815 0.672939 -15.871331
v 2.307815 1.209474 -16.144709
v 2.307815 1.804228 -16.238909
v 2.307815 2.398981 -16.144709
v 2.307815 2.935516 -15.871330
v 2.307815 3.361312 -15.445534
v 2.307815 3.634690 -14.908999
v 2.307815 3.728890 -14.314246
v 2.307815 3.634690 -13.719493
v 2.307815 3.361312 -13.182959
v 2.307815 2.935516 -12.757162
v 2.307815 2.398981 -12.483784
v 2.307815 1.804228 -12.389585
v 2.307815 1.209475 -12.483784
v 2.307815 0.672940 -12.757162
v 2.307815 0.247144 -13.182959
v 2.307815 -0.026234 -13.719493
v 2.307815 -0.120434 -14.314246
v 2.620972 -0.149601 -14.949083
v 2.620972 0.142202 -15.521778
v 2.620972 0.596695 -15.976272
v 2.620972 1.169390 -16.268074
v 2.620972 1.804228 -16.368622
v 2.620972 2.439065 -16.268074
v 2.620972 3.011760 -15.976272
v 2.620972 3.466253 -15.521778
v 2.620972 3.758055 -14.949083
v 2.620972 3.858603 -14.314246
v 2.620972 3.758055 -13.679409
v 2.620972 3.466253 -13.106714
v 2.620972 3.011759 -12.652222
v 2.620972 2.439065 -12.360418
v 2.620972 1.804228 -12.259871
v 2.620972 1.169391 -12.360419
v 2.620972 0.596696 -12.652222
v 2.620972 0.142203 -13.106714
v 2.620972 -0.149600 -13.679409
v 2.620972 -0.250148 -14.314246
v 2.950566 -0.224856 -14.973536
v 2.950566 0.078186 -15.568289
v 2.950566 0.550185 -16.040287
v 2.950566 1.144938 -16.343330
v 2.950566 1.804228 -16.447750
v 2.950566 2.463517 -16.343330
v 2.950566 3.058270 -16.040287
v 2.950566 3.530269 -15.568289
v 2.950566 3.833311 -14.973536
v 2.950566 3.937732 -14.314246
v 2.950566 3.833311 -13.654957
v 2.950566 3.530269 -13.060204
v 2.950566 3.058270 -12.588205
v 2.950566 2.463517 -12.285164
v 2.950566 1.804228 -12.180742
v 2.950566 1.144939 -12.285164
v 2.950566 0.550186 -12.588205
v 2.950566 0.078187 -13.060204
v 2.950566 -0.224855 -13.654957
v 2.950566 -0.329276 -14.314246
v 3.288479 -0.250149 -14.981753
v 3.288479 0.056670 -15.583920
v 3.288479 0.534553 -16.061804
v 3.288479 1.136720 -16.368622
v 3.288479 1.804228 -16.474346
v 3.288479 2.471735 -16.368622
v 3.288479 3.073902 -16.061802
v 3.288479 3.551784 -15.583920
v 3.288479 3.858603 -14.981753
v 3.288479 3.964326 -14.314246
v 3.288479 3.858603 -13.646739
v 3.288479 3.551784 -13.044572
v 3.288479 3.073902 -12.566689
v 3.288479 2.471735 -12.259871
v 3.288479 1.804228 -12.154148
v 3.288479 1.136721 -12.259871
v 3.288479 0.534554 -12.566690
v 3.288479 0.056672 -13.044572
v 3.288479 -0.250148 -13.646739
v 3.288479 -0.355870 -14.314246
v 3.626393 -0.224856 -14.973536
v 3.626393 0.078186 -15.568289
v 3.626393 0.550185 -16.040287
v 3.626393 1.144938 -16.343330
v 3.626393 1.804228 -16.447750
v 3.626393 2.463517 -16.343330
v 3.626393 3.058270 -16.040287
v 3.626393 3.530269 -15.568289
v 3.626393 3.833311 -14.973536
v 3.626393 3.937732 -14.314246
v 3.626393 3.833311 -13.654957
v 3.626393 3.530269 -13.060204
v 3.626393 3.058270 -12.588205
v 3.626393 2.463517 -12.285164
v 3.626393 1.804228 -12.180742
v 3.626393 1.144939 -12.285164
v 3.626393 0.550186 -12.588205
v 3.626393 0.078187 -13.060204
v 3.626393 -0.224855 -13.654957
v 3.626393 -0.329276 -14.314246
v 3.955986 -0.149601 -14.949083
v 3.955986 0.142202 -15.521778
v 3.955986 0.596695 -15.976272
v 3.955986 1.169390 -16.268074
v 3.955986 1.804228 -16.368622
v 3.955986 2.439065 -16.268074
v 3.955986 3.011760 -15.976272
v 3.955986 3.466253 -15.521778
v 3.955986 3.758055 -14.949083
v 3.955986 3.858603 -14.314246
v 3.955986 3.758055 -13.679409
v 3.955986 3.466253 -13.106714
v 3.955986 3.011759 -12.652222
v 3.955986 2.439065 -12.360418
v 3.955986 1.804228 -12.259871
v 3.955986 1.169391 -12.360419
v 3.955986 0.596696 -12.652222
v 3.955986 0.142203 -13.106714
v 3.955986 -0.149600 -13.679409
v 3.955986 -0.250148 -14.314246
v 4.269143 -0.026235 -14.908999
v 4.269143 0.247143 -15.445535
v 4.269143 0.672939 -15.871331
v 4.269143 1.209474 -16.144709
v 4.269143 1.804228 -16.238909
v 4.269143 2.398981 -16.144709
v 4.269143 2.935516 -15.871330
v 4.269143 3.361312 -15.445534
v 4.269143 3.634690 -14.908999
v 4.269143 3.728890 -14.314246
v 4.269143 3.634690 -13.719493
v 4.269143 3.361312 -13.182959
v 4.269143 2.935516 -12.757162
v 4.269143 2.398981 -12.483784
v 4.269143 1.804228 -12.389585
v 4.269143 1.209475 -12.483784
v 4.269143 0.672940 -12.757162
v 4.269143 0.247144 -13.182959
v 4.269143 -0.026234 -13.719493
v 4.269143 -0.120434 -14.314246
v 4.558153 0.142202 -14.854271
v 4.558153 0.390424 -15.341434
v 4.558153 0.777039 -15.728049
v 4.558153 1.264203 -15.976272
v 4.558153 1.804228 -16.061804
v 4.558153 2.344252 -15.976272
v 4.558153 2.831416 -15.728049
v 4.558153 3.218031 -15.341434
v 4.558153 3.466253 -14.854271
v 4.558153 3.551784 -14.314246
v 4.558153 3.466253 -13.774221
v 4.558153 3.218030 -13.287058
v 4.558153 2.831416 -12.900443
v 4.558153 2.344252 -12.652222
v 4.558153 1.804228 -12.566689
v 4.558153 1.264203 -12.652222
v 4.558153 0.777040 -12.900444
v 4.558153 0.390425 -13.287058
v 4.558153 0.142203 -13.774221
v 4.558153 0.056672 -14.314246
v 4.815899 0.351564 -14.786245
v 4.815899 0.568518 -15.212042
v 4.815899 0.906432 -15.549955
v 4.815899 1.332229 -15.766910
v 4.815899 1.804228 -15.841667
v 4.815899 2.276227 -15.766910
v 4.815899 2.702023 -15.549955
v 4.815899 3.039937 -15.212042
v 4.815899 3.256891 -14.786245
v 4.815899 3.331648 -14.314246
v 4.815899 3.256891 -13.842247
v 4.815899 3.039937 -13.416451
v 4.815899 2.702023 -13.078537
v 4.815899 2.276226 -12.861584
v 4.815899 1.804228 -12.786826
v 4.815899 1.332229 -12.861584
v 4.815899 0.906433 -13.078537
v 4.815899 0.568519 -13.416451
v 4.815899 0.351565 -13.842247
v 4.815899 0.276808 -14.314246
v 5.036036 0.596695 -14.706597
v 5.036036 0.777039 -15.060542
v 5.036036 1.057932 -15.341434
v 5.036036 1.411877 -15.521778
v 5.036036 1.804228 -15.583920
v 5.036036 2.196579 -15.521778
v 5.036036 2.550523 -15.341434
v 5.036036 2.831416 -15.060542
v 5.036036 3.011759 -14.706597
v 5.036036 3.073902 -14.314246
v 5.036036 3.011759 -13.921895
v 5.036036 2.831416 -13.567950
v 5.036036 2.550523 -13.287058
v 5.036036 2.196578 -13.106714
v 5.036036 1.804228 -13.044572
v 5.036036 1.411877 -13.106714
v 5.036036 1.057932 -13.287058
v 5.036036 0.777040 -13.567950
v 5.036036 0.596696 -13.921895
v 5.036036 0.534554 -14.314246
v 5.213141 0.871560 -14.617289
v 5.213141 1.010853 -14.890666
v 5.213141 1.227807 -15.107620
v 5.213141 1.501186 -15.246914
v 5.213141 1.804228 -15.294910
v 5.213141 2.107270 -15.246914
v 5.213141 2.380648 -15.107620
v 5.213141 2.597602 -14.890666
v 5.213141 2.736895 -14.617288
v 5.213141 2.784892 -14.314246
v 5.213141 2.736895 -14.011205
v 5.213141 2.597602 -13.737826
v 5.213141 2.380648 -13.520872
v 5.213141 2.107270 -13.381579
v 5.213141 1.804228 -13.333582
v 5.213141 1.501186 -13.381579
v 5.213141 1.227808 -13.520872
v 5.213141 1.010854 -13.737826
v 5.213141 0.871561 -14.011205
v 5.213141 0.823564 -14.314246
v 5.342855 1.169390 -14.520517
v 5.342855 1.264203 -14.706597
v 5.342855 1.411877 -14.854271
v 5.342855 1.597956 -14.949083
v 5.342855 1.804228 -14.981753
v 5.342855 2.010499 -14.949083
v 5.342855 2.196579 -14.854271
v 5.342855 2.344252 -14.706597
v 5.342855 2.439065 -14.520517
v 5.342855 2.471735 -14.314246
v 5.342855 2.439065 -14.107975
v 5.342855 2.344252 -13.921895
v 5.342855 2.196579 -13.774221
v 5.342855 2.010499 -13.679409
v 5.342855 1.804228 -13.646739
v 5.342855 1.597957 -13.679409
v 5.342855 1.411877 -13.774221
v 5.342855 1.264203 -13.921895
v 5.342855 1.169391 -14.107975
v 5.342855 1.136721 -14.314246
v 5.421983 1.482852 -14.418668
v 5.421983 1.530849 -14.512867
v 5.421983 1.605607 -14.587625
v 5.421983 1.699806 -14.635621
v 5.421983 1.804228 -14.652160
v 5.421983 1.908649 -14.635621
v 5.421983 2.002848 -14.587625
v 5.421983 2.077606 -14.512867
v 5.421983 2.125603 -14.418667
v 5.421983 2.142141 -14.314246
v 5.421983 2.125603 -14.209826
v 5.421983 2.077606 -14.115625
v 5.421983 2.002848 -14.040868
v 5.421983 1.908649 -13.992871
v 5.421983 1.804228 -13.976333
v 5.421983 1.699806 -13.992871
v 5.421983 1.605607 -14.040868
v 5.421983 1.530850 -14.115625
v 5.421983 1.482852 -14.209826
v 5.421983 1.466314 -14.314246
v 1.128381 1.804228 -14.314246
v 5.448578 1.804228 -14.314246
v -2.932634 1.482852 -14.418668
v -2.932634 1.530849 -14.512867
v -2.932634 1.605607 -14.587625
v -2.932634 1.699806 -14.635621
v -2.932634 1.804228 -14.652160
v -2.932634 1.908649 -14.635621
v -2.932634 2.002848 -14.587625
v -2.932634 2.077606 -14.512867
v -2.932634 2.125603 -14.418667
v -2.932634 2.142141 -14.314246
v -2.932634 2.125603 -14.209826
v -2.932634 2.077606 -14.115625
v -2.932634 2.002848 -14.040868
v -2.932634 1.908649 -13.992871
v -2.932634 1.804228 -13.976333
v -2.932634 1.699806 -13.992871
v -2.932634 1.605607 -14.040868
v -2.932634 1.530850 -14.115625
v -2.932634 1.482852 -14.209826
v -2.932634 1.466314 -14.314246
v -2.853506 1.169390 -14.520517
v -2.853506 1.264203 -14.706597
v -2.853506 1.411877 -14.854271
v -2.853506 1.597956 -14.949083
v -2.853506 1.804228 -14.981753
v -2.853506 2.010499 -14.949083
v -2.853506 2.196579 -14.854271
v -2.853506 2.344252 -14.706597
v -2.853506 2.439065 -14.520517
v -2.853506 2.471735 -14.314246
v -2.853506 2.439065 -14.107975
v -2.853506 2.344252 -13.921895
v -2.853506 2.196579 -13.774221
v -2.853506 2.010499 -13.679409
v -2.853506 1.804228 -13.646739
v -2.853506 1.597957 -13.679409
v -2.853506 1.411877 -13.774221
v -2.853506 1.264203 -13.921895
v -2.853506 1.169391 -14.107975
v -2.853506 1.136721 -14.314246
v -2.723792 0.871560 -14.617289
v -2.723792 1.010853 -14.890666
v -2.723792 1.227807 -15.107620
v -2.723792 1.501186 -15.246914
v -2.723792 1.804228 -15.294910
v -2.723792 2.107270 -15.246914
v -2.723792 2.380648 -15.107620
v -2.723792 2.597602 -14.890666
v -2.723792 2.736895 -14.617288
v -2.723792 2.784892 -14.314246
v -2.723792 2.736895 -14.011205
v -2.723792 2.597602 -13.737826
v -2.723792 2.380648 -13.520872
v -2.723792 2.107270 -13.381579
v -2.723792 1.804228 -13.333582
v -2.723792 1.501186 -13.381579
v -2.723792 1.227808 -13.520872
v -2.723792 1.010854 -13.737826
v -2.723792 0.871561 -14.011205
v -2.723792 0.823564 -14.314246
v -2.546687 0.596695 -14.706597
v -2.546687 0.777039 -15.060542
v -2.546687 1.057932 -15.341434
v -2.546687 1.411877 -15.521778
v -2.546687 1.804228 -15.583920
v -2.546687 2.196579 -15.521778
v -2.546687 2.550523 -15.341434
v -2.546687 2.831416 -15.060542
v -2.546687 3.011759 -14.706597
v -2.546687 3.073902 -14.314246
v -2.546687 3.011759 -13.921895
v -2.546687 2.831416 -13.567950
v -2.546687 2.550523 -13.287058
v -2.546687 2.196578 -13.106714
v -2.546687 1.804228 -13.044572
v -2.546687 1.411877 -13.106714
v -2.546687 1.057932 -13.287058
v -2.546687 0.777040 -13.567950
v -2.546687 0.596696 -13.921895
v -2.546687 0.534554 -14.314246
v -2.326550 0.351564 -14.786245
v -2.326550 0.568518 -15.212042
v -2.326550 0.906432 -15.549955
v -2.326550 1.332229 -15.766910
v -2.326550 1.804228 -15.841667
v -2.326550 2.276227 -15.766910
v -2.326550 2.702023 -15.549955
v -2.326550 3.039937 -15.212042
v -2.326550 3.256891 -14.786245
v -2.326550 3.331648 -14.314246
v -2.326550 3.256891 -13.842247
v -2.326550 3.039937 -13.416451
v -2.326550 2.702023 -13.078537
v -2.326550 2.276226 -12.861584
v -2.326550 1.804228 -12.786826
v -2.326550 1.332229 -12.861584
v -2.326550 0.906433 -13.078537
v -2.326550 0.568519 -13.416451
v -2.326550 0.351565 -13.842247
v -2.326550 0.276808 -14.314246
v -2.068804 0.142202 -14.854271
v -2.068804 0.390424 -15.341434
v -2.068804 0.777039 -15.728049
v -2.068804 1.264203 -15.976272
v -2.068804 1.804228 -16.061804
v -2.068804 2.344252 -15.976272
v -2.068804 2.831416 -15.728049
v -2.068804 3.218031 -15.341434
v -2.068804 3.466253 -14.854271
v -2.068804 3.551784 -14.314246
v -2.068804 3.466253 -13.774221
v -2.068804 3.218030 -13.287058
v -2.068804 2.831416 -12.900443
v -2.068804 2.344252 -12.652222
v -2.068804 1.804228 -12.566689
v -2.068804 1.264203 -12.652222
v -2.068804 0.777040 -12.900444
v -2.068804 0.390425 -13.287058
v -2.068804 0.142203 -13.774221
v -2.068804 0.056672 -14.314246
v -1.779795 -0.026235 -14.908999
v -1.779795 0.247143 -15.445535
v -1.779795 0.672939 -15.871331
v -1.779795 1.209474 -16.144709
v -1.779795 1.804228 -16.238909
v -1.779795 2.398981 -16.144709
v -1.779795 2.935516 -15.871330
v -1.779795 3.361312 -15.445534
v -1.779795 3.634690 -14.908999
v -1.779795 3.728890 -14.314246
v -1.779795 3.634690 -13.719493
v -1.779795 3.361312 -13.182959
v -1.779795 2.935516 -12.757162
v -1.779795 2.398981 -12.483784
v -1.779795 1.804228 -12.389585
v -1.779795 1.209475 -12.483784
v -1.779795 0.672940 -12.757162
v -1.779795 0.247144 -13.182959
v -1.779795 -0.026234 -13.719493
v -1.779795 -0.120434 -14.314246
v -1.466638 -0.149601 -14.949083
v -1.466638 0.142202 -15.521778
v -1.466638 0.596695 -15.976272
v -1.466638 1.169390 -16.268074
v -1.466638 1.804228 -16.368622
v -1.466638 2.439065 -16.268074
v -1.466638 3.011760 -15.976272
v -1.466638 3.466253 -15.521778
v -1.466638 3.758055 -14.949083
v -1.466638 3.858603 -14.314246
v -1.466638 3.758055 -13.679409
v -1.466638 3.466253 -13.106714
v -1.466638 3.011759 -12.652222
v -1.466638 2.439065 -12.360418
v -1.466638 1.804228 -12.259871
v -1.466638 1.169391 -12.360419
v -1.466638 0.596696 -12.652222
v -1.466638 0.142203 -13.106714
v -1.466638 -0.149600 -13.679409
v -1.466638 -0.250148 -14.314246
v -1.137044 -0.224856 -14.973536
v -1.137044 0.078186 -15.568289
v -1.137044 0.550185 -16.040287
v -1.137044 1.144938 -16.343330
v -1.137044 1.804228 -16.447750
v -1.137044 2.463517 -16.343330
v -1.137044 3.058270 -16.040287
v -1.137044 3.530269 -15.568289
v -1.137044 3.833311 -14.973536
v -1.137044 3.937732 -14.314246
v -1.137044 3.833311 -13.654957
v -1.137044 3.530269 -13.060204
v -1.137044 3.058270 -12.588205
v -1.137044 2.463517 -12.285164
v -1.137044 1.804228 -12.180742
v -1.137044 1.144939 -12.285164
v -1.137044 0.550186 -12.588205
v -1.137044 0.078187 -13.060204
v -1.137044 -0.224855 -13.654957
v -1.137044 -0.329276 -14.314246
v -0.799131 -0.250149 -14.981753
v -0.799131 0.056670 -15.583920
v -0.799131 0.534553 -16.061804
v -0.799131 1.136720 -16.368622
v -0.799131 1.804228 -16.474346
v -0.799131 2.471735 -16.368622
v -0.799131 3.073902 -16.061802
v -0.799131 3.551784 -15.583920
v -0.799131 3.858603 -14.981753
v -0.799131 3.964326 -14.314246
v -0.799131 3.858603 -13.646739
v -0.799131 3.551784 -13.044572
v -0.799131 3.073902 -12.566689
v -0.799131 2.471735 -12.259871
v -0.799131 1.804228 -12.154148
v -0.799131 1.136721 -12.259871
v -0.799131 0.534554 -12.566690
v -0.799131 0.056672 -13.044572
v -0.799131 -0.250148 -13.646739
v -0.799131 -0.355870 -14.314246
v -0.461217 -0.224856 -14.973536
v -0.461217 0.078186 -15.568289
v -0.461217 0.550185 -16.040287
v -0.461217 1.144938 -16.343330
v -0.461217 1.804228 -16.447750
v -0.461217 2.463517 -16.343330
v -0.461217 3.058270 -16.040287
v -0.461217 3.530269 -15.568289
v -0.461217 3.833311 -14.973536
v -0.461217 3.937732 -14.314246
v -0.461217 3.833311 -13.654957
v -0.461217 3.530269 -13.060204
v -0.461217 3.058270 -12.588205
v -0.461217 2.463517 -12.285164
v -0.461217 1.804228 -12.180742
v -0.461217 1.144939 -12.285164
v -0.461217 0.550186 -12.588205
v -0.461217 0.078187 -13.060204
v -0.461217 -0.224855 -13.654957
v -0.461217 -0.329276 -14.314246
v -0.131624 -0.149601 -14.949083
v -0.131624 0.142202 -15.521778
v -0.131624 0.596695 -15.976272
v -0.131624 1.169390 -16.268074
v -0.131624 1.804228 -16.368622
v -0.131624 2.439065 -16.268074
v -0.131624 3.011760 -15.976272
v -0.131624 3.466253 -15.521778
v -0.131624 3.758055 -14.949083
v -0.131624 3.858603 -14.314246
v -0.131624 3.758055 -13.679409
v -0.131624 3.466253 -13.106714
v -0.131624 3.011759 -12.652222
v -0.131624 2.439065 -12.360418
v -0.131624 1.804228 -12.259871
v -0.131624 1.169391 -12.360419
v -0.131624 0.596696 -12.652222
v -0.131624 0.142203 -13.106714
v -0.131624 -0.149600 -13.679409
v -0.131624 -0.250148 -14.314246
v 0.181533 -0.026235 -14.908999
v 0.181533 0.247143 -15.445535
v 0.181533 0.672939 -15.871331
v 0.181533 1.209474 -16.144709
v 0.181533 1.804228 -16.238909
v 0.181533 2.398981 -16.144709
v 0.181533 2.935516 -15.871330
v 0.181533 3.361312 -15.445534
v 0.181533 3.634690 -14.908999
v 0.181533 3.728890 -14.314246
v 0.181533 3.634690 -13.719493
v 0.181533 3.361312 -13.182959
v 0.181533 2.935516 -12.757162
v 0.181533 2.398981 -12.483784
v 0.181533 1.804228 -12.389585
v 0.181533 1.209475 -12.483784
v 0.181533 0.672940 -12.757162
v 0.181533 0.247144 -13.182959
v 0.181533 -0.026234 -13.719493
v 0.181533 -0.120434 -14.314246
v 0.470543 0.142202 -14.854271
v 0.470543 0.390424 -15.341434
v 0.470543 0.777039 -15.728049
v 0.470543 1.264203 -15.976272
v 0.470543 1.804228 -16.061804
v 0.470543 2.344252 -15.976272
v 0.470543 2.831416 -15.728049
v 0.470543 3.218031 -15.341434
v 0.470543 3.466253 -14.854271
v 0.470543 3.551784 -14.314246
v 0.470543 3.466253 -13.774221
v 0.470543 3.218030 -13.287058
v 0.470543 2.831416 -12.900443
v 0.470543 2.344252 -12.652222
v 0.470543 1.804228 -12.566689
v 0.470543 1.264203 -12.652222
v 0.470543 0.777040 -12.900444
v 0.470543 0.390425 -13.287058
v 0.470543 0.142203 -13.774221
v 0.470543 0.056672 -14.314246
v 0.728289 0.351564 -14.786245
v 0.728289 0.568518 -15.212042
v 0.728289 0.906432 -15.549955
v 0.728289 1.332229 -15.766910
v 0.728289 1.804228 -15.841667
v 0.728289 2.276227 -15.766910
v 0.728289 2.702023 -15.549955
v 0.728289 3.039937 -15.212042
v 0.728289 3.256891 -14.786245
v 0.728289 3.331648 -14.314246
v 0.728289 3.256891 -13.842247
v 0.728289 3.039937 -13.416451
v 0.728289 2.702023 -13.078537
v 0.728289 2.276226 -12.861584
v 0.728289 1.804228 -12.786826
v 0.728289 1.332229 -12.861584
v 0.728289 0.906433 -13.078537
v 0.728289 0.568519 -13.416451
v 0.728289 0.351565 -13.842247
v 0.728289 0.276808 -14.314246
v 0.948426 0.596695 -14.706597
v 0.948426 0.777039 -15.060542
v 0.948426 1.057932 -15.341434
v 0.948426 1.411877 -15.521778
v 0.948426 1.804228 -15.583920
v 0.948426 2.196579 -15.521778
v 0.948426 2.550523 -15.341434
v 0.948426 2.831416 -15.060542
v 0.948426 3.011759 -14.706597
v 0.948426 3.073902 -14.314246
v 0.948426 3.011759 -13.921895
v 0.948426 2.831416 -13.567950
v 0.948426 2.550523 -13.287058
v 0.948426 2.196578 -13.106714
v 0.948426 1.804228 -13.044572
v 0.948426 1.411877 -13.106714
v 0.948426 1.057932 -13.287058
v 0.948426 0.777040 -13.567950
v 0.948426 0.596696 -13.921895
v 0.948426 0.534554 -14.314246
v 1.125531 0.871560 -14.617289
v 1.125531 1.010853 -14.890666
v 1.125531 1.227807 -15.107620
v 1.125531 1.501186 -15.246914
v 1.125531 1.804228 -15.294910
v 1.125531 2.107270 -15.246914
v 1.125531 2.380648 -15.107620
v 1.125531 2.597602 -14.890666
v 1.125531 2.736895 -14.617288
v 1.125531 2.784892 -14.314246
v 1.125531 2.736895 -14.011205
v 1.125531 2.597602 -13.737826
v 1.125531 2.380648 -13.520872
v 1.125531 2.107270 -13.381579
v 1.125531 1.804228 -13.333582
v 1.125531 1.501186 -13.381579
v 1.125531 1.227808 -13.520872
v 1.125531 1.010854 -13.737826
v 1.125531 0.871561 -14.011205
v 1.125531 0.823564 -14.314246
v 1.255245 1.169390 -14.520517
v 1.255245 1.264203 -14.706597
v 1.255245 1.411877 -14.854271
v 1.255245 1.597956 -14.949083
v 1.255245 1.804228 -14.981753
v 1.255245 2.010499 -14.949083
v 1.255245 2.196579 -14.854271
v 1.255245 2.344252 -14.706597
v 1.255245 2.439065 -14.520517
v 1.255245 2.471735 -14.314246
v 1.255245 2.439065 -14.107975
v 1.255245 2.344252 -13.921895
v 1.255245 2.196579 -13.774221
v 1.255245 2.010499 -13.679409
v 1.255245 1.804228 -13.646739
v 1.255245 1.597957 -13.679409
v 1.255245 1.411877 -13.774221
v 1.255245 1.264203 -13.921895
v 1.255245 1.169391 -14.107975
v 1.255245 1.136721 -14.314246
v 1.334373 1.482852 -14.418668
v 1.334373 1.530849 -14.512867
v 1.334373 1.605607 -14.587625
v 1.334373 1.699806 -14.635621
v 1.334373 1.804228 -14.652160
v 1.334373 1.908649 -14.635621
v 1.334373 2.002848 -14.587625
v 1.334373 2.077606 -14.512867
v 1.334373 2.125603 -14.418667
v 1.334373 2.142141 -14.314246
v 1.334373 2.125603 -14.209826
v 1.334373 2.077606 -14.115625
v 1.334373 2.002848 -14.040868
v 1.334373 1.908649 -13.992871
v 1.334373 1.804228 -13.976333
v 1.334373 1.699806 -13.992871
v 1.334373 1.605607 -14.040868
v 1.334373 1.530850 -14.115625
v 1.334373 1.482852 -14.209826
v 1.334373 1.466314 -14.314246
v -2.959228 1.804228 -14.314246
v 1.360967 1.804228 -14.314246
vt 0.435445 0.500000
vt 0.125000 0.062494
vt 0.375000 0.187506
vt 0.125000 0.187506
vt 0.435445 1.000000
vt 0.435445 0.250000
vt 0.375000 0.562494
vt 0.375000 1.000000
vt 0.435445 0.750000
vt 0.375000 0.062494
vt 0.435445 0.000000
vt 0.564555 0.000000
vt 0.615590 0.552764
vt 0.625000 0.593744
vt 0.625000 0.656256
vt 0.375000 0.687506
vt 0.564555 0.250000
vt 0.615590 0.197235
vt 0.564555 0.500000
vt 0.625000 0.093744
vt 0.615590 0.697235
vt 0.615590 1.000000
vt 0.564555 1.000000
vt 0.564555 0.750000
vt 0.625000 0.156256
vt 0.615590 0.052765
vt 0.375000 0.062494
vt 0.435445 0.000000
vt 0.564555 0.000000
vt 0.615590 0.052765
vt 0.625000 0.093744
vt 0.625000 0.156256
vt 0.615590 0.197235
vt 0.564555 0.250000
vt 0.435445 0.250000
vt 0.375000 0.187506
vt 0.375000 0.562494
vt 0.435445 0.500000
vt 0.564555 0.500000
vt 0.615590 0.552764
vt 0.625000 0.593744
vt 0.625000 0.656256
vt 0.615590 0.697235
vt 0.564555 0.750000
vt 0.435445 0.750000
vt 0.375000 0.687506
vt 0.375000 0.562494
vt 0.435445 0.500000
vt 0.564555 0.500000
vt 0.615590 0.552764
vt 0.625000 0.593744
vt 0.625000 0.656256
vt 0.615590 0.697235
vt 0.564555 0.750000
vt 0.435445 0.750000
vt 0.375000 0.687506
vt 0.375000 0.562494
vt 0.435445 0.500000
vt 0.564555 0.500000
vt 0.615590 0.552764
vt 0.625000 0.593744
vt 0.625000 0.656256
vt 0.615590 0.697235
vt 0.564555 0.750000
vt 0.435445 0.750000
vt 0.375000 0.687506
vt 0.375000 0.562494
vt 0.435445 0.500000
vt 0.564555 0.500000
vt 0.615590 0.552764
vt 0.625000 0.593744
vt 0.625000 0.656256
vt 0.615590 0.697235
vt 0.564555 0.750000
vt 0.435445 0.750000
vt 0.375000 0.687506
vt 0.375000 0.562494
vt 0.435445 0.500000
vt 0.564555 0.500000
vt 0.615590 0.552764
vt 0.625000 0.593744
vt 0.625000 0.656256
vt 0.615590 0.697235
vt 0.564555 0.750000
vt 0.435445 0.750000
vt 0.375000 0.687506
vt 0.225000 0.187506
vt 0.375000 0.412499
vt 0.225000 0.062494
vt 0.375000 0.812504
vt 0.435445 0.850000
vt 0.564555 0.850000
vt 0.615590 0.818341
vt 0.771236 0.058602
vt 0.775000 0.093744
vt 0.775000 0.156256
vt 0.615590 0.410553
vt 0.771236 0.191398
vt 0.564555 0.400000
vt 0.435445 0.400000
vt 0.270000 0.187506
vt 0.375000 0.345001
vt 0.270000 0.062494
vt 0.375000 0.868753
vt 0.435445 0.895000
vt 0.564555 0.895000
vt 0.615590 0.872839
vt 0.724542 0.056851
vt 0.730000 0.093744
vt 0.730000 0.156256
vt 0.615590 0.346558
vt 0.724542 0.193149
vt 0.564555 0.355000
vt 0.435445 0.355000
vt 0.225000 0.187506
vt 0.225000 0.062494
vt 0.270000 0.062494
vt 0.270000 0.187506
vt 0.724542 0.193149
vt 0.730000 0.156256
vt 0.775000 0.156256
vt 0.771236 0.191398
vt 0.730000 0.093744
vt 0.724542 0.056851
vt 0.771236 0.058602
vt 0.775000 0.093744
vt 0.435445 0.460000
vt 0.564555 0.460000
vt 0.615590 0.495880
vt 0.615590 0.745678
vt 0.564555 0.790000
vt 0.435445 0.790000
vt 0.165000 0.062494
vt 0.375000 0.737505
vt 0.165000 0.187506
vt 0.375000 0.502496
vt 0.835000 0.156256
vt 0.835000 0.156256
vt 0.833494 0.189063
vt 0.833494 0.060937
vt 0.833494 0.060937
vt 0.835000 0.093744
vt 0.849138 0.188476
vt 0.850076 0.156256
vt 0.875000 0.187506
vt 0.862540 0.156256
vt 0.875000 0.187506
vt 0.875000 0.156256
vt 0.875000 0.156256
vt 0.833494 0.189063
vt 0.862071 0.187991
vt 0.875000 0.156256
vt 0.875000 0.187506
vt 0.849011 0.093744
vt 0.848033 0.061482
vt 0.875000 0.093744
vt 0.861518 0.061988
vt 0.875000 0.093744
vt 0.875000 0.062494
vt 0.875000 0.062494
vt 0.835000 0.093744
vt 0.862007 0.093744
vt 0.875000 0.062494
vt 0.875000 0.093744
vt 0.000000 0.050000
vt 0.050000 0.050000
vt 0.050000 0.100000
vt 0.000000 0.100000
vt 0.100000 0.050000
vt 0.100000 0.100000
vt 0.150000 0.050000
vt 0.150000 0.100000
vt 0.200000 0.050000
vt 0.200000 0.100000
vt 0.250000 0.050000
vt 0.250000 0.100000
vt 0.300000 0.050000
vt 0.300000 0.100000
vt 0.350000 0.050000
vt 0.350000 0.100000
vt 0.400000 0.050000
vt 0.400000 0.100000
vt 0.450000 0.050000
vt 0.450000 0.100000
vt 0.500000 0.050000
vt 0.500000 0.100000
vt 0.550000 0.050000
vt 0.550000 0.100000
vt 0.600000 0.050000
vt 0.600000 0.100000
vt 0.650000 0.050000
vt 0.650000 0.100000
vt 0.700000 0.050000
vt 0.700000 0.100000
vt 0.750000 0.050000
vt 0.750000 0.100000
vt 0.800000 0.050000
vt 0.800000 0.100000
vt 0.850000 0.050000
vt 0.850000 0.100000
vt 0.900000 0.050000
vt 0.900000 0.100000
vt 0.950000 0.050000
vt 0.950000 0.100000
vt 1.000000 0.050000
vt 1.000000 0.100000
vt 0.050000 0.150000
vt 0.000000 0.150000
vt 0.100000 0.150000
vt 0.150000 0.150000
vt 0.200000 0.150000
vt 0.250000 0.150000
vt 0.300000 0.150000
vt 0.350000 0.150000
vt 0.400000 0.150000
vt 0.450000 0.150000
vt 0.500000 0.150000
vt 0.550000 0.150000
vt 0.600000 0.150000
vt 0.650000 0.150000
vt 0.700000 0.150000
vt 0.750000 0.150000
vt 0.800000 0.150000
vt 0.850000 0.150000
vt 0.900000 0.150000
vt 0.950000 0.150000
vt 1.000000 0.150000
vt 0.050000 0.200000
vt 0.000000 0.200000
vt 0.100000 0.200000
vt 0.150000 0.200000
vt 0.200000 0.200000
vt 0.250000 0.200000
vt 0.300000 0.200000
vt 0.350000 0.200000
vt 0.400000 0.200000
vt 0.450000 0.200000
vt 0.500000 0.200000
vt 0.550000 0.200000
vt 0.600000 0.200000
vt 0.650000 0.200000
vt 0.700000 0.200000
vt 0.750000 0.200000
vt 0.800000 0.200000
vt 0.850000 0.200000
vt 0.900000 0.200000
vt 0.950000 0.200000
vt 1.000000 0.200000
vt 0.050000 0.250000
vt 0.000000 0.250000
vt 0.100000 0.250000
vt 0.150000 0.250000
vt 0.200000 0.250000
vt 0.250000 0.250000
vt 0.300000 0.250000
vt 0.350000 0.250000
vt 0.400000 0.250000
vt 0.450000 0.250000
vt 0.500000 0.250000
vt 0.550000 0.250000
vt 0.600000 0.250000
vt 0.650000 0.250000
vt 0.700000 0.250000
vt 0.750000 0.250000
vt 0.800000 0.250000
vt 0.850000 0.250000
vt 0.900000 0.250000
vt 0.950000 0.250000
vt 1.000000 0.250000
vt 0.050000 0.300000
vt 0.000000 0.300000
vt 0.100000 0.300000
vt 0.150000 0.300000
vt 0.200000 0.300000
vt 0.250000 0.300000
vt 0.300000 0.300000
vt 0.350000 0.300000
vt 0.400000 0.300000
vt 0.450000 0.300000
vt 0.500000 0.300000
vt 0.550000 0.300000
vt 0.600000 0.300000
vt 0.650000 0.300000
vt 0.700000 0.300000
vt 0.750000 0.300000
vt 0.800000 0.300000
vt 0.850000 0.300000
vt 0.900000 0.300000
vt 0.950000 0.300000
vt 1.000000 0.300000
vt 0.050000 0.350000
vt 0.000000 0.350000
vt 0.100000 0.350000
vt 0.150000 0.350000
vt 0.200000 0.350000
vt 0.250000 0.350000
vt 0.300000 0.350000
vt 0.350000 0.350000
vt 0.400000 0.350000
vt 0.450000 0.350000
vt 0.500000 0.350000
vt 0.550000 0.350000
vt 0.600000 0.350000
vt 0.650000 0.350000
vt 0.700000 0.350000
vt 0.750000 0.350000
vt 0.800000 0.350000
vt 0.850000 0.350000
vt 0.900000 0.350000
vt 0.950000 0.350000
vt 1.000000 0.350000
vt 0.050000 0.400000
vt 0.000000 0.400000
vt 0.100000 0.400000
vt 0.150000 0.400000
vt 0.200000 0.400000
vt 0.250000 0.400000
vt 0.300000 0.400000
vt 0.350000 0.400000
vt 0.400000 0.400000
vt 0.450000 0.400000
vt 0.500000 0.400000
vt 0.550000 0.400000
vt 0.600000 0.400000
vt 0.650000 0.400000
vt 0.700000 0.400000
vt 0.750000 0.400000
vt 0.800000 0.400000
vt 0.850000 0.400000
vt 0.900000 0.400000
vt 0.950000 0.400000
vt 1.000000 0.400000
vt 0.050000 0.450000
vt 0.000000 0.450000
vt 0.100000 0.450000
vt 0.150000 0.450000
vt 0.200000 0.450000
vt 0.250000 0.450000
vt 0.300000 0.450000
vt 0.350000 0.450000
vt 0.400000 0.450000
vt 0.450000 0.450000
vt 0.500000 0.450000
vt 0.550000 0.450000
vt 0.600000 0.450000
vt 0.650000 0.450000
vt 0.700000 0.450000
vt 0.750000 0.450000
vt 0.800000 0.450000
vt 0.850000 0.450000
vt 0.900000 0.450000
vt 0.950000 0.450000
vt 1.000000 0.450000
vt 0.050000 0.500000
vt 0.000000 0.500000
vt 0.100000 0.500000
vt 0.150000 0.500000
vt 0.200000 0.500000
vt 0.250000 0.500000
vt 0.300000 0.500000
vt 0.350000 0.500000
vt 0.400000 0.500000
vt 0.450000 0.500000
vt 0.500000 0.500000
vt 0.550000 0.500000
vt 0.600000 0.500000
vt 0.650000 0.500000
vt 0.700000 0.500000
vt 0.750000 0.500000
vt 0.800000 0.500000
vt 0.850000 0.500000
vt 0.900000 0.500000
vt 0.950000 0.500000
vt 1.000000 0.500000
vt 0.050000 0.550000
vt 0.000000 0.550000
vt 0.100000 0.550000
vt 0.150000 0.550000
vt 0.200000 0.550000
vt 0.250000 0.550000
vt 0.300000 0.550000
vt 0.350000 0.550000
vt 0.400000 0.550000
vt 0.450000 0.550000
vt 0.500000 0.550000
vt 0.550000 0.550000
vt 0.600000 0.550000
vt 0.650000 0.550000
vt 0.700000 0.550000
vt 0.750000 0.550000
vt 0.800000 0.550000
vt 0.850000 0.550000
vt 0.900000 0.550000
vt 0.950000 0.550000
vt 1.000000 0.550000
vt 0.050000 0.600000
vt 0.000000 0.600000
vt 0.100000 0.600000
vt 0.150000 0.600000
vt 0.200000 0.600000
vt 0.250000 0.600000
vt 0.300000 0.600000
vt 0.350000 0.600000
vt 0.400000 0.600000
vt 0.450000 0.600000
vt 0.500000 0.600000
vt 0.550000 0.600000
vt 0.600000 0.600000
vt 0.650000 0.600000
vt 0.700000 0.600000
vt 0.750000 0.600000
vt 0.800000 0.600000
vt 0.850000 0.600000
vt 0.900000 0.600000
vt 0.950000 0.600000
vt 1.000000 0.600000
vt 0.050000 0.650000
vt 0.000000 0.650000
vt 0.100000 0.650000
vt 0.150000 0.650000
vt 0.200000 0.650000
vt 0.250000 0.650000
vt 0.300000 0.650000
vt 0.350000 0.650000
vt 0.400000 0.650000
vt 0.450000 0.650000
vt 0.500000 0.650000
vt 0.550000 0.650000
vt 0.600000 0.650000
vt 0.650000 0.650000
vt 0.700000 0.650000
vt 0.750000 0.650000
vt 0.800000 0.650000
vt 0.850000 0.650000
vt 0.900000 0.650000
vt 0.950000 0.650000
vt 1.000000 0.650000
vt 0.050000 0.700000
vt 0.000000 0.700000
vt 0.100000 0.700000
vt 0.150000 0.700000
vt 0.200000 0.700000
vt 0.250000 0.700000
vt 0.300000 0.700000
vt 0.350000 0.700000
vt 0.400000 0.700000
vt 0.450000 0.700000
vt 0.500000 0.700000
vt 0.550000 0.700000
vt 0.600000 0.700000
vt 0.650000 0.700000
vt 0.700000 0.700000
vt 0.750000 0.700000
vt 0.800000 0.700000
vt 0.850000 0.700000
vt 0.900000 0.700000
vt 0.950000 0.700000
vt 1.000000 0.700000
vt 0.050000 0.750000
vt 0.000000 0.750000
vt 0.100000 0.750000
vt 0.150000 0.750000
vt 0.200000 0.750000
vt 0.250000 0.750000
vt 0.300000 0.750000
vt 0.350000 0.750000
vt 0.400000 0.750000
vt 0.450000 0.750000
vt 0.500000 0.750000
vt 0.550000 0.750000
vt 0.600000 0.750000
vt 0.650000 0.750000
vt 0.700000 0.750000
vt 0.750000 0.750000
vt 0.800000 0.750000
vt 0.850000 0.750000
vt 0.900000 0.750000
vt 0.950000 0.750000
vt 1.000000 0.750000
vt 0.050000 0.800000
vt 0.000000 0.800000
vt 0.100000 0.800000
vt 0.150000 0.800000
vt 0.200000 0.800000
vt 0.250000 0.800000
vt 0.300000 0.800000
vt 0.350000 0.800000
vt 0.400000 0.800000
vt 0.450000 0.800000
vt 0.500000 0.800000
vt 0.550000 0.800000
vt 0.600000 0.800000
vt 0.650000 0.800000
vt 0.700000 0.800000
vt 0.750000 0.800000
vt 0.800000 0.800000
vt 0.850000 0.800000
vt 0.900000 0.800000
vt 0.950000 0.800000
vt 1.000000 0.800000
vt 0.050000 0.850000
vt 0.000000 0.850000
vt 0.100000 0.850000
vt 0.150000 0.850000
vt 0.200000 0.850000
vt 0.250000 0.850000
vt 0.300000 0.850000
vt 0.350000 0.850000
vt 0.400000 0.850000
vt 0.450000 0.850000
vt 0.500000 0.850000
vt 0.550000 0.850000
vt 0.600000 0.850000
vt 0.650000 0.850000
vt 0.700000 0.850000
vt 0.750000 0.850000
vt 0.800000 0.850000
vt 0.850000 0.850000
vt 0.900000 0.850000
vt 0.950000 0.850000
vt 1.000000 0.850000
vt 0.050000 0.900000
vt 0.000000 0.900000
vt 0.100000 0.900000
vt 0.150000 0.900000
vt 0.200000 0.900000
vt 0.250000 0.900000
vt 0.300000 0.900000
vt 0.350000 0.900000
vt 0.400000 0.900000
vt 0.450000 0.900000
vt 0.500000 0.900000
vt 0.550000 0.900000
vt 0.600000 0.900000
vt 0.650000 0.900000
vt 0.700000 0.900000
vt 0.750000 0.900000
vt 0.800000 0.900000
vt 0.850000 0.900000
vt 0.900000 0.900000
vt 0.950000 0.900000
vt 1.000000 0.900000
vt 0.050000 0.950000
vt 0.000000 0.950000
vt 0.100000 0.950000
vt 0.150000 0.950000
vt 0.200000 0.950000
vt 0.250000 0.950000
vt 0.300000 0.950000
vt 0.350000 0.950000
vt 0.400000 0.950000
vt 0.450000 0.950000
vt 0.500000 0.950000
vt 0.550000 0.950000
vt 0.600000 0.950000
vt 0.650000 0.950000
vt 0.700000 0.950000
vt 0.750000 0.950000
vt 0.800000 0.950000
vt 0.850000 0.950000
vt 0.900000 0.950000
vt 0.950000 0.950000
vt 1.000000 0.950000
vt 0.025000 0.000000
vt 0.075000 0.000000
vt 0.125000 0.000000
vt 0.175000 0.000000
vt 0.225000 0.000000
vt 0.275000 0.000000
vt 0.325000 0.000000
vt 0.375000 0.000000
vt 0.425000 0.000000
vt 0.475000 0.000000
vt 0.525000 0.000000
vt 0.575000 0.000000
vt 0.625000 0.000000
vt 0.675000 0.000000
vt 0.725000 0.000000
vt 0.775000 0.000000
vt 0.825000 0.000000
vt 0.875000 0.000000
vt 0.925000 0.000000
vt 0.975000 0.000000
vt 0.025000 1.000000
vt 0.075000 1.000000
vt 0.125000 1.000000
vt 0.175000 1.000000
vt 0.225000 1.000000
vt 0.275000 1.000000
vt 0.325000 1.000000
vt 0.375000 1.000000
vt 0.425000 1.000000
vt 0.475000 1.000000
vt 0.525000 1.000000
vt 0.575000 1.000000
vt 0.625000 1.000000
vt 0.675000 1.000000
vt 0.725000 1.000000
vt 0.775000 1.000000
vt 0.825000 1.000000
vt 0.875000 1.000000
vt 0.925000 1.000000
vt 0.975000 1.000000
vt 0.000000 0.050000
vt 0.050000 0.050000
vt 0.050000 0.100000
vt 0.000000 0.100000
vt 0.100000 0.050000
vt 0.100000 0.100000
vt 0.150000 0.050000
vt 0.150000 0.100000
vt 0.200000 0.050000
vt 0.200000 0.100000
vt 0.250000 0.050000
vt 0.250000 0.100000
vt 0.300000 0.050000
vt 0.300000 0.100000
vt 0.350000 0.050000
vt 0.350000 0.100000
vt 0.400000 0.050000
vt 0.400000 0.100000
vt 0.450000 0.050000
vt 0.450000 0.100000
vt 0.500000 0.050000
vt 0.500000 0.100000
vt 0.550000 0.050000
vt 0.550000 0.100000
vt 0.600000 0.050000
vt 0.600000 0.100000
vt 0.650000 0.050000
vt 0.650000 0.100000
vt 0.700000 0.050000
vt 0.700000 0.100000
vt 0.750000 0.050000
vt 0.750000 0.100000
vt 0.800000 0.050000
vt 0.800000 0.100000
vt 0.850000 0.050000
vt 0.850000 0.100000
vt 0.900000 0.050000
vt 0.900000 0.100000
vt 0.950000 0.050000
vt 0.950000 0.100000
vt 1.000000 0.050000
vt 1.000000 0.100000
vt 0.050000 0.150000
vt 0.000000 0.150000
vt 0.100000 0.150000
vt 0.150000 0.150000
vt 0.200000 0.150000
vt 0.250000 0.150000
vt 0.300000 0.150000
vt 0.350000 0.150000
vt 0.400000 0.150000
vt 0.450000 0.150000
vt 0.500000 0.150000
vt 0.550000 0.150000
vt 0.600000 0.150000
vt 0.650000 0.150000
vt 0.700000 0.150000
vt 0.750000 0.150000
vt 0.800000 0.150000
vt 0.850000 0.150000
vt 0.900000 0.150000
vt 0.950000 0.150000
vt 1.000000 0.150000
vt 0.050000 0.200000
vt 0.000000 0.200000
vt 0.100000 0.200000
vt 0.150000 0.200000
vt 0.200000 0.200000
vt 0.250000 0.200000
vt 0.300000 0.200000
vt 0.350000 0.200000
vt 0.400000 0.200000
vt 0.450000 0.200000
vt 0.500000 0.200000
vt 0.550000 0.200000
vt 0.600000 0.200000
vt 0.650000 0.200000
vt 0.700000 0.200000
vt 0.750000 0.200000
vt 0.800000 0.200000
vt 0.850000 0.200000
vt 0.900000 0.200000
vt 0.950000 0.200000
vt 1.000000 0.200000
vt 0.050000 0.250000
vt 0.000000 0.250000
vt 0.100000 0.250000
vt 0.150000 0.250000
vt 0.200000 0.250000
vt 0.250000 0.250000
vt 0.300000 0.250000
vt 0.350000 0.250000
vt 0.400000 0.250000
vt 0.450000 0.250000
vt 0.500000 0.250000
vt 0.550000 0.250000
vt 0.600000 0.250000
vt 0.650000 0.250000
vt 0.700000 0.250000
vt 0.750000 0.250000
vt 0.800000 0.250000
vt 0.850000 0.250000
vt 0.900000 0.250000
vt 0.950000 0.250000
vt 1.000000 0.250000
vt 0.050000 0.300000
vt 0.000000 0.300000
vt 0.100000 0.300000
vt 0.150000 0.300000
vt 0.200000 0.300000
vt 0.250000 0.300000
vt 0.300000 0.300000
vt 0.350000 0.300000
vt 0.400000 0.300000
vt 0.450000 0.300000
vt 0.500000 0.300000
vt 0.550000 0.300000
vt 0.600000 0.300000
vt 0.650000 0.300000
vt 0.700000 0.300000
vt 0.750000 0.300000
vt 0.800000 0.300000
vt 0.850000 0.300000
vt 0.900000 0.300000
vt 0.950000 0.300000
vt 1.000000 0.300000
vt 0.050000 0.350000
vt 0.000000 0.350000
vt 0.100000 0.350000
vt 0.150000 0.350000
vt 0.200000 0.350000
vt 0.250000 0.350000
vt 0.300000 0.350000
vt 0.350000 0.350000
vt 0.400000 0.350000
vt 0.450000 0.350000
vt 0.500000 0.350000
vt 0.550000 0.350000
vt 0.600000 0.350000
vt 0.650000 0.350000
vt 0.700000 0.350000
vt 0.750000 0.350000
vt 0.800000 0.350000
vt 0.850000 0.350000
vt 0.900000 0.350000
vt 0.950000 0.350000
vt 1.000000 0.350000
vt 0.050000 0.400000
vt 0.000000 0.400000
vt 0.100000 0.400000
vt 0.150000 0.400000
vt 0.200000 0.400000
vt 0.250000 0.400000
vt 0.300000 0.400000
vt 0.350000 0.400000
vt 0.400000 0.400000
vt 0.450000 0.400000
vt 0.500000 0.400000
vt 0.550000 0.400000
vt 0.600000 0.400000
vt 0.650000 0.400000
vt 0.700000 0.400000
vt 0.750000 0.400000
vt 0.800000 0.400000
vt 0.850000 0.400000
vt 0.900000 0.400000
vt 0.950000 0.400000
vt 1.000000 0.400000
vt 0.050000 0.450000
vt 0.000000 0.450000
vt 0.100000 0.450000
vt 0.150000 0.450000
vt 0.200000 0.450000
vt 0.250000 0.450000
vt 0.300000 0.450000
vt 0.350000 0.450000
vt 0.400000 0.450000
vt 0.450000 0.450000
vt 0.500000 0.450000
vt 0.550000 0.450000
vt 0.600000 0.450000
vt 0.650000 0.450000
vt 0.700000 0.450000
vt 0.750000 0.450000
vt 0.800000 0.450000
vt 0.850000 0.450000
vt 0.900000 0.450000
vt 0.950000 0.450000
vt 1.000000 0.450000
vt 0.050000 0.500000
vt 0.000000 0.500000
vt 0.100000 0.500000
vt 0.150000 0.500000
vt 0.200000 0.500000
vt 0.250000 0.500000
vt 0.300000 0.500000
vt 0.350000 0.500000
vt 0.400000 0.500000
vt 0.450000 0.500000
vt 0.500000 0.500000
vt 0.550000 0.500000
vt 0.600000 0.500000
vt 0.650000 0.500000
vt 0.700000 0.500000
vt 0.750000 0.500000
vt 0.800000 0.500000
vt 0.850000 0.500000
vt 0.900000 0.500000
vt 0.950000 0.500000
vt 1.000000 0.500000
vt 0.050000 0.550000
vt 0.000000 0.550000
vt 0.100000 0.550000
vt 0.150000 0.550000
vt 0.200000 0.550000
vt 0.250000 0.550000
vt 0.300000 0.550000
vt 0.350000 0.550000
vt 0.400000 0.550000
vt 0.450000 0.550000
vt 0.500000 0.550000
vt 0.550000 0.550000
vt 0.600000 0.550000
vt 0.650000 0.550000
vt 0.700000 0.550000
vt 0.750000 0.550000
vt 0.800000 0.550000
vt 0.850000 0.550000
vt 0.900000 0.550000
vt 0.950000 0.550000
vt 1.000000 0.550000
vt 0.050000 0.600000
vt 0.000000 0.600000
vt 0.100000 0.600000
vt 0.150000 0.600000
vt 0.200000 0.600000
vt 0.250000 0.600000
vt 0.300000 0.600000
vt 0.350000 0.600000
vt 0.400000 0.600000
vt 0.450000 0.600000
vt 0.500000 0.600000
vt 0.550000 0.600000
vt 0.600000 0.600000
vt 0.650000 0.600000
vt 0.700000 0.600000
vt 0.750000 0.600000
vt 0.800000 0.600000
vt 0.850000 0.600000
vt 0.900000 0.600000
vt 0.950000 0.600000
vt 1.000000 0.600000
vt 0.050000 0.650000
vt 0.000000 0.650000
vt 0.100000 0.650000
vt 0.150000 0.650000
vt 0.200000 0.650000
vt 0.250000 0.650000
vt 0.300000 0.650000
vt 0.350000 0.650000
vt 0.400000 0.650000
vt 0.450000 0.650000
vt 0.500000 0.650000
vt 0.550000 0.650000
vt 0.600000 0.650000
vt 0.650000 0.650000
vt 0.700000 0.650000
vt 0.750000 0.650000
vt 0.800000 0.650000
vt 0.850000 0.650000
vt 0.900000 0.650000
vt 0.950000 0.650000
vt 1.000000 0.650000
vt 0.050000 0.700000
vt 0.000000 0.700000
vt 0.100000 0.700000
vt 0.150000 0.700000
vt 0.200000 0.700000
vt 0.250000 0.700000
vt 0.300000 0.700000
vt 0.350000 0.700000
vt 0.400000 0.700000
vt 0.450000 0.700000
vt 0.500000 0.700000
vt 0.550000 0.700000
vt 0.600000 0.700000
vt 0.650000 0.700000
vt 0.700000 0.700000
vt 0.750000 0.700000
vt 0.800000 0.700000
vt 0.850000 0.700000
vt 0.900000 0.700000
vt 0.950000 0.700000
vt 1.000000 0.700000
vt 0.050000 0.750000
vt 0.000000 0.750000
vt 0.100000 0.750000
vt 0.150000 0.750000
vt 0.200000 0.750000
vt 0.250000 0.750000
vt 0.300000 0.750000
vt 0.350000 0.750000
vt 0.400000 0.750000
vt 0.450000 0.750000
vt 0.500000 0.750000
vt 0.550000 0.750000
vt 0.600000 0.750000
vt 0.650000 0.750000
vt 0.700000 0.750000
vt 0.750000 0.750000
vt 0.800000 0.750000
vt 0.850000 0.750000
vt 0.900000 0.750000
vt 0.950000 0.750000
vt 1.000000 0.750000
vt 0.050000 0.800000
vt 0.000000 0.800000
vt 0.100000 0.800000
vt 0.150000 0.800000
vt 0.200000 0.800000
vt 0.250000 0.800000
vt 0.300000 0.800000
vt 0.350000 0.800000
vt 0.400000 0.800000
vt 0.450000 0.800000
vt 0.500000 0.800000
vt 0.550000 0.800000
vt 0.600000 0.800000
vt 0.650000 0.800000
vt 0.700000 0.800000
vt 0.750000 0.800000
vt 0.800000 0.800000
vt 0.850000 0.800000
vt 0.900000 0.800000
vt 0.950000 0.800000
vt 1.000000 0.800000
vt 0.050000 0.850000
vt 0.000000 0.850000
vt 0.100000 0.850000
vt 0.150000 0.850000
vt 0.200000 0.850000
vt 0.250000 0.850000
vt 0.300000 0.850000
vt 0.350000 0.850000
vt 0.400000 0.850000
vt 0.450000 0.850000
vt 0.500000 0.850000
vt 0.550000 0.850000
vt 0.600000 0.850000
vt 0.650000 0.850000
vt 0.700000 0.850000
vt 0.750000 0.850000
vt 0.800000 0.850000
vt 0.850000 0.850000
vt 0.900000 0.850000
vt 0.950000 0.850000
vt 1.000000 0.850000
vt 0.050000 0.900000
vt 0.000000 0.900000
vt 0.100000 0.900000
vt 0.150000 0.900000
vt 0.200000 0.900000
vt 0.250000 0.900000
vt 0.300000 0.900000
vt 0.350000 0.900000
vt 0.400000 0.900000
vt 0.450000 0.900000
vt 0.500000 0.900000
vt 0.550000 0.900000
vt 0.600000 0.900000
vt 0.650000 0.900000
vt 0.700000 0.900000
vt 0.750000 0.900000
vt 0.800000 0.900000
vt 0.850000 0.900000
vt 0.900000 0.900000
vt 0.950000 0.900000
vt 1.000000 0.900000
vt 0.050000 0.950000
vt 0.000000 0.950000
vt 0.100000 0.950000
vt 0.150000 0.950000
vt 0.200000 0.950000
vt 0.250000 0.950000
vt 0.300000 0.950000
vt 0.350000 0.950000
vt 0.400000 0.950000
vt 0.450000 0.950000
vt 0.500000 0.950000
vt 0.550000 0.950000
vt 0.600000 0.950000
vt 0.650000 0.950000
vt 0.700000 0.950000
vt 0.750000 0.950000
vt 0.800000 0.950000
vt 0.850000 0.950000
vt 0.900000 0.950000
vt 0.950000 0.950000
vt 1.000000 0.950000
vt 0.025000 0.000000
vt 0.075000 0.000000
vt 0.125000 0.000000
vt 0.175000 0.000000
vt 0.225000 0.000000
vt 0.275000 0.000000
vt 0.325000 0.000000
vt 0.375000 0.000000
vt 0.425000 0.000000
vt 0.475000 0.000000
vt 0.525000 0.000000
vt 0.575000 0.000000
vt 0.625000 0.000000
vt 0.675000 0.000000
vt 0.725000 0.000000
vt 0.775000 0.000000
vt 0.825000 0.000000
vt 0.875000 0.000000
vt 0.925000 0.000000
vt 0.975000 0.000000
vt 0.025000 1.000000
vt 0.075000 1.000000
vt 0.125000 1.000000
vt 0.175000 1.000000
vt 0.225000 1.000000
vt 0.275000 1.000000
vt 0.325000 1.000000
vt 0.375000 1.000000
vt 0.425000 1.000000
vt 0.475000 1.000000
vt 0.525000 1.000000
vt 0.575000 1.000000
vt 0.625000 1.000000
vt 0.675000 1.000000
vt 0.725000 1.000000
vt 0.775000 1.000000
vt 0.825000 1.000000
vt 0.875000 1.000000
vt 0.925000 1.000000
vt 0.975000 1.000000
vn 0.997621 -0.000000 0.068941
vn 0.997621 -0.000000 0.068941
vn 0.993782 -0.000000 0.111343
vn 0.985428 -0.142626 0.092677
vn -0.993782 0.000000 0.111343
vn -0.997621 0.000000 0.068941
vn -0.997621 0.000000 0.068941
vn -0.985428 -0.142626 0.092677
vn 0.000000 -0.999904 -0.013894
vn 0.000000 -0.993918 0.110124
vn 0.000000 -0.993918 0.110124
vn 0.000000 -0.999904 -0.013894
vn -0.000000 0.993918 0.110124
vn -0.000000 0.993918 0.110124
vn -0.000000 0.999613 -0.027814
vn -0.000000 0.999604 -0.028143
vn 0.000000 0.000000 -1.000000
vn 0.000000 0.000000 -1.000000
vn 0.000000 0.000000 -1.000000
vn 0.000000 0.000000 -1.000000
vn 0.000000 0.000000 -1.000000
vn 0.000000 0.000000 -1.000000
vn 0.000000 0.000000 -1.000000
vn 0.000000 0.000000 -1.000000
vn 0.000000 0.000000 -1.000000
vn 0.000000 0.000000 -1.000000
vn 0.000000 0.000000 1.000000
vn 0.000000 0.000000 1.000000
vn 0.000000 0.000000 1.000000
vn 0.000000 0.000000 1.000000
vn 0.000000 0.000000 1.000000
vn 0.000000 0.000000 1.000000
vn 0.000000 0.000000 1.000000
vn 0.000000 0.000000 1.000000
vn 0.000000 0.000000 1.000000
vn 0.000000 0.000000 1.000000
vn 0.812051 0.581350 0.051043
vn 0.786006 0.614956 0.063433
vn 0.720198 0.686927 0.097188
vn 0.720102 0.686998 0.097402
vn 0.965902 -0.245651 0.081786
vn 0.948206 -0.310474 0.067166
vn 0.948206 -0.310474 0.067166
vn -0.792943 0.605922 0.064039
vn -0.818080 0.572803 0.051405
vn -0.728646 0.678027 0.096715
vn -0.728772 0.677918 0.096534
vn -0.948206 -0.310474 0.067166
vn -0.948206 -0.310474 0.067166
vn -0.965902 -0.245651 0.081786
vn 0.654159 -0.755677 0.032050
vn 0.678714 -0.734375 0.006397
vn 0.584111 -0.805570 0.099349
vn 0.584112 -0.805570 0.099349
vn -0.678714 -0.734374 0.006397
vn -0.654160 -0.755677 0.032050
vn -0.584112 -0.805570 0.099349
vn -0.584112 -0.805570 0.099349
vn -0.945421 0.323932 -0.035316
vn -0.945421 0.323932 -0.035316
vn -0.987314 -0.075529 0.139668
vn -0.983295 -0.000000 0.182017
vn -0.985218 -0.135142 0.105269
vn -0.844223 -0.487753 -0.222225
vn -0.844223 -0.487753 -0.222225
vn 0.000000 -0.844053 -0.536260
vn 0.000000 -0.844053 -0.536260
vn 0.844223 -0.487753 -0.222225
vn 0.844223 -0.487753 -0.222225
vn 0.987314 -0.075529 0.139668
vn 0.985218 -0.135142 0.105269
vn 0.983295 0.000000 0.182017
vn 0.945421 0.323932 -0.035316
vn 0.945421 0.323932 -0.035316
vn 0.000000 0.844052 -0.536260
vn 0.000000 0.844052 -0.536260
vn 0.770516 0.630197 -0.095692
vn 0.770516 0.630197 -0.095692
vn 0.763265 0.624265 -0.166493
vn 0.764832 0.625547 -0.154023
vn 0.997658 0.000000 -0.068401
vn 0.997658 0.000000 -0.068401
vn 0.977640 -0.174964 -0.116655
vn 0.993969 0.000000 -0.109662
vn 0.948240 -0.310484 -0.066640
vn 0.948240 -0.310484 -0.066640
vn 0.945017 -0.309429 -0.105812
vn 0.584157 -0.805632 -0.098575
vn 0.584157 -0.805632 -0.098575
vn 0.579375 -0.799037 -0.160825
vn 0.578081 -0.797252 -0.173812
vn 0.000000 -0.994012 -0.109268
vn 0.000000 -0.994012 -0.109268
vn 0.000000 -0.982838 -0.184469
vn 0.000000 -0.982838 -0.184469
vn -0.584157 -0.805632 -0.098575
vn -0.584157 -0.805632 -0.098575
vn -0.578081 -0.797252 -0.173812
vn -0.579375 -0.799037 -0.160825
vn -0.948240 -0.310485 -0.066640
vn -0.948240 -0.310485 -0.066640
vn -0.977640 -0.174964 -0.116655
vn -0.945017 -0.309429 -0.105812
vn -0.997658 0.000000 -0.068401
vn -0.997658 0.000000 -0.068401
vn -0.993969 0.000000 -0.109662
vn -0.770516 0.630197 -0.095692
vn -0.770516 0.630197 -0.095692
vn -0.764832 0.625547 -0.154023
vn -0.763265 0.624265 -0.166493
vn 0.000000 0.994012 -0.109268
vn 0.000000 0.994012 -0.109268
vn 0.000000 0.983449 -0.181185
vn 0.000000 0.983449 -0.181185
vn 0.699274 0.571927 -0.428854
vn 0.702075 0.574219 -0.421145
vn 0.933181 -0.167172 -0.318163
vn 0.949519 0.000000 -0.313709
vn 0.904873 -0.296285 -0.305648
vn 0.529151 -0.729770 -0.432939
vn 0.526882 -0.726640 -0.440897
vn 0.000000 -0.880465 -0.474111
vn 0.000000 -0.880465 -0.474111
vn -0.526882 -0.726640 -0.440897
vn -0.529151 -0.729770 -0.432939
vn -0.933180 -0.167172 -0.318163
vn -0.904873 -0.296285 -0.305648
vn -0.949519 0.000000 -0.313709
vn -0.702075 0.574219 -0.421145
vn -0.699274 0.571927 -0.428854
vn 0.000000 0.881477 -0.472228
vn 0.000000 0.881477 -0.472228
vn 0.638662 0.522354 -0.565028
vn 0.648208 0.530161 -0.546586
vn 0.887350 -0.157774 -0.433264
vn 0.907747 0.000000 -0.419517
vn 0.867519 -0.284054 -0.408318
vn 0.485738 -0.669898 -0.561512
vn 0.478334 -0.659687 -0.579664
vn 0.000000 -0.853854 -0.520512
vn 0.000000 -0.853854 -0.520512
vn -0.478334 -0.659687 -0.579664
vn -0.485738 -0.669898 -0.561512
vn -0.887350 -0.157774 -0.433264
vn -0.867519 -0.284054 -0.408318
vn -0.907747 0.000000 -0.419517
vn -0.648208 0.530161 -0.546586
vn -0.638662 0.522354 -0.565028
vn 0.000000 0.853854 -0.520512
vn 0.000000 0.853854 -0.520512
vn 0.609758 0.498713 -0.616020
vn 0.609758 0.498713 -0.616020
vn 0.836023 -0.150552 -0.527636
vn 0.857388 0.000000 -0.514671
vn 0.821357 -0.268939 -0.503035
vn 0.457085 -0.630382 -0.627449
vn 0.457085 -0.630382 -0.627449
vn 0.000000 -0.745431 -0.666583
vn 0.000000 -0.745431 -0.666583
vn 0.000000 -0.745431 -0.666583
vn 0.000000 -0.745431 -0.666583
vn -0.457085 -0.630382 -0.627449
vn -0.457085 -0.630382 -0.627449
vn -0.836023 -0.150552 -0.527636
vn -0.821357 -0.268939 -0.503035
vn -0.857388 0.000000 -0.514671
vn -0.609757 0.498714 -0.616020
vn -0.609757 0.498714 -0.616020
vn 0.000000 0.745431 -0.666583
vn 0.000000 0.745431 -0.666583
vn 0.000000 0.745431 -0.666583
vn 0.000000 0.745431 -0.666583
vn 0.525537 0.429832 -0.734204
vn 0.525537 0.429832 -0.734204
vn 0.525537 0.429832 -0.734204
vn 0.525538 0.429832 -0.734204
vn 0.779566 -0.143333 -0.609699
vn 0.791847 0.000000 -0.610720
vn 0.759802 -0.248784 -0.600673
vn 0.392069 -0.540715 -0.744250
vn 0.392069 -0.540715 -0.744250
vn 0.392069 -0.540715 -0.744250
vn 0.392069 -0.540715 -0.744250
vn 0.000000 -0.628802 -0.777565
vn 0.000000 -0.628802 -0.777565
vn 0.000000 -0.628802 -0.777565
vn 0.000000 -0.628802 -0.777565
vn -0.392069 -0.540715 -0.744250
vn -0.392069 -0.540715 -0.744250
vn -0.392069 -0.540715 -0.744250
vn -0.392069 -0.540715 -0.744250
vn -0.779566 -0.143334 -0.609699
vn -0.759802 -0.248784 -0.600673
vn -0.791847 0.000000 -0.610720
vn -0.525538 0.429831 -0.734204
vn -0.525538 0.429831 -0.734204
vn -0.525538 0.429831 -0.734204
vn -0.525538 0.429831 -0.734204
vn 0.000000 0.628803 -0.777565
vn 0.000000 0.628803 -0.777565
vn 0.000000 0.628803 -0.777565
vn 0.000000 0.628803 -0.777565
vn 0.000000 0.992724 0.120409
vn -0.000000 0.992724 0.120409
vn -0.000000 0.992724 0.120409
vn 0.000000 0.992724 0.120409
vn -0.755603 0.647104 0.101588
vn -0.757553 0.644837 0.101481
vn -0.765113 0.635917 0.101055
vn -0.765113 0.635917 0.101055
vn -0.997621 0.000000 0.068941
vn -0.997621 0.000000 0.068941
vn -0.997621 0.000000 0.068940
vn -0.997621 0.000000 0.068940
vn -0.948206 -0.310474 0.067166
vn -0.948206 -0.310474 0.067166
vn -0.948206 -0.310474 0.067166
vn -0.948206 -0.310474 0.067166
vn -0.586351 -0.808658 0.047602
vn -0.586351 -0.808658 0.047602
vn -0.586672 -0.809101 -0.034246
vn -0.586629 -0.809042 -0.036309
vn 0.000000 -0.993918 0.110124
vn 0.000000 -0.993918 0.110124
vn 0.000000 -0.993918 0.110124
vn 0.000000 -0.993918 0.110124
vn 0.586670 -0.809100 0.034282
vn 0.586670 -0.809100 0.034282
vn 0.586820 -0.809306 -0.025819
vn 0.586836 -0.809328 -0.024747
vn 0.948206 -0.310474 0.067166
vn 0.948206 -0.310474 0.067166
vn 0.948206 -0.310474 0.067166
vn 0.948206 -0.310474 0.067166
vn 0.997621 -0.000000 0.068940
vn 0.997621 -0.000000 0.068941
vn 0.997621 -0.000000 0.068941
vn 0.997621 -0.000000 0.068940
vn 0.757553 0.644837 0.101481
vn 0.755603 0.647104 0.101588
vn 0.765113 0.635917 0.101055
vn 0.765113 0.635917 0.101055
vn 0.000000 0.993918 0.110124
vn 0.000000 0.993918 0.110124
vn 0.000000 0.993918 0.110124
vn 0.000000 0.993918 0.110124
vn -0.742105 0.662358 0.102768
vn -0.734213 0.670962 0.103644
vn -0.997621 0.000000 0.068941
vn -0.997621 0.000000 0.068941
vn -0.948206 -0.310474 0.067166
vn -0.948206 -0.310474 0.067166
vn -0.584110 -0.805571 0.099349
vn -0.584110 -0.805571 0.099349
vn -0.584110 -0.805571 0.099349
vn -0.584110 -0.805571 0.099349
vn 0.000000 -0.993918 0.110124
vn 0.000000 -0.993918 0.110124
vn 0.584112 -0.805570 0.099349
vn 0.584112 -0.805570 0.099349
vn 0.584112 -0.805570 0.099349
vn 0.584112 -0.805570 0.099349
vn 0.948206 -0.310474 0.067166
vn 0.948206 -0.310474 0.067166
vn 0.997621 -0.000000 0.068941
vn 0.997621 -0.000000 0.068941
vn 0.729619 0.675621 0.105793
vn 0.739806 0.664758 0.103845
vn -0.000000 0.381098 -0.924534
vn -0.000000 0.381098 -0.924534
vn -0.000000 0.381098 -0.924534
vn -0.000000 0.381098 -0.924534
vn -0.960269 0.269779 0.071437
vn -0.960269 0.269779 0.071437
vn -0.960269 0.269779 0.071437
vn -0.960269 0.269779 0.071437
vn 0.000000 -0.110124 0.993918
vn 0.000000 -0.110124 0.993918
vn 0.000000 -0.110124 0.993918
vn 0.000000 -0.110124 0.993918
vn 0.962340 0.261175 0.075425
vn 0.962340 0.261175 0.075425
vn 0.962340 0.261175 0.075425
vn 0.962340 0.261175 0.075425
vn 0.422786 -0.583080 0.693737
vn 0.422786 -0.583080 0.693736
vn 0.422786 -0.583080 0.693737
vn 0.422786 -0.583080 0.693737
vn -0.649098 -0.757225 0.072683
vn -0.649098 -0.757225 0.072683
vn -0.649098 -0.757225 0.072683
vn -0.649098 -0.757225 0.072683
vn 0.494552 -0.682055 -0.538720
vn 0.494552 -0.682055 -0.538720
vn 0.494552 -0.682055 -0.538720
vn 0.494552 -0.682055 -0.538720
vn 0.922565 0.385842 0.000430
vn 0.922565 0.385843 0.000430
vn 0.922565 0.385843 0.000430
vn 0.922565 0.385842 0.000430
vn -0.477907 -0.659101 0.580682
vn -0.477907 -0.659101 0.580682
vn -0.477907 -0.659101 0.580682
vn -0.477907 -0.659101 0.580682
vn -0.950779 0.309747 0.008738
vn -0.950779 0.309747 0.008738
vn -0.950779 0.309747 0.008738
vn -0.950779 0.309747 0.008738
vn -0.535596 -0.738660 -0.409289
vn -0.535596 -0.738660 -0.409289
vn -0.535596 -0.738660 -0.409289
vn -0.535596 -0.738660 -0.409289
vn 0.582350 -0.809034 0.079576
vn 0.582350 -0.809034 0.079576
vn 0.582350 -0.809034 0.079576
vn 0.582350 -0.809034 0.079576
vn 0.584112 -0.805570 0.099349
vn 0.584112 -0.805570 0.099349
vn 0.584112 -0.805570 0.099349
vn 0.584112 -0.805570 0.099349
vn -0.584112 -0.805570 0.099349
vn -0.584112 -0.805570 0.099349
vn -0.584112 -0.805570 0.099349
vn -0.584112 -0.805570 0.099349
vn -0.000000 0.992724 0.120409
vn -0.000000 0.992724 0.120409
vn -0.041877 0.057755 0.997452
vn -0.041877 0.057755 0.997452
vn -0.041877 0.057755 0.997452
vn -0.041877 0.057755 0.997452
vn 0.053437 -0.073696 -0.995848
vn 0.053437 -0.073696 -0.995848
vn 0.107757 -0.148612 -0.983007
vn 0.105376 -0.145327 -0.983756
vn 0.044332 0.061141 0.997144
vn 0.044332 0.061141 0.997144
vn 0.044332 0.061141 0.997144
vn 0.044332 0.061141 0.997144
vn -0.052010 -0.071728 -0.996067
vn -0.052010 -0.071728 -0.996067
vn -0.123836 -0.170787 -0.977495
vn -0.126877 -0.174980 -0.976363
vn 0.541260 -0.746475 0.387056
vn 0.541260 -0.746475 0.387056
vn 0.541260 -0.746475 0.387056
vn 0.541260 -0.746475 0.387056
vn -0.507084 -0.699337 0.503779
vn -0.507084 -0.699337 0.503779
vn -0.507084 -0.699337 0.503779
vn -0.507084 -0.699337 0.503779
vn 0.583884 -0.805256 -0.103163
vn 0.583884 -0.805256 -0.103163
vn 0.494270 -0.681668 -0.539468
vn 0.494270 -0.681668 -0.539468
vn -0.703921 -0.708902 0.044193
vn -0.703921 -0.708902 0.044193
vn -0.703921 -0.708902 0.044193
vn -0.703921 -0.708902 0.044193
vn -0.703921 -0.708902 0.044193
vn -0.703921 -0.708902 0.044193
vn -0.703921 -0.708902 0.044193
vn 0.888316 0.459226 -0.002544
vn 0.888316 0.459226 -0.002544
vn 0.888316 0.459226 -0.002544
vn 0.888316 0.459226 -0.002544
vn 0.888316 0.459226 -0.002544
vn 0.888316 0.459226 -0.002544
vn 0.888316 0.459227 -0.002544
vn -0.581015 -0.801300 -0.142620
vn -0.581015 -0.801300 -0.142620
vn -0.438474 -0.604718 -0.664874
vn -0.438474 -0.604718 -0.664874
vn -0.877146 0.480192 -0.005595
vn -0.877146 0.480192 -0.005595
vn -0.877146 0.480192 -0.005595
vn -0.877146 0.480192 -0.005595
vn -0.877146 0.480192 -0.005595
vn -0.877146 0.480192 -0.005595
vn -0.877146 0.480192 -0.005595
vn 0.722343 -0.690045 0.045380
vn 0.722343 -0.690045 0.045380
vn 0.722343 -0.690045 0.045380
vn 0.722343 -0.690045 0.045380
vn 0.722343 -0.690045 0.045380
vn 0.722343 -0.690045 0.045380
vn 0.722343 -0.690045 0.045380
vn -0.979722 -0.190554 -0.061915
vn -0.979722 -0.162094 -0.117769
vn -0.942723 -0.269870 -0.196072
vn -0.942723 -0.317251 -0.103081
vn -0.979722 -0.117770 -0.162096
vn -0.942722 -0.196073 -0.269870
vn -0.979722 -0.061915 -0.190555
vn -0.942723 -0.103081 -0.317251
vn -0.979722 -0.000000 -0.200361
vn -0.942723 0.000000 -0.333578
vn -0.979722 0.061915 -0.190555
vn -0.942723 0.103081 -0.317251
vn -0.979722 0.117770 -0.162096
vn -0.942722 0.196073 -0.269870
vn -0.979722 0.162095 -0.117769
vn -0.942723 0.269870 -0.196072
vn -0.979722 0.190554 -0.061915
vn -0.942723 0.317251 -0.103081
vn -0.979722 0.200362 0.000000
vn -0.942722 0.333579 0.000000
vn -0.979722 0.190554 0.061915
vn -0.942723 0.317251 0.103081
vn -0.979722 0.162095 0.117769
vn -0.942723 0.269870 0.196072
vn -0.979722 0.117770 0.162096
vn -0.942722 0.196073 0.269870
vn -0.979722 0.061915 0.190555
vn -0.942722 0.103082 0.317252
vn -0.979722 -0.000000 0.200361
vn -0.942722 -0.000000 0.333578
vn -0.979722 -0.061915 0.190555
vn -0.942722 -0.103082 0.317252
vn -0.979722 -0.117770 0.162096
vn -0.942722 -0.196073 0.269870
vn -0.979722 -0.162095 0.117769
vn -0.942723 -0.269870 0.196072
vn -0.979722 -0.190554 0.061915
vn -0.942722 -0.317251 0.103081
vn -0.979722 -0.200362 0.000000
vn -0.942722 -0.333579 0.000000
vn -0.882266 -0.380846 -0.276701
vn -0.882266 -0.447711 -0.145470
vn -0.882266 -0.276701 -0.380846
vn -0.882266 -0.145469 -0.447712
vn -0.882266 0.000000 -0.470752
vn -0.882266 0.145469 -0.447712
vn -0.882266 0.276701 -0.380846
vn -0.882266 0.380847 -0.276701
vn -0.882266 0.447711 -0.145470
vn -0.882266 0.470752 0.000000
vn -0.882266 0.447711 0.145470
vn -0.882266 0.380846 0.276701
vn -0.882266 0.276701 0.380846
vn -0.882266 0.145470 0.447711
vn -0.882266 -0.000000 0.470752
vn -0.882266 -0.145470 0.447711
vn -0.882266 -0.276701 0.380846
vn -0.882266 -0.380846 0.276701
vn -0.882266 -0.447712 0.145470
vn -0.882266 -0.470752 0.000000
vn -0.800252 -0.485138 -0.352474
vn -0.800252 -0.570314 -0.185306
vn -0.800252 -0.352474 -0.485138
vn -0.800252 -0.185306 -0.570314
vn -0.800252 0.000000 -0.599664
vn -0.800252 0.185306 -0.570314
vn -0.800252 0.352474 -0.485138
vn -0.800252 0.485138 -0.352473
vn -0.800252 0.570314 -0.185306
vn -0.800252 0.599664 -0.000000
vn -0.800252 0.570314 0.185306
vn -0.800252 0.485138 0.352474
vn -0.800252 0.352474 0.485138
vn -0.800252 0.185306 0.570315
vn -0.800252 0.000000 0.599665
vn -0.800252 -0.185306 0.570315
vn -0.800252 -0.352474 0.485138
vn -0.800252 -0.485139 0.352474
vn -0.800252 -0.570314 0.185306
vn -0.800252 -0.599665 0.000001
vn -0.698789 -0.578712 -0.420460
vn -0.698789 -0.680318 -0.221048
vn -0.698788 -0.420460 -0.578713
vn -0.698789 -0.221048 -0.680317
vn -0.698789 -0.000000 -0.715328
vn -0.698789 0.221048 -0.680317
vn -0.698788 0.420460 -0.578713
vn -0.698789 0.578713 -0.420460
vn -0.698788 0.680318 -0.221049
vn -0.698788 0.715329 -0.000000
vn -0.698789 0.680318 0.221049
vn -0.698789 0.578713 0.420459
vn -0.698788 0.420460 0.578713
vn -0.698788 0.221049 0.680318
vn -0.698788 -0.000000 0.715328
vn -0.698788 -0.221049 0.680318
vn -0.698788 -0.420460 0.578713
vn -0.698788 -0.578713 0.420459
vn -0.698789 -0.680318 0.221049
vn -0.698788 -0.715328 0.000001
vn -0.580401 -0.658808 -0.478652
vn -0.580401 -0.774475 -0.251641
vn -0.580401 -0.478652 -0.658807
vn -0.580401 -0.251642 -0.774475
vn -0.580400 0.000000 -0.814331
vn -0.580400 0.251642 -0.774475
vn -0.580400 0.478652 -0.658808
vn -0.580400 0.658808 -0.478652
vn -0.580401 0.774475 -0.251642
vn -0.580400 0.814331 0.000000
vn -0.580401 0.774475 0.251642
vn -0.580401 0.658808 0.478652
vn -0.580401 0.478652 0.658808
vn -0.580401 0.251642 0.774475
vn -0.580401 -0.000000 0.814331
vn -0.580401 -0.251642 0.774475
vn -0.580401 -0.478652 0.658808
vn -0.580401 -0.658808 0.478652
vn -0.580401 -0.774475 0.251642
vn -0.580401 -0.814331 0.000001
vn -0.447993 -0.723291 -0.525502
vn -0.447994 -0.850280 -0.276272
vn -0.447994 -0.525501 -0.723291
vn -0.447993 -0.276273 -0.850280
vn -0.447993 0.000000 -0.894037
vn -0.447993 0.276273 -0.850280
vn -0.447994 0.525502 -0.723291
vn -0.447993 0.723291 -0.525501
vn -0.447994 0.850280 -0.276273
vn -0.447994 0.894037 0.000000
vn -0.447994 0.850279 0.276273
vn -0.447993 0.723291 0.525502
vn -0.447993 0.525502 0.723291
vn -0.447994 0.276273 0.850279
vn -0.447993 -0.000000 0.894037
vn -0.447993 -0.276273 0.850280
vn -0.447993 -0.525502 0.723291
vn -0.447994 -0.723291 0.525502
vn -0.447994 -0.850279 0.276273
vn -0.447994 -0.894037 0.000001
vn -0.304788 -0.770524 -0.559818
vn -0.304789 -0.905806 -0.294313
vn -0.304788 -0.559818 -0.770524
vn -0.304789 -0.294314 -0.905805
vn -0.304789 0.000000 -0.952420
vn -0.304789 0.294314 -0.905805
vn -0.304789 0.559818 -0.770524
vn -0.304789 0.770524 -0.559818
vn -0.304788 0.905805 -0.294314
vn -0.304788 0.952420 0.000000
vn -0.304789 0.905805 0.294314
vn -0.304789 0.770524 0.559819
vn -0.304788 0.559818 0.770524
vn -0.304788 0.294314 0.905805
vn -0.304788 -0.000000 0.952420
vn -0.304788 -0.294314 0.905805
vn -0.304788 -0.559818 0.770524
vn -0.304789 -0.770524 0.559819
vn -0.304789 -0.905805 0.294314
vn -0.304789 -0.952420 0.000001
vn -0.154249 -0.799335 -0.580751
vn -0.154249 -0.939675 -0.305318
vn -0.154249 -0.580751 -0.799335
vn -0.154249 -0.305319 -0.939674
vn -0.154249 0.000000 -0.988032
vn -0.154249 0.305319 -0.939674
vn -0.154248 0.580751 -0.799335
vn -0.154248 0.799335 -0.580750
vn -0.154249 0.939674 -0.305318
vn -0.154249 0.988032 -0.000000
vn -0.154249 0.939674 0.305319
vn -0.154249 0.799335 0.580751
vn -0.154249 0.580750 0.799335
vn -0.154249 0.305319 0.939674
vn -0.154248 -0.000000 0.988032
vn -0.154249 -0.305319 0.939674
vn -0.154249 -0.580750 0.799335
vn -0.154249 -0.799335 0.580751
vn -0.154249 -0.939674 0.305319
vn -0.154249 -0.988032 0.000001
vn 0.000000 -0.809017 -0.587785
vn 0.000000 -0.951057 -0.309016
vn 0.000000 -0.587785 -0.809017
vn -0.000000 -0.309018 -0.951056
vn -0.000000 0.000000 -1.000000
vn 0.000000 0.309018 -0.951056
vn -0.000000 0.587786 -0.809017
vn -0.000000 0.809017 -0.587785
vn -0.000000 0.951057 -0.309017
vn 0.000000 1.000000 -0.000000
vn 0.000000 0.951056 0.309017
vn 0.000000 0.809017 0.587785
vn 0.000000 0.587785 0.809017
vn -0.000000 0.309017 0.951057
vn -0.000000 -0.000000 1.000000
vn -0.000000 -0.309017 0.951056
vn -0.000000 -0.587785 0.809017
vn -0.000000 -0.809017 0.587785
vn -0.000000 -0.951057 0.309017
vn 0.000000 -1.000000 0.000001
vn 0.154249 -0.799335 -0.580751
vn 0.154249 -0.939675 -0.305318
vn 0.154249 -0.580751 -0.799335
vn 0.154249 -0.305319 -0.939674
vn 0.154249 -0.000000 -0.988032
vn 0.154249 0.305319 -0.939674
vn 0.154248 0.580751 -0.799335
vn 0.154248 0.799335 -0.580750
vn 0.154249 0.939674 -0.305318
vn 0.154249 0.988032 -0.000000
vn 0.154249 0.939674 0.305319
vn 0.154249 0.799335 0.580751
vn 0.154249 0.580750 0.799335
vn 0.154249 0.305319 0.939674
vn 0.154249 0.000000 0.988032
vn 0.154249 -0.305319 0.939674
vn 0.154249 -0.580750 0.799335
vn 0.154249 -0.799335 0.580751
vn 0.154249 -0.939674 0.305319
vn 0.154249 -0.988032 0.000001
vn 0.304788 -0.770524 -0.559818
vn 0.304789 -0.905806 -0.294313
vn 0.304788 -0.559818 -0.770524
vn 0.304789 -0.294314 -0.905805
vn 0.304789 -0.000000 -0.952420
vn 0.304789 0.294314 -0.905805
vn 0.304789 0.559818 -0.770524
vn 0.304789 0.770524 -0.559818
vn 0.304788 0.905805 -0.294314
vn 0.304788 0.952420 -0.000000
vn 0.304789 0.905805 0.294314
vn 0.304789 0.770524 0.559819
vn 0.304788 0.559819 0.770524
vn 0.304788 0.294314 0.905805
vn 0.304788 -0.000000 0.952420
vn 0.304788 -0.294314 0.905805
vn 0.304788 -0.559818 0.770524
vn 0.304789 -0.770524 0.559819
vn 0.304789 -0.905805 0.294314
vn 0.304789 -0.952420 0.000001
vn 0.447993 -0.723291 -0.525502
vn 0.447994 -0.850280 -0.276272
vn 0.447994 -0.525501 -0.723291
vn 0.447993 -0.276273 -0.850280
vn 0.447993 -0.000000 -0.894037
vn 0.447993 0.276273 -0.850280
vn 0.447994 0.525502 -0.723291
vn 0.447993 0.723291 -0.525501
vn 0.447994 0.850280 -0.276273
vn 0.447994 0.894037 -0.000000
vn 0.447994 0.850279 0.276273
vn 0.447993 0.723291 0.525502
vn 0.447993 0.525502 0.723291
vn 0.447994 0.276272 0.850280
vn 0.447994 -0.000000 0.894037
vn 0.447993 -0.276273 0.850280
vn 0.447993 -0.525502 0.723291
vn 0.447993 -0.723291 0.525502
vn 0.447994 -0.850280 0.276273
vn 0.447994 -0.894037 0.000001
vn 0.580401 -0.658808 -0.478652
vn 0.580401 -0.774475 -0.251641
vn 0.580401 -0.478652 -0.658808
vn 0.580401 -0.251642 -0.774475
vn 0.580400 -0.000000 -0.814331
vn 0.580400 0.251642 -0.774475
vn 0.580400 0.478652 -0.658808
vn 0.580400 0.658808 -0.478652
vn 0.580401 0.774475 -0.251642
vn 0.580400 0.814331 -0.000000
vn 0.580401 0.774475 0.251642
vn 0.580401 0.658808 0.478652
vn 0.580401 0.478652 0.658808
vn 0.580401 0.251642 0.774475
vn 0.580401 0.000000 0.814331
vn 0.580401 -0.251642 0.774475
vn 0.580401 -0.478652 0.658808
vn 0.580401 -0.658808 0.478652
vn 0.580401 -0.774475 0.251642
vn 0.580401 -0.814331 0.000001
vn 0.698789 -0.578713 -0.420459
vn 0.698789 -0.680318 -0.221048
vn 0.698788 -0.420459 -0.578713
vn 0.698789 -0.221048 -0.680318
vn 0.698789 0.000000 -0.715328
vn 0.698789 0.221048 -0.680317
vn 0.698788 0.420460 -0.578713
vn 0.698788 0.578713 -0.420460
vn 0.698788 0.680318 -0.221049
vn 0.698788 0.715329 -0.000000
vn 0.698789 0.680318 0.221049
vn 0.698788 0.578713 0.420460
vn 0.698788 0.420460 0.578713
vn 0.698788 0.221049 0.680318
vn 0.698788 -0.000000 0.715329
vn 0.698788 -0.221049 0.680318
vn 0.698788 -0.420460 0.578713
vn 0.698788 -0.578713 0.420460
vn 0.698789 -0.680318 0.221049
vn 0.698788 -0.715328 0.000001
vn 0.800252 -0.485138 -0.352474
vn 0.800252 -0.570314 -0.185306
vn 0.800252 -0.352474 -0.485138
vn 0.800252 -0.185306 -0.570315
vn 0.800252 0.000000 -0.599664
vn 0.800252 0.185306 -0.570315
vn 0.800252 0.352474 -0.485138
vn 0.800252 0.485138 -0.352474
vn 0.800252 0.570314 -0.185306
vn 0.800252 0.599664 0.000000
vn 0.800252 0.570314 0.185307
vn 0.800252 0.485138 0.352474
vn 0.800252 0.352474 0.485138
vn 0.800251 0.185306 0.570315
vn 0.800251 0.000000 0.599665
vn 0.800252 -0.185306 0.570315
vn 0.800252 -0.352474 0.485138
vn 0.800252 -0.485139 0.352474
vn 0.800252 -0.570314 0.185306
vn 0.800251 -0.599665 0.000001
vn 0.882266 -0.380846 -0.276701
vn 0.882266 -0.447711 -0.145470
vn 0.882266 -0.276701 -0.380846
vn 0.882266 -0.145469 -0.447711
vn 0.882266 -0.000000 -0.470751
vn 0.882266 0.145469 -0.447711
vn 0.882266 0.276701 -0.380846
vn 0.882266 0.380847 -0.276701
vn 0.882266 0.447711 -0.145470
vn 0.882266 0.470751 0.000000
vn 0.882266 0.447711 0.145470
vn 0.882266 0.380846 0.276700
vn 0.882266 0.276701 0.380846
vn 0.882266 0.145470 0.447711
vn 0.882266 0.000000 0.470751
vn 0.882266 -0.145470 0.447711
vn 0.882266 -0.276701 0.380846
vn 0.882266 -0.380846 0.276701
vn 0.882266 -0.447711 0.145470
vn 0.882266 -0.470752 0.000001
vn 0.942723 -0.269869 -0.196072
vn 0.942723 -0.317251 -0.103081
vn 0.942723 -0.196072 -0.269870
vn 0.942723 -0.103081 -0.317251
vn 0.942723 -0.000000 -0.333577
vn 0.942723 0.103081 -0.317251
vn 0.942723 0.196072 -0.269870
vn 0.942723 0.269870 -0.196072
vn 0.942723 0.317251 -0.103081
vn 0.942723 0.333578 0.000000
vn 0.942723 0.317251 0.103081
vn 0.942723 0.269869 0.196072
vn 0.942723 0.196072 0.269870
vn 0.942723 0.103081 0.317251
vn 0.942723 -0.000000 0.333577
vn 0.942723 -0.103081 0.317251
vn 0.942723 -0.196072 0.269870
vn 0.942723 -0.269869 0.196072
vn 0.942723 -0.317251 0.103081
vn 0.942723 -0.333578 0.000000
vn 0.979722 -0.162094 -0.117770
vn 0.979722 -0.190555 -0.061915
vn 0.979722 -0.117770 -0.162096
vn 0.979722 -0.061915 -0.190555
vn 0.979722 -0.000000 -0.200361
vn 0.979722 0.061915 -0.190555
vn 0.979722 0.117770 -0.162095
vn 0.979722 0.162095 -0.117769
vn 0.979722 0.190555 -0.061915
vn 0.979722 0.200362 0.000000
vn 0.979722 0.190555 0.061915
vn 0.979722 0.162095 0.117769
vn 0.979722 0.117770 0.162096
vn 0.979722 0.061915 0.190555
vn 0.979722 0.000000 0.200361
vn 0.979722 -0.061915 0.190555
vn 0.979722 -0.117770 0.162095
vn 0.979722 -0.162095 0.117768
vn 0.979722 -0.190555 0.061915
vn 0.979722 -0.200362 0.000001
vn -1.000000 -0.000000 0.000000
vn 1.000000 0.000000 0.000000
vn -0.979722 -0.190554 -0.061913
vn -0.979722 -0.162094 -0.117769
vn -0.942723 -0.269870 -0.196072
vn -0.942723 -0.317251 -0.103080
vn -0.979722 -0.117770 -0.162096
vn -0.942722 -0.196073 -0.269870
vn -0.979722 -0.061915 -0.190555
vn -0.942723 -0.103081 -0.317251
vn -0.979722 -0.000000 -0.200361
vn -0.942723 0.000000 -0.333578
vn -0.979722 0.061915 -0.190555
vn -0.942722 0.103081 -0.317252
vn -0.979722 0.117770 -0.162095
vn -0.942722 0.196073 -0.269871
vn -0.979722 0.162095 -0.117768
vn -0.942723 0.269870 -0.196072
vn -0.979722 0.190554 -0.061915
vn -0.942723 0.317251 -0.103081
vn -0.979722 0.200361 0.000000
vn -0.942722 0.333579 0.000000
vn -0.979722 0.190554 0.061915
vn -0.942722 0.317252 0.103081
vn -0.979722 0.162095 0.117768
vn -0.942723 0.269870 0.196072
vn -0.979722 0.117770 0.162096
vn -0.942722 0.196073 0.269871
vn -0.979722 0.061915 0.190555
vn -0.942722 0.103082 0.317252
vn -0.979722 -0.000000 0.200360
vn -0.942722 -0.000000 0.333578
vn -0.979722 -0.061915 0.190554
vn -0.942722 -0.103082 0.317252
vn -0.979722 -0.117770 0.162095
vn -0.942722 -0.196072 0.269871
vn -0.979722 -0.162095 0.117768
vn -0.942723 -0.269870 0.196072
vn -0.979722 -0.190554 0.061914
vn -0.942723 -0.317252 0.103081
vn -0.979722 -0.200362 0.000001
vn -0.942722 -0.333579 0.000000
vn -0.882266 -0.380846 -0.276701
vn -0.882266 -0.447712 -0.145470
vn -0.882266 -0.276701 -0.380846
vn -0.882266 -0.145469 -0.447712
vn -0.882266 -0.000000 -0.470752
vn -0.882266 0.145469 -0.447712
vn -0.882266 0.276701 -0.380846
vn -0.882266 0.380847 -0.276701
vn -0.882266 0.447711 -0.145470
vn -0.882266 0.470752 0.000000
vn -0.882266 0.447712 0.145470
vn -0.882266 0.380846 0.276701
vn -0.882266 0.276701 0.380846
vn -0.882266 0.145470 0.447712
vn -0.882266 -0.000000 0.470752
vn -0.882266 -0.145470 0.447712
vn -0.882266 -0.276701 0.380846
vn -0.882266 -0.380846 0.276701
vn -0.882266 -0.447712 0.145470
vn -0.882265 -0.470752 0.000001
vn -0.800252 -0.485138 -0.352474
vn -0.800252 -0.570314 -0.185306
vn -0.800252 -0.352474 -0.485138
vn -0.800252 -0.185306 -0.570315
vn -0.800252 0.000000 -0.599664
vn -0.800252 0.185306 -0.570315
vn -0.800252 0.352474 -0.485138
vn -0.800252 0.485138 -0.352473
vn -0.800252 0.570314 -0.185306
vn -0.800252 0.599664 -0.000000
vn -0.800252 0.570314 0.185307
vn -0.800252 0.485138 0.352474
vn -0.800252 0.352474 0.485138
vn -0.800252 0.185306 0.570315
vn -0.800251 0.000000 0.599665
vn -0.800251 -0.185306 0.570315
vn -0.800252 -0.352474 0.485138
vn -0.800252 -0.485139 0.352473
vn -0.800252 -0.570314 0.185306
vn -0.800251 -0.599665 0.000001
vn -0.698789 -0.578712 -0.420460
vn -0.698789 -0.680317 -0.221048
vn -0.698789 -0.420460 -0.578713
vn -0.698789 -0.221048 -0.680317
vn -0.698789 0.000000 -0.715328
vn -0.698789 0.221048 -0.680317
vn -0.698788 0.420460 -0.578713
vn -0.698789 0.578713 -0.420460
vn -0.698789 0.680318 -0.221049
vn -0.698788 0.715328 -0.000000
vn -0.698789 0.680318 0.221049
vn -0.698789 0.578713 0.420460
vn -0.698788 0.420460 0.578713
vn -0.698789 0.221049 0.680318
vn -0.698789 0.000000 0.715328
vn -0.698788 -0.221049 0.680318
vn -0.698788 -0.420460 0.578713
vn -0.698789 -0.578713 0.420459
vn -0.698789 -0.680318 0.221048
vn -0.698789 -0.715328 0.000001
vn -0.580401 -0.658808 -0.478652
vn -0.580401 -0.774475 -0.251641
vn -0.580401 -0.478652 -0.658808
vn -0.580401 -0.251642 -0.774475
vn -0.580401 -0.000000 -0.814331
vn -0.580400 0.251642 -0.774475
vn -0.580400 0.478652 -0.658808
vn -0.580400 0.658808 -0.478652
vn -0.580401 0.774475 -0.251642
vn -0.580401 0.814331 0.000000
vn -0.580401 0.774475 0.251642
vn -0.580401 0.658807 0.478652
vn -0.580401 0.478652 0.658808
vn -0.580401 0.251642 0.774475
vn -0.580401 0.000000 0.814331
vn -0.580401 -0.251643 0.774475
vn -0.580401 -0.478652 0.658808
vn -0.580401 -0.658807 0.478652
vn -0.580401 -0.774475 0.251642
vn -0.580401 -0.814331 0.000001
vn -0.447993 -0.723291 -0.525502
vn -0.447994 -0.850280 -0.276272
vn -0.447994 -0.525501 -0.723291
vn -0.447993 -0.276273 -0.850280
vn -0.447993 0.000000 -0.894037
vn -0.447993 0.276273 -0.850280
vn -0.447994 0.525502 -0.723291
vn -0.447993 0.723291 -0.525501
vn -0.447994 0.850280 -0.276272
vn -0.447994 0.894037 0.000000
vn -0.447994 0.850279 0.276273
vn -0.447993 0.723291 0.525502
vn -0.447993 0.525502 0.723291
vn -0.447994 0.276272 0.850280
vn -0.447993 -0.000000 0.894037
vn -0.447993 -0.276273 0.850280
vn -0.447993 -0.525502 0.723291
vn -0.447993 -0.723291 0.525502
vn -0.447994 -0.850280 0.276273
vn -0.447994 -0.894037 0.000001
vn -0.304788 -0.770524 -0.559818
vn -0.304789 -0.905806 -0.294313
vn -0.304788 -0.559818 -0.770524
vn -0.304789 -0.294314 -0.905805
vn -0.304789 -0.000000 -0.952420
vn -0.304789 0.294314 -0.905805
vn -0.304789 0.559818 -0.770524
vn -0.304789 0.770525 -0.559818
vn -0.304788 0.905805 -0.294314
vn -0.304788 0.952420 0.000000
vn -0.304789 0.905805 0.294314
vn -0.304789 0.770524 0.559819
vn -0.304788 0.559819 0.770524
vn -0.304788 0.294314 0.905805
vn -0.304788 -0.000000 0.952420
vn -0.304788 -0.294314 0.905805
vn -0.304788 -0.559818 0.770524
vn -0.304789 -0.770524 0.559818
vn -0.304789 -0.905805 0.294314
vn -0.304789 -0.952420 0.000001
vn -0.154249 -0.799335 -0.580751
vn -0.154249 -0.939675 -0.305318
vn -0.154249 -0.580751 -0.799334
vn -0.154249 -0.305319 -0.939674
vn -0.154249 -0.000000 -0.988032
vn -0.154249 0.305319 -0.939674
vn -0.154248 0.580751 -0.799335
vn -0.154248 0.799335 -0.580750
vn -0.154249 0.939674 -0.305318
vn -0.154249 0.988032 0.000000
vn -0.154249 0.939674 0.305319
vn -0.154249 0.799335 0.580751
vn -0.154249 0.580750 0.799335
vn -0.154249 0.305319 0.939674
vn -0.154249 0.000000 0.988032
vn -0.154249 -0.305319 0.939674
vn -0.154249 -0.580750 0.799335
vn -0.154249 -0.799335 0.580751
vn -0.154249 -0.939674 0.305319
vn -0.154249 -0.988032 0.000001
vn 0.000000 -0.809017 -0.587785
vn 0.000000 -0.951057 -0.309016
vn -0.000000 -0.587785 -0.809017
vn -0.000000 -0.309018 -0.951056
vn -0.000000 0.000000 -1.000000
vn 0.000000 0.309018 -0.951056
vn 0.000000 0.587786 -0.809017
vn 0.000000 0.809017 -0.587785
vn -0.000000 0.951057 -0.309017
vn 0.000000 1.000000 0.000000
vn 0.000000 0.951056 0.309017
vn -0.000000 0.809017 0.587785
vn -0.000000 0.587785 0.809017
vn -0.000000 0.309017 0.951056
vn 0.000000 0.000000 1.000000
vn -0.000000 -0.309017 0.951056
vn 0.000000 -0.587785 0.809017
vn 0.000000 -0.809017 0.587785
vn 0.000000 -0.951057 0.309017
vn -0.000000 -1.000000 0.000001
vn 0.154249 -0.799335 -0.580751
vn 0.154249 -0.939675 -0.305318
vn 0.154249 -0.580751 -0.799335
vn 0.154249 -0.305319 -0.939674
vn 0.154249 0.000000 -0.988032
vn 0.154249 0.305319 -0.939674
vn 0.154248 0.580751 -0.799335
vn 0.154248 0.799335 -0.580750
vn 0.154249 0.939674 -0.305319
vn 0.154249 0.988032 0.000000
vn 0.154249 0.939674 0.305319
vn 0.154249 0.799335 0.580751
vn 0.154249 0.580750 0.799335
vn 0.154249 0.305319 0.939674
vn 0.154249 0.000000 0.988032
vn 0.154249 -0.305319 0.939674
vn 0.154249 -0.580750 0.799335
vn 0.154249 -0.799335 0.580751
vn 0.154249 -0.939674 0.305319
vn 0.154249 -0.988032 0.000001
vn 0.304788 -0.770524 -0.559818
vn 0.304789 -0.905806 -0.294313
vn 0.304788 -0.559818 -0.770524
vn 0.304789 -0.294314 -0.905805
vn 0.304789 0.000000 -0.952420
vn 0.304789 0.294314 -0.905805
vn 0.304789 0.559818 -0.770524
vn 0.304789 0.770524 -0.559818
vn 0.304788 0.905805 -0.294314
vn 0.304788 0.952420 0.000000
vn 0.304789 0.905805 0.294314
vn 0.304789 0.770524 0.559819
vn 0.304788 0.559818 0.770524
vn 0.304788 0.294314 0.905805
vn 0.304788 -0.000000 0.952420
vn 0.304788 -0.294314 0.905805
vn 0.304788 -0.559818 0.770524
vn 0.304789 -0.770524 0.559819
vn 0.304789 -0.905805 0.294314
vn 0.304789 -0.952420 0.000001
vn 0.447993 -0.723291 -0.525502
vn 0.447994 -0.850280 -0.276272
vn 0.447994 -0.525501 -0.723291
vn 0.447993 -0.276273 -0.850280
vn 0.447993 0.000000 -0.894037
vn 0.447993 0.276273 -0.850280
vn 0.447994 0.525502 -0.723291
vn 0.447993 0.723291 -0.525501
vn 0.447994 0.850280 -0.276273
vn 0.447994 0.894037 -0.000000
vn 0.447994 0.850279 0.276273
vn 0.447993 0.723291 0.525502
vn 0.447993 0.525502 0.723291
vn 0.447994 0.276272 0.850279
vn 0.447993 -0.000000 0.894037
vn 0.447993 -0.276273 0.850280
vn 0.447993 -0.525502 0.723291
vn 0.447994 -0.723291 0.525502
vn 0.447994 -0.850280 0.276273
vn 0.447994 -0.894037 0.000001
vn 0.580401 -0.658808 -0.478652
vn 0.580401 -0.774475 -0.251641
vn 0.580401 -0.478652 -0.658808
vn 0.580401 -0.251642 -0.774475
vn 0.580401 -0.000000 -0.814331
vn 0.580400 0.251642 -0.774475
vn 0.580400 0.478652 -0.658808
vn 0.580400 0.658808 -0.478652
vn 0.580401 0.774475 -0.251642
vn 0.580400 0.814331 -0.000000
vn 0.580401 0.774475 0.251642
vn 0.580401 0.658808 0.478652
vn 0.580401 0.478652 0.658808
vn 0.580401 0.251642 0.774475
vn 0.580401 -0.000000 0.814331
vn 0.580401 -0.251642 0.774475
vn 0.580401 -0.478652 0.658808
vn 0.580401 -0.658808 0.478652
vn 0.580401 -0.774475 0.251642
vn 0.580401 -0.814331 0.000001
vn 0.698789 -0.578712 -0.420460
vn 0.698789 -0.680318 -0.221048
vn 0.698788 -0.420460 -0.578713
vn 0.698789 -0.221048 -0.680317
vn 0.698789 0.000000 -0.715328
vn 0.698789 0.221048 -0.680317
vn 0.698788 0.420460 -0.578713
vn 0.698789 0.578713 -0.420460
vn 0.698789 0.680318 -0.221049
vn 0.698788 0.715329 -0.000000
vn 0.698789 0.680318 0.221049
vn 0.698789 0.578713 0.420459
vn 0.698788 0.420460 0.578713
vn 0.698788 0.221049 0.680318
vn 0.698788 -0.000000 0.715328
vn 0.698788 -0.221049 0.680318
vn 0.698788 -0.420460 0.578713
vn 0.698788 -0.578713 0.420459
vn 0.698789 -0.680318 0.221049
vn 0.698788 -0.715328 0.000001
vn 0.800252 -0.485138 -0.352474
vn 0.800252 -0.570314 -0.185306
vn 0.800252 -0.352474 -0.485138
vn 0.800252 -0.185306 -0.570315
vn 0.800252 0.000000 -0.599664
vn 0.800252 0.185306 -0.570314
vn 0.800252 0.352474 -0.485138
vn 0.800252 0.485138 -0.352473
vn 0.800252 0.570314 -0.185306
vn 0.800252 0.599664 -0.000000
vn 0.800252 0.570314 0.185306
vn 0.800252 0.485138 0.352474
vn 0.800252 0.352474 0.485138
vn 0.800252 0.185306 0.570315
vn 0.800252 0.000000 0.599664
vn 0.800252 -0.185306 0.570315
vn 0.800252 -0.352474 0.485139
vn 0.800252 -0.485139 0.352474
vn 0.800252 -0.570314 0.185306
vn 0.800252 -0.599665 0.000001
vn 0.882266 -0.380846 -0.276701
vn 0.882266 -0.447712 -0.145470
vn 0.882266 -0.276701 -0.380846
vn 0.882266 -0.145469 -0.447712
vn 0.882266 -0.000000 -0.470752
vn 0.882266 0.145469 -0.447712
vn 0.882266 0.276701 -0.380846
vn 0.882266 0.380847 -0.276701
vn 0.882266 0.447711 -0.145470
vn 0.882266 0.470752 0.000000
vn 0.882266 0.447711 0.145470
vn 0.882266 0.380846 0.276701
vn 0.882266 0.276701 0.380846
vn 0.882266 0.145470 0.447711
vn 0.882266 0.000000 0.470752
vn 0.882266 -0.145470 0.447711
vn 0.882266 -0.276701 0.380846
vn 0.882266 -0.380846 0.276701
vn 0.882266 -0.447712 0.145470
vn 0.882266 -0.470752 0.000000
vn 0.942723 -0.269870 -0.196072
vn 0.942723 -0.317251 -0.103081
vn 0.942722 -0.196073 -0.269870
vn 0.942723 -0.103081 -0.317251
vn 0.942723 -0.000000 -0.333578
vn 0.942723 0.103081 -0.317251
vn 0.942722 0.196073 -0.269870
vn 0.942723 0.269870 -0.196072
vn 0.942723 0.317251 -0.103081
vn 0.942722 0.333579 0.000000
vn 0.942723 0.317251 0.103081
vn 0.942723 0.269870 0.196072
vn 0.942722 0.196073 0.269870
vn 0.942722 0.103082 0.317252
vn 0.942722 -0.000000 0.333578
vn 0.942722 -0.103082 0.317252
vn 0.942722 -0.196073 0.269870
vn 0.942723 -0.269870 0.196072
vn 0.942722 -0.317251 0.103081
vn 0.942722 -0.333579 0.000000
vn 0.979722 -0.162094 -0.117769
vn 0.979722 -0.190554 -0.061915
vn 0.979722 -0.117770 -0.162096
vn 0.979722 -0.061915 -0.190555
vn 0.979722 -0.000000 -0.200361
vn 0.979722 0.061915 -0.190555
vn 0.979722 0.117770 -0.162096
vn 0.979722 0.162095 -0.117769
vn 0.979722 0.190554 -0.061915
vn 0.979722 0.200362 0.000000
vn 0.979722 0.190554 0.061915
vn 0.979722 0.162095 0.117769
vn 0.979722 0.117770 0.162096
vn 0.979722 0.061915 0.190555
vn 0.979722 0.000000 0.200361
vn 0.979722 -0.061915 0.190555
vn 0.979722 -0.117770 0.162096
vn 0.979722 -0.162095 0.117769
vn 0.979722 -0.190554 0.061915
vn 0.979722 -0.200362 0.000000
vn -1.000000 -0.000000 0.000000
vn 1.000000 0.000000 0.000000
s 1
g Corps1
usemtl initialShadingGroup
f 99/113/1 100/114/2 2/6/3 5/17/4
s 2
f 7/5/5 93/105/6 94/106/7 11/23/8
s 3
f 17/20/9 96/109/10 97/110/11 14/25/12
s 4
f 91/101/13 92/103/14 8/10/15 1/3/16
s off
f 72/77/17 71/78/18 73/79/19 74/80/20 75/81/21 76/82/22 77/83/23 78/84/24 79/85/25 80/86/26
f 22/27/27 21/28/28 23/29/29 24/30/30 25/31/31 26/32/32 27/33/33 28/34/34 29/35/35 30/36/36
s 5
f 1/3/37 2/6/38 100/114/39 91/102/40
s 1
f 5/17/4 13/18/41 98/111/42 99/113/43
s 7
f 7/5/44 8/8/45 92/104/46 93/105/47
s 2
f 94/106/48 95/107/49 18/22/50 11/23/8
s 9
f 13/18/51 14/25/52 97/110/53 98/112/54
s 10
f 17/20/55 18/26/56 95/108/57 96/109/58
s 7
f 8/10/45 7/11/44 21/28/59 22/27/60
s 2
f 7/11/5 11/12/8 23/29/61 21/28/62
f 11/12/8 18/26/50 24/30/63 23/29/61
s 10
f 18/26/56 17/20/55 25/31/64 24/30/65
s 3
f 17/20/9 14/25/12 26/32/66 25/31/67
s 9
f 14/25/52 13/18/51 27/33/68 26/32/69
s 1
f 13/18/41 5/17/4 28/34/70 27/33/71
f 5/17/4 2/6/3 29/35/72 28/34/70
s 5
f 2/6/38 1/3/37 30/36/73 29/35/74
s 4
f 1/3/16 8/10/15 22/27/75 30/36/76
s 11
f 3/7/77 4/1/78 31/38/79 32/37/80
s 12
f 4/1/81 6/19/82 33/39/83 31/38/84
f 6/19/85 16/13/86 34/40/87 33/39/83
s 14
f 16/13/88 15/14/89 35/41/90 34/40/91
s 15
f 15/14/92 20/15/93 36/42/94 35/41/95
s 16
f 20/15/96 19/21/97 37/43/98 36/42/99
s 17
f 19/21/100 12/24/101 38/44/102 37/43/103
f 12/24/104 10/9/105 39/45/106 38/44/102
s 19
f 10/9/107 9/16/108 40/46/109 39/45/110
s 20
f 9/16/111 3/7/112 32/37/113 40/46/114
s 11
f 32/37/80 31/38/79 41/48/115 42/47/116
s 12
f 31/38/84 33/39/83 43/49/117 41/48/118
f 33/39/83 34/40/87 44/50/119 43/49/117
s 14
f 34/40/91 35/41/90 45/51/120 44/50/121
s 15
f 35/41/95 36/42/94 46/52/122 45/51/123
s 16
f 36/42/99 37/43/98 47/53/124 46/52/125
s 17
f 37/43/103 38/44/102 48/54/126 47/53/127
f 38/44/102 39/45/106 49/55/128 48/54/126
s 19
f 39/45/110 40/46/109 50/56/129 49/55/130
s 20
f 40/46/114 32/37/113 42/47/131 50/56/132
s 11
f 42/47/116 41/48/115 51/58/133 52/57/134
s 12
f 41/48/118 43/49/117 53/59/135 51/58/136
f 43/49/117 44/50/119 54/60/137 53/59/135
s 14
f 44/50/121 45/51/120 55/61/138 54/60/139
s 15
f 45/51/123 46/52/122 56/62/140 55/61/141
s 16
f 46/52/125 47/53/124 57/63/142 56/62/143
s 17
f 47/53/127 48/54/126 58/64/144 57/63/145
f 48/54/126 49/55/128 59/65/146 58/64/144
s 19
f 49/55/130 50/56/129 60/66/147 59/65/148
s 20
f 50/56/132 42/47/131 52/57/149 60/66/150
s 11
f 52/57/134 51/58/133 61/68/151 62/67/152
s 12
f 51/58/136 53/59/135 63/69/153 61/68/154
f 53/59/135 54/60/137 64/70/155 63/69/153
s 14
f 54/60/139 55/61/138 65/71/156 64/70/157
s off
f 55/61/158 56/62/159 66/72/160 65/71/161
s 16
f 56/62/143 57/63/142 67/73/162 66/72/163
s 17
f 57/63/145 58/64/144 68/74/164 67/73/165
f 58/64/144 59/65/146 69/75/166 68/74/164
s 19
f 59/65/148 60/66/147 70/76/167 69/75/168
s off
f 60/66/169 52/57/170 62/67/171 70/76/172
f 62/67/173 61/68/174 71/78/175 72/77/176
s 12
f 61/68/154 63/69/153 73/79/177 71/78/178
f 63/69/153 64/70/155 74/80/179 73/79/177
s off
f 64/70/180 65/71/181 75/81/182 74/80/183
f 65/71/184 66/72/185 76/82/186 75/81/187
f 66/72/188 67/73/189 77/83/190 76/82/191
s 17
f 67/73/165 68/74/164 78/84/192 77/83/193
f 68/74/164 69/75/166 79/85/194 78/84/192
s off
f 69/75/195 70/76/196 80/86/197 79/85/198
f 70/76/199 62/67/200 72/77/201 80/86/202
s 21
f 9/2/203 121/133/204 122/135/205 3/4/206
s 7
f 120/132/207 121/134/208 9/16/209 10/9/210
s 2
f 119/131/211 120/132/212 10/9/213 12/24/214
f 19/21/215 118/130/216 119/131/217 12/24/218
s 25
f 127/154/219 129/155/220 138/157/221 140/162/222
s 3
f 116/137/223 117/161/224 20/156/225 15/148/226
s 27
f 123/143/227 125/144/228 132/146/229 134/151/230
s 1
f 114/128/231 115/129/232 16/13/233 6/19/234
f 4/1/235 113/127/236 114/128/237 6/19/238
s 5
f 122/136/239 113/127/240 4/1/241 3/7/242
s off
f 101/115/243 102/116/244 103/117/245 104/118/246
s 7
f 93/105/47 92/104/46 82/90/247 83/91/248
s 2
f 94/106/7 93/105/6 83/91/249 84/92/250
f 84/92/251 85/93/252 95/107/49 94/106/48
s off
f 110/123/253 109/124/254 111/125/255 112/126/256
s 3
f 97/110/11 96/109/10 86/95/257 87/96/258
s off
f 106/119/259 105/120/260 107/121/261 108/122/262
s 1
f 99/113/43 98/111/42 88/97/263 89/99/264
f 89/99/265 90/100/266 100/114/2 99/113/1
s 5
f 91/102/40 100/114/39 90/100/267 81/88/268
s off
f 81/87/269 82/89/270 102/116/271 101/115/272
f 82/89/273 92/103/274 103/117/275 102/116/276
f 92/103/277 91/101/278 104/118/279 103/117/280
f 91/101/281 81/87/282 101/115/283 104/118/284
f 98/112/285 97/110/286 105/120/287 106/119/288
f 97/110/289 87/96/290 107/121/291 105/120/292
f 87/96/293 88/98/294 108/122/295 107/121/296
f 88/98/297 98/112/298 106/119/299 108/122/300
f 96/109/301 95/108/302 109/124/303 110/123/304
f 95/108/305 85/94/306 111/125/307 109/124/308
f 85/94/309 86/95/310 112/126/311 111/125/312
f 86/95/313 96/109/314 110/123/315 112/126/316
s 1
f 114/128/237 113/127/236 90/100/266 89/99/265
f 89/99/264 88/97/263 115/129/232 114/128/231
s off
f 88/98/317 87/96/318 116/137/319 115/150/320
s 3
f 87/96/258 86/95/257 117/161/224 116/137/223
s off
f 86/95/321 85/94/322 118/140/323 117/161/324
s 2
f 119/131/217 118/130/216 85/93/252 84/92/251
f 84/92/250 83/91/249 120/132/212 119/131/211
s 7
f 83/91/248 82/90/247 121/134/208 120/132/207
s 21
f 122/135/205 121/133/204 82/89/325 81/87/326
s 5
f 81/88/268 90/100/267 113/127/240 122/136/239
s off
f 115/150/327 116/137/328 126/138/329 124/139/330
s 31
f 15/148/331 16/145/332 136/147/333 133/149/334
s off
f 117/161/335 118/140/336 130/141/337 128/142/338
s 32
f 19/159/339 20/156/340 142/158/341 139/160/342
s off
f 123/143/343 124/139/344 126/138/345 125/144/346
f 127/154/347 128/142/348 130/141/349 129/155/350
s 27
f 132/146/229 131/152/351 135/153/352 134/151/230
s 31
f 131/152/353 133/149/334 136/147/333 135/153/354
s off
f 131/152/355 132/146/356 125/144/357 126/138/358 116/137/359 15/148/360 133/149/361
f 16/145/362 115/150/363 124/139/364 123/143/365 134/151/366 135/153/367 136/147/368
s 25
f 138/157/221 137/163/369 141/164/370 140/162/222
s 32
f 137/163/371 139/160/342 142/158/341 141/164/372
s off
f 137/163/373 138/157/374 129/155/375 130/141/376 118/140/377 19/159/378 139/160/379
f 20/156/380 117/161/381 128/142/382 127/154/383 140/162/384 141/164/385 142/158/386
s 33
f 143/165/387 144/166/388 164/167/389 163/168/390
f 144/166/388 145/169/391 165/170/392 164/167/389
f 145/169/391 146/171/393 166/172/394 165/170/392
f 146/171/393 147/173/395 167/174/396 166/172/394
f 147/173/395 148/175/397 168/176/398 167/174/396
f 148/175/397 149/177/399 169/178/400 168/176/398
f 149/177/399 150/179/401 170/180/402 169/178/400
f 150/179/401 151/181/403 171/182/404 170/180/402
f 151/181/403 152/183/405 172/184/406 171/182/404
f 152/183/405 153/185/407 173/186/408 172/184/406
f 153/185/407 154/187/409 174/188/410 173/186/408
f 154/187/409 155/189/411 175/190/412 174/188/410
f 155/189/411 156/191/413 176/192/414 175/190/412
f 156/191/413 157/193/415 177/194/416 176/192/414
f 157/193/415 158/195/417 178/196/418 177/194/416
f 158/195/417 159/197/419 179/198/420 178/196/418
f 159/197/419 160/199/421 180/200/422 179/198/420
f 160/199/421 161/201/423 181/202/424 180/200/422
f 161/201/423 162/203/425 182/204/426 181/202/424
f 162/203/425 143/205/387 163/206/390 182/204/426
f 163/168/390 164/167/389 184/207/427 183/208/428
f 164/167/389 165/170/392 185/209/429 184/207/427
f 165/170/392 166/172/394 186/210/430 185/209/429
f 166/172/394 167/174/396 187/211/431 186/210/430
f 167/174/396 168/176/398 188/212/432 187/211/431
f 168/176/398 169/178/400 189/213/433 188/212/432
f 169/178/400 170/180/402 190/214/434 189/213/433
f 170/180/402 171/182/404 191/215/435 190/214/434
f 171/182/404 172/184/406 192/216/436 191/215/435
f 172/184/406 173/186/408 193/217/437 192/216/436
f 173/186/408 174/188/410 194/218/438 193/217/437
f 174/188/410 175/190/412 195/219/439 194/218/438
f 175/190/412 176/192/414 196/220/440 195/219/439
f 176/192/414 177/194/416 197/221/441 196/220/440
f 177/194/416 178/196/418 198/222/442 197/221/441
f 178/196/418 179/198/420 199/223/443 198/222/442
f 179/198/420 180/200/422 200/224/444 199/223/443
f 180/200/422 181/202/424 201/225/445 200/224/444
f 181/202/424 182/204/426 202/226/446 201/225/445
f 182/204/426 163/206/390 183/227/428 202/226/446
f 183/208/428 184/207/427 204/228/447 203/229/448
f 184/207/427 185/209/429 205/230/449 204/228/447
f 185/209/429 186/210/430 206/231/450 205/230/449
f 186/210/430 187/211/431 207/232/451 206/231/450
f 187/211/431 188/212/432 208/233/452 207/232/451
f 188/212/432 189/213/433 209/234/453 208/233/452
f 189/213/433 190/214/434 210/235/454 209/234/453
f 190/214/434 191/215/435 211/236/455 210/235/454
f 191/215/435 192/216/436 212/237/456 211/236/455
f 192/216/436 193/217/437 213/238/457 212/237/456
f 193/217/437 194/218/438 214/239/458 213/238/457
f 194/218/438 195/219/439 215/240/459 214/239/458
f 195/219/439 196/220/440 216/241/460 215/240/459
f 196/220/440 197/221/441 217/242/461 216/241/460
f 197/221/441 198/222/442 218/243/462 217/242/461
f 198/222/442 199/223/443 219/244/463 218/243/462
f 199/223/443 200/224/444 220/245/464 219/244/463
f 200/224/444 201/225/445 221/246/465 220/245/464
f 201/225/445 202/226/446 222/247/466 221/246/465
f 202/226/446 183/227/428 203/248/448 222/247/466
f 203/229/448 204/228/447 224/249/467 223/250/468
f 204/228/447 205/230/449 225/251/469 224/249/467
f 205/230/449 206/231/450 226/252/470 225/251/469
f 206/231/450 207/232/451 227/253/471 226/252/470
f 207/232/451 208/233/452 228/254/472 227/253/471
f 208/233/452 209/234/453 229/255/473 228/254/472
f 209/234/453 210/235/454 230/256/474 229/255/473
f 210/235/454 211/236/455 231/257/475 230/256/474
f 211/236/455 212/237/456 232/258/476 231/257/475
f 212/237/456 213/238/457 233/259/477 232/258/476
f 213/238/457 214/239/458 234/260/478 233/259/477
f 214/239/458 215/240/459 235/261/479 234/260/478
f 215/240/459 216/241/460 236/262/480 235/261/479
f 216/241/460 217/242/461 237/263/481 236/262/480
f 217/242/461 218/243/462 238/264/482 237/263/481
f 218/243/462 219/244/463 239/265/483 238/264/482
f 219/244/463 220/245/464 240/266/484 239/265/483
f 220/245/464 221/246/465 241/267/485 240/266/484
f 221/246/465 222/247/466 242/268/486 241/267/485
f 222/247/466 203/248/448 223/269/468 242/268/486
f 223/250/468 224/249/467 244/270/487 243/271/488
f 224/249/467 225/251/469 245/272/489 244/270/487
f 225/251/469 226/252/470 246/273/490 245/272/489
f 226/252/470 227/253/471 247/274/491 246/273/490
f 227/253/471 228/254/472 248/275/492 247/274/491
f 228/254/472 229/255/473 249/276/493 248/275/492
f 229/255/473 230/256/474 250/277/494 249/276/493
f 230/256/474 231/257/475 251/278/495 250/277/494
f 231/257/475 232/258/476 252/279/496 251/278/495
f 232/258/476 233/259/477 253/280/497 252/279/496
f 233/259/477 234/260/478 254/281/498 253/280/497
f 234/260/478 235/261/479 255/282/499 254/281/498
f 235/261/479 236/262/480 256/283/500 255/282/499
f 236/262/480 237/263/481 257/284/501 256/283/500
f 237/263/481 238/264/482 258/285/502 257/284/501
f 238/264/482 239/265/483 259/286/503 258/285/502
f 239/265/483 240/266/484 260/287/504 259/286/503
f 240/266/484 241/267/485 261/288/505 260/287/504
f 241/267/485 242/268/486 262/289/506 261/288/505
f 242/268/486 223/269/468 243/290/488 262/289/506
f 243/271/488 244/270/487 264/291/507 263/292/508
f 244/270/487 245/272/489 265/293/509 264/291/507
f 245/272/489 246/273/490 266/294/510 265/293/509
f 246/273/490 247/274/491 267/295/511 266/294/510
f 247/274/491 248/275/492 268/296/512 267/295/511
f 248/275/492 249/276/493 269/297/513 268/296/512
f 249/276/493 250/277/494 270/298/514 269/297/513
f 250/277/494 251/278/495 271/299/515 270/298/514
f 251/278/495 252/279/496 272/300/516 271/299/515
f 252/279/496 253/280/497 273/301/517 272/300/516
f 253/280/497 254/281/498 274/302/518 273/301/517
f 254/281/498 255/282/499 275/303/519 274/302/518
f 255/282/499 256/283/500 276/304/520 275/303/519
f 256/283/500 257/284/501 277/305/521 276/304/520
f 257/284/501 258/285/502 278/306/522 277/305/521
f 258/285/502 259/286/503 279/307/523 278/306/522
f 259/286/503 260/287/504 280/308/524 279/307/523
f 260/287/504 261/288/505 281/309/525 280/308/524
f 261/288/505 262/289/506 282/310/526 281/309/525
f 262/289/506 243/290/488 263/311/508 282/310/526
f 263/292/508 264/291/507 284/312/527 283/313/528
f 264/291/507 265/293/509 285/314/529 284/312/527
f 265/293/509 266/294/510 286/315/530 285/314/529
f 266/294/510 267/295/511 287/316/531 286/315/530
f 267/295/511 268/296/512 288/317/532 287/316/531
f 268/296/512 269/297/513 289/318/533 288/317/532
f 269/297/513 270/298/514 290/319/534 289/318/533
f 270/298/514 271/299/515 291/320/535 290/319/534
f 271/299/515 272/300/516 292/321/536 291/320/535
f 272/300/516 273/301/517 293/322/537 292/321/536
f 273/301/517 274/302/518 294/323/538 293/322/537
f 274/302/518 275/303/519 295/324/539 294/323/538
f 275/303/519 276/304/520 296/325/540 295/324/539
f 276/304/520 277/305/521 297/326/541 296/325/540
f 277/305/521 278/306/522 298/327/542 297/326/541
f 278/306/522 279/307/523 299/328/543 298/327/542
f 279/307/523 280/308/524 300/329/544 299/328/543
f 280/308/524 281/309/525 301/330/545 300/329/544
f 281/309/525 282/310/526 302/331/546 301/330/545
f 282/310/526 263/311/508 283/332/528 302/331/546
f 283/313/528 284/312/527 304/333/547 303/334/548
f 284/312/527 285/314/529 305/335/549 304/333/547
f 285/314/529 286/315/530 306/336/550 305/335/549
f 286/315/530 287/316/531 307/337/551 306/336/550
f 287/316/531 288/317/532 308/338/552 307/337/551
f 288/317/532 289/318/533 309/339/553 308/338/552
f 289/318/533 290/319/534 310/340/554 309/339/553
f 290/319/534 291/320/535 311/341/555 310/340/554
f 291/320/535 292/321/536 312/342/556 311/341/555
f 292/321/536 293/322/537 313/343/557 312/342/556
f 293/322/537 294/323/538 314/344/558 313/343/557
f 294/323/538 295/324/539 315/345/559 314/344/558
f 295/324/539 296/325/540 316/346/560 315/345/559
f 296/325/540 297/326/541 317/347/561 316/346/560
f 297/326/541 298/327/542 318/348/562 317/347/561
f 298/327/542 299/328/543 319/349/563 318/348/562
f 299/328/543 300/329/544 320/350/564 319/349/563
f 300/329/544 301/330/545 321/351/565 320/350/564
f 301/330/545 302/331/546 322/352/566 321/351/565
f 302/331/546 283/332/528 303/353/548 322/352/566
f 303/334/548 304/333/547 324/354/567 323/355/568
f 304/333/547 305/335/549 325/356/569 324/354/567
f 305/335/549 306/336/550 326/357/570 325/356/569
f 306/336/550 307/337/551 327/358/571 326/357/570
f 307/337/551 308/338/552 328/359/572 327/358/571
f 308/338/552 309/339/553 329/360/573 328/359/572
f 309/339/553 310/340/554 330/361/574 329/360/573
f 310/340/554 311/341/555 331/362/575 330/361/574
f 311/341/555 312/342/556 332/363/576 331/362/575
f 312/342/556 313/343/557 333/364/577 332/363/576
f 313/343/557 314/344/558 334/365/578 333/364/577
f 314/344/558 315/345/559 335/366/579 334/365/578
f 315/345/559 316/346/560 336/367/580 335/366/579
f 316/346/560 317/347/561 337/368/581 336/367/580
f 317/347/561 318/348/562 338/369/582 337/368/581
f 318/348/562 319/349/563 339/370/583 338/369/582
f 319/349/563 320/350/564 340/371/584 339/370/583
f 320/350/564 321/351/565 341/372/585 340/371/584
f 321/351/565 322/352/566 342/373/586 341/372/585
f 322/352/566 303/353/548 323/374/568 342/373/586
f 323/355/568 324/354/567 344/375/587 343/376/588
f 324/354/567 325/356/569 345/377/589 344/375/587
f 325/356/569 326/357/570 346/378/590 345/377/589
f 326/357/570 327/358/571 347/379/591 346/378/590
f 327/358/571 328/359/572 348/380/592 347/379/591
f 328/359/572 329/360/573 349/381/593 348/380/592
f 329/360/573 330/361/574 350/382/594 349/381/593
f 330/361/574 331/362/575 351/383/595 350/382/594
f 331/362/575 332/363/576 352/384/596 351/383/595
f 332/363/576 333/364/577 353/385/597 352/384/596
f 333/364/577 334/365/578 354/386/598 353/385/597
f 334/365/578 335/366/579 355/387/599 354/386/598
f 335/366/579 336/367/580 356/388/600 355/387/599
f 336/367/580 337/368/581 357/389/601 356/388/600
f 337/368/581 338/369/582 358/390/602 357/389/601
f 338/369/582 339/370/583 359/391/603 358/390/602
f 339/370/583 340/371/584 360/392/604 359/391/603
f 340/371/584 341/372/585 361/393/605 360/392/604
f 341/372/585 342/373/586 362/394/606 361/393/605
f 342/373/586 323/374/568 343/395/588 362/394/606
f 343/376/588 344/375/587 364/396/607 363/397/608
f 344/375/587 345/377/589 365/398/609 364/396/607
f 345/377/589 346/378/590 366/399/610 365/398/609
f 346/378/590 347/379/591 367/400/611 366/399/610
f 347/379/591 348/380/592 368/401/612 367/400/611
f 348/380/592 349/381/593 369/402/613 368/401/612
f 349/381/593 350/382/594 370/403/614 369/402/613
f 350/382/594 351/383/595 371/404/615 370/403/614
f 351/383/595 352/384/596 372/405/616 371/404/615
f 352/384/596 353/385/597 373/406/617 372/405/616
f 353/385/597 354/386/598 374/407/618 373/406/617
f 354/386/598 355/387/599 375/408/619 374/407/618
f 355/387/599 356/388/600 376/409/620 375/408/619
f 356/388/600 357/389/601 377/410/621 376/409/620
f 357/389/601 358/390/602 378/411/622 377/410/621
f 358/390/602 359/391/603 379/412/623 378/411/622
f 359/391/603 360/392/604 380/413/624 379/412/623
f 360/392/604 361/393/605 381/414/625 380/413/624
f 361/393/605 362/394/606 382/415/626 381/414/625
f 362/394/606 343/395/588 363/416/608 382/415/626
f 363/397/608 364/396/607 384/417/627 383/418/628
f 364/396/607 365/398/609 385/419/629 384/417/627
f 365/398/609 366/399/610 386/420/630 385/419/629
f 366/399/610 367/400/611 387/421/631 386/420/630
f 367/400/611 368/401/612 388/422/632 387/421/631
f 368/401/612 369/402/613 389/423/633 388/422/632
f 369/402/613 370/403/614 390/424/634 389/423/633
f 370/403/614 371/404/615 391/425/635 390/424/634
f 371/404/615 372/405/616 392/426/636 391/425/635
f 372/405/616 373/406/617 393/427/637 392/426/636
f 373/406/617 374/407/618 394/428/638 393/427/637
f 374/407/618 375/408/619 395/429/639 394/428/638
f 375/408/619 376/409/620 396/430/640 395/429/639
f 376/409/620 377/410/621 397/431/641 396/430/640
f 377/410/621 378/411/622 398/432/642 397/431/641
f 378/411/622 379/412/623 399/433/643 398/432/642
f 379/412/623 380/413/624 400/434/644 399/433/643
f 380/413/624 381/414/625 401/435/645 400/434/644
f 381/414/625 382/415/626 402/436/646 401/435/645
f 382/415/626 363/416/608 383/437/628 402/436/646
f 383/418/628 384/417/627 404/438/647 403/439/648
f 384/417/627 385/419/629 405/440/649 404/438/647
f 385/419/629 386/420/630 406/441/650 405/440/649
f 386/420/630 387/421/631 407/442/651 406/441/650
f 387/421/631 388/422/632 408/443/652 407/442/651
f 388/422/632 389/423/633 409/444/653 408/443/652
f 389/423/633 390/424/634 410/445/654 409/444/653
f 390/424/634 391/425/635 411/446/655 410/445/654
f 391/425/635 392/426/636 412/447/656 411/446/655
f 392/426/636 393/427/637 413/448/657 412/447/656
f 393/427/637 394/428/638 414/449/658 413/448/657
f 394/428/638 395/429/639 415/450/659 414/449/658
f 395/429/639 396/430/640 416/451/660 415/450/659
f 396/430/640 397/431/641 417/452/661 416/451/660
f 397/431/641 398/432/642 418/453/662 417/452/661
f 398/432/642 399/433/643 419/454/663 418/453/662
f 399/433/643 400/434/644 420/455/664 419/454/663
f 400/434/644 401/435/645 421/456/665 420/455/664
f 401/435/645 402/436/646 422/457/666 421/456/665
f 402/436/646 383/437/628 403/458/648 422/457/666
f 403/439/648 404/438/647 424/459/667 423/460/668
f 404/438/647 405/440/649 425/461/669 424/459/667
f 405/440/649 406/441/650 426/462/670 425/461/669
f 406/441/650 407/442/651 427/463/671 426/462/670
f 407/442/651 408/443/652 428/464/672 427/463/671
f 408/443/652 409/444/653 429/465/673 428/464/672
f 409/444/653 410/445/654 430/466/674 429/465/673
f 410/445/654 411/446/655 431/467/675 430/466/674
f 411/446/655 412/447/656 432/468/676 431/467/675
f 412/447/656 413/448/657 433/469/677 432/468/676
f 413/448/657 414/449/658 434/470/678 433/469/677
f 414/449/658 415/450/659 435/471/679 434/470/678
f 415/450/659 416/451/660 436/472/680 435/471/679
f 416/451/660 417/452/661 437/473/681 436/472/680
f 417/452/661 418/453/662 438/474/682 437/473/681
f 418/453/662 419/454/663 439/475/683 438/474/682
f 419/454/663 420/455/664 440/476/684 439/475/683
f 420/455/664 421/456/665 441/477/685 440/476/684
f 421/456/665 422/457/666 442/478/686 441/477/685
f 422/457/666 403/458/648 423/479/668 442/478/686
f 423/460/668 424/459/667 444/480/687 443/481/688
f 424/459/667 425/461/669 445/482/689 444/480/687
f 425/461/669 426/462/670 446/483/690 445/482/689
f 426/462/670 427/463/671 447/484/691 446/483/690
f 427/463/671 428/464/672 448/485/692 447/484/691
f 428/464/672 429/465/673 449/486/693 448/485/692
f 429/465/673 430/466/674 450/487/694 449/486/693
f 430/466/674 431/467/675 451/488/695 450/487/694
f 431/467/675 432/468/676 452/489/696 451/488/695
f 432/468/676 433/469/677 453/490/697 452/489/696
f 433/469/677 434/470/678 454/491/698 453/490/697
f 434/470/678 435/471/679 455/492/699 454/491/698
f 435/471/679 436/472/680 456/493/700 455/492/699
f 436/472/680 437/473/681 457/494/701 456/493/700
f 437/473/681 438/474/682 458/495/702 457/494/701
f 438/474/682 439/475/683 459/496/703 458/495/702
f 439/475/683 440/476/684 460/497/704 459/496/703
f 440/476/684 441/477/685 461/498/705 460/497/704
f 441/477/685 442/478/686 462/499/706 461/498/705
f 442/478/686 423/479/668 443/500/688 462/499/706
f 443/481/688 444/480/687 464/501/707 463/502/708
f 444/480/687 445/482/689 465/503/709 464/501/707
f 445/482/689 446/483/690 466/504/710 465/503/709
f 446/483/690 447/484/691 467/505/711 466/504/710
f 447/484/691 448/485/692 468/506/712 467/505/711
f 448/485/692 449/486/693 469/507/713 468/506/712
f 449/486/693 450/487/694 470/508/714 469/507/713
f 450/487/694 451/488/695 471/509/715 470/508/714
f 451/488/695 452/489/696 472/510/716 471/509/715
f 452/489/696 453/490/697 473/511/717 472/510/716
f 453/490/697 454/491/698 474/512/718 473/511/717
f 454/491/698 455/492/699 475/513/719 474/512/718
f 455/492/699 456/493/700 476/514/720 475/513/719
f 456/493/700 457/494/701 477/515/721 476/514/720
f 457/494/701 458/495/702 478/516/722 477/515/721
f 458/495/702 459/496/703 479/517/723 478/516/722
f 459/496/703 460/497/704 480/518/724 479/517/723
f 460/497/704 461/498/705 481/519/725 480/518/724
f 461/498/705 462/499/706 482/520/726 481/519/725
f 462/499/706 443/500/688 463/521/708 482/520/726
f 463/502/708 464/501/707 484/522/727 483/523/728
f 464/501/707 465/503/709 485/524/729 484/522/727
f 465/503/709 466/504/710 486/525/730 485/524/729
f 466/504/710 467/505/711 487/526/731 486/525/730
f 467/505/711 468/506/712 488/527/732 487/526/731
f 468/506/712 469/507/713 489/528/733 488/527/732
f 469/507/713 470/508/714 490/529/734 489/528/733
f 470/508/714 471/509/715 491/530/735 490/529/734
f 471/509/715 472/510/716 492/531/736 491/530/735
f 472/510/716 473/511/717 493/532/737 492/531/736
f 473/511/717 474/512/718 494/533/738 493/532/737
f 474/512/718 475/513/719 495/534/739 494/533/738
f 475/513/719 476/514/720 496/535/740 495/534/739
f 476/514/720 477/515/721 497/536/741 496/535/740
f 477/515/721 478/516/722 498/537/742 497/536/741
f 478/516/722 479/517/723 499/538/743 498/537/742
f 479/517/723 480/518/724 500/539/744 499/538/743
f 480/518/724 481/519/725 501/540/745 500/539/744
f 481/519/725 482/520/726 502/541/746 501/540/745
f 482/520/726 463/521/708 483/542/728 502/541/746
f 483/523/728 484/522/727 504/543/747 503/544/748
f 484/522/727 485/524/729 505/545/749 504/543/747
f 485/524/729 486/525/730 506/546/750 505/545/749
f 486/525/730 487/526/731 507/547/751 506/546/750
f 487/526/731 488/527/732 508/548/752 507/547/751
f 488/527/732 489/528/733 509/549/753 508/548/752
f 489/528/733 490/529/734 510/550/754 509/549/753
f 490/529/734 491/530/735 511/551/755 510/550/754
f 491/530/735 492/531/736 512/552/756 511/551/755
f 492/531/736 493/532/737 513/553/757 512/552/756
f 493/532/737 494/533/738 514/554/758 513/553/757
f 494/533/738 495/534/739 515/555/759 514/554/758
f 495/534/739 496/535/740 516/556/760 515/555/759
f 496/535/740 497/536/741 517/557/761 516/556/760
f 497/536/741 498/537/742 518/558/762 517/557/761
f 498/537/742 499/538/743 519/559/763 518/558/762
f 499/538/743 500/539/744 520/560/764 519/559/763
f 500/539/744 501/540/745 521/561/765 520/560/764
f 501/540/745 502/541/746 522/562/766 521/561/765
f 502/541/746 483/542/728 503/563/748 522/562/766
f 144/166/388 143/165/387 523/564/767
f 145/169/391 144/166/388 523/565/767
f 146/171/393 145/169/391 523/566/767
f 147/173/395 146/171/393 523/567/767
f 148/175/397 147/173/395 523/568/767
f 149/177/399 148/175/397 523/569/767
f 150/179/401 149/177/399 523/570/767
f 151/181/403 150/179/401 523/571/767
f 152/183/405 151/181/403 523/572/767
f 153/185/407 152/183/405 523/573/767
f 154/187/409 153/185/407 523/574/767
f 155/189/411 154/187/409 523/575/767
f 156/191/413 155/189/411 523/576/767
f 157/193/415 156/191/413 523/577/767
f 158/195/417 157/193/415 523/578/767
f 159/197/419 158/195/417 523/579/767
f 160/199/421 159/197/419 523/580/767
f 161/201/423 160/199/421 523/581/767
f 162/203/425 161/201/423 523/582/767
f 143/205/387 162/203/425 523/583/767
f 503/544/748 504/543/747 524/584/768
f 504/543/747 505/545/749 524/585/768
f 505/545/749 506/546/750 524/586/768
f 506/546/750 507/547/751 524/587/768
f 507/547/751 508/548/752 524/588/768
f 508/548/752 509/549/753 524/589/768
f 509/549/753 510/550/754 524/590/768
f 510/550/754 511/551/755 524/591/768
f 511/551/755 512/552/756 524/592/768
f 512/552/756 513/553/757 524/593/768
f 513/553/757 514/554/758 524/594/768
f 514/554/758 515/555/759 524/595/768
f 515/555/759 516/556/760 524/596/768
f 516/556/760 517/557/761 524/597/768
f 517/557/761 518/558/762 524/598/768
f 518/558/762 519/559/763 524/599/768
f 519/559/763 520/560/764 524/600/768
f 520/560/764 521/561/765 524/601/768
f 521/561/765 522/562/766 524/602/768
f 522/562/766 503/563/748 524/603/768
s 34
f 525/604/769 526/605/770 546/606/771 545/607/772
f 526/605/770 527/608/773 547/609/774 546/606/771
f 527/608/773 528/610/775 548/611/776 547/609/774
f 528/610/775 529/612/777 549/613/778 548/611/776
f 529/612/777 530/614/779 550/615/780 549/613/778
f 530/614/779 531/616/781 551/617/782 550/615/780
f 531/616/781 532/618/783 552/619/784 551/617/782
f 532/618/783 533/620/785 553/621/786 552/619/784
f 533/620/785 534/622/787 554/623/788 553/621/786
f 534/622/787 535/624/789 555/625/790 554/623/788
f 535/624/789 536/626/791 556/627/792 555/625/790
f 536/626/791 537/628/793 557/629/794 556/627/792
f 537/628/793 538/630/795 558/631/796 557/629/794
f 538/630/795 539/632/797 559/633/798 558/631/796
f 539/632/797 540/634/799 560/635/800 559/633/798
f 540/634/799 541/636/801 561/637/802 560/635/800
f 541/636/801 542/638/803 562/639/804 561/637/802
f 542/638/803 543/640/805 563/641/806 562/639/804
f 543/640/805 544/642/807 564/643/808 563/641/806
f 544/642/807 525/644/769 545/645/772 564/643/808
f 545/607/772 546/606/771 566/646/809 565/647/810
f 546/606/771 547/609/774 567/648/811 566/646/809
f 547/609/774 548/611/776 568/649/812 567/648/811
f 548/611/776 549/613/778 569/650/813 568/649/812
f 549/613/778 550/615/780 570/651/814 569/650/813
f 550/615/780 551/617/782 571/652/815 570/651/814
f 551/617/782 552/619/784 572/653/816 571/652/815
f 552/619/784 553/621/786 573/654/817 572/653/816
f 553/621/786 554/623/788 574/655/818 573/654/817
f 554/623/788 555/625/790 575/656/819 574/655/818
f 555/625/790 556/627/792 576/657/820 575/656/819
f 556/627/792 557/629/794 577/658/821 576/657/820
f 557/629/794 558/631/796 578/659/822 577/658/821
f 558/631/796 559/633/798 579/660/823 578/659/822
f 559/633/798 560/635/800 580/661/824 579/660/823
f 560/635/800 561/637/802 581/662/825 580/661/824
f 561/637/802 562/639/804 582/663/826 581/662/825
f 562/639/804 563/641/806 583/664/827 582/663/826
f 563/641/806 564/643/808 584/665/828 583/664/827
f 564/643/808 545/645/772 565/666/810 584/665/828
f 565/647/810 566/646/809 586/667/829 585/668/830
f 566/646/809 567/648/811 587/669/831 586/667/829
f 567/648/811 568/649/812 588/670/832 587/669/831
f 568/649/812 569/650/813 589/671/833 588/670/832
f 569/650/813 570/651/814 590/672/834 589/671/833
f 570/651/814 571/652/815 591/673/835 590/672/834
f 571/652/815 572/653/816 592/674/836 591/673/835
f 572/653/816 573/654/817 593/675/837 592/674/836
f 573/654/817 574/655/818 594/676/838 593/675/837
f 574/655/818 575/656/819 595/677/839 594/676/838
f 575/656/819 576/657/820 596/678/840 595/677/839
f 576/657/820 577/658/821 597/679/841 596/678/840
f 577/658/821 578/659/822 598/680/842 597/679/841
f 578/659/822 579/660/823 599/681/843 598/680/842
f 579/660/823 580/661/824 600/682/844 599/681/843
f 580/661/824 581/662/825 601/683/845 600/682/844
f 581/662/825 582/663/826 602/684/846 601/683/845
f 582/663/826 583/664/827 603/685/847 602/684/846
f 583/664/827 584/665/828 604/686/848 603/685/847
f 584/665/828 565/666/810 585/687/830 604/686/848
f 585/668/830 586/667/829 606/688/849 605/689/850
f 586/667/829 587/669/831 607/690/851 606/688/849
f 587/669/831 588/670/832 608/691/852 607/690/851
f 588/670/832 589/671/833 609/692/853 608/691/852
f 589/671/833 590/672/834 610/693/854 609/692/853
f 590/672/834 591/673/835 611/694/855 610/693/854
f 591/673/835 592/674/836 612/695/856 611/694/855
f 592/674/836 593/675/837 613/696/857 612/695/856
f 593/675/837 594/676/838 614/697/858 613/696/857
f 594/676/838 595/677/839 615/698/859 614/697/858
f 595/677/839 596/678/840 616/699/860 615/698/859
f 596/678/840 597/679/841 617/700/861 616/699/860
f 597/679/841 598/680/842 618/701/862 617/700/861
f 598/680/842 599/681/843 619/702/863 618/701/862
f 599/681/843 600/682/844 620/703/864 619/702/863
f 600/682/844 601/683/845 621/704/865 620/703/864
f 601/683/845 602/684/846 622/705/866 621/704/865
f 602/684/846 603/685/847 623/706/867 622/705/866
f 603/685/847 604/686/848 624/707/868 623/706/867
f 604/686/848 585/687/830 605/708/850 624/707/868
f 605/689/850 606/688/849 626/709/869 625/710/870
f 606/688/849 607/690/851 627/711/871 626/709/869
f 607/690/851 608/691/852 628/712/872 627/711/871
f 608/691/852 609/692/853 629/713/873 628/712/872
f 609/692/853 610/693/854 630/714/874 629/713/873
f 610/693/854 611/694/855 631/715/875 630/714/874
f 611/694/855 612/695/856 632/716/876 631/715/875
f 612/695/856 613/696/857 633/717/877 632/716/876
f 613/696/857 614/697/858 634/718/878 633/717/877
f 614/697/858 615/698/859 635/719/879 634/718/878
f 615/698/859 616/699/860 636/720/880 635/719/879
f 616/699/860 617/700/861 637/721/881 636/720/880
f 617/700/861 618/701/862 638/722/882 637/721/881
f 618/701/862 619/702/863 639/723/883 638/722/882
f 619/702/863 620/703/864 640/724/884 639/723/883
f 620/703/864 621/704/865 641/725/885 640/724/884
f 621/704/865 622/705/866 642/726/886 641/725/885
f 622/705/866 623/706/867 643/727/887 642/726/886
f 623/706/867 624/707/868 644/728/888 643/727/887
f 624/707/868 605/708/850 625/729/870 644/728/888
f 625/710/870 626/709/869 646/730/889 645/731/890
f 626/709/869 627/711/871 647/732/891 646/730/889
f 627/711/871 628/712/872 648/733/892 647/732/891
f 628/712/872 629/713/873 649/734/893 648/733/892
f 629/713/873 630/714/874 650/735/894 649/734/893
f 630/714/874 631/715/875 651/736/895 650/735/894
f 631/715/875 632/716/876 652/737/896 651/736/895
f 632/716/876 633/717/877 653/738/897 652/737/896
f 633/717/877 634/718/878 654/739/898 653/738/897
f 634/718/878 635/719/879 655/740/899 654/739/898
f 635/719/879 636/720/880 656/741/900 655/740/899
f 636/720/880 637/721/881 657/742/901 656/741/900
f 637/721/881 638/722/882 658/743/902 657/742/901
f 638/722/882 639/723/883 659/744/903 658/743/902
f 639/723/883 640/724/884 660/745/904 659/744/903
f 640/724/884 641/725/885 661/746/905 660/745/904
f 641/725/885 642/726/886 662/747/906 661/746/905
f 642/726/886 643/727/887 663/748/907 662/747/906
f 643/727/887 644/728/888 664/749/908 663/748/907
f 644/728/888 625/729/870 645/750/890 664/749/908
f 645/731/890 646/730/889 666/751/909 665/752/910
f 646/730/889 647/732/891 667/753/911 666/751/909
f 647/732/891 648/733/892 668/754/912 667/753/911
f 648/733/892 649/734/893 669/755/913 668/754/912
f 649/734/893 650/735/894 670/756/914 669/755/913
f 650/735/894 651/736/895 671/757/915 670/756/914
f 651/736/895 652/737/896 672/758/916 671/757/915
f 652/737/896 653/738/897 673/759/917 672/758/916
f 653/738/897 654/739/898 674/760/918 673/759/917
f 654/739/898 655/740/899 675/761/919 674/760/918
f 655/740/899 656/741/900 676/762/920 675/761/919
f 656/741/900 657/742/901 677/763/921 676/762/920
f 657/742/901 658/743/902 678/764/922 677/763/921
f 658/743/902 659/744/903 679/765/923 678/764/922
f 659/744/903 660/745/904 680/766/924 679/765/923
f 660/745/904 661/746/905 681/767/925 680/766/924
f 661/746/905 662/747/906 682/768/926 681/767/925
f 662/747/906 663/748/907 683/769/927 682/768/926
f 663/748/907 664/749/908 684/770/928 683/769/927
f 664/749/908 645/750/890 665/771/910 684/770/928
f 665/752/910 666/751/909 686/772/929 685/773/930
f 666/751/909 667/753/911 687/774/931 686/772/929
f 667/753/911 668/754/912 688/775/932 687/774/931
f 668/754/912 669/755/913 689/776/933 688/775/932
f 669/755/913 670/756/914 690/777/934 689/776/933
f 670/756/914 671/757/915 691/778/935 690/777/934
f 671/757/915 672/758/916 692/779/936 691/778/935
f 672/758/916 673/759/917 693/780/937 692/779/936
f 673/759/917 674/760/918 694/781/938 693/780/937
f 674/760/918 675/761/919 695/782/939 694/781/938
f 675/761/919 676/762/920 696/783/940 695/782/939
f 676/762/920 677/763/921 697/784/941 696/783/940
f 677/763/921 678/764/922 698/785/942 697/784/941
f 678/764/922 679/765/923 699/786/943 698/785/942
f 679/765/923 680/766/924 700/787/944 699/786/943
f 680/766/924 681/767/925 701/788/945 700/787/944
f 681/767/925 682/768/926 702/789/946 701/788/945
f 682/768/926 683/769/927 703/790/947 702/789/946
f 683/769/927 684/770/928 704/791/948 703/790/947
f 684/770/928 665/771/910 685/792/930 704/791/948
f 685/773/930 686/772/929 706/793/949 705/794/950
f 686/772/929 687/774/931 707/795/951 706/793/949
f 687/774/931 688/775/932 708/796/952 707/795/951
f 688/775/932 689/776/933 709/797/953 708/796/952
f 689/776/933 690/777/934 710/798/954 709/797/953
f 690/777/934 691/778/935 711/799/955 710/798/954
f 691/778/935 692/779/936 712/800/956 711/799/955
f 692/779/936 693/780/937 713/801/957 712/800/956
f 693/780/937 694/781/938 714/802/958 713/801/957
f 694/781/938 695/782/939 715/803/959 714/802/958
f 695/782/939 696/783/940 716/804/960 715/803/959
f 696/783/940 697/784/941 717/805/961 716/804/960
f 697/784/941 698/785/942 718/806/962 717/805/961
f 698/785/942 699/786/943 719/807/963 718/806/962
f 699/786/943 700/787/944 720/808/964 719/807/963
f 700/787/944 701/788/945 721/809/965 720/808/964
f 701/788/945 702/789/946 722/810/966 721/809/965
f 702/789/946 703/790/947 723/811/967 722/810/966
f 703/790/947 704/791/948 724/812/968 723/811/967
f 704/791/948 685/792/930 705/813/950 724/812/968
f 705/794/950 706/793/949 726/814/969 725/815/970
f 706/793/949 707/795/951 727/816/971 726/814/969
f 707/795/951 708/796/952 728/817/972 727/816/971
f 708/796/952 709/797/953 729/818/973 728/817/972
f 709/797/953 710/798/954 730/819/974 729/818/973
f 710/798/954 711/799/955 731/820/975 730/819/974
f 711/799/955 712/800/956 732/821/976 731/820/975
f 712/800/956 713/801/957 733/822/977 732/821/976
f 713/801/957 714/802/958 734/823/978 733/822/977
f 714/802/958 715/803/959 735/824/979 734/823/978
f 715/803/959 716/804/960 736/825/980 735/824/979
f 716/804/960 717/805/961 737/826/981 736/825/980
f 717/805/961 718/806/962 738/827/982 737/826/981
f 718/806/962 719/807/963 739/828/983 738/827/982
f 719/807/963 720/808/964 740/829/984 739/828/983
f 720/808/964 721/809/965 741/830/985 740/829/984
f 721/809/965 722/810/966 742/831/986 741/830/985
f 722/810/966 723/811/967 743/832/987 742/831/986
f 723/811/967 724/812/968 744/833/988 743/832/987
f 724/812/968 705/813/950 725/834/970 744/833/988
f 725/815/970 726/814/969 746/835/989 745/836/990
f 726/814/969 727/816/971 747/837/991 746/835/989
f 727/816/971 728/817/972 748/838/992 747/837/991
f 728/817/972 729/818/973 749/839/993 748/838/992
f 729/818/973 730/819/974 750/840/994 749/839/993
f 730/819/974 731/820/975 751/841/995 750/840/994
f 731/820/975 732/821/976 752/842/996 751/841/995
f 732/821/976 733/822/977 753/843/997 752/842/996
f 733/822/977 734/823/978 754/844/998 753/843/997
f 734/823/978 735/824/979 755/845/999 754/844/998
f 735/824/979 736/825/980 756/846/1000 755/845/999
f 736/825/980 737/826/981 757/847/1001 756/846/1000
f 737/826/981 738/827/982 758/848/1002 757/847/1001
f 738/827/982 739/828/983 759/849/1003 758/848/1002
f 739/828/983 740/829/984 760/850/1004 759/849/1003
f 740/829/984 741/830/985 761/851/1005 760/850/1004
f 741/830/985 742/831/986 762/852/1006 761/851/1005
f 742/831/986 743/832/987 763/853/1007 762/852/1006
f 743/832/987 744/833/988 764/854/1008 763/853/1007
f 744/833/988 725/834/970 745/855/990 764/854/1008
f 745/836/990 746/835/989 766/856/1009 765/857/1010
f 746/835/989 747/837/991 767/858/1011 766/856/1009
f 747/837/991 748/838/992 768/859/1012 767/858/1011
f 748/838/992 749/839/993 769/860/1013 768/859/1012
f 749/839/993 750/840/994 770/861/1014 769/860/1013
f 750/840/994 751/841/995 771/862/1015 770/861/1014
f 751/841/995 752/842/996 772/863/1016 771/862/1015
f 752/842/996 753/843/997 773/864/1017 772/863/1016
f 753/843/997 754/844/998 774/865/1018 773/864/1017
f 754/844/998 755/845/999 775/866/1019 774/865/1018
f 755/845/999 756/846/1000 776/867/1020 775/866/1019
f 756/846/1000 757/847/1001 777/868/1021 776/867/1020
f 757/847/1001 758/848/1002 778/869/1022 777/868/1021
f 758/848/1002 759/849/1003 779/870/1023 778/869/1022
f 759/849/1003 760/850/1004 780/871/1024 779/870/1023
f 760/850/1004 761/851/1005 781/872/1025 780/871/1024
f 761/851/1005 762/852/1006 782/873/1026 781/872/1025
f 762/852/1006 763/853/1007 783/874/1027 782/873/1026
f 763/853/1007 764/854/1008 784/875/1028 783/874/1027
f 764/854/1008 745/855/990 765/876/1010 784/875/1028
f 765/857/1010 766/856/1009 786/877/1029 785/878/1030
f 766/856/1009 767/858/1011 787/879/1031 786/877/1029
f 767/858/1011 768/859/1012 788/880/1032 787/879/1031
f 768/859/1012 769/860/1013 789/881/1033 788/880/1032
f 769/860/1013 770/861/1014 790/882/1034 789/881/1033
f 770/861/1014 771/862/1015 791/883/1035 790/882/1034
f 771/862/1015 772/863/1016 792/884/1036 791/883/1035
f 772/863/1016 773/864/1017 793/885/1037 792/884/1036
f 773/864/1017 774/865/1018 794/886/1038 793/885/1037
f 774/865/1018 775/866/1019 795/887/1039 794/886/1038
f 775/866/1019 776/867/1020 796/888/1040 795/887/1039
f 776/867/1020 777/868/1021 797/889/1041 796/888/1040
f 777/868/1021 778/869/1022 798/890/1042 797/889/1041
f 778/869/1022 779/870/1023 799/891/1043 798/890/1042
f 779/870/1023 780/871/1024 800/892/1044 799/891/1043
f 780/871/1024 781/872/1025 801/893/1045 800/892/1044
f 781/872/1025 782/873/1026 802/894/1046 801/893/1045
f 782/873/1026 783/874/1027 803/895/1047 802/894/1046
f 783/874/1027 784/875/1028 804/896/1048 803/895/1047
f 784/875/1028 765/876/1010 785/897/1030 804/896/1048
f 785/878/1030 786/877/1029 806/898/1049 805/899/1050
f 786/877/1029 787/879/1031 807/900/1051 806/898/1049
f 787/879/1031 788/880/1032 808/901/1052 807/900/1051
f 788/880/1032 789/881/1033 809/902/1053 808/901/1052
f 789/881/1033 790/882/1034 810/903/1054 809/902/1053
f 790/882/1034 791/883/1035 811/904/1055 810/903/1054
f 791/883/1035 792/884/1036 812/905/1056 811/904/1055
f 792/884/1036 793/885/1037 813/906/1057 812/905/1056
f 793/885/1037 794/886/1038 814/907/1058 813/906/1057
f 794/886/1038 795/887/1039 815/908/1059 814/907/1058
f 795/887/1039 796/888/1040 816/909/1060 815/908/1059
f 796/888/1040 797/889/1041 817/910/1061 816/909/1060
f 797/889/1041 798/890/1042 818/911/1062 817/910/1061
f 798/890/1042 799/891/1043 819/912/1063 818/911/1062
f 799/891/1043 800/892/1044 820/913/1064 819/912/1063
f 800/892/1044 801/893/1045 821/914/1065 820/913/1064
f 801/893/1045 802/894/1046 822/915/1066 821/914/1065
f 802/894/1046 803/895/1047 823/916/1067 822/915/1066
f 803/895/1047 804/896/1048 824/917/1068 823/916/1067
f 804/896/1048 785/897/1030 805/918/1050 824/917/1068
f 805/899/1050 806/898/1049 826/919/1069 825/920/1070
f 806/898/1049 807/900/1051 827/921/1071 826/919/1069
f 807/900/1051 808/901/1052 828/922/1072 827/921/1071
f 808/901/1052 809/902/1053 829/923/1073 828/922/1072
f 809/902/1053 810/903/1054 830/924/1074 829/923/1073
f 810/903/1054 811/904/1055 831/925/1075 830/924/1074
f 811/904/1055 812/905/1056 832/926/1076 831/925/1075
f 812/905/1056 813/906/1057 833/927/1077 832/926/1076
f 813/906/1057 814/907/1058 834/928/1078 833/927/1077
f 814/907/1058 815/908/1059 835/929/1079 834/928/1078
f 815/908/1059 816/909/1060 836/930/1080 835/929/1079
f 816/909/1060 817/910/1061 837/931/1081 836/930/1080
f 817/910/1061 818/911/1062 838/932/1082 837/931/1081
f 818/911/1062 819/912/1063 839/933/1083 838/932/1082
f 819/912/1063 820/913/1064 840/934/1084 839/933/1083
f 820/913/1064 821/914/1065 841/935/1085 840/934/1084
f 821/914/1065 822/915/1066 842/936/1086 841/935/1085
f 822/915/1066 823/916/1067 843/937/1087 842/936/1086
f 823/916/1067 824/917/1068 844/938/1088 843/937/1087
f 824/917/1068 805/918/1050 825/939/1070 844/938/1088
f 825/920/1070 826/919/1069 846/940/1089 845/941/1090
f 826/919/1069 827/921/1071 847/942/1091 846/940/1089
f 827/921/1071 828/922/1072 848/943/1092 847/942/1091
f 828/922/1072 829/923/1073 849/944/1093 848/943/1092
f 829/923/1073 830/924/1074 850/945/1094 849/944/1093
f 830/924/1074 831/925/1075 851/946/1095 850/945/1094
f 831/925/1075 832/926/1076 852/947/1096 851/946/1095
f 832/926/1076 833/927/1077 853/948/1097 852/947/1096
f 833/927/1077 834/928/1078 854/949/1098 853/948/1097
f 834/928/1078 835/929/1079 855/950/1099 854/949/1098
f 835/929/1079 836/930/1080 856/951/1100 855/950/1099
f 836/930/1080 837/931/1081 857/952/1101 856/951/1100
f 837/931/1081 838/932/1082 858/953/1102 857/952/1101
f 838/932/1082 839/933/1083 859/954/1103 858/953/1102
f 839/933/1083 840/934/1084 860/955/1104 859/954/1103
f 840/934/1084 841/935/1085 861/956/1105 860/955/1104
f 841/935/1085 842/936/1086 862/957/1106 861/956/1105
f 842/936/1086 843/937/1087 863/958/1107 862/957/1106
f 843/937/1087 844/938/1088 864/959/1108 863/958/1107
f 844/938/1088 825/939/1070 845/960/1090 864/959/1108
f 845/941/1090 846/940/1089 866/961/1109 865/962/1110
f 846/940/1089 847/942/1091 867/963/1111 866/961/1109
f 847/942/1091 848/943/1092 868/964/1112 867/963/1111
f 848/943/1092 849/944/1093 869/965/1113 868/964/1112
f 849/944/1093 850/945/1094 870/966/1114 869/965/1113
f 850/945/1094 851/946/1095 871/967/1115 870/966/1114
f 851/946/1095 852/947/1096 872/968/1116 871/967/1115
f 852/947/1096 853/948/1097 873/969/1117 872/968/1116
f 853/948/1097 854/949/1098 874/970/1118 873/969/1117
f 854/949/1098 855/950/1099 875/971/1119 874/970/1118
f 855/950/1099 856/951/1100 876/972/1120 875/971/1119
f 856/951/1100 857/952/1101 877/973/1121 876/972/1120
f 857/952/1101 858/953/1102 878/974/1122 877/973/1121
f 858/953/1102 859/954/1103 879/975/1123 878/974/1122
f 859/954/1103 860/955/1104 880/976/1124 879/975/1123
f 860/955/1104 861/956/1105 881/977/1125 880/976/1124
f 861/956/1105 862/957/1106 882/978/1126 881/977/1125
f 862/957/1106 863/958/1107 883/979/1127 882/978/1126
f 863/958/1107 864/959/1108 884/980/1128 883/979/1127
f 864/959/1108 845/960/1090 865/981/1110 884/980/1128
f 865/962/1110 866/961/1109 886/982/1129 885/983/1130
f 866/961/1109 867/963/1111 887/984/1131 886/982/1129
f 867/963/1111 868/964/1112 888/985/1132 887/984/1131
f 868/964/1112 869/965/1113 889/986/1133 888/985/1132
f 869/965/1113 870/966/1114 890/987/1134 889/986/1133
f 870/966/1114 871/967/1115 891/988/1135 890/987/1134
f 871/967/1115 872/968/1116 892/989/1136 891/988/1135
f 872/968/1116 873/969/1117 893/990/1137 892/989/1136
f 873/969/1117 874/970/1118 894/991/1138 893/990/1137
f 874/970/1118 875/971/1119 895/992/1139 894/991/1138
f 875/971/1119 876/972/1120 896/993/1140 895/992/1139
f 876/972/1120 877/973/1121 897/994/1141 896/993/1140
f 877/973/1121 878/974/1122 898/995/1142 897/994/1141
f 878/974/1122 879/975/1123 899/996/1143 898/995/1142
f 879/975/1123 880/976/1124 900/997/1144 899/996/1143
f 880/976/1124 881/977/1125 901/998/1145 900/997/1144
f 881/977/1125 882/978/1126 902/999/1146 901/998/1145
f 882/978/1126 883/979/1127 903/1000/1147 902/999/1146
f 883/979/1127 884/980/1128 904/1001/1148 903/1000/1147
f 884/980/1128 865/981/1110 885/1002/1130 904/1001/1148
f 526/605/770 525/604/769 905/1003/1149
f 527/608/773 526/605/770 905/1004/1149
f 528/610/775 527/608/773 905/1005/1149
f 529/612/777 528/610/775 905/1006/1149
f 530/614/779 529/612/777 905/1007/1149
f 531/616/781 530/614/779 905/1008/1149
f 532/618/783 531/616/781 905/1009/1149
f 533/620/785 532/618/783 905/1010/1149
f 534/622/787 533/620/785 905/1011/1149
f 535/624/789 534/622/787 905/1012/1149
f 536/626/791 535/624/789 905/1013/1149
f 537/628/793 536/626/791 905/1014/1149
f 538/630/795 537/628/793 905/1015/1149
f 539/632/797 538/630/795 905/1016/1149
f 540/634/799 539/632/797 905/1017/1149
f 541/636/801 540/634/799 905/1018/1149
f 542/638/803 541/636/801 905/1019/1149
f 543/640/805 542/638/803 905/1020/1149
f 544/642/807 543/640/805 905/1021/1149
f 525/644/769 544/642/807 905/1022/1149
f 885/983/1130 886/982/1129 906/1023/1150
f 886/982/1129 887/984/1131 906/1024/1150
f 887/984/1131 888/985/1132 906/1025/1150
f 888/985/1132 889/986/1133 906/1026/1150
f 889/986/1133 890/987/1134 906/1027/1150
f 890/987/1134 891/988/1135 906/1028/1150
f 891/988/1135 892/989/1136 906/1029/1150
f 892/989/1136 893/990/1137 906/1030/1150
f 893/990/1137 894/991/1138 906/1031/1150
f 894/991/1138 895/992/1139 906/1032/1150
f 895/992/1139 896/993/1140 906/1033/1150
f 896/993/1140 897/994/1141 906/1034/1150
f 897/994/1141 898/995/1142 906/1035/1150
f 898/995/1142 899/996/1143 906/1036/1150
f 899/996/1143 900/997/1144 906/1037/1150
f 900/997/1144 901/998/1145 906/1038/1150
f 901/998/1145 902/999/1146 906/1039/1150
f 902/999/1146 903/1000/1147 906/1040/1150
f 903/1000/1147 904/1001/1148 906/1041/1150
f 904/1001/1148 885/1002/1130 906/1042/1150
