# Blender 4.5.2 LTS
# www.blender.org
mtllib map.mtl
o Map.001
v 199.729370 -11.746347 -102.777817
v 165.652206 -11.746340 -45.186405
v 202.551071 1.641991 -107.546600
v 167.818893 22.974516 -30.718571
v 210.720764 4.431493 -77.804001
v 177.519470 22.974516 -15.672245
v 210.300110 -11.746346 -86.381805
v 184.290741 -11.746334 -16.276604
v 203.339188 47.228622 -90.519882
v 172.758301 55.080849 -39.153439
v 182.485748 55.080856 -24.065411
v 210.861313 48.234894 -72.020935
v 199.902786 61.739716 -84.712265
v 176.035767 66.203186 -42.514431
v 183.125381 66.203186 -31.517876
v 205.012589 62.206169 -68.507889
v 185.880844 75.755478 -65.621246
v 179.852432 72.587601 -43.706509
v 182.838821 72.587601 -39.074383
v 193.642044 76.279617 -58.229214
v 181.115158 -11.746344 -71.319260
v 174.527969 13.294607 -79.619263
v 181.023743 51.517799 -71.164780
v 182.639053 64.177841 -68.218140
v 199.083130 68.328735 -56.713932
v 195.433624 55.418358 -42.448215
v 195.144287 38.380135 -45.325481
v 191.900696 13.294613 -32.988056
v 196.092834 -11.746340 -48.087757
v 204.621078 -11.746344 -71.074631
v 200.794891 68.423996 -65.639740
v 195.139709 69.048599 -73.190277
v 190.367432 62.409851 -79.601486
v 187.274521 48.867729 -93.889221
v 184.621994 6.155495 -103.958908
v 193.658875 -11.746346 -92.518494
v 199.729370 -11.746336 -24.701744
v 165.652206 -11.746326 32.889679
v 202.551071 0.191823 -29.470520
v 167.818893 19.213686 47.357517
v 210.720764 2.679178 0.272079
v 177.519470 19.213686 62.403843
v 210.300110 -11.746334 -8.305721
v 184.290741 -11.746323 61.799480
v 203.339188 40.840691 -12.443810
v 172.758301 47.842369 38.922642
v 182.485748 47.842369 54.010670
v 210.861313 41.737946 6.055131
v 199.902786 53.779999 -6.636185
v 176.035767 57.759956 35.561653
v 183.125381 57.759956 46.558208
v 205.012589 54.195908 9.568192
v 185.880844 66.277588 12.454838
v 179.852432 63.452843 34.369572
v 182.838821 63.452843 39.001698
v 193.642044 66.744980 19.846876
v 181.115158 -11.746330 6.756825
v 174.527969 10.582270 -1.543179
v 181.023743 44.665268 6.911304
v 182.639053 55.953995 9.857939
v 199.083130 59.655304 21.362148
v 195.433624 48.143318 35.627869
v 195.144287 32.950615 32.750603
v 191.900696 10.582276 45.088032
v 196.092834 -11.746328 29.988327
v 204.621078 -11.746330 7.001449
v 200.794891 59.740250 12.436346
v 195.139709 60.297165 4.885804
v 190.367432 54.377518 -1.525408
v 187.274521 42.302223 -15.813154
v 184.621994 4.216443 -25.882824
v 193.658875 -11.746334 -14.442411
v 198.055756 -11.746313 124.188095
v 211.794250 -11.746323 58.695492
v 196.918167 -2.053652 129.611115
v 205.088409 13.390284 45.693775
v 179.614563 -0.034170 104.077774
v 191.063095 13.390282 34.567966
v 182.772339 -11.746315 112.064270
v 184.846207 -11.746326 37.318523
v 190.694443 30.949385 113.743042
v 203.125092 36.634056 55.269253
v 189.060898 36.634056 44.112606
v 177.621063 31.677841 98.647354
v 192.079849 41.454865 107.138657
v 201.103073 44.686195 59.505939
v 190.852737 44.686195 51.374683
v 182.028732 41.792526 93.439499
v 199.214813 51.601685 84.551590
v 197.872787 49.308289 61.862476
v 193.554993 49.308289 58.437313
v 189.488174 51.981216 80.049286
v 205.560226 -11.746318 88.413620
v 214.467361 6.382377 94.153290
v 205.597076 34.054565 88.237930
v 203.119705 43.219940 85.967575
v 183.848862 46.225052 80.364975
v 182.715073 36.878395 65.683548
v 183.914658 24.543394 68.314789
v 183.016861 6.382372 55.589741
v 183.905151 -11.746321 71.235382
v 183.225159 -11.746317 95.743851
v 185.099518 46.293991 89.366974
v 192.883102 46.746162 94.696869
v 199.464188 41.939987 99.232025
v 206.989044 32.135986 111.765274
v 212.739990 1.213947 120.446335
v 200.503128 -11.746315 112.521240
v -160.760849 -25.322237 115.263458
v 183.703568 -25.322237 115.263458
v 197.322403 -9.784199 115.263458
v 183.703568 -9.784229 -83.430344
v -160.760849 -25.322268 -83.430344
v 183.703568 -25.322268 -83.430344
v 0.098074 -9.784199 115.263458
v 45.939568 -9.922977 -83.430344
v -7.596251 -9.784187 83.640472
v -15.563808 -9.784199 18.168245
v 11.644577 -13.060022 6.736566
v 37.625603 -9.784201 6.043782
v 7.484137 -9.636036 -83.430344
v 41.700066 -13.060045 -37.805172
v 9.517729 -14.311734 -39.357479
v -26.897465 -12.307223 14.571712
v -16.635906 -11.356467 82.408325
v -21.728237 -11.413501 115.263458
v 30.749598 -14.695782 7.821199
v 181.444290 -14.695782 7.821199
v 30.749598 3.225322 7.821197
v 181.444290 3.225322 7.821197
v 30.749598 2.019741 -84.962891
v 181.444290 3.225307 -84.962891
v 30.749598 -14.695795 -82.089569
v 181.444290 -14.695795 -82.089569
v 148.045654 3.225307 -84.962891
v 30.749598 -3.272927 -12.480845
v 154.658279 3.225312 -61.035995
v 154.107224 3.225314 -42.851345
v 141.442596 3.225316 -28.347408
v 124.212708 3.225316 -22.875767
v 107.267914 3.225316 -29.488354
v 89.634323 3.225314 -34.998859
v 69.796494 3.225316 -31.279278
v 39.639008 2.129607 -14.173584
v 138.673462 3.193341 -84.962891
v 143.223969 3.225312 -59.658375
v 140.468719 3.225314 -44.091213
v 123.386139 3.225314 -36.652027
v 107.543442 3.225313 -47.121983
v 90.185379 3.225312 -55.249981
v 68.418869 3.225310 -65.168869
v 39.749817 2.124753 -71.242264
v 133.251648 3.225314 -40.948299
v 30.749598 -6.323645 -41.196369
v 39.690666 -0.932209 -40.779980
v 69.154602 -0.918425 -47.070141
v 89.891083 -0.918424 -44.434872
v 107.396301 -0.918423 -37.704746
v 123.827576 -0.918421 -29.294811
v 139.313080 -0.918423 -34.754543
v 149.330460 -0.918426 -60.394096
v 142.668793 3.134411 -84.962891
v 123.358643 3.075436 -84.962891
v 124.572235 3.225322 7.821197
v 125.176392 -14.695782 7.821199
v 124.940552 -14.695795 -82.089569
v 142.207367 3.225322 7.821197
v 107.529541 3.225322 7.821197
v 108.135941 -14.695782 7.821199
v 108.687653 -14.695795 -82.089569
v 107.683029 2.881405 -84.962891
v 91.621262 2.701512 -84.962891
v 92.416153 -14.695795 -82.089569
v 91.979614 -14.695782 7.821199
v 91.499832 3.225322 7.821197
v 71.062531 2.471249 -84.962891
v 71.588959 -14.695795 -82.089569
v 71.299850 -14.695782 17.173941
v 70.982101 3.225322 17.173937
v 40.631706 3.225322 7.821197
v 40.483971 -14.695782 7.821199
v 40.008942 -14.695795 -82.089569
v 39.915504 2.122401 -84.962891
v 140.742340 -14.695782 7.821199
v 137.103241 -14.695795 -82.089569
v 30.749598 -14.695786 -17.982422
v -162.248795 -13.430620 -78.078934
v 181.864151 -13.430620 -81.200424
v -162.248795 81.042145 -96.037048
v 181.864151 79.529800 -99.158539
v -162.248795 80.265121 -105.752350
v 181.864151 78.752777 -105.752350
v -162.248795 -14.207645 -87.794250
v 181.864151 -14.207645 -87.794250
v 142.445984 -13.430622 -83.693253
v 163.629990 78.962006 -101.651352
v 166.633469 76.230240 -105.752350
v 147.620117 -13.292721 -87.794250
v 70.408569 -13.430620 -81.200424
v 70.408569 80.970322 -96.397964
v 69.432312 80.613541 -104.941101
v 69.432312 -14.207645 -87.794250
v -0.033533 -13.430620 -79.641312
v -0.033533 85.495682 -96.667053
v 3.280626 84.718643 -105.366302
v 3.280626 -14.207645 -87.794250
v -72.346619 -13.430620 -81.200424
v -72.346619 85.495682 -88.237045
v -72.346619 84.718643 -105.392090
v -72.346619 -14.207645 -87.794250
v -125.364441 -13.430620 -81.889771
v -125.364441 82.702393 -99.847870
v -125.364441 81.628998 -105.752350
v -125.364441 -14.207645 -87.794250
v 147.331451 -13.430620 -81.200424
v 165.213333 79.021164 -99.158539
v 171.249802 74.450027 -105.752350
v 152.399002 -14.307682 -87.794250
v 136.528748 -13.430620 -76.263657
v 154.410599 77.925766 -101.027756
v 161.199478 79.127151 -105.752350
v 141.831970 -12.063408 -87.794250
v 73.276794 -13.430620 -74.646606
v 73.276794 80.279892 -97.942490
v 73.276794 79.502869 -104.828720
v 73.276794 -14.207645 -87.794250
v 65.327133 -13.430620 -80.067642
v 65.327133 84.040573 -93.999969
v 65.327133 82.846481 -105.014511
v 65.327133 -14.207645 -87.794250
v -3.318003 -13.430620 -73.765930
v -3.318003 85.495682 -95.739502
v -3.318003 84.718643 -105.665085
v -3.318003 -14.207645 -87.794250
v 9.130713 -13.430620 -77.789917
v 9.130713 85.495682 -91.722260
v 9.130713 84.718643 -105.413040
v 9.130713 -14.207645 -87.794250
v -66.349838 -13.430620 -73.652725
v -66.349838 85.495682 -90.309052
v -66.349838 84.718643 -105.271530
v -66.349838 -14.207645 -87.794250
v -79.085785 -13.430620 -73.541382
v -79.085785 85.495682 -85.417206
v -79.085785 84.718643 -105.322891
v -79.085785 -14.207645 -87.794250
v -119.239868 -13.430620 -76.361206
v -119.239868 85.187683 -99.158539
v -119.239868 84.368362 -105.752350
v -119.239868 -14.207645 -87.794250
v -130.494690 -13.430620 -79.302750
v -130.494690 81.042145 -97.260849
v -130.494690 80.265121 -105.752350
v -130.494690 -14.207645 -87.794250
v -162.248795 52.367630 -91.988388
v -162.248795 51.590607 -99.738617
v -130.494690 51.590607 -99.738617
v -125.364441 51.590607 -99.738617
v -119.239868 51.590607 -99.738617
v -79.085785 51.590607 -99.738617
v -72.346619 51.590607 -99.738617
v -66.349838 51.590607 -99.738617
v -3.318007 51.590607 -99.738617
v 3.280626 51.590607 -99.738617
v 9.130713 51.590607 -99.738617
v 65.327133 51.590607 -99.738617
v 69.432312 51.590607 -99.738617
v 73.276794 51.590607 -99.738617
v 155.501663 52.299240 -99.738617
v 161.289780 51.069931 -99.738617
v 166.068680 50.054962 -99.738602
v 181.864151 51.590607 -99.738617
v 181.864151 52.367630 -90.808792
v 151.390366 52.367630 -88.361328
v 148.808380 52.367630 -93.190155
v 140.587646 52.367630 -92.566559
v 73.276794 52.367630 -90.949493
v 70.408569 52.367630 -90.697342
v 65.327133 52.367630 -85.206070
v 9.130713 52.367630 -85.375809
v -0.033533 52.367630 -91.585678
v -4.039492 52.367630 -93.752426
v -56.126648 52.367630 -93.639206
v -71.013107 52.367630 -93.144806
v -90.030457 52.367630 -85.485748
v -119.239868 52.367630 -88.305573
v -125.364441 52.367630 -93.834137
v -130.494690 52.367630 -93.212189
v -162.248795 22.094191 -81.438522
v -162.248795 21.317163 -94.243073
v -130.494690 21.317163 -94.243073
v -125.364441 21.317163 -94.243073
v -119.239868 21.317163 -94.243073
v -79.085785 21.317163 -94.243073
v -72.346619 21.317163 -94.243073
v -66.349838 21.317163 -94.243073
v -3.318007 21.317163 -94.243073
v 3.280626 21.317163 -94.243073
v 9.130713 21.317163 -94.243073
v 65.327133 21.317163 -94.243073
v 69.432312 21.317163 -94.243073
v 73.276794 21.317163 -94.243073
v 149.212296 22.686312 -94.243073
v 155.000443 21.457003 -94.243073
v 159.779343 20.442034 -94.243073
v 181.864151 21.317163 -94.243073
v 181.864151 22.094191 -85.313232
v 147.331451 22.094191 -82.865784
v 144.749481 22.094191 -87.694611
v 136.528748 22.094191 -80.265015
v 73.276794 22.094191 -81.095413
v 70.408569 22.094191 -85.201782
v 65.327133 22.094191 -84.971436
v 16.445450 22.094191 -85.141174
v 7.281202 22.094198 -86.090134
v -3.318007 22.094191 -80.214752
v -66.349838 22.094191 -80.101532
v -72.346619 22.094191 -87.649246
v -79.085785 22.094191 -79.990189
v -119.239868 22.094191 -82.810028
v -125.364441 22.094191 -88.338577
v -130.494690 22.094191 -82.662323
v -162.248795 -68.662643 134.634644
v 181.864151 -68.662643 131.513168
v -162.248795 -10.805973 116.676575
v 181.864151 -10.805969 113.555084
v -162.248795 -11.260410 109.274673
v 181.864151 -11.260410 109.274673
v -162.248795 -69.117088 127.232758
v 181.864151 -69.117088 127.232758
v 142.445984 -68.662643 129.020355
v 163.629990 -10.805969 111.062271
v 142.445984 -11.260410 109.274673
v 142.445984 -69.117088 127.232758
v 70.408569 -68.662643 131.513168
v 70.408569 -10.805969 113.555084
v 69.432312 -11.260410 109.274673
v 69.432312 -69.117088 127.232758
v -0.033533 -68.662643 133.072281
v -0.033533 -10.805969 115.114212
v 3.280626 -11.260410 109.274673
v 3.280626 -69.117088 127.232758
v -72.346619 -68.662643 131.513168
v -72.346619 -10.805969 113.555084
v -72.346619 -11.260410 109.274673
v -72.346619 -69.117088 127.232758
v -125.364441 -68.662643 130.823837
v -125.364441 -10.805969 112.865753
v -125.364441 -11.260410 109.274673
v -125.364441 -69.117088 127.232758
v 147.331451 -68.662643 131.513168
v 165.213333 -10.805969 113.555084
v 147.331451 -11.260410 109.274673
v 147.331451 -69.117088 127.232758
v 136.528748 -68.662651 136.449921
v 154.410599 -10.805969 111.685867
v 136.528748 -11.260410 109.274673
v 136.528748 -69.117088 127.232758
v 73.276794 -68.662643 138.066986
v 73.276794 -10.805973 113.302933
v 73.276794 -11.260410 109.274673
v 73.276794 -69.117088 127.232758
v 65.327133 -68.662643 132.645950
v 65.327133 -10.805965 114.687881
v 65.327133 -11.260410 109.274673
v 65.327133 -69.117088 127.232758
v -3.318003 -68.662651 138.947647
v -3.318003 -11.511107 116.886856
v -3.318003 -11.719637 109.274673
v -3.318003 -69.117088 127.232758
v 9.130713 -68.662643 134.923660
v 9.130713 -10.805969 116.965591
v 9.130713 -11.260410 109.274673
v 9.130713 -69.117088 127.232758
v -66.349838 -68.662651 139.060867
v -66.349838 -11.511107 117.000076
v -66.349838 -11.719637 109.274673
v -66.349838 -69.117088 127.232758
v -79.085785 -68.662643 139.172211
v -79.085785 -10.805969 116.374908
v -79.085785 -11.260410 109.274673
v -79.085785 -69.117088 127.232758
v -119.239868 -68.662643 136.352386
v -119.239868 -10.805969 113.555084
v -119.239868 -11.260410 109.274673
v -119.239868 -69.117088 127.232758
v -130.494690 -68.662651 133.410843
v -130.494690 -10.805969 115.452774
v -130.494690 -11.260410 109.274673
v -130.494690 -69.117088 127.232758
v -162.248795 -30.180780 120.725235
v -162.248795 -30.635218 115.288406
v -130.494690 -30.635218 115.288406
v -125.364441 -30.635218 115.288406
v -119.239868 -30.635218 115.288406
v -79.085785 -30.635218 115.288406
v -72.346619 -30.635218 115.288406
v -66.349838 -30.635218 115.288406
v -3.318007 -30.635218 115.288406
v 3.280626 -30.635218 115.288406
v 9.130713 -30.635218 115.288406
v 65.327133 -30.635218 115.288406
v 69.432312 -30.635218 115.288406
v 73.276794 -30.635218 115.288406
v 136.528748 -30.635218 115.288406
v 142.445984 -30.635218 115.288406
v 147.331451 -30.635218 115.288406
v 181.864151 -30.635218 115.288406
v 181.864151 -30.180780 121.904831
v 151.390366 -30.180780 124.352280
v 148.808380 -30.180780 119.523453
v 140.587646 -30.180780 120.147064
v 73.276794 -30.180780 121.764114
v 70.408569 -30.180780 122.016281
v 65.327133 -30.180780 127.507538
v 9.130713 -30.180780 127.337799
v -0.033533 -30.180777 121.127945
v -4.039492 -30.180777 118.961197
v -56.126648 -30.180777 119.074417
v -71.013107 -30.180780 119.568817
v -90.030457 -30.180780 127.227875
v -119.239868 -30.180777 124.408051
v -125.364441 -30.180777 118.879486
v -130.494690 -30.180780 119.501419
v -162.248795 -47.886089 131.275070
v -162.248795 -48.340534 120.783936
v -130.494690 -48.340534 120.783936
v -125.364441 -48.340534 120.783936
v -119.239868 -48.340534 120.783936
v -79.085785 -48.340534 120.783936
v -72.346619 -48.340534 120.783936
v -66.349838 -48.340534 120.783936
v -3.318007 -48.340534 120.783936
v 3.280626 -48.340534 120.783936
v 9.130713 -48.340534 120.783936
v 65.327133 -48.340534 120.783936
v 69.432312 -48.340534 120.783936
v 73.276794 -48.340534 120.783936
v 136.528748 -48.340534 120.783936
v 142.445984 -48.340534 120.783936
v 147.331451 -48.340534 120.783936
v 181.864151 -48.340534 120.783936
v 181.864151 -47.886086 127.400360
v 147.331451 -47.886086 129.847824
v 144.749481 -47.886097 125.018997
v 136.528748 -47.886089 132.448563
v 73.276794 -47.886089 131.618179
v 70.408569 -47.886086 127.511810
v 65.327133 -47.886086 127.742172
v 16.445450 -47.886086 127.572418
v 7.281202 -47.886086 126.623474
v -3.318007 -47.886089 132.498825
v -66.349838 -47.886086 132.612045
v -72.346619 -47.886097 125.064346
v -79.085785 -47.886089 132.723389
v -119.239868 -47.886086 129.903580
v -125.364441 -47.886097 124.375015
v -130.494690 -47.886089 130.051270
v 15.687679 -11.746330 14.526646
v 36.429474 -11.746330 14.526646
v 13.970186 -7.446843 14.526650
v 38.515366 -0.596188 9.898531
v 14.965025 -6.551032 0.134597
v 38.515366 -0.596190 1.872410
v 15.687679 -11.746332 5.780561
v 36.429474 -11.746332 -0.894629
v 16.938190 7.192706 9.840065
v 35.492531 9.714344 9.920776
v 35.492531 9.714342 1.872408
v 18.221138 7.515856 1.872408
v 19.029831 11.852757 9.840065
v 33.906662 13.286137 9.364769
v 33.906662 13.286135 3.498907
v 20.584547 12.002550 3.498907
v 26.699503 16.353731 11.016001
v 32.571037 15.336407 8.022458
v 32.571037 15.336405 5.551557
v 25.826963 16.522051 5.780560
v 27.017614 -11.746330 14.526646
v 27.377672 -3.704762 19.487371
v 27.073259 8.570118 14.526646
v 27.156107 12.635723 13.077537
v 24.526606 13.968729 3.046301
v 28.268728 9.822725 0.979063
v 24.240309 4.351128 -3.452640
v 27.377672 -3.704766 -5.386990
v 27.017614 -11.746332 2.134325
v 20.216560 -11.746332 4.323061
v 22.351740 13.999323 4.586363
v 22.581060 14.199909 8.953671
v 22.767160 12.067959 12.649223
v 20.984884 7.719090 17.630957
v 19.866476 -5.997386 21.345913
v 19.382620 -11.746330 14.526646
v 33.568207 -10.295116 16.686651
v 65.826553 -10.295116 16.686651
v 33.568207 -10.295116 8.254464
v 58.272472 -10.295116 8.580024
v 29.238676 -0.717800 18.525545
v 35.375675 7.493694 15.035484
v 59.747311 4.412799 15.035486
v 67.313461 -0.717800 18.525545
v 35.375675 4.412799 10.248821
v 29.238676 -4.295577 7.740201
v 58.636700 4.412799 9.675020
v 62.602001 -4.295577 6.879348
v 56.310093 -10.295115 19.476034
v 57.302143 -0.717799 19.977594
v 48.946335 6.211351 5.662943
v 53.878544 -4.295577 4.085714
v 52.962803 -10.295116 7.330645
v 35.576271 -10.295116 16.932951
v 38.676933 -0.717799 21.943554
v 44.110268 9.815502 18.123297
v 57.270580 7.861973 15.926529
v 82.204971 -10.295116 14.763432
v 49.946617 -10.295116 14.763432
v 82.204971 -10.295115 23.195621
v 57.500698 -10.295115 22.870060
v 86.534500 -0.717801 12.924540
v 80.397491 7.493695 16.414595
v 56.025860 4.412799 16.414595
v 48.459709 -0.717801 12.924540
v 80.397491 4.412799 21.201260
v 86.534500 -4.295573 23.709881
v 57.136471 3.414327 21.775063
v 56.182262 -4.295573 23.535564
v 59.463078 -10.295116 11.974052
v 57.688038 -0.717801 9.386408
v 66.826828 6.211354 25.787136
v 61.894627 -4.295573 27.364368
v 62.810368 -10.295115 24.119438
v 80.196899 -10.295116 14.517136
v 77.096237 -0.717801 9.506527
v 71.662903 9.815502 13.326786
v 58.502598 7.861973 15.523552
v 108.571106 -9.631403 20.550781
v 101.582703 6.250827 20.550781
v 105.101685 -13.357080 20.550789
v 90.381699 6.301999 16.027895
v 103.923065 -12.585556 6.485951
v 90.381699 6.301997 8.184251
v 108.571106 -9.631405 12.003548
v 101.582703 6.250825 5.480120
v 90.318100 -15.955311 15.970760
v 81.692474 4.242641 16.049635
v 81.692474 4.242640 8.184251
v 89.581573 -14.619640 8.184253
v 85.225784 -15.470097 15.970760
v 78.863846 0.965526 15.506269
v 78.863846 0.965526 9.773771
v 84.560913 -13.752476 9.773773
v 78.403870 -8.537190 17.119959
v 77.383438 -1.402241 14.194475
v 77.383438 -1.402242 11.779753
v 78.539368 -9.604492 12.003551
v 104.753784 3.332669 20.550781
v 97.061081 0.451955 25.398727
v 85.606461 -4.922443 20.550785
v 81.750656 -6.492352 19.134626
v 81.381516 -10.046928 9.331455
v 84.024292 -4.067450 7.311217
v 90.533264 -6.436484 2.980270
v 97.061081 0.451951 1.089897
v 104.753784 3.332667 8.440209
v 107.045212 -4.449315 10.579184
v 82.085495 -12.547993 10.836504
v 81.819382 -12.367733 15.104519
v 83.763962 -11.281841 18.716051
v 88.459061 -11.540487 23.584515
v 101.750366 -7.203853 27.215012
v 107.326187 -5.403531 20.550781
v 106.285370 -10.295116 16.686651
v 138.543701 -10.295116 16.686651
v 106.285370 -10.295116 8.254464
v 130.989624 -10.295116 8.580024
v 101.955856 -0.717800 18.525545
v 108.092834 7.493694 15.035484
v 132.464478 4.412799 15.035486
v 140.030609 -0.717800 18.525545
v 108.092834 4.412799 10.248821
v 101.955856 -4.295577 7.740201
v 131.353851 4.412799 9.675020
v 135.319153 -4.295577 6.879348
v 129.027252 -10.295115 19.476034
v 130.019287 -0.717799 19.977594
v 121.663483 6.211351 5.662943
v 126.595703 -4.295577 4.085714
v 125.679962 -10.295116 7.330645
v 108.293427 -10.295116 16.932951
v 111.394089 -0.717799 21.943554
v 116.827423 9.815502 18.123297
v 129.987732 7.861973 15.926529
v 154.922134 -10.295116 11.696474
v 122.663788 -10.295116 11.696474
v 154.922134 -10.295115 20.128664
v 130.217834 -10.295115 19.803102
v 159.251663 -0.717801 9.857580
v 153.114670 7.493694 13.347637
v 128.743011 4.412799 13.347639
v 121.176880 -0.717801 9.857580
v 153.114670 4.412799 18.134302
v 159.251663 -4.295575 20.642921
v 129.853638 3.414326 18.708105
v 128.899414 -4.295575 20.468605
v 132.180237 -10.295116 8.907092
v 130.405182 -0.717802 6.319448
v 139.543976 6.211354 22.720177
v 134.611786 -4.295573 24.297409
v 135.527527 -10.295115 21.052479
v 152.914078 -10.295116 11.450178
v 149.813400 -0.717802 6.439568
v 144.380066 9.815502 10.259825
v 131.219757 7.861973 12.456594
v 181.288284 -9.631403 20.550781
v 174.299881 6.250827 20.550781
v 177.818863 -13.357080 20.550789
v 163.098862 6.301999 16.027895
v 176.640213 -12.585556 6.485951
v 163.098862 6.301997 8.184251
v 181.288284 -9.631405 12.003548
v 174.299881 6.250825 5.480120
v 163.035263 -15.955311 15.970760
v 154.409653 4.242641 16.049635
v 154.409653 4.242640 8.184251
v 162.298752 -14.619640 8.184253
v 157.942947 -15.470097 15.970760
v 151.581009 0.965526 15.506269
v 151.581009 0.965526 9.773771
v 157.278091 -13.752476 9.773773
v 151.121048 -8.537190 17.119959
v 150.100601 -1.402241 14.194475
v 150.100601 -1.402242 11.779753
v 151.256546 -9.604492 12.003551
v 177.470963 3.332669 20.550781
v 169.778244 0.451955 25.398727
v 158.323624 -4.922443 20.550785
v 154.467819 -6.492352 19.134626
v 154.098679 -10.046928 9.331455
v 156.741470 -4.067450 7.311217
v 163.250443 -6.436484 2.980270
v 169.778244 0.451951 1.089897
v 177.470963 3.332667 8.440209
v 179.762405 -4.449315 10.579184
v 154.802658 -12.547993 10.836504
v 154.536545 -12.367733 15.104519
v 156.481125 -11.281841 18.716051
v 161.176224 -11.540487 23.584515
v 174.467545 -7.203853 27.215012
v 180.043381 -5.403531 20.550781
v -161.370560 -11.746347 -99.367371
v -195.447739 -11.746338 -41.775951
v -158.548874 3.088128 -104.136139
v -193.281052 26.724882 -27.308121
v -150.379166 6.178937 -74.393539
v -183.580460 26.724886 -12.261794
v -150.799820 -11.746346 -82.971344
v -176.809219 -11.746334 -12.866151
v -157.760757 53.598785 -87.109451
v -188.341629 62.299156 -35.742992
v -178.614182 62.299164 -20.654961
v -150.238632 54.713753 -68.610504
v -161.197159 69.677292 -81.301819
v -185.064163 74.622879 -39.103977
v -177.974564 74.622879 -28.107430
v -156.087357 70.194122 -65.097443
v -175.219101 85.206955 -62.210796
v -181.247513 81.696915 -40.296070
v -178.261124 81.696915 -35.663944
v -167.457901 85.787704 -54.818760
v -179.984787 -11.746342 -67.908798
v -186.571976 15.999395 -76.208801
v -180.076187 58.351250 -67.754333
v -178.460892 72.378754 -64.807693
v -162.016800 76.978012 -53.303493
v -165.666306 62.673134 -39.037762
v -165.955643 43.794525 -41.915028
v -169.199234 15.999403 -29.577606
v -165.007095 -11.746340 -44.677303
v -156.478867 -11.746342 -67.664185
v -160.305038 77.083572 -62.229290
v -165.960220 77.775635 -69.779831
v -170.732498 70.419800 -76.191040
v -173.825424 55.414948 -90.478790
v -176.477951 8.089151 -100.548447
v -167.441086 -11.746346 -89.108032
v -161.370560 -11.746336 -21.291294
v -195.447739 -11.746326 36.300129
v -158.548874 0.471418 -26.060070
v -193.281052 19.938776 50.767971
v -150.379166 3.017030 3.682530
v -183.580460 19.938780 65.814301
v -150.799820 -11.746332 -4.895269
v -176.809219 -11.746323 65.209930
v -157.760757 42.072273 -9.033360
v -188.341629 49.237953 42.333096
v -178.614182 49.237953 57.421124
v -150.238632 42.990555 9.465584
v -161.197159 55.314606 -3.225734
v -185.064163 59.387810 38.972103
v -177.974564 59.387810 49.968662
v -156.087357 55.740280 12.978643
v -175.219101 68.104919 15.865288
v -181.247513 65.214020 37.780025
v -178.261124 65.214020 42.412151
v -167.457901 68.583252 23.257324
v -179.984787 -11.746330 10.167276
v -186.571976 11.105204 1.867271
v -180.076187 45.986420 10.321754
v -178.460892 57.539551 13.268387
v -162.016800 61.327545 24.772598
v -165.666306 49.545952 39.038319
v -165.955643 33.997429 36.161053
v -169.199234 11.105211 48.498478
v -165.007095 -11.746326 33.398777
v -156.478867 -11.746330 10.411900
v -160.305038 61.414459 15.846798
v -165.960220 61.984436 8.296255
v -170.732498 55.926163 1.885044
v -173.825424 43.568062 -12.402703
v -176.477951 4.590291 -22.472374
v -167.441086 -11.746334 -11.031959
v -163.069260 -11.746313 127.598541
v -149.330795 -11.746323 62.105946
v -164.206863 -2.417291 133.021545
v -156.036606 12.447245 49.104221
v -181.510452 -0.473570 107.488220
v -170.061935 12.447243 37.978420
v -178.352676 -11.746315 115.474716
v -176.278824 -11.746326 40.728970
v -170.430588 29.347570 117.153503
v -157.999924 34.818977 58.679707
v -172.064133 34.818977 47.523060
v -183.503952 30.048693 102.057800
v -169.045181 39.458923 110.549103
v -160.021957 42.569046 62.916393
v -170.272293 42.569046 54.785130
v -179.096298 39.783951 96.849960
v -161.910202 49.225082 87.962067
v -163.252243 47.017708 65.272934
v -167.570023 47.017708 61.847767
v -171.636856 49.590393 83.459747
v -155.564804 -11.746318 91.824066
v -146.657669 5.702247 97.563751
v -155.527939 32.336243 91.648376
v -158.005325 41.157806 89.378036
v -177.276169 44.050156 83.775436
v -178.409958 35.054169 69.094009
v -177.210373 23.181929 71.725250
v -178.108170 5.702242 59.000195
v -177.219864 -11.746321 74.645828
v -177.899857 -11.746317 99.154312
v -176.025497 44.116493 92.777435
v -168.241928 44.551743 98.107315
v -161.660843 39.925858 102.642471
v -154.135971 30.489683 115.175720
v -148.385025 0.727726 123.856796
v -160.621902 -11.746315 115.931702
v -160.760849 -9.784199 115.263458
v -160.760849 -9.784229 -83.430344
v -23.611012 -9.203037 -83.430344
v -29.086597 -9.784199 115.263458
v -34.988651 -9.394558 -41.761364
v -36.720760 -9.784199 10.893541
v -23.822086 -9.749857 81.991745
v 183.703568 -25.322264 -62.501690
v -160.760849 -9.784222 -41.651104
v -160.760849 -25.322264 -39.362461
v 185.361221 -9.784225 -59.245495
v 188.875076 -9.784218 -7.979758
v 183.703568 -25.322256 -9.835416
v -10.625139 -11.920383 -83.430344
v -19.727726 -25.322237 115.263458
v -11.778294 -14.583228 -40.507725
v -16.548893 -25.322268 -83.430344
v -17.094700 -25.322264 -49.013172
v -28.217670 -25.322264 -48.265987
v -29.377079 -25.322237 115.263458
v -27.968342 -25.322268 -83.430344
v -160.760849 -25.322252 13.111818
v -17.936642 -25.322256 3.597289
v -28.590412 -25.322256 4.307017
v -160.760849 -9.784214 13.600212
v 183.703568 -25.322245 87.869904
v -29.180790 -25.322245 87.577560
v -19.285725 -25.322245 87.619125
v -160.760849 -25.322245 87.025055
v 195.389023 -9.784203 87.056473
v -160.760849 -9.784203 85.645248
v -8.329466 -25.322245 87.632660
v -7.129484 -25.322264 -49.682575
v -7.773111 -25.322256 2.920223
v -8.272989 -25.322237 115.263458
v -4.430201 -25.322268 -83.430328
v 38.839256 -25.322245 87.690933
v 38.590126 -25.322264 -52.753773
v 37.954887 -9.784199 115.263458
v 38.683403 -25.322256 -0.174579
v 37.861855 -9.784187 84.405472
v 38.888199 -25.322237 115.263458
v 38.535721 -25.322268 -83.430344
v -2.100351 -14.676102 -39.984997
v 0.210752 -10.553516 -83.430344
v 10.731707 -25.322256 1.687485
v 10.267540 -25.322237 115.263458
v 14.111069 -9.784187 84.005783
v 10.947601 -25.322264 -50.896900
v 10.380911 -25.322245 87.655777
v 13.407343 -9.784199 115.263458
v 11.083273 -25.322268 -83.430328
v 153.140427 3.225322 7.821197
v 151.314041 -14.695782 7.821199
v 148.318512 -14.695795 -82.089569
v 133.952911 3.157001 -84.962891
v 107.637894 2.992598 -72.728363
v 123.366180 3.116522 -71.718948
v 69.740707 2.848279 -75.065872
v 91.119644 2.884496 -74.583069
v 39.839867 2.673855 -81.816254
v 133.747040 3.177053 -72.041336
v 30.749598 -14.695795 -76.071243
v 71.566666 -14.695795 -75.158234
v 137.443359 -14.695795 -73.684692
v 92.380249 -14.695795 -74.692673
v 30.749598 1.172696 -81.180069
v 40.041832 -14.695795 -75.863388
v 124.961853 -14.695795 -73.963867
v 108.640030 -14.695795 -74.328964
v 181.444290 -14.695795 -72.700470
v 148.606842 -14.695795 -73.434982
v 181.444290 3.225310 -72.212189
v 146.132996 1.726088 -72.186554
v 151.599380 3.225310 -72.104248
v 140.992645 3.209639 -72.066422
v 71.495239 -14.695791 -52.437237
v 40.164597 -14.695791 -52.627758
v 30.749598 -14.695791 -52.682598
v 92.271576 -14.695791 -52.312130
v 181.444290 3.225314 -42.053104
v 149.321671 -14.695791 -51.979923
v 125.019165 -14.695791 -52.117779
v 181.444290 -14.695791 -51.778561
v 108.504333 -14.695791 -52.214428
v 138.318909 -14.695791 -52.048000
v 137.941956 -14.695793 -61.363319
v 92.320724 -14.695793 -62.434155
v 71.528198 -14.695793 -62.922199
v 107.607361 3.067817 -64.451309
v 124.994110 -14.695793 -61.667244
v 40.106308 -14.695793 -63.659748
v 123.371521 3.145659 -62.327991
v 108.564713 -14.695793 -62.052868
v 30.749598 -14.695793 -63.879368
v 69.011703 3.056220 -69.607574
v 90.739380 3.023215 -66.714157
v 181.444290 3.225312 -60.206482
v 30.749598 -0.494601 -73.734131
v 39.770760 2.252470 -73.701752
v 133.570404 3.194259 -60.954704
v 149.017715 -14.695793 -61.103348
v 181.444290 -14.695793 -60.342232
v 30.749598 -1.388917 -69.740234
v 181.444290 3.225314 -34.483013
v 147.382568 3.225314 -35.150059
v 153.958420 3.225314 -35.052578
v 30.749598 -14.695789 -40.774593
v 125.043945 -14.695789 -42.665661
v 149.615555 -14.695789 -43.158436
v 181.444290 -14.695789 -43.796757
v 71.464798 -14.695789 -41.591137
v 108.443695 -14.695789 -42.332737
v 40.226219 -14.695789 -40.964649
v 138.687622 -14.695789 -42.939281
v 92.221542 -14.695789 -42.007412
v 147.332458 -0.146596 -43.467236
v 108.291550 -14.695786 -17.538990
v 153.753922 3.225316 -24.333370
v 40.347931 -14.695786 -17.927540
v 139.723053 -14.695786 -17.359257
v 125.110107 -14.695786 -17.442814
v 92.103195 -14.695786 -17.631569
v 150.477158 -14.695786 -17.297752
v 181.444290 -14.695786 -17.120663
v 181.444290 3.225318 -15.305038
v 71.397888 -14.695786 -17.749973
v 147.678680 3.225316 -26.314163
v 143.975311 -14.695793 -61.221703
v 145.114441 -14.695786 -17.328423
v 144.214355 -14.695791 -52.011524
v 144.446777 -14.695789 -43.054775
v 148.689941 3.225322 7.821197
v 143.433746 -14.695795 -82.089569
v 143.655487 -14.695795 -73.545731
v 145.767120 -14.695782 7.821199
vn -0.8237 -0.4551 -0.3381
vn 0.9151 -0.1205 0.3848
vn -0.0000 -1.0000 -0.0000
vn -0.8281 -0.1708 0.5339
vn 0.9263 -0.0535 -0.3730
vn -0.9158 0.1851 -0.3565
vn -0.8111 0.2622 0.5229
vn 0.9005 -0.0029 0.4349
vn 0.9470 0.0702 -0.3135
vn -0.8261 0.4057 -0.3911
vn -0.7773 0.3805 0.5011
vn 0.8912 0.0673 0.4486
vn 0.8605 0.3884 -0.3297
vn -0.3813 0.7692 -0.5127
vn -0.7195 0.5168 0.4639
vn 0.8334 0.4054 0.3757
vn 0.9122 0.2294 0.3395
vn 0.8720 0.3301 0.3616
vn 0.4107 0.8364 -0.3631
vn -0.1587 0.9823 0.0990
vn -0.9596 -0.0423 -0.2781
vn -0.9662 0.1571 -0.2045
vn -0.9461 0.1901 -0.2621
vn -0.8996 0.3715 -0.2297
vn 0.7399 0.4433 0.5060
vn 0.8152 0.0666 0.5754
vn 0.8398 0.0744 0.5378
vn 0.8851 0.0405 0.4637
vn 0.9178 -0.2044 0.3405
vn 0.6333 0.7206 -0.2822
vn -0.0028 0.5823 -0.8130
vn 0.0466 0.2914 -0.9555
vn -0.5052 -0.4739 -0.7212
vn -0.4540 0.3141 -0.8338
vn 0.7201 0.5686 0.3976
vn -0.8026 -0.4973 -0.3294
vn 0.9134 -0.1349 0.3841
vn -0.8250 -0.1908 0.5319
vn 0.9259 -0.0600 -0.3729
vn -0.9117 0.2067 -0.3550
vn -0.8040 0.2914 0.5183
vn 0.9005 -0.0032 0.4349
vn 0.9464 0.0786 -0.3134
vn -0.8091 0.4456 -0.3831
vn -0.7632 0.4189 0.4920
vn 0.8907 0.0755 0.4483
vn 0.8442 0.4274 -0.3235
vn -0.3551 0.8036 -0.4776
vn -0.6960 0.5606 0.4487
vn 0.8174 0.4435 0.3677
vn 0.9061 0.2555 0.3372
vn 0.8623 0.3603 0.3559
vn 0.3780 0.8634 -0.3342
vn -0.1420 0.9859 0.0886
vn -0.9594 -0.0474 -0.2780
vn -0.9631 0.1757 -0.2039
vn -0.9417 0.2122 -0.2609
vn -0.8840 0.4094 -0.2257
vn 0.7218 0.4850 0.4937
vn 0.8147 0.0746 0.5751
vn 0.8392 0.0834 0.5374
vn 0.8849 0.0454 0.4636
vn 0.9129 -0.2280 0.3387
vn 0.5947 0.7590 -0.2650
vn -0.0027 0.6263 -0.7796
vn 0.0461 0.3233 -0.9452
vn -0.4912 -0.5168 -0.7012
vn -0.4484 0.3479 -0.8234
vn 0.6919 0.6126 0.3820
vn 0.8153 -0.5768 0.0506
vn -0.9838 -0.1654 -0.0696
vn 0.6044 -0.2329 -0.7619
vn -0.7561 -0.0738 0.6503
vn 0.9669 0.2518 0.0423
vn 0.5819 0.3513 -0.7335
vn -0.9925 -0.0040 -0.1221
vn -0.7940 0.0967 0.6002
vn 0.8469 0.5227 0.0975
vn 0.5403 0.4941 -0.6811
vn -0.9861 0.0928 -0.1377
vn -0.6646 0.5031 0.5524
vn 0.4242 0.8570 0.2926
vn 0.4773 0.6404 -0.6017
vn -0.8522 0.5170 -0.0803
vn -0.9505 0.3096 -0.0274
vn -0.9055 0.4208 -0.0554
vn -0.2127 0.9034 0.3722
vn 0.0865 0.9906 -0.1057
vn 0.9973 -0.0584 -0.0453
vn 0.9698 0.2147 -0.1159
vn 0.9645 0.2584 -0.0553
vn 0.8726 0.4837 -0.0678
vn -0.7953 0.5641 -0.2221
vn -0.9550 0.0918 -0.2820
vn -0.9657 0.1025 -0.2384
vn -0.9865 0.0559 -0.1542
vn -0.9605 -0.2771 -0.0266
vn -0.4195 0.8206 0.3882
vn 0.2310 0.7033 0.6723
vn 0.2537 0.3878 0.8861
vn 0.6474 -0.5966 0.4742
vn 0.6688 0.4157 0.6164
vn -0.7120 0.6905 -0.1273
vn -0.0000 -0.0000 1.0000
vn -0.1034 0.9946 0.0051
vn -0.0000 -0.0000 -1.0000
vn 0.7748 -0.6316 -0.0269
vn 0.8292 -0.5582 -0.0284
vn 0.8306 -0.5561 -0.0285
vn -1.0000 -0.0000 -0.0000
vn -0.0087 0.9990 0.0446
vn -0.0125 0.9999 -0.0010
vn -0.0118 0.9999 0.0070
vn -0.2017 0.9792 0.0206
vn -0.0767 0.9957 -0.0518
vn 0.1024 0.9945 -0.0207
vn 0.0329 0.9950 -0.0941
vn -0.0970 0.9881 -0.1197
vn 0.0026 0.9955 -0.0946
vn 0.2108 0.9754 0.0641
vn 0.0713 0.9949 0.0707
vn 0.0722 0.9949 0.0706
vn 0.2465 0.9679 -0.0480
vn 0.2161 0.9757 0.0352
vn 0.0041 -0.1473 -0.9891
vn 0.0007 -0.1585 -0.9874
vn 0.0006 -0.1587 -0.9873
vn 0.0002 -0.1591 -0.9873
vn 0.4179 0.9074 0.0436
vn 0.4251 0.9005 0.0911
vn 0.3348 0.9423 0.0048
vn 0.2970 0.9549 0.0073
vn -0.0066 0.9999 -0.0096
vn -0.0016 1.0000 -0.0093
vn -0.0036 1.0000 -0.0055
vn -0.0080 1.0000 -0.0042
vn 0.1738 0.8750 0.4517
vn -0.2528 0.8657 0.4321
vn -0.1582 0.9149 0.3713
vn -0.0815 0.9578 0.2758
vn -0.0184 0.9890 0.1469
vn -0.5205 0.8486 -0.0943
vn -0.0834 0.9826 -0.1658
vn -0.0083 0.9501 -0.3120
vn 0.1456 0.8968 -0.4178
vn 0.2178 0.8476 -0.4838
vn -0.1707 0.8425 -0.5109
vn -0.1452 0.9849 0.0938
vn -0.2771 0.9489 0.1510
vn -0.3246 0.9302 0.1714
vn -0.0613 0.9949 -0.0806
vn -0.3414 0.9163 0.2094
vn -0.2850 0.9445 0.1633
vn -0.3982 0.9038 0.1570
vn -0.0000 1.0000 -0.0000
vn -0.1056 0.9901 -0.0922
vn 0.0009 -0.1612 -0.9869
vn 0.0009 -0.1613 -0.9869
vn 0.0008 -0.1598 -0.9871
vn 0.0008 -0.1598 -0.9872
vn -0.0112 0.9999 -0.0106
vn -0.2261 -0.0007 0.9741
vn -0.2250 -0.0011 0.9744
vn 0.0039 0.0033 1.0000
vn -0.0038 0.0031 1.0000
vn 0.0009 -0.1675 -0.9859
vn 0.0009 -0.1678 -0.9858
vn 0.0009 -0.1654 -0.9862
vn 0.0009 -0.1653 -0.9862
vn -0.0065 0.9997 -0.0234
vn -0.0073 0.9999 -0.0103
vn 0.0022 0.9998 -0.0186
vn -0.0039 0.9998 -0.0201
vn 0.0009 -0.1630 -0.9866
vn 0.0009 -0.1631 -0.9866
vn 0.2503 0.0056 0.9682
vn 0.2437 0.0054 0.9698
vn -0.1158 0.9931 -0.0200
vn 0.0336 0.9992 -0.0217
vn -0.1476 0.9731 -0.1770
vn -0.4193 0.8954 -0.1499
vn -0.0804 0.9590 0.2718
vn 0.0009 -0.1689 -0.9856
vn 0.0013 1.0000 -0.0037
vn -0.0074 1.0000 -0.0008
vn -0.0001 1.0000 -0.0047
vn -0.4582 0.8773 0.1429
vn -0.4573 0.8779 0.1417
vn 0.0383 0.0941 0.9948
vn -0.0016 0.9964 -0.0850
vn -0.0000 -0.1786 -0.9839
vn 0.0016 -0.9964 0.0850
vn 1.0000 -0.0000 -0.0000
vn -0.7836 0.1358 0.6063
vn -0.7917 0.1416 0.5943
vn -0.6979 0.0794 0.7118
vn 0.3640 0.8833 -0.2955
vn -0.0371 -0.1747 -0.9839
vn -0.0980 -0.9949 -0.0251
vn -0.8069 0.1098 0.5804
vn -0.7792 0.1229 0.6146
vn -0.8785 0.0695 0.4727
vn 0.2410 0.9667 -0.0863
vn 0.0017 -0.1797 -0.9837
vn 0.0022 -0.1798 -0.9837
vn -0.0802 -0.9934 0.0822
vn -0.2495 0.1196 0.9610
vn -0.2540 0.1150 0.9603
vn -0.1474 0.2177 0.9648
vn 0.0215 0.9976 -0.0661
vn -0.0103 -0.9965 0.0834
vn -0.0043 -0.9963 0.0854
vn -0.0099 -0.9965 0.0833
vn -0.5823 0.2274 0.7805
vn -0.5410 0.2468 0.8040
vn -0.7780 0.1122 0.6181
vn -0.0103 0.8601 -0.5100
vn 0.1773 0.8931 0.4135
vn -0.0079 0.9988 -0.0483
vn -0.0470 -0.9961 0.0747
vn -0.6641 0.1335 0.7357
vn -0.3820 0.9138 -0.1384
vn -0.0403 -0.9952 0.0892
vn 0.0353 0.0810 0.9961
vn -0.1567 0.8882 -0.4319
vn 0.0034 -0.1809 -0.9835
vn 0.0107 -0.1816 -0.9833
vn 0.0035 -0.1809 -0.9835
vn 0.0016 -0.9922 0.1250
vn 0.5910 0.1282 0.7964
vn 0.6271 0.1095 0.7712
vn 0.7234 0.0541 0.6883
vn 0.1245 0.9916 -0.0338
vn -0.2676 -0.9254 -0.2684
vn 0.0062 0.1455 0.9893
vn 0.0172 0.9988 0.0466
vn 0.0041 -0.1809 -0.9835
vn 0.0044 -0.1810 -0.9835
vn 0.0160 -0.9997 -0.0205
vn 0.3137 0.1049 0.9437
vn 0.3125 0.1050 0.9441
vn 0.1319 0.1233 0.9836
vn 0.4800 0.8723 -0.0931
vn 0.0132 -0.9942 0.1070
vn 0.4738 0.1899 0.8599
vn 0.5018 0.1723 0.8476
vn 0.6444 0.0719 0.7613
vn -0.0054 0.9964 -0.0841
vn 0.0455 -0.9960 0.0766
vn 0.0198 0.1680 0.9856
vn 0.0282 0.9964 -0.0795
vn 0.0018 -0.9962 0.0873
vn 0.0018 0.1786 0.9839
vn -0.0029 0.9981 -0.0623
vn -0.0000 -0.9985 0.0551
vn 0.6027 0.1892 0.7752
vn 0.6159 0.1835 0.7662
vn 0.7454 0.1191 0.6559
vn 0.0422 -0.9963 0.0743
vn -0.0689 0.1782 0.9816
vn 0.0024 0.9982 -0.0601
vn 0.2474 0.7833 0.5703
vn -0.0054 0.8608 -0.5089
vn -0.0021 -0.9982 0.0604
vn 0.5708 0.1625 0.8049
vn 0.5814 0.1517 0.7994
vn 0.6236 0.1069 0.7744
vn -0.3086 0.9434 -0.1213
vn 0.0271 -0.9939 0.1073
vn -0.0000 -0.2053 -0.9787
vn 0.0267 -0.2006 -0.9793
vn 0.0420 -0.1879 -0.9813
vn 0.0002 -0.1744 -0.9847
vn 0.0020 -0.1768 -0.9842
vn 0.0060 -0.1733 -0.9848
vn -0.0017 -0.1748 -0.9846
vn 0.0099 -0.1665 -0.9860
vn -0.0010 -0.1759 -0.9844
vn -0.0031 -0.1704 -0.9854
vn 0.0223 -0.1718 -0.9849
vn -0.0008 -0.1733 -0.9849
vn -0.0013 -0.1751 -0.9845
vn -0.0039 -0.1682 -0.9858
vn -0.0016 -0.1679 -0.9858
vn 0.0002 -0.1750 -0.9846
vn 0.0007 -0.1677 -0.9858
vn -0.0377 -0.1711 -0.9845
vn -0.0035 -0.1839 -0.9829
vn -0.0038 -0.1784 -0.9840
vn -0.0113 -0.1779 -0.9840
vn 0.0036 -0.1873 -0.9823
vn -0.0049 -0.1983 -0.9801
vn -0.0769 -0.2092 -0.9748
vn -0.0661 -0.2221 -0.9728
vn 0.0512 -0.2318 -0.9714
vn 0.0456 0.3244 0.9448
vn -0.7319 0.5427 0.4120
vn -0.8175 0.3634 0.4468
vn -0.8235 0.3468 0.4490
vn 0.0517 0.2824 0.9579
vn 0.3089 0.2323 0.9223
vn 0.2299 0.2500 0.9406
vn 0.0348 0.2692 0.9625
vn 0.3151 0.2080 0.9260
vn -0.1803 0.2293 0.9565
vn -0.1682 0.2294 0.9587
vn 0.6366 0.1803 0.7498
vn 0.5662 0.1321 0.8136
vn 0.5776 0.1398 0.8043
vn 0.0212 0.2275 0.9736
vn -0.5143 0.1458 0.8451
vn -0.4584 0.0896 0.8842
vn -0.4418 0.0734 0.8941
vn -0.1666 0.1064 0.9803
vn 0.0850 0.2456 0.9656
vn 0.1191 0.2632 0.9574
vn 0.0481 -0.0133 0.9988
vn 0.1213 -0.1016 0.9874
vn -0.0961 0.1258 0.9874
vn -0.0948 0.1244 0.9877
vn 0.4451 0.0582 0.8936
vn 0.4436 0.0538 0.8946
vn -0.2286 0.1940 0.9540
vn -0.4770 0.2268 0.8491
vn -0.5719 0.1828 0.7997
vn -0.5895 0.1740 0.7888
vn 0.2706 0.1618 0.9490
vn 0.4058 0.1957 0.8928
vn 0.4019 0.1948 0.8947
vn 0.0381 0.1397 0.9895
vn 0.0116 -0.1817 -0.9833
vn 0.0739 0.1733 0.9821
vn 0.0057 0.3433 0.9392
vn -0.0032 0.0074 1.0000
vn 0.0018 0.4080 0.9130
vn -0.0799 0.1640 0.9832
vn 0.0364 0.3289 0.9437
vn 0.0380 0.1595 0.9865
vn -0.0013 0.9978 -0.0668
vn -0.0000 -0.2964 -0.9551
vn 0.0013 -0.9978 0.0668
vn -0.7678 0.2252 0.5998
vn -0.7792 0.2409 0.5786
vn -0.6937 0.1349 0.7075
vn 0.0387 -0.9942 -0.1005
vn -0.0378 -0.9883 0.1480
vn -0.8083 0.1772 0.5614
vn -0.7602 0.2128 0.6139
vn -0.8744 0.1183 0.4705
vn -0.0041 0.9941 -0.1083
vn -0.0624 -0.9960 0.0639
vn -0.2437 0.2055 0.9478
vn -0.2519 0.1925 0.9484
vn -0.1411 0.3564 0.9236
vn 0.0080 0.9978 -0.0651
vn 0.0078 0.9978 -0.0652
vn 0.0033 0.9977 -0.0671
vn -0.0080 -0.9978 0.0651
vn -0.0033 -0.9977 0.0671
vn -0.0077 -0.9978 0.0652
vn -0.5668 0.3629 0.7396
vn -0.4973 0.4084 0.7655
vn -0.7688 0.1896 0.6108
vn 0.1121 0.9922 -0.0548
vn -0.0354 -0.9978 0.0563
vn -0.6530 0.2245 0.7234
vn 0.0065 0.9934 -0.1147
vn -0.0322 -0.9969 0.0713
vn 0.0351 0.1376 0.9899
vn -0.0000 0.9944 -0.1056
vn -0.0000 -0.9944 0.1056
vn 0.5711 0.2241 0.7897
vn 0.6334 0.1738 0.7540
vn 0.7214 0.0922 0.6864
vn -0.0064 0.9880 -0.1546
vn 0.0516 -0.9953 0.0822
vn 0.0060 0.2439 0.9698
vn -0.0015 0.9908 -0.1356
vn 0.0006 -0.9990 0.0453
vn 0.3109 0.1774 0.9337
vn 0.3090 0.1778 0.9343
vn 0.1300 0.2078 0.9695
vn -0.0114 0.9957 -0.0922
vn 0.0114 -0.9957 0.0922
vn 0.4486 0.3226 0.8335
vn 0.4983 0.2769 0.8216
vn 0.6412 0.1223 0.7576
vn -0.1309 0.9881 -0.0810
vn 0.0346 -0.9977 0.0582
vn 0.0193 0.2797 0.9599
vn -0.0014 0.9976 -0.0692
vn 0.0014 -0.9976 0.0692
vn 0.0017 0.2964 0.9551
vn -0.0000 0.9996 -0.0272
vn -0.0000 -0.9993 0.0386
vn 0.5749 0.3180 0.7539
vn 0.5983 0.3031 0.7417
vn 0.7355 0.2009 0.6471
vn -0.0167 0.9967 -0.0796
vn 0.0318 -0.9979 0.0559
vn -0.0669 0.2958 0.9529
vn 0.0028 0.9968 -0.0796
vn -0.0015 -0.9991 0.0431
vn 0.5531 0.2762 0.7860
vn 0.5732 0.2477 0.7811
vn 0.6169 0.1808 0.7660
vn -0.0234 0.9954 -0.0926
vn 0.0234 -0.9954 0.0926
vn -0.0029 -0.2972 -0.9548
vn -0.0056 -0.2980 -0.9545
vn -0.0029 -0.2989 -0.9543
vn -0.0059 -0.3013 -0.9535
vn 0.0026 -0.2989 -0.9543
vn 0.0053 -0.3013 -0.9535
vn 0.0026 -0.2972 -0.9548
vn 0.0051 -0.2980 -0.9545
vn 0.0469 0.4290 0.9021
vn -0.6498 0.6641 0.3697
vn -0.7474 0.5213 0.4120
vn -0.7608 0.4969 0.4175
vn 0.0666 0.3576 0.9315
vn 0.2937 0.3456 0.8912
vn 0.1963 0.3531 0.9147
vn 0.0200 0.3941 0.9188
vn 0.0803 0.3989 0.9135
vn -0.2506 0.3863 0.8877
vn -0.2365 0.3877 0.8909
vn 0.4961 0.4180 0.7611
vn 0.4961 0.2749 0.8236
vn 0.4974 0.3188 0.8068
vn 0.0161 0.5135 0.8579
vn -0.3755 0.3610 0.8537
vn -0.3773 0.2402 0.8944
vn -0.3754 0.1656 0.9119
vn -0.0729 0.2087 0.9753
vn 0.1045 0.3998 0.9106
vn 0.1416 0.4360 0.8888
vn 0.0020 0.1109 0.9938
vn -0.1324 0.1675 0.9769
vn -0.2112 0.3637 0.9073
vn -0.2122 0.3659 0.9061
vn 0.3600 0.2958 0.8848
vn 0.4245 0.3413 0.8386
vn 0.4144 0.3343 0.8465
vn -0.0701 0.5025 0.8617
vn -0.4220 0.3618 0.8313
vn -0.5311 0.3034 0.7911
vn -0.5664 0.2822 0.7743
vn 0.2897 0.2406 0.9264
vn 0.3982 0.3066 0.8645
vn 0.3932 0.3036 0.8679
vn 0.0377 0.2044 0.9782
vn 0.0719 0.2881 0.9549
vn 0.0051 0.5300 0.8480
vn -0.0032 0.0126 0.9999
vn 0.0016 0.6071 0.7946
vn -0.0779 0.2735 0.9587
vn 0.0331 0.5116 0.8586
vn 0.1885 -0.6445 0.7410
vn -0.1801 -0.6882 -0.7028
vn 0.9829 -0.1839 -0.0000
vn -0.9593 -0.2775 -0.0520
vn 0.2658 0.2977 0.9169
vn 0.9596 0.2813 -0.0000
vn -0.5000 0.1444 -0.8539
vn -0.9753 0.2024 -0.0883
vn 0.1255 0.5847 0.8015
vn 0.9140 0.4058 -0.0000
vn -0.2068 0.6019 -0.7713
vn -0.8762 0.4550 -0.1587
vn -0.2752 0.8267 0.4908
vn 0.8379 0.5458 -0.0000
vn -0.1595 0.5750 -0.8025
vn -0.2836 0.3644 -0.8870
vn -0.1893 0.5295 -0.8269
vn -0.5418 0.8384 0.0594
vn 0.1725 0.9850 0.0020
vn 0.4305 -0.0705 0.8998
vn 0.5311 0.2549 0.8081
vn 0.4293 0.3074 0.8492
vn 0.4029 0.5547 0.7280
vn 0.0820 0.5975 -0.7976
vn 0.1118 0.5321 -0.8393
vn 0.4092 0.2302 -0.8829
vn 0.2324 -0.2617 -0.9367
vn -0.2084 -0.7329 -0.6477
vn -0.6286 0.7734 -0.0815
vn -0.6888 0.5545 0.4670
vn -0.8126 0.2701 0.5165
vn -0.4308 -0.5424 0.7213
vn -0.5590 0.3485 0.7524
vn -0.0330 0.7382 -0.6737
vn -0.7924 0.5609 -0.2398
vn -0.3461 0.5186 0.7818
vn 0.7227 0.5836 -0.3702
vn -0.2155 0.2160 -0.9523
vn -0.2869 -0.3388 0.8961
vn -0.1924 0.8956 -0.4011
vn -0.0979 -0.3228 -0.9414
vn 0.8325 -0.3068 -0.4614
vn -0.8671 -0.4898 0.0912
vn 0.2100 -0.1453 0.9668
vn 0.3025 0.5826 0.7544
vn 0.1427 0.3422 0.9287
vn -0.0141 -0.2737 0.9617
vn 0.3541 0.3604 -0.8630
vn 0.2459 -0.4593 -0.8536
vn 0.4456 0.8215 -0.3559
vn 0.1034 0.9655 -0.2391
vn 0.7924 0.5609 0.2398
vn 0.3461 0.5186 -0.7818
vn -0.7385 0.4188 0.5284
vn 0.2155 0.2160 0.9523
vn 0.2869 -0.3388 -0.8961
vn 0.1924 0.8956 0.4011
vn 0.0979 -0.3228 0.9414
vn -0.7800 -0.0939 0.6187
vn 0.8671 -0.4898 -0.0912
vn -0.3085 -0.2637 -0.9139
vn -0.4262 0.6797 -0.5970
vn -0.0835 0.4445 -0.8919
vn 0.0619 -0.3544 -0.9331
vn -0.4755 0.3048 0.8252
vn -0.3920 -0.3502 0.8507
vn -0.4972 0.7546 0.4282
vn -0.1034 0.9655 0.2391
vn 0.5501 0.3287 0.7677
vn 0.7010 0.0507 -0.7113
vn 0.9593 0.2825 -0.0000
vn 0.0046 1.0000 -0.0000
vn 0.6582 -0.7504 -0.0599
vn -0.3640 0.1214 0.9234
vn -0.2306 0.9730 -0.0000
vn 0.0334 -0.4392 -0.8978
vn 0.1667 -0.9800 -0.1091
vn -0.5846 -0.0640 0.8088
vn -0.7570 0.6534 -0.0000
vn -0.5029 -0.3309 -0.7985
vn -0.1601 -0.9676 -0.1952
vn -0.7156 -0.4617 0.5241
vn -0.8479 0.5301 -0.0000
vn -0.4919 -0.2836 -0.8232
vn -0.2490 -0.3227 -0.9132
vn -0.4202 -0.2978 -0.8572
vn -0.6796 -0.7304 0.0680
vn -0.9901 -0.1401 0.0020
vn -0.0891 0.6788 0.7289
vn -0.3675 0.4779 0.7979
vn -0.4331 0.2468 0.8669
vn -0.6538 0.1573 0.7401
vn -0.5830 -0.1009 -0.8062
vn -0.5304 -0.0600 -0.8457
vn -0.3181 0.3553 -0.8790
vn 0.1254 0.5348 -0.8356
vn 0.6772 0.7358 -0.0000
vn 0.7531 0.0413 -0.6566
vn -0.5902 -0.8016 -0.0953
vn -0.3273 -0.7758 0.5394
vn 0.0221 -0.7997 0.6000
vn 0.6531 -0.1827 0.7349
vn -0.1479 -0.5606 0.8148
vn -0.6853 -0.2307 -0.6907
vn -0.3919 -0.3502 0.8507
vn 0.7010 0.0507 -0.7114
vn -0.8400 -0.4189 -0.3448
vn 0.9163 -0.1089 0.3854
vn -0.8304 -0.1546 0.5353
vn 0.9265 -0.0483 -0.3731
vn -0.9187 0.1676 -0.3577
vn -0.8163 0.2381 0.5263
vn 0.9005 -0.0026 0.4349
vn 0.9474 0.0634 -0.3137
vn -0.8390 0.3719 -0.3972
vn -0.7879 0.3481 0.5080
vn 0.8916 0.0608 0.4488
vn 0.8728 0.3556 -0.3344
vn -0.4041 0.7358 -0.5434
vn -0.7381 0.4784 0.4758
vn 0.8456 0.3731 0.3819
vn 0.9167 0.2081 0.3412
vn 0.8791 0.3049 0.3663
vn 0.4402 0.8091 -0.3892
vn -0.1752 0.9785 0.1093
vn -0.9598 -0.0382 -0.2782
vn -0.9684 0.1422 -0.2050
vn -0.9493 0.1721 -0.2630
vn -0.9113 0.3396 -0.2327
vn 0.7537 0.4076 0.5155
vn 0.8155 0.0601 0.5756
vn 0.8402 0.0672 0.5381
vn 0.8852 0.0366 0.4638
vn 0.9213 -0.1852 0.3418
vn 0.6662 0.6842 -0.2968
vn -0.0029 0.5429 -0.8398
vn 0.0470 0.2651 -0.9631
vn -0.5161 -0.4369 -0.7367
vn -0.4582 0.2862 -0.8415
vn 0.7427 0.5293 0.4101
vn -0.8071 -0.4887 -0.3313
vn 0.9137 -0.1319 0.3843
vn -0.8257 -0.1866 0.5323
vn 0.9260 -0.0586 -0.3729
vn -0.9126 0.2022 -0.3553
vn -0.8055 0.2853 0.5193
vn 0.9005 -0.0031 0.4349
vn 0.9465 0.0769 -0.3134
vn -0.8128 0.4374 -0.3848
vn -0.7662 0.4110 0.4940
vn 0.8908 0.0738 0.4484
vn 0.8477 0.4193 -0.3248
vn -0.3604 0.7969 -0.4848
vn -0.7010 0.5517 0.4519
vn 0.8208 0.4357 0.3694
vn 0.9074 0.2501 0.3377
vn 0.8644 0.3540 0.3571
vn 0.3846 0.8582 -0.3400
vn -0.1453 0.9852 0.0906
vn -0.9594 -0.0463 -0.2781
vn -0.9638 0.1718 -0.2040
vn -0.9427 0.2075 -0.2612
vn -0.8874 0.4015 -0.2266
vn 0.7257 0.4765 0.4963
vn 0.8148 0.0729 0.5751
vn 0.8393 0.0815 0.5375
vn 0.8849 0.0444 0.4637
vn 0.9139 -0.2231 0.3391
vn 0.6026 0.7515 -0.2685
vn -0.0027 0.6174 -0.7866
vn 0.0462 0.3166 -0.9474
vn -0.4942 -0.5080 -0.7055
vn -0.4496 0.3409 -0.8256
vn 0.6978 0.6038 0.3853
vn 0.8048 -0.5915 0.0500
vn -0.9827 -0.1716 -0.0695
vn 0.6031 -0.2414 -0.7603
vn -0.7559 -0.0767 0.6502
vn 0.9644 0.2610 0.0422
vn 0.5790 0.3632 -0.7299
vn -0.9925 -0.0041 -0.1221
vn -0.7937 0.1004 0.6000
vn 0.8379 0.5373 0.0965
vn 0.5352 0.5084 -0.6746
vn -0.9858 0.0964 -0.1377
vn -0.6580 0.5176 0.5469
vn 0.4123 0.8655 0.2845
vn 0.4697 0.6548 -0.5922
vn -0.8437 0.5310 -0.0793
vn -0.9469 0.3204 -0.0273
vn -0.8999 0.4327 -0.0547
vn -0.2062 0.9096 0.3607
vn 0.0833 0.9913 -0.1018
vn 0.9971 -0.0606 -0.0453
vn 0.9680 0.2226 -0.1157
vn 0.9619 0.2677 -0.0551
vn 0.8646 0.4979 -0.0671
vn -0.7854 0.5788 -0.2193
vn -0.9547 0.0953 -0.2819
vn -0.9653 0.1064 -0.2383
vn -0.9863 0.0581 -0.1542
vn -0.9575 -0.2871 -0.0266
vn -0.4087 0.8306 0.3782
vn 0.2266 0.7168 0.6595
vn 0.2522 0.4006 0.8809
vn 0.6385 -0.6113 0.4676
vn 0.6643 0.4290 0.6122
vn -0.6989 0.7042 -0.1250
vn -0.0001 1.0000 0.0005
vn -0.0001 1.0000 0.0001
vn -0.0001 1.0000 0.0002
vn -0.0268 0.9995 -0.0171
vn -0.0077 0.9998 -0.0175
vn 0.9895 -0.1406 -0.0347
vn 0.9922 -0.1193 -0.0352
vn 0.9981 -0.0494 -0.0367
vn -0.0026 1.0000 0.0027
vn -0.0027 1.0000 0.0026
vn -0.0037 1.0000 0.0018
vn -0.0163 0.9999 -0.0049
vn 0.9334 -0.3576 -0.0315
vn 0.9412 -0.3364 -0.0318
vn -0.0014 0.9952 0.0980
vn -0.0315 0.9968 0.0732
vn -0.0317 0.9968 0.0731
vn -0.0015 0.9952 0.0979
vn 0.0007 0.9969 -0.0788
vn 0.0835 0.9942 -0.0679
vn 0.2623 0.9638 0.0469
vn 0.2633 0.9636 0.0472
vn -0.0672 0.9939 0.0876
vn -0.0673 0.9938 0.0881
vn -0.0008 1.0000 0.0017
vn -0.0008 1.0000 0.0016
vn -0.0108 0.9997 -0.0232
vn -0.0023 0.9999 -0.0118
vn -0.0707 0.9925 0.0996
vn 0.0343 0.9993 -0.0155
vn 0.0606 0.9978 -0.0273
vn 0.0002 -0.1590 -0.9873
vn -0.0000 -0.1480 -0.9890
vn -0.0000 -0.1583 -0.9874
vn -0.0078 1.0000 -0.0049
vn -0.0098 1.0000 0.0017
vn -0.0084 1.0000 -0.0042
vn 0.1500 0.9798 -0.1320
vn -0.0041 0.9990 -0.0453
vn -0.0071 0.9998 -0.0204
vn -0.0090 0.9999 -0.0096
vn -0.0063 1.0000 0.0009
vn -0.0001 1.0000 -0.0016
vn -0.0076 1.0000 0.0018
vn -0.0110 0.9999 0.0011
vn -0.1567 0.8488 -0.5049
vn -0.1745 0.9781 0.1136
vn -0.1092 0.9920 0.0640
vn 0.1667 0.9859 0.0159
vn -0.3635 0.9199 0.1470
vn 0.0044 0.9999 -0.0164
vn 0.0007 1.0000 -0.0079
vn -0.0101 0.9999 -0.0135
vn -0.0629 0.9323 -0.3562
vn -0.1527 0.9127 -0.3790
vn 0.3285 0.9117 0.2466
vn -0.5331 0.7464 -0.3983
vn 0.1425 0.8953 0.4220
vn -0.0034 -0.1483 -0.9889
vt 0.032921 0.243388
vt 0.038801 0.240206
vt 0.040330 0.245920
vt 0.032462 0.248020
vt 0.044310 0.559717
vt 0.038271 0.563977
vt 0.034168 0.555721
vt 0.042934 0.554835
vt 0.052943 0.250833
vt 0.053457 0.257897
vt 0.049042 0.260117
vt 0.047722 0.251645
vt 0.041287 0.252645
vt 0.042928 0.263189
vt 0.031895 0.262932
vt 0.031395 0.257568
vt 0.219761 0.432512
vt 0.221831 0.437336
vt 0.217761 0.439902
vt 0.214292 0.430368
vt 0.021949 0.247008
vt 0.021643 0.251210
vt 0.021664 0.263189
vt 0.021737 0.257678
vt 0.027576 0.558731
vt 0.024778 0.563977
vt 0.202863 0.439561
vt 0.201509 0.434246
vt 0.017359 0.248831
vt 0.017677 0.252233
vt 0.017847 0.261860
vt 0.018214 0.257713
vt 0.021521 0.557247
vt 0.019953 0.563107
vt 0.198117 0.439902
vt 0.197409 0.435644
vt 0.013757 0.249147
vt 0.015629 0.245763
vt 0.015576 0.260035
vt 0.015794 0.258103
vt 0.017800 0.560511
vt 0.017531 0.562343
vt 0.195348 0.436196
vt 0.194844 0.438990
vt 0.191274 0.439751
vt 0.192221 0.436453
vt 0.187601 0.437320
vt 0.187804 0.435730
vt 0.013653 0.253456
vt 0.017194 0.554007
vt 0.014890 0.555292
vt 0.020637 0.552343
vt 0.029627 0.548010
vt 0.040530 0.548341
vt 0.045118 0.563183
vt 0.019243 0.242067
vt 0.032738 0.236832
vt 0.038089 0.237114
vt 0.056398 0.256419
vt 0.055468 0.250439
vt 0.014584 0.560158
vt 0.032921 0.186991
vt 0.038799 0.183810
vt 0.040328 0.189524
vt 0.032460 0.191624
vt 0.744021 0.493614
vt 0.739760 0.487575
vt 0.748017 0.483472
vt 0.748903 0.492238
vt 0.052941 0.194435
vt 0.053455 0.201500
vt 0.049039 0.203722
vt 0.047720 0.195247
vt 0.041287 0.196249
vt 0.042926 0.206792
vt 0.031893 0.206537
vt 0.031395 0.201172
vt 0.074995 0.497915
vt 0.072926 0.493090
vt 0.076997 0.490523
vt 0.080463 0.500060
vt 0.021947 0.190612
vt 0.021641 0.194814
vt 0.021662 0.206792
vt 0.021735 0.201280
vt 0.745007 0.476880
vt 0.739760 0.474082
vt 0.091894 0.490866
vt 0.093247 0.496179
vt 0.017357 0.192434
vt 0.017674 0.195837
vt 0.017845 0.205464
vt 0.018214 0.201316
vt 0.746491 0.470824
vt 0.740631 0.469257
vt 0.096639 0.490523
vt 0.097347 0.494782
vt 0.013755 0.192751
vt 0.015628 0.189367
vt 0.015577 0.203639
vt 0.015792 0.201706
vt 0.743227 0.467104
vt 0.741395 0.466835
vt 0.099409 0.494229
vt 0.099913 0.491435
vt 0.103482 0.490674
vt 0.102535 0.493972
vt 0.107156 0.493105
vt 0.106954 0.494697
vt 0.013651 0.197059
vt 0.749730 0.466498
vt 0.748448 0.464192
vt 0.751395 0.469939
vt 0.755730 0.478929
vt 0.755397 0.489832
vt 0.740554 0.494420
vt 0.019241 0.185669
vt 0.032736 0.180434
vt 0.038087 0.180717
vt 0.056398 0.200022
vt 0.055467 0.194044
vt 0.743580 0.463888
vt 0.155116 0.243388
vt 0.160996 0.240208
vt 0.162525 0.245922
vt 0.154657 0.248022
vt 0.755300 0.149588
vt 0.751042 0.143548
vt 0.759296 0.139446
vt 0.760182 0.148212
vt 0.175138 0.250833
vt 0.175652 0.257899
vt 0.171234 0.260119
vt 0.169917 0.251647
vt 0.163482 0.252647
vt 0.165123 0.263189
vt 0.154090 0.262934
vt 0.153590 0.257570
vt 0.044929 0.511467
vt 0.046998 0.516293
vt 0.042928 0.518859
vt 0.039461 0.509322
vt 0.144144 0.247010
vt 0.143838 0.251212
vt 0.143859 0.263189
vt 0.143932 0.257678
vt 0.756287 0.132852
vt 0.751042 0.130056
vt 0.028030 0.518516
vt 0.026678 0.513203
vt 0.139554 0.248831
vt 0.139871 0.252235
vt 0.140042 0.261862
vt 0.140409 0.257715
vt 0.757773 0.126797
vt 0.751910 0.125231
vt 0.023285 0.518859
vt 0.022578 0.514598
vt 0.135952 0.249149
vt 0.137824 0.245765
vt 0.137771 0.260037
vt 0.137989 0.258103
vt 0.754506 0.123076
vt 0.752675 0.122808
vt 0.020515 0.515153
vt 0.020011 0.517947
vt 0.016443 0.518708
vt 0.017390 0.515410
vt 0.012769 0.516277
vt 0.012971 0.514685
vt 0.135848 0.253457
vt 0.761010 0.122470
vt 0.759728 0.120167
vt 0.762676 0.125913
vt 0.767009 0.134903
vt 0.766678 0.145806
vt 0.751834 0.150394
vt 0.141438 0.242069
vt 0.154933 0.236834
vt 0.160284 0.237116
vt 0.178593 0.256421
vt 0.177663 0.250441
vt 0.754859 0.119863
vt 0.258773 0.307829
vt 0.431379 0.317579
vt 0.430101 0.338005
vt 0.257612 0.328234
vt 0.457024 0.381160
vt 0.445052 0.382208
vt 0.440075 0.337772
vt 0.469355 0.340115
vt 0.274366 0.026968
vt 0.454214 0.036011
vt 0.447356 0.056835
vt 0.273255 0.047339
vt 0.444537 0.102937
vt 0.270101 0.105108
vt 0.985226 0.087631
vt 0.949357 0.085032
vt 0.950136 0.059499
vt 0.987238 0.060581
vt 0.215481 0.044188
vt 0.219592 0.023981
vt 0.516513 0.603835
vt 0.513911 0.543686
vt 0.700938 0.581238
vt 0.697182 0.612846
vt 0.442587 0.466411
vt 0.427297 0.470376
vt 0.471488 0.543629
vt 0.477428 0.483216
vt 0.511455 0.485863
vt 0.456172 0.543693
vt 0.424700 0.599322
vt 0.412685 0.543816
vt 0.443411 0.543721
vt 0.442094 0.600216
vt 0.413889 0.474531
vt 0.435534 0.382317
vt 0.168022 0.783368
vt 0.192157 0.782576
vt 0.191829 0.789298
vt 0.167639 0.792091
vt 0.271193 0.798222
vt 0.271598 0.791449
vt 0.283825 0.791788
vt 0.283312 0.798462
vt 0.335212 0.799943
vt 0.311166 0.799021
vt 0.311511 0.792551
vt 0.335483 0.792819
vt 0.273130 0.766010
vt 0.274472 0.744170
vt 0.287470 0.744965
vt 0.285776 0.766672
vt 0.318850 0.643497
vt 0.310877 0.643151
vt 0.318537 0.622398
vt 0.323602 0.621484
vt 0.077116 0.778942
vt 0.076756 0.788634
vt 0.061821 0.785010
vt 0.061475 0.777301
vt 0.060265 0.733870
vt 0.071079 0.734088
vt 0.073389 0.754400
vt 0.061339 0.754414
vt 0.104689 0.755155
vt 0.116144 0.756340
vt 0.108721 0.775702
vt 0.099473 0.767001
vt 0.093449 0.734787
vt 0.107544 0.734507
vt 0.084047 0.711779
vt 0.099973 0.711554
vt 0.072224 0.682305
vt 0.097468 0.684245
vt 0.065453 0.643571
vt 0.107899 0.643815
vt 0.147377 0.633694
vt 0.144655 0.647068
vt 0.108092 0.629424
vt 0.119391 0.686242
vt 0.114130 0.711379
vt 0.120357 0.734284
vt 0.127266 0.757347
vt 0.119228 0.780408
vt 0.044549 0.780258
vt 0.061164 0.793208
vt 0.044437 0.787401
vt 0.062154 0.643485
vt 0.062745 0.630872
vt 0.068227 0.630779
vt 0.169096 0.759709
vt 0.170181 0.736777
vt 0.194405 0.738708
vt 0.193201 0.761711
vt 0.277394 0.695545
vt 0.279366 0.654317
vt 0.293936 0.654834
vt 0.291159 0.696226
vt 0.313962 0.746535
vt 0.337622 0.746424
vt 0.336791 0.767219
vt 0.312822 0.768054
vt 0.171127 0.715200
vt 0.176094 0.688115
vt 0.173975 0.651525
vt 0.198881 0.652621
vt 0.193483 0.690270
vt 0.275794 0.722773
vt 0.289126 0.723554
vt 0.318309 0.655756
vt 0.340890 0.656642
vt 0.339482 0.697879
vt 0.316425 0.697492
vt 0.058923 0.683554
vt 0.066248 0.682863
vt 0.068906 0.711892
vt 0.058481 0.712024
vt 0.315072 0.725011
vt 0.338467 0.725125
vt 0.196010 0.716457
vt 0.279922 0.641868
vt 0.294739 0.642471
vt 0.175257 0.638146
vt 0.051274 0.643255
vt 0.226978 0.624890
vt 0.233892 0.640356
vt 0.199324 0.639443
vt 0.199999 0.615412
vt 0.310071 0.655436
vt 0.341301 0.644503
vt 0.268693 0.840777
vt 0.280035 0.841371
vt 0.075196 0.767163
vt 0.299679 0.798792
vt 0.300177 0.792240
vt 0.165835 0.835906
vt 0.134976 0.834755
vt 0.124137 0.797234
vt 0.167388 0.798070
vt 0.233485 0.653138
vt 0.232606 0.693255
vt 0.191477 0.796711
vt 0.225039 0.797301
vt 0.222754 0.838450
vt 0.189670 0.836892
vt 0.227065 0.763522
vt 0.225868 0.782982
vt 0.225449 0.790162
vt 0.121747 0.788962
vt 0.828062 0.787895
vt 0.784333 0.783165
vt 0.790590 0.733557
vt 0.833212 0.738229
vt 0.811693 0.943869
vt 0.768086 0.940081
vt 0.767937 0.928167
vt 0.812340 0.930460
vt 0.820023 0.850547
vt 0.777061 0.845693
vt 0.781545 0.795055
vt 0.826080 0.801998
vt 0.241727 0.915672
vt 0.240856 0.907240
vt 0.286325 0.899649
vt 0.287157 0.911037
vt 0.943182 0.951079
vt 0.942534 0.964488
vt 0.893481 0.961406
vt 0.893995 0.943745
vt 0.412504 0.710695
vt 0.419125 0.709867
vt 0.420128 0.761251
vt 0.411780 0.758451
vt 0.380819 0.885472
vt 0.384000 0.892266
vt 0.381369 0.894892
vt 0.374374 0.883421
vt 0.411081 0.767137
vt 0.399814 0.813345
vt 0.393579 0.811701
vt 0.404734 0.766356
vt 0.512504 0.713818
vt 0.518349 0.713617
vt 0.509826 0.764803
vt 0.502135 0.757827
vt 0.506849 0.902888
vt 0.502612 0.913410
vt 0.499571 0.910478
vt 0.501600 0.901478
vt 0.512141 0.775823
vt 0.510393 0.823204
vt 0.505360 0.822934
vt 0.507146 0.776280
vt 0.587759 0.719224
vt 0.600184 0.719383
vt 0.610957 0.770043
vt 0.597021 0.767683
vt 0.590087 0.915772
vt 0.593061 0.927842
vt 0.580105 0.932623
vt 0.582418 0.914885
vt 0.603786 0.782144
vt 0.598271 0.830311
vt 0.590529 0.829511
vt 0.595730 0.781456
vt 0.695539 0.725181
vt 0.706528 0.724412
vt 0.702023 0.777218
vt 0.689077 0.769953
vt 0.690483 0.926112
vt 0.688453 0.949022
vt 0.680585 0.945527
vt 0.682448 0.925474
vt 0.701170 0.790040
vt 0.697944 0.839743
vt 0.689901 0.839147
vt 0.692694 0.790286
vt 0.771290 0.731307
vt 0.781499 0.731154
vt 0.775210 0.783721
vt 0.763859 0.778685
vt 0.760460 0.928861
vt 0.760736 0.937116
vt 0.751802 0.938955
vt 0.751779 0.930330
vt 0.774346 0.794012
vt 0.770000 0.845066
vt 0.761595 0.844365
vt 0.765645 0.793935
vt 0.368515 0.708175
vt 0.367050 0.755297
vt 0.360072 0.894432
vt 0.359216 0.886208
vt 0.364952 0.811491
vt 0.366500 0.764243
vt 0.431484 0.711749
vt 0.432971 0.755108
vt 0.387957 0.888210
vt 0.394912 0.895102
vt 0.418928 0.768712
vt 0.407269 0.815334
vt 0.524500 0.714486
vt 0.518088 0.764620
vt 0.512284 0.905127
vt 0.509362 0.918811
vt 0.517556 0.775820
vt 0.515779 0.823491
vt 0.614168 0.721411
vt 0.618754 0.765442
vt 0.598827 0.916533
vt 0.597287 0.929621
vt 0.612180 0.783650
vt 0.606967 0.831216
vt 0.718212 0.726690
vt 0.716856 0.772381
vt 0.710849 0.791691
vt 0.707010 0.840430
vt 0.697163 0.953522
vt 0.699497 0.926959
vt 0.852078 0.937494
vt 0.851345 0.948198
vt 0.772925 0.887646
vt 0.815556 0.891790
vt 0.766049 0.886907
vt 0.757852 0.886033
vt 0.703577 0.881637
vt 0.694537 0.880888
vt 0.686512 0.880213
vt 0.603079 0.871858
vt 0.594382 0.871006
vt 0.586669 0.870248
vt 0.513060 0.863663
vt 0.507731 0.863401
vt 0.502747 0.863154
vt 0.396376 0.853612
vt 0.389038 0.851628
vt 0.383055 0.850011
vt 0.363094 0.850532
vt 0.325722 0.904543
vt 0.324893 0.893231
vt 0.396964 0.635504
vt 0.409269 0.673084
vt 0.371638 0.668483
vt 0.375890 0.632395
vt 0.400284 0.634249
vt 0.415763 0.671090
vt 0.411205 0.636560
vt 0.426106 0.671955
vt 0.516760 0.638436
vt 0.515524 0.674981
vt 0.520979 0.638122
vt 0.519124 0.675140
vt 0.528772 0.635126
vt 0.528233 0.676763
vt 0.601011 0.636507
vt 0.598284 0.679938
vt 0.614239 0.635985
vt 0.612592 0.679820
vt 0.618546 0.636291
vt 0.618471 0.679475
vt 0.704897 0.640439
vt 0.687278 0.683245
vt 0.713364 0.640902
vt 0.706748 0.685563
vt 0.723153 0.641352
vt 0.734296 0.687674
vt 0.780576 0.645282
vt 0.774606 0.691243
vt 0.788626 0.649224
vt 0.785550 0.690789
vt 0.795897 0.652570
vt 0.792403 0.691562
vt 0.835782 0.694648
vt 0.838456 0.655943
vt 0.013803 0.089458
vt 0.013803 0.088172
vt 0.018809 0.088172
vt 0.018809 0.089458
vt 0.027742 0.089458
vt 0.027742 0.088172
vt 0.041680 0.088172
vt 0.041680 0.089458
vt 0.050613 0.089458
vt 0.050613 0.088172
vt 0.055618 0.088172
vt 0.055618 0.089458
vt 0.069557 0.088172
vt 0.069557 0.089458
vt 0.013803 0.075519
vt 0.013803 0.061581
vt 0.018809 0.061581
vt 0.018809 0.075519
vt 0.013803 0.103396
vt 0.018809 0.103396
vt 0.018809 0.076919
vt 0.018809 0.077117
vt 0.013803 0.077117
vt 0.013803 0.076919
vt 0.041680 0.077117
vt 0.027742 0.077117
vt 0.027742 0.076919
vt 0.041680 0.076919
vt 0.055618 0.077117
vt 0.050613 0.077117
vt 0.050613 0.076919
vt 0.055618 0.076919
vt 0.069557 0.077117
vt 0.069557 0.076919
vt 0.018809 0.079919
vt 0.018809 0.080074
vt 0.013803 0.080074
vt 0.013803 0.079919
vt 0.041680 0.080074
vt 0.027742 0.080074
vt 0.027742 0.079919
vt 0.041680 0.079919
vt 0.055618 0.080074
vt 0.050613 0.080074
vt 0.050613 0.079919
vt 0.055618 0.079919
vt 0.069557 0.080074
vt 0.069557 0.079919
vt 0.018809 0.082517
vt 0.018809 0.082754
vt 0.013803 0.082754
vt 0.013803 0.082517
vt 0.041680 0.082754
vt 0.027742 0.082754
vt 0.027742 0.082517
vt 0.041680 0.082517
vt 0.055618 0.082754
vt 0.050613 0.082754
vt 0.050613 0.082517
vt 0.055618 0.082517
vt 0.069557 0.082754
vt 0.069557 0.082517
vt 0.018809 0.085573
vt 0.018809 0.085817
vt 0.013803 0.085817
vt 0.013803 0.085573
vt 0.041680 0.085817
vt 0.027742 0.085817
vt 0.027742 0.085573
vt 0.041680 0.085573
vt 0.055618 0.085817
vt 0.050613 0.085817
vt 0.050613 0.085573
vt 0.055618 0.085573
vt 0.069557 0.085817
vt 0.069557 0.085573
vt 0.018809 0.087716
vt 0.018809 0.087963
vt 0.013803 0.087963
vt 0.013803 0.087716
vt 0.041680 0.087963
vt 0.027742 0.087963
vt 0.027742 0.087716
vt 0.041680 0.087716
vt 0.055618 0.087963
vt 0.050613 0.087963
vt 0.050613 0.087716
vt 0.055618 0.087716
vt 0.069557 0.087963
vt 0.069557 0.087716
vt 0.027742 0.075519
vt 0.041680 0.075519
vt 0.050613 0.075519
vt 0.055618 0.075519
vt 0.069557 0.075519
vt 0.018809 0.077356
vt 0.013803 0.077356
vt 0.041680 0.077356
vt 0.027742 0.077356
vt 0.055618 0.077356
vt 0.050613 0.077356
vt 0.069557 0.077356
vt 0.018809 0.080241
vt 0.013803 0.080241
vt 0.041680 0.080241
vt 0.027742 0.080241
vt 0.055618 0.080241
vt 0.050613 0.080241
vt 0.069557 0.080241
vt 0.018809 0.083021
vt 0.013803 0.083021
vt 0.041680 0.083021
vt 0.027742 0.083021
vt 0.055618 0.083021
vt 0.050613 0.083021
vt 0.069557 0.083021
vt 0.018809 0.086089
vt 0.013803 0.086089
vt 0.041680 0.086089
vt 0.027742 0.086089
vt 0.055618 0.086089
vt 0.050613 0.086089
vt 0.069557 0.086089
vt 0.023073 0.103396
vt 0.023073 0.089458
vt 0.027742 0.103396
vt 0.046346 0.088172
vt 0.046346 0.089458
vt 0.046346 0.087963
vt 0.046346 0.087716
vt 0.046346 0.086089
vt 0.046346 0.085817
vt 0.046346 0.085573
vt 0.046346 0.083021
vt 0.046346 0.082754
vt 0.046346 0.082517
vt 0.046346 0.080241
vt 0.046346 0.080074
vt 0.046346 0.079919
vt 0.046346 0.077356
vt 0.046346 0.077117
vt 0.046346 0.076919
vt 0.046346 0.075519
vt 0.023073 0.075519
vt 0.023073 0.061581
vt 0.027742 0.061581
vt 0.023073 0.076919
vt 0.023073 0.077117
vt 0.023073 0.077356
vt 0.023073 0.079919
vt 0.023073 0.080074
vt 0.023073 0.080241
vt 0.023073 0.082517
vt 0.023073 0.082754
vt 0.023073 0.083021
vt 0.023073 0.085573
vt 0.023073 0.085817
vt 0.023073 0.086089
vt 0.023073 0.087716
vt 0.023073 0.087963
vt 0.023073 0.088172
vt 0.185109 0.187522
vt 0.181928 0.181644
vt 0.187642 0.180113
vt 0.189742 0.187981
vt 0.164626 0.582278
vt 0.158587 0.586536
vt 0.154483 0.578282
vt 0.163250 0.577396
vt 0.192553 0.167502
vt 0.199620 0.166986
vt 0.201839 0.171404
vt 0.193367 0.172721
vt 0.194367 0.179156
vt 0.204912 0.177515
vt 0.204655 0.188548
vt 0.199290 0.189048
vt 0.044930 0.470111
vt 0.046998 0.474936
vt 0.042928 0.477501
vt 0.039461 0.467966
vt 0.188730 0.198494
vt 0.192932 0.198800
vt 0.204912 0.198778
vt 0.199398 0.198706
vt 0.147891 0.581292
vt 0.145093 0.586536
vt 0.028030 0.477159
vt 0.026677 0.471844
vt 0.190553 0.203084
vt 0.193955 0.202769
vt 0.203582 0.202596
vt 0.199435 0.202229
vt 0.141836 0.579806
vt 0.140268 0.585668
vt 0.023286 0.477501
vt 0.022578 0.473242
vt 0.190869 0.206686
vt 0.187485 0.204814
vt 0.201757 0.204866
vt 0.199826 0.204649
vt 0.138115 0.583072
vt 0.137846 0.584904
vt 0.020515 0.473797
vt 0.020011 0.476591
vt 0.016443 0.477350
vt 0.017390 0.474054
vt 0.012768 0.474921
vt 0.012972 0.473328
vt 0.195177 0.206792
vt 0.137509 0.576568
vt 0.135205 0.577851
vt 0.140952 0.574902
vt 0.149942 0.570569
vt 0.160846 0.570900
vt 0.165433 0.585743
vt 0.183789 0.201200
vt 0.178554 0.187705
vt 0.178836 0.182356
vt 0.198141 0.164045
vt 0.192161 0.164974
vt 0.134900 0.582719
vt 0.091466 0.333195
vt 0.078586 0.326940
vt 0.088770 0.326174
vt 0.023998 0.293078
vt 0.026672 0.299956
vt 0.019541 0.304548
vt 0.013316 0.300619
vt 0.031531 0.293894
vt 0.033544 0.301887
vt 0.094755 0.384796
vt 0.103396 0.386817
vt 0.097602 0.398544
vt 0.090506 0.391890
vt 0.066708 0.393737
vt 0.072315 0.388962
vt 0.082671 0.389062
vt 0.084913 0.398544
vt 0.090602 0.350525
vt 0.090680 0.348994
vt 0.097692 0.346353
vt 0.096680 0.353905
vt 0.212432 0.583889
vt 0.205808 0.586536
vt 0.202189 0.576684
vt 0.212432 0.575417
vt 0.077106 0.355225
vt 0.072471 0.336869
vt 0.076765 0.336842
vt 0.080418 0.351290
vt 0.076900 0.322082
vt 0.089745 0.319288
vt 0.092596 0.357186
vt 0.079477 0.356347
vt 0.097182 0.330240
vt 0.093764 0.321333
vt 0.043312 0.304548
vt 0.045614 0.297791
vt 0.054518 0.301064
vt 0.046204 0.304164
vt 0.097756 0.346531
vt 0.097756 0.331840
vt 0.072573 0.335907
vt 0.074879 0.323376
vt 0.195877 0.584611
vt 0.193134 0.583625
vt 0.194019 0.575417
vt 0.137683 0.300592
vt 0.131428 0.313472
vt 0.130661 0.303286
vt 0.227471 0.243947
vt 0.220593 0.246621
vt 0.216003 0.239490
vt 0.219932 0.233265
vt 0.226655 0.251480
vt 0.218662 0.253494
vt 0.214311 0.389905
vt 0.212290 0.398544
vt 0.200561 0.392752
vt 0.207218 0.385654
vt 0.205371 0.361856
vt 0.210143 0.367465
vt 0.210045 0.377820
vt 0.200561 0.380063
vt 0.155011 0.301455
vt 0.153482 0.301378
vt 0.150841 0.294365
vt 0.158393 0.295379
vt 0.728913 0.604382
vt 0.735538 0.601734
vt 0.739157 0.611587
vt 0.728915 0.612853
vt 0.159713 0.314952
vt 0.141357 0.319587
vt 0.141329 0.315293
vt 0.155778 0.311641
vt 0.126569 0.315158
vt 0.123775 0.302312
vt 0.161673 0.299463
vt 0.160832 0.312582
vt 0.134728 0.294875
vt 0.125820 0.298294
vt 0.216003 0.263262
vt 0.222759 0.265564
vt 0.219487 0.274469
vt 0.216385 0.266154
vt 0.151019 0.294300
vt 0.136326 0.294300
vt 0.140392 0.319483
vt 0.127863 0.317178
vt 0.745467 0.603660
vt 0.748210 0.604646
vt 0.747326 0.612855
vt 0.064879 0.130593
vt 0.070757 0.127411
vt 0.072289 0.133126
vt 0.064421 0.135224
vt 0.177066 0.533471
vt 0.183105 0.529211
vt 0.187208 0.537467
vt 0.178442 0.538351
vt 0.084900 0.138038
vt 0.085416 0.145102
vt 0.080998 0.147322
vt 0.079680 0.138850
vt 0.073246 0.139849
vt 0.074887 0.150394
vt 0.063854 0.150137
vt 0.063354 0.144772
vt 0.105087 0.436273
vt 0.107156 0.441096
vt 0.103085 0.443662
vt 0.099619 0.434128
vt 0.053906 0.134212
vt 0.053602 0.138414
vt 0.053623 0.150394
vt 0.053694 0.144882
vt 0.193800 0.534457
vt 0.196598 0.529211
vt 0.088188 0.443321
vt 0.086833 0.438006
vt 0.049315 0.136036
vt 0.049633 0.139438
vt 0.049806 0.149064
vt 0.050172 0.144918
vt 0.199857 0.535942
vt 0.201423 0.530079
vt 0.083443 0.443662
vt 0.082736 0.439404
vt 0.045716 0.136351
vt 0.047588 0.132967
vt 0.047535 0.147239
vt 0.047753 0.145308
vt 0.203576 0.532677
vt 0.203845 0.530844
vt 0.080673 0.439957
vt 0.080169 0.442750
vt 0.076601 0.443511
vt 0.077547 0.440213
vt 0.072926 0.441080
vt 0.073128 0.439490
vt 0.045610 0.140661
vt 0.204182 0.539181
vt 0.206487 0.537897
vt 0.200739 0.540845
vt 0.191749 0.545178
vt 0.180846 0.544847
vt 0.176258 0.530005
vt 0.051202 0.129272
vt 0.064697 0.124036
vt 0.070046 0.124319
vt 0.088357 0.143624
vt 0.087427 0.137644
vt 0.206792 0.533028
vt 0.020483 0.358318
vt 0.033365 0.364572
vt 0.023179 0.365339
vt 0.229163 0.137832
vt 0.236039 0.135158
vt 0.240630 0.142289
vt 0.236701 0.148514
vt 0.229976 0.130300
vt 0.237972 0.128286
vt 0.154913 0.403595
vt 0.163554 0.405617
vt 0.157760 0.417343
vt 0.150664 0.410687
vt 0.126866 0.412534
vt 0.132473 0.407762
vt 0.142829 0.407860
vt 0.145070 0.417343
vt 0.021348 0.340987
vt 0.021272 0.342519
vt 0.014258 0.345160
vt 0.015270 0.337607
vt 0.760602 0.381129
vt 0.763250 0.387753
vt 0.753397 0.391372
vt 0.752128 0.381129
vt 0.034844 0.336288
vt 0.039479 0.354644
vt 0.035187 0.354671
vt 0.031532 0.340223
vt 0.035051 0.369431
vt 0.022205 0.372225
vt 0.019354 0.334327
vt 0.032473 0.335166
vt 0.014768 0.361273
vt 0.018186 0.370180
vt 0.240630 0.118518
vt 0.233874 0.116216
vt 0.237146 0.107311
vt 0.240246 0.115626
vt 0.014194 0.344981
vt 0.014194 0.359673
vt 0.039377 0.355606
vt 0.037071 0.368137
vt 0.761324 0.397681
vt 0.760338 0.400424
vt 0.752128 0.399541
vt 0.207240 0.311872
vt 0.200985 0.324751
vt 0.200219 0.314566
vt 0.097756 0.251469
vt 0.090878 0.254143
vt 0.086286 0.247012
vt 0.090215 0.240787
vt 0.096940 0.259001
vt 0.088947 0.261015
vt 0.162434 0.358477
vt 0.171073 0.360499
vt 0.165281 0.372225
vt 0.158183 0.365571
vt 0.134384 0.367418
vt 0.139994 0.362644
vt 0.150348 0.362744
vt 0.152592 0.372225
vt 0.224570 0.312735
vt 0.223039 0.312658
vt 0.220398 0.305644
vt 0.227951 0.306658
vt 0.748210 0.021792
vt 0.741587 0.024439
vt 0.737967 0.014586
vt 0.748210 0.013320
vt 0.229270 0.326232
vt 0.210914 0.330867
vt 0.210887 0.326573
vt 0.225335 0.322920
vt 0.196127 0.326438
vt 0.193333 0.313591
vt 0.231231 0.310742
vt 0.230392 0.323861
vt 0.204285 0.306154
vt 0.195378 0.309574
vt 0.086286 0.270783
vt 0.093043 0.273085
vt 0.089770 0.281989
vt 0.086670 0.273675
vt 0.220576 0.305580
vt 0.205885 0.305580
vt 0.209951 0.330763
vt 0.197421 0.328457
vt 0.731656 0.022513
vt 0.728913 0.021527
vt 0.729797 0.013320
vt 0.134353 0.136764
vt 0.131173 0.130886
vt 0.136886 0.129355
vt 0.138986 0.137223
vt 0.755229 0.263543
vt 0.759490 0.269581
vt 0.751233 0.273686
vt 0.750347 0.264919
vt 0.141798 0.116744
vt 0.148862 0.116228
vt 0.151084 0.120645
vt 0.142609 0.121963
vt 0.143611 0.128398
vt 0.154154 0.126757
vt 0.153899 0.137790
vt 0.148534 0.138290
vt 0.044929 0.417473
vt 0.046998 0.422296
vt 0.042928 0.424863
vt 0.039461 0.415328
vt 0.137974 0.147736
vt 0.142176 0.148042
vt 0.154154 0.148021
vt 0.148642 0.147948
vt 0.754243 0.280277
vt 0.759490 0.283075
vt 0.028030 0.424522
vt 0.026675 0.419206
vt 0.139796 0.152326
vt 0.143200 0.152010
vt 0.152826 0.151838
vt 0.148680 0.151471
vt 0.752759 0.286333
vt 0.758621 0.287900
vt 0.023284 0.424863
vt 0.022578 0.420604
vt 0.140113 0.155928
vt 0.136729 0.154055
vt 0.151001 0.154108
vt 0.149068 0.153891
vt 0.756023 0.290055
vt 0.757857 0.290324
vt 0.020515 0.421157
vt 0.020011 0.423951
vt 0.016443 0.424712
vt 0.017388 0.421414
vt 0.012768 0.422281
vt 0.012970 0.420690
vt 0.144421 0.156034
vt 0.749520 0.290661
vt 0.750804 0.292965
vt 0.747855 0.287218
vt 0.743522 0.278228
vt 0.743853 0.267325
vt 0.758696 0.262737
vt 0.133034 0.150442
vt 0.127796 0.136946
vt 0.128079 0.131598
vt 0.147386 0.113287
vt 0.141406 0.114216
vt 0.755672 0.293268
vt 0.104358 0.190751
vt 0.110236 0.187570
vt 0.111767 0.193284
vt 0.103899 0.195384
vt 0.736501 0.566930
vt 0.732240 0.560891
vt 0.740497 0.556787
vt 0.741383 0.565553
vt 0.124378 0.198195
vt 0.124894 0.205262
vt 0.120476 0.207481
vt 0.119159 0.199009
vt 0.112724 0.200009
vt 0.114365 0.210552
vt 0.103332 0.210297
vt 0.102832 0.204932
vt 0.144564 0.522747
vt 0.146634 0.527572
vt 0.142564 0.530139
vt 0.139096 0.520602
vt 0.093384 0.194372
vt 0.093080 0.198574
vt 0.093101 0.210552
vt 0.093172 0.205040
vt 0.737487 0.550195
vt 0.732240 0.547397
vt 0.127667 0.529796
vt 0.126312 0.524482
vt 0.088794 0.196195
vt 0.089111 0.199597
vt 0.089284 0.209224
vt 0.089651 0.205077
vt 0.738971 0.544141
vt 0.733111 0.542572
vt 0.122920 0.530139
vt 0.122212 0.525878
vt 0.085194 0.196511
vt 0.087066 0.193127
vt 0.087013 0.207399
vt 0.087231 0.205466
vt 0.735707 0.540419
vt 0.733876 0.540151
vt 0.120152 0.526433
vt 0.119648 0.529227
vt 0.116077 0.529986
vt 0.117024 0.526690
vt 0.112405 0.527557
vt 0.112607 0.525965
vt 0.085088 0.200819
vt 0.742210 0.539814
vt 0.740928 0.537510
vt 0.743875 0.543257
vt 0.748210 0.552247
vt 0.747877 0.563149
vt 0.733034 0.567737
vt 0.090680 0.189431
vt 0.104175 0.184196
vt 0.109524 0.184478
vt 0.127835 0.203783
vt 0.126905 0.197803
vt 0.736060 0.537204
vt 0.185642 0.089322
vt 0.179764 0.092502
vt 0.178233 0.086788
vt 0.186101 0.084689
vt 0.104468 0.570998
vt 0.098429 0.575257
vt 0.094325 0.567002
vt 0.103091 0.566116
vt 0.165622 0.081875
vt 0.165106 0.074811
vt 0.169523 0.072591
vt 0.170841 0.081063
vt 0.177276 0.080063
vt 0.175635 0.069519
vt 0.186669 0.069776
vt 0.187168 0.075140
vt 0.133274 0.475356
vt 0.131204 0.470531
vt 0.135274 0.467964
vt 0.138743 0.477501
vt 0.196616 0.085700
vt 0.196920 0.081498
vt 0.196898 0.069519
vt 0.196828 0.075032
vt 0.087733 0.570012
vt 0.084936 0.575257
vt 0.150171 0.468307
vt 0.151526 0.473620
vt 0.201206 0.083877
vt 0.200888 0.080475
vt 0.200716 0.070848
vt 0.200349 0.074995
vt 0.081679 0.568526
vt 0.080110 0.574388
vt 0.154918 0.467964
vt 0.155626 0.472225
vt 0.204806 0.083561
vt 0.202935 0.086945
vt 0.202986 0.072673
vt 0.202769 0.074605
vt 0.077957 0.571792
vt 0.077689 0.573623
vt 0.157686 0.471670
vt 0.158190 0.468876
vt 0.161761 0.468117
vt 0.160813 0.471413
vt 0.165433 0.470546
vt 0.165231 0.472138
vt 0.204912 0.079253
vt 0.077352 0.565289
vt 0.075048 0.566571
vt 0.080795 0.563622
vt 0.089784 0.559289
vt 0.100687 0.559620
vt 0.105276 0.574463
vt 0.199322 0.090641
vt 0.185826 0.095876
vt 0.180476 0.095594
vt 0.162165 0.076289
vt 0.163096 0.082269
vt 0.074742 0.571439
vt 0.119399 0.083679
vt 0.122579 0.089557
vt 0.116865 0.091088
vt 0.114765 0.083220
vt 0.755231 0.203385
vt 0.759490 0.209424
vt 0.751235 0.213528
vt 0.750349 0.204761
vt 0.111954 0.103699
vt 0.104889 0.104215
vt 0.102670 0.099797
vt 0.111142 0.098480
vt 0.110140 0.092045
vt 0.099597 0.093686
vt 0.099852 0.082653
vt 0.105217 0.082153
vt 0.221641 0.492670
vt 0.223711 0.497495
vt 0.219641 0.500060
vt 0.216172 0.490525
vt 0.115777 0.072705
vt 0.111575 0.072401
vt 0.099597 0.072422
vt 0.105109 0.072493
vt 0.754245 0.220119
vt 0.759490 0.222917
vt 0.204744 0.499718
vt 0.203389 0.494405
vt 0.113955 0.068115
vt 0.110552 0.068432
vt 0.100925 0.068605
vt 0.105074 0.068971
vt 0.752759 0.226176
vt 0.758621 0.227743
vt 0.199997 0.500060
vt 0.199289 0.495801
vt 0.113638 0.064515
vt 0.117022 0.066387
vt 0.102750 0.066334
vt 0.104683 0.066552
vt 0.756025 0.229895
vt 0.757856 0.230164
vt 0.197228 0.496356
vt 0.196725 0.499150
vt 0.193154 0.499909
vt 0.194101 0.496613
vt 0.189482 0.497479
vt 0.189684 0.495887
vt 0.109330 0.064409
vt 0.749522 0.230503
vt 0.750804 0.232807
vt 0.747855 0.227060
vt 0.743522 0.218071
vt 0.743853 0.207167
vt 0.758695 0.202579
vt 0.120720 0.070001
vt 0.125955 0.083496
vt 0.125672 0.088845
vt 0.106368 0.107156
vt 0.112346 0.106227
vt 0.755672 0.233111
vt 0.255480 0.368020
vt 0.708902 0.514239
vt 0.440328 0.171902
vt 0.266322 0.173893
vt 0.757738 0.052769
vt 0.752314 0.073010
vt 0.724876 0.071562
vt 0.725952 0.051192
vt 0.247295 0.535309
vt 0.244530 0.590196
vt 0.146686 0.040437
vt 0.147156 0.020031
vt 0.516833 0.383101
vt 0.723671 0.390126
vt 0.825139 0.055605
vt 0.821345 0.076906
vt 0.466049 0.601435
vt 0.444070 0.318424
vt 0.446682 0.282012
vt 0.461082 0.282801
vt 0.459214 0.319224
vt 0.456426 0.600944
vt 0.459181 0.102743
vt 0.462330 0.057644
vt 0.478220 0.058500
vt 0.472301 0.102569
vt 0.471044 0.040493
vt 0.433686 0.281244
vt 0.260884 0.270767
vt 0.454364 0.171723
vt 0.250885 0.462774
vt 0.719789 0.168035
vt 0.528941 0.170732
vt 0.532486 0.101745
vt 0.723428 0.098999
vt 0.049784 0.035152
vt 0.052703 0.014880
vt 0.713103 0.296056
vt 0.523047 0.286091
vt 0.012762 0.033133
vt 0.013873 0.012762
vt 0.518998 0.342613
vt 0.728090 0.353267
vt 0.467755 0.171549
vt 0.485671 0.284112
vt 0.483657 0.320389
vt 0.498561 0.059591
vt 0.496099 0.102247
vt 0.486789 0.340988
vt 0.521254 0.322284
vt 0.711267 0.331977
vt 0.492130 0.171228
vt 0.534556 0.061513
vt 0.545335 0.041838
vt 0.485633 0.382068
vt 0.494943 0.038774
vt 0.485344 0.039466
vt 0.336149 0.781271
vt 0.311960 0.784166
vt 0.230249 0.719614
vt 0.332859 0.844174
vt 0.308828 0.842893
vt 0.061118 0.767884
vt 0.044128 0.768688
vt 0.043843 0.754526
vt 0.047003 0.643212
vt 0.045635 0.684843
vt 0.044677 0.712254
vt 0.044079 0.733621
vt 0.095470 0.775503
vt 0.254595 0.863843
vt 0.278616 0.865082
vt 0.307277 0.697033
vt 0.302061 0.767508
vt 0.303697 0.745933
vt 0.044329 0.774966
vt 0.305301 0.724470
vt 0.272069 0.783633
vt 0.284443 0.783803
vt 0.296398 0.842233
vt 0.294501 0.865918
vt 0.311375 0.866811
vt 0.099153 0.796953
vt 0.099185 0.833633
vt 0.075304 0.833031
vt 0.075359 0.797928
vt 0.300803 0.784020
vt 0.052565 0.630989
vt 0.047387 0.630978
vt 0.059490 0.832524
vt 0.042572 0.831863
vt 0.228594 0.741128
vt 0.261419 0.743348
vt 0.262253 0.721941
vt 0.244582 0.863332
vt 0.258118 0.840226
vt 0.265035 0.632110
vt 0.264152 0.641276
vt 0.308569 0.624194
vt 0.303227 0.625158
vt 0.109730 0.797072
vt 0.109330 0.833951
vt 0.109912 0.788286
vt 0.097438 0.785839
vt 0.259466 0.797992
vt 0.259696 0.791118
vt 0.260604 0.765346
vt 0.219196 0.862086
vt 0.263219 0.694851
vt 0.263975 0.653820
vt 0.259959 0.783460
vt 0.188550 0.860641
vt 0.335853 0.787530
s 1
usemtl initialShadingGroup.001
f 35/1/1 36/2/1 21/3/1 22/4/1
f 30/5/2 5/6/2 28/7/2 29/8/2
f 36/9/3 30/10/3 29/11/3 21/12/3
f 2/13/4 8/14/4 6/15/4 4/16/4
f 7/17/5 1/18/5 3/19/5 5/20/5
f 34/21/6 35/1/6 22/4/6 23/22/6
f 4/16/7 6/15/7 11/23/7 10/24/7
f 27/25/8 28/7/8 5/6/8 12/26/8
f 5/20/9 3/19/9 9/27/9 12/28/9
f 33/29/10 34/21/10 23/22/10 24/30/10
f 10/24/11 11/23/11 15/31/11 14/32/11
f 26/33/12 27/25/12 12/26/12 16/34/12
f 12/28/13 9/27/13 13/35/13 16/36/13
f 33/29/14 24/30/14 32/37/14 13/38/14
f 14/32/15 15/31/15 19/39/15 18/40/15
f 25/41/16 26/33/17 16/34/17 31/42/18
f 31/43/19 32/44/19 17/45/19 20/46/19
f 18/47/20 19/48/20 20/46/20 17/45/20
f 22/4/21 21/3/21 2/13/21 4/16/21
f 23/22/22 22/4/22 4/16/22 10/24/22
f 24/30/23 23/22/23 10/24/23 14/32/23
f 17/49/24 24/30/24 14/32/24 18/40/24
f 15/50/25 26/33/25 25/41/25 19/51/25
f 11/52/26 27/25/26 26/33/26 15/50/26
f 6/53/27 28/7/27 27/25/27 11/52/27
f 29/8/28 28/7/28 6/53/28 8/54/28
f 21/12/3 29/11/3 8/14/3 2/13/3
f 5/6/29 30/5/29 7/55/29
f 16/36/30 13/35/30 32/44/30 31/43/30
f 9/56/31 34/21/31 33/29/31 13/38/31
f 3/57/32 35/1/32 34/21/32 9/56/32
f 1/58/33 36/2/33 35/1/33 3/57/33
f 7/59/3 30/10/3 36/9/3 1/60/3
f 32/37/34 24/30/34 17/49/34
f 25/41/16 31/42/18 20/61/35 19/51/35
f 71/62/36 72/63/36 57/64/36 58/65/36
f 66/66/37 41/67/37 64/68/37 65/69/37
f 72/70/3 66/71/3 65/72/3 57/73/3
f 38/74/38 44/75/38 42/76/38 40/77/38
f 43/78/39 37/79/39 39/80/39 41/81/39
f 70/82/40 71/62/40 58/65/40 59/83/40
f 40/77/41 42/76/41 47/84/41 46/85/41
f 63/86/42 64/68/42 41/67/42 48/87/42
f 41/81/43 39/80/43 45/88/43 48/89/43
f 69/90/44 70/82/44 59/83/44 60/91/44
f 46/85/45 47/84/45 51/92/45 50/93/45
f 62/94/46 63/86/46 48/87/46 52/95/46
f 48/89/47 45/88/47 49/96/47 52/97/47
f 69/90/48 60/91/48 68/98/48 49/99/48
f 50/93/49 51/92/49 55/100/49 54/101/49
f 61/102/50 62/94/51 52/95/51 67/103/52
f 67/104/53 68/105/53 53/106/53 56/107/53
f 54/108/54 55/109/54 56/107/54 53/106/54
f 58/65/55 57/64/55 38/74/55 40/77/55
f 59/83/56 58/65/56 40/77/56 46/85/56
f 60/91/57 59/83/57 46/85/57 50/93/57
f 53/110/58 60/91/58 50/93/58 54/101/58
f 51/111/59 62/94/59 61/102/59 55/112/59
f 47/113/60 63/86/60 62/94/60 51/111/60
f 42/114/61 64/68/61 63/86/61 47/113/61
f 65/69/62 64/68/62 42/114/62 44/115/62
f 57/73/3 65/72/3 44/75/3 38/74/3
f 41/67/63 66/66/63 43/116/63
f 52/97/64 49/96/64 68/105/64 67/104/64
f 45/117/65 70/82/65 69/90/65 49/99/65
f 39/118/66 71/62/66 70/82/66 45/117/66
f 37/119/67 72/63/67 71/62/67 39/118/67
f 43/120/3 66/71/3 72/70/3 37/121/3
f 68/98/68 60/91/68 53/110/68
f 61/102/50 67/103/52 56/122/69 55/112/69
f 107/123/70 108/124/70 93/125/70 94/126/70
f 102/127/71 77/128/71 100/129/71 101/130/71
f 108/131/3 102/132/3 101/133/3 93/134/3
f 74/135/72 80/136/72 78/137/72 76/138/72
f 79/139/73 73/140/73 75/141/73 77/142/73
f 106/143/74 107/123/74 94/126/74 95/144/74
f 76/138/75 78/137/75 83/145/75 82/146/75
f 99/147/76 100/129/76 77/128/76 84/148/76
f 77/142/77 75/141/77 81/149/77 84/150/77
f 105/151/78 106/143/78 95/144/78 96/152/78
f 82/146/79 83/145/79 87/153/79 86/154/79
f 98/155/80 99/147/80 84/148/80 88/156/80
f 84/150/81 81/149/81 85/157/81 88/158/81
f 105/151/82 96/152/82 104/159/82 85/160/82
f 86/154/83 87/153/83 91/161/83 90/162/83
f 97/163/84 98/155/85 88/156/85 103/164/86
f 103/165/87 104/166/87 89/167/87 92/168/87
f 90/169/88 91/170/88 92/168/88 89/167/88
f 94/126/89 93/125/89 74/135/89 76/138/89
f 95/144/90 94/126/90 76/138/90 82/146/90
f 96/152/91 95/144/91 82/146/91 86/154/91
f 89/171/92 96/152/92 86/154/92 90/162/92
f 87/172/93 98/155/93 97/163/93 91/173/93
f 83/174/94 99/147/94 98/155/94 87/172/94
f 78/175/95 100/129/95 99/147/95 83/174/95
f 101/130/96 100/129/96 78/175/96 80/176/96
f 93/134/3 101/133/3 80/136/3 74/135/3
f 77/128/97 102/127/97 79/177/97
f 88/158/98 85/157/98 104/166/98 103/165/98
f 81/178/99 106/143/99 105/151/99 85/160/99
f 75/179/100 107/123/100 106/143/100 81/178/100
f 73/180/101 108/124/101 107/123/101 75/179/101
f 79/181/3 102/132/3 108/131/3 73/182/3
f 104/159/102 96/152/102 89/171/102
f 97/163/84 103/164/86 92/183/103 91/173/103
f 109/184/104 778/185/104 762/186/104 759/187/104
f 117/188/105 125/189/105 126/190/105 115/191/105
f 760/192/106 761/193/106 779/194/106 113/195/106
f 113/195/3 779/194/3 777/196/3 768/197/3
f 110/198/107 784/199/108 788/200/109 111/201/107
f 113/195/110 768/202/110 767/203/110 760/192/110
f 116/204/111 122/205/112 769/206/113 112/207/111
f 118/208/114 124/209/114 125/189/114 117/188/114
f 122/205/115 123/210/115 119/211/115 120/212/115
f 123/210/116 802/213/117 118/208/118 119/211/119
f 761/214/120 763/215/120 774/216/121 772/217/122
f 125/189/123 124/209/123 764/218/123 765/219/123
f 126/190/124 125/189/124 765/219/124 762/186/124
f 167/220/104 184/221/104 894/222/104 891/223/104
f 840/224/3 889/225/3 887/226/3 860/227/3
f 135/228/125 813/229/126 892/230/127 162/231/128
f 841/232/3 843/233/3 852/234/3 849/235/3
f 133/236/110 821/237/110 825/238/110 131/239/110
f 146/240/129 161/241/130 832/242/131 834/243/132
f 815/244/133 848/245/134 851/246/135 816/247/136
f 148/248/137 159/249/137 160/250/137 153/251/137
f 149/252/138 158/253/138 159/249/138 148/248/138
f 150/254/139 157/255/139 158/253/139 149/252/139
f 151/256/140 156/257/140 157/255/140 150/254/140
f 152/258/141 155/259/141 156/257/141 151/256/141
f 136/260/142 144/261/142 155/259/142 154/262/142
f 156/257/143 155/259/143 144/261/143 143/263/143
f 157/255/144 156/257/144 143/263/144 142/264/144
f 158/253/145 157/255/145 142/264/145 141/265/145
f 159/249/146 158/253/146 141/265/146 140/266/146
f 160/250/147 159/249/147 140/266/147 139/267/147
f 162/268/148 832/242/149 833/269/150 135/270/148
f 152/258/151 858/271/152 857/272/153 862/273/154
f 140/266/155 164/274/155 167/220/155 139/267/156
f 168/275/104 169/276/104 165/277/104 164/274/104
f 835/278/3 836/279/3 850/280/3 847/281/3
f 170/282/157 171/283/158 163/284/159 166/285/160
f 142/264/155 175/286/155 168/275/155 141/265/155
f 143/263/161 179/287/155 175/286/155 142/264/155
f 180/288/162 181/289/163 178/290/164 179/287/165
f 843/233/3 838/291/3 846/292/3 852/234/3
f 182/293/166 183/294/167 176/295/168 177/296/169
f 817/297/170 854/298/171 855/299/172 818/300/173
f 173/301/174 172/302/175 171/283/158 170/282/157
f 838/291/3 835/278/3 847/281/3 846/292/3
f 175/286/176 174/303/177 169/276/104 168/275/104
f 818/300/173 855/299/172 848/245/134 815/244/133
f 144/261/178 180/288/179 179/287/155 143/263/161
f 177/296/169 176/295/168 172/302/175 173/301/174
f 836/279/3 837/304/3 853/305/3 850/280/3
f 179/287/165 178/290/164 174/303/177 175/286/176
f 129/306/180 180/288/179 144/261/178 136/260/181
f 819/307/182 858/271/152 854/298/171 817/297/170
f 136/308/110 186/309/110 127/310/110 129/311/110
f 127/310/104 181/289/163 180/288/162 129/306/104
f 133/236/3 182/293/3 826/312/3 821/237/3
f 131/313/183 183/294/167 182/293/166 133/236/183
f 164/274/104 165/277/104 184/221/104 167/220/104
f 842/314/3 840/224/3 860/227/3 861/315/3
f 153/251/184 859/316/185 851/246/135 148/248/186
f 813/229/3 830/317/3 893/318/3 892/230/3
f 130/319/155 884/320/155 877/321/155 811/322/155
f 181/289/3 878/323/3 885/324/3 178/290/3
f 181/289/3 127/310/3 186/309/3 878/323/3
f 812/325/3 882/326/3 883/327/3 128/328/3
f 165/277/3 880/329/3 879/330/3 184/221/3
f 862/273/154 154/262/187 155/259/188 152/258/151
f 812/325/3 894/222/3 888/331/3 882/326/3
f 811/322/155 877/321/155 886/332/155 891/223/155
f 187/333/189 251/334/189 322/335/189 289/336/189
f 189/337/190 252/338/190 253/339/190 191/340/190
f 290/341/191 291/342/191 254/343/191 193/344/191
f 193/344/192 254/343/192 251/334/192 187/333/192
f 188/345/193 194/346/193 306/347/193 307/348/193
f 193/349/110 187/350/110 289/351/110 290/352/110
f 308/353/194 309/354/195 195/355/196 215/356/196
f 197/357/197 196/358/197 216/359/197 217/360/197
f 198/361/198 304/362/198 305/363/198 218/364/198
f 195/355/199 198/361/199 218/364/199 215/356/199
f 311/365/200 312/366/201 199/367/202 223/368/202
f 201/369/203 200/370/203 224/371/203 225/372/203
f 202/373/191 301/374/191 302/375/204 226/376/205
f 199/367/206 202/373/206 226/376/206 223/368/206
f 314/377/207 315/378/208 203/379/209 235/380/209
f 205/381/210 204/382/210 236/383/210 237/384/210
f 206/385/191 298/386/191 299/387/191 238/388/191
f 203/379/211 206/385/211 238/388/212 235/380/213
f 317/389/214 318/390/215 207/391/216 239/392/216
f 209/393/217 208/394/218 240/395/219 241/396/219
f 210/397/191 295/398/191 296/399/191 242/400/191
f 207/391/220 210/397/220 242/400/220 239/392/220
f 320/401/221 321/402/221 211/403/221 247/404/221
f 213/405/222 212/406/222 248/407/222 249/408/222
f 214/409/191 292/410/191 293/411/191 250/412/191
f 211/403/223 214/409/223 250/412/223 247/404/223
f 307/413/224 308/353/224 215/356/224 188/414/224
f 217/360/225 216/359/225 190/415/225 192/416/225
f 218/364/226 305/363/227 306/417/228 194/418/226
f 215/356/229 218/364/229 194/418/229 188/414/229
f 309/354/230 310/419/231 219/420/232 195/355/232
f 221/421/233 220/422/233 196/358/233 197/357/233
f 222/423/198 303/424/198 304/362/198 198/361/198
f 219/420/234 222/423/234 198/361/234 195/355/234
f 310/419/235 311/365/235 223/368/235 219/420/235
f 225/372/236 224/371/236 220/422/236 221/421/236
f 226/376/205 302/375/204 303/424/237 222/423/238
f 223/368/239 226/376/239 222/423/239 219/420/239
f 312/366/240 313/425/241 227/426/242 199/367/242
f 229/427/243 228/428/243 200/370/243 201/369/243
f 230/429/191 300/430/191 301/374/191 202/373/191
f 227/426/244 230/429/244 202/373/244 199/367/244
f 315/378/245 316/431/246 231/432/247 203/379/247
f 233/433/248 232/434/248 204/382/248 205/381/248
f 234/435/191 297/436/191 298/386/191 206/385/191
f 231/432/249 234/435/249 206/385/249 203/379/249
f 313/425/250 314/377/250 235/380/250 227/426/250
f 237/384/251 236/383/251 228/428/251 229/427/251
f 238/388/191 299/387/191 300/430/191 230/429/191
f 235/380/213 238/388/212 230/429/252 227/426/252
f 316/431/253 317/389/253 239/392/253 231/432/253
f 241/396/254 240/395/254 232/434/254 233/433/254
f 242/400/191 296/399/191 297/436/191 234/435/191
f 239/392/255 242/400/255 234/435/255 231/432/255
f 318/390/256 319/437/257 243/438/258 207/391/258
f 246/439/191 294/440/191 295/398/191 210/397/191
f 243/438/259 246/439/259 210/397/259 207/391/259
f 319/437/260 320/401/260 247/404/260 243/438/260
f 249/408/261 248/407/261 244/441/262 245/442/263
f 250/412/191 293/411/191 294/440/191 246/439/191
f 247/404/264 250/412/264 246/439/264 243/438/264
f 321/402/265 322/335/266 251/334/267 211/403/267
f 253/339/268 252/338/268 212/406/268 213/405/268
f 254/343/191 291/342/191 292/410/191 214/409/191
f 251/334/269 254/343/269 214/409/269 211/403/269
f 256/443/110 255/444/110 189/337/110 191/340/110
f 191/340/270 253/339/270 257/445/270 256/446/270
f 258/447/271 257/445/271 253/339/271 213/405/271
f 259/448/272 258/447/272 213/405/272 249/408/272
f 260/449/273 259/448/274 249/408/275 245/442/275
f 261/450/276 260/449/273 245/442/263 209/393/217
f 262/451/277 261/450/277 209/393/277 241/396/277
f 263/452/278 262/451/278 241/396/279 233/433/279
f 264/453/280 263/452/280 233/433/280 205/381/280
f 265/454/281 264/453/282 205/381/283 237/384/284
f 266/455/285 265/454/281 237/384/284 229/427/286
f 267/456/287 266/455/287 229/427/287 201/369/287
f 268/457/288 267/456/289 201/369/290 225/372/290
f 269/458/291 268/457/288 225/372/292 221/421/292
f 270/459/293 269/458/293 221/421/293 197/357/293
f 271/460/294 270/459/294 197/357/294 217/360/294
f 272/461/295 271/460/295 217/360/295 192/416/295
f 273/462/193 272/463/193 192/416/193 190/415/193
f 216/464/296 274/465/296 273/466/296 190/467/296
f 196/468/297 275/469/298 274/465/299 216/464/297
f 220/470/300 276/471/301 275/469/302 196/468/300
f 224/472/303 277/473/303 276/471/303 220/470/303
f 200/474/304 278/475/305 277/473/306 224/472/304
f 228/476/307 279/477/308 278/475/309 200/474/307
f 236/478/310 280/479/310 279/477/310 228/476/310
f 204/480/311 281/481/312 280/479/313 236/478/311
f 232/482/314 282/483/315 281/481/316 204/480/314
f 240/484/317 283/485/317 282/483/317 232/482/317
f 208/486/318 284/487/319 283/485/320 240/484/318
f 244/488/262 285/489/321 284/487/322 208/486/218
f 248/490/323 286/491/323 285/489/323 244/488/323
f 212/492/324 287/493/325 286/491/326 248/490/324
f 252/494/327 288/495/328 287/493/329 212/492/327
f 255/496/330 288/495/330 252/494/330 189/497/330
f 290/352/110 289/351/110 255/444/110 256/443/110
f 256/446/191 257/445/191 291/342/191 290/341/191
f 292/410/191 291/342/191 257/445/191 258/447/191
f 293/411/191 292/410/191 258/447/191 259/448/274
f 294/440/191 293/411/191 259/448/274 260/449/273
f 295/398/191 294/440/191 260/449/273 261/450/276
f 296/399/191 295/398/191 261/450/276 262/451/278
f 297/436/191 296/399/191 262/451/278 263/452/278
f 298/386/191 297/436/191 263/452/278 264/453/282
f 299/387/191 298/386/191 264/453/282 265/454/281
f 300/430/191 299/387/191 265/454/281 266/455/285
f 301/374/191 300/430/191 266/455/285 267/456/289
f 302/375/204 301/374/191 267/456/289 268/457/288
f 303/424/237 302/375/204 268/457/288 269/458/291
f 304/362/198 303/424/198 269/458/198 270/459/198
f 305/363/198 304/362/198 270/459/198 271/460/198
f 306/417/228 305/363/227 271/460/331 272/461/331
f 307/348/193 306/347/193 272/463/193 273/462/193
f 273/466/332 274/465/332 308/353/332 307/413/332
f 274/465/299 275/469/298 309/354/195 308/353/194
f 275/469/302 276/471/301 310/419/231 309/354/230
f 276/471/333 277/473/333 311/365/333 310/419/333
f 277/473/306 278/475/305 312/366/201 311/365/200
f 278/475/309 279/477/308 313/425/241 312/366/240
f 279/477/334 280/479/334 314/377/334 313/425/334
f 280/479/313 281/481/312 315/378/208 314/377/207
f 281/481/316 282/483/315 316/431/246 315/378/245
f 282/483/335 283/485/335 317/389/335 316/431/335
f 283/485/320 284/487/319 318/390/215 317/389/214
f 284/487/322 285/489/321 319/437/257 318/390/256
f 285/489/336 286/491/336 320/401/336 319/437/336
f 286/491/326 287/493/325 321/402/221 320/401/221
f 287/493/329 288/495/328 322/335/266 321/402/265
f 289/336/337 322/335/337 288/495/337 255/496/337
f 323/498/338 387/499/338 458/500/338 425/501/338
f 325/502/339 388/503/339 389/504/339 327/505/339
f 426/506/340 427/507/340 390/508/340 329/509/340
f 329/509/341 390/508/341 387/510/341 323/511/341
f 324/512/193 330/513/193 442/514/193 443/515/193
f 329/516/110 323/498/110 425/501/110 426/517/110
f 444/518/342 445/519/343 331/520/344 351/521/344
f 333/522/345 332/523/345 352/524/345 353/525/345
f 334/526/340 440/527/340 441/528/340 354/529/340
f 331/530/346 334/526/346 354/529/346 351/531/346
f 447/532/347 448/533/348 335/534/349 359/535/349
f 337/536/350 336/537/350 360/538/350 361/539/350
f 338/540/340 437/541/340 438/542/340 362/543/340
f 335/544/351 338/540/351 362/543/351 359/545/351
f 450/546/352 451/547/353 339/548/354 371/549/354
f 341/550/355 340/551/355 372/552/356 373/553/357
f 342/554/340 434/555/340 435/556/340 374/557/340
f 339/558/358 342/554/358 374/557/359 371/559/360
f 453/560/361 454/561/362 343/562/363 375/563/363
f 345/564/364 344/565/364 376/566/364 377/567/364
f 346/568/340 431/569/340 432/570/340 378/571/340
f 343/572/365 346/568/365 378/571/365 375/573/365
f 456/574/366 457/575/366 347/576/366 383/577/366
f 349/578/367 348/579/367 384/580/367 385/581/367
f 350/582/340 428/583/340 429/584/340 386/585/340
f 347/586/368 350/582/368 386/585/368 383/587/368
f 443/515/369 444/518/369 351/521/369 324/512/369
f 353/525/370 352/524/370 326/588/370 328/589/370
f 354/529/340 441/528/340 442/590/340 330/591/340
f 351/531/371 354/529/371 330/591/371 324/592/371
f 445/519/372 446/593/373 355/594/374 331/520/374
f 357/595/375 356/596/375 332/523/375 333/522/375
f 358/597/340 439/598/340 440/527/340 334/526/340
f 355/599/376 358/597/376 334/526/376 331/530/376
f 446/593/377 447/532/377 359/535/377 355/594/377
f 361/539/378 360/538/378 356/596/378 357/595/378
f 362/543/340 438/542/340 439/598/340 358/597/340
f 359/545/379 362/543/379 358/597/379 355/599/379
f 448/533/380 449/600/381 363/601/382 335/534/382
f 365/602/383 364/603/383 336/537/383 337/536/383
f 366/604/340 436/605/340 437/541/340 338/540/340
f 363/606/384 366/604/384 338/540/384 335/544/384
f 451/547/385 452/607/386 367/608/387 339/548/387
f 369/609/388 368/610/388 340/551/388 341/550/388
f 370/611/340 433/612/340 434/555/340 342/554/340
f 367/613/389 370/611/389 342/554/389 339/558/389
f 449/600/390 450/546/390 371/549/390 363/601/390
f 373/553/357 372/552/356 364/603/391 365/602/391
f 374/557/340 435/556/340 436/605/340 366/604/340
f 371/559/360 374/557/359 366/604/392 363/606/392
f 452/607/393 453/560/393 375/563/393 367/608/393
f 377/567/394 376/566/394 368/610/394 369/609/394
f 378/571/340 432/570/340 433/612/340 370/611/340
f 375/573/395 378/571/395 370/611/395 367/613/395
f 454/561/396 455/614/397 379/615/398 343/562/398
f 381/616/399 380/617/399 344/565/399 345/564/399
f 382/618/340 430/619/340 431/569/340 346/568/340
f 379/620/400 382/618/400 346/568/400 343/572/400
f 455/614/401 456/574/401 383/577/401 379/615/401
f 385/581/402 384/580/402 380/617/402 381/616/402
f 386/585/340 429/584/340 430/619/340 382/618/340
f 383/587/403 386/585/403 382/618/403 379/620/403
f 457/575/404 458/500/405 387/499/406 347/576/406
f 389/504/407 388/503/407 348/579/407 349/578/407
f 390/508/340 427/507/340 428/583/340 350/582/340
f 387/510/408 390/508/408 350/582/408 347/586/408
f 392/621/110 391/622/110 325/502/110 327/623/110
f 327/505/340 389/504/340 393/624/340 392/625/340
f 394/626/340 393/624/340 389/504/340 349/578/340
f 395/627/340 394/626/340 349/578/340 385/581/340
f 396/628/340 395/627/340 385/581/340 381/616/340
f 397/629/409 396/628/340 381/616/340 345/564/410
f 398/630/411 397/629/409 345/564/410 377/567/412
f 399/631/413 398/630/411 377/567/412 369/609/414
f 400/632/415 399/631/413 369/609/414 341/550/416
f 401/633/340 400/632/415 341/550/416 373/553/340
f 402/634/340 401/633/340 373/553/340 365/602/340
f 403/635/340 402/634/340 365/602/340 337/536/340
f 404/636/340 403/635/340 337/536/340 361/539/340
f 405/637/340 404/636/340 361/539/340 357/595/340
f 406/638/340 405/637/340 357/595/340 333/522/340
f 407/639/340 406/638/340 333/522/340 353/525/340
f 408/640/340 407/639/340 353/525/340 328/589/340
f 409/641/193 408/642/193 328/643/193 326/588/193
f 352/524/417 410/644/417 409/641/417 326/588/417
f 332/523/418 411/645/419 410/644/420 352/524/418
f 356/596/421 412/646/422 411/645/423 332/523/421
f 360/538/424 413/647/424 412/646/424 356/596/424
f 336/537/425 414/648/426 413/647/427 360/538/425
f 364/603/428 415/649/429 414/648/430 336/537/428
f 372/552/431 416/650/431 415/649/431 364/603/431
f 340/551/432 417/651/433 416/650/434 372/552/432
f 368/610/435 418/652/436 417/651/437 340/551/435
f 376/566/438 419/653/438 418/652/438 368/610/438
f 344/565/439 420/654/440 419/653/441 376/566/439
f 380/617/442 421/655/443 420/654/444 344/565/442
f 384/580/445 422/656/445 421/655/445 380/617/445
f 348/579/446 423/657/447 422/656/448 384/580/446
f 388/503/449 424/658/450 423/657/451 348/579/449
f 391/622/452 424/658/452 388/503/452 325/502/452
f 426/517/110 425/501/110 391/622/110 392/621/110
f 392/625/340 393/624/340 427/507/340 426/506/340
f 428/583/340 427/507/340 393/624/340 394/626/340
f 429/584/340 428/583/340 394/626/340 395/627/340
f 430/619/340 429/584/340 395/627/340 396/628/340
f 431/569/340 430/619/340 396/628/340 397/629/409
f 432/570/340 431/569/340 397/629/409 398/630/411
f 433/612/340 432/570/340 398/630/411 399/631/413
f 434/555/340 433/612/340 399/631/413 400/632/415
f 435/556/340 434/555/340 400/632/415 401/633/340
f 436/605/340 435/556/340 401/633/340 402/634/340
f 437/541/340 436/605/340 402/634/340 403/635/340
f 438/542/340 437/541/340 403/635/340 404/636/340
f 439/598/340 438/542/340 404/636/340 405/637/340
f 440/527/340 439/598/340 405/637/340 406/638/340
f 441/528/340 440/527/340 406/638/340 407/639/340
f 442/590/340 441/528/340 407/639/340 408/640/340
f 443/515/193 442/514/193 408/642/193 409/641/193
f 409/641/453 410/644/453 444/518/453 443/515/453
f 410/644/420 411/645/419 445/519/343 444/518/342
f 411/645/423 412/646/422 446/593/373 445/519/372
f 412/646/454 413/647/454 447/532/454 446/593/454
f 413/647/427 414/648/426 448/533/348 447/532/347
f 414/648/430 415/649/429 449/600/381 448/533/380
f 415/649/455 416/650/455 450/546/455 449/600/455
f 416/650/434 417/651/433 451/547/353 450/546/352
f 417/651/437 418/652/436 452/607/386 451/547/385
f 418/652/456 419/653/456 453/560/456 452/607/456
f 419/653/441 420/654/440 454/561/362 453/560/361
f 420/654/444 421/655/443 455/614/397 454/561/396
f 421/655/457 422/656/457 456/574/457 455/614/457
f 422/656/448 423/657/447 457/575/366 456/574/366
f 423/657/451 424/658/450 458/500/405 457/575/404
f 425/501/458 458/500/458 424/658/458 391/622/458
f 493/659/459 494/660/459 479/661/459 480/662/459
f 488/663/460 463/664/460 486/665/460 487/666/460
f 494/667/3 488/668/3 487/669/3 479/670/3
f 460/671/461 466/672/461 464/673/461 462/674/461
f 465/675/462 459/676/462 461/677/462 463/678/462
f 492/679/463 493/659/463 480/662/463 481/680/463
f 462/674/464 464/673/464 469/681/464 468/682/464
f 485/683/465 486/665/465 463/664/465 470/684/465
f 463/678/466 461/677/466 467/685/466 470/686/466
f 491/687/467 492/679/467 481/680/467 482/688/467
f 468/682/468 469/681/468 473/689/468 472/690/468
f 484/691/469 485/683/469 470/684/469 474/692/469
f 470/686/470 467/685/470 471/693/470 474/694/470
f 491/687/471 482/688/471 490/695/471 471/696/471
f 472/690/472 473/689/472 477/697/472 476/698/472
f 483/699/473 484/691/474 474/692/474 489/700/475
f 489/701/476 490/702/476 475/703/476 478/704/476
f 476/705/477 477/706/477 478/704/477 475/703/477
f 480/662/478 479/661/478 460/671/478 462/674/478
f 481/680/479 480/662/479 462/674/479 468/682/479
f 482/688/480 481/680/480 468/682/480 472/690/480
f 475/707/481 482/688/481 472/690/481 476/698/481
f 473/708/482 484/691/482 483/699/482 477/709/482
f 469/710/483 485/683/483 484/691/483 473/708/483
f 464/711/484 486/665/484 485/683/484 469/710/484
f 487/666/485 486/665/485 464/711/485 466/712/485
f 479/670/3 487/669/3 466/672/3 460/671/3
f 463/664/486 488/663/486 465/713/486
f 474/694/487 471/693/487 490/702/487 489/701/487
f 467/714/488 492/679/488 491/687/488 471/696/488
f 461/715/489 493/659/489 492/679/489 467/714/489
f 459/716/490 494/660/490 493/659/490 461/715/490
f 465/717/3 488/668/3 494/667/3 459/718/3
f 490/695/491 482/688/491 475/707/491
f 483/699/473 489/700/475 478/719/492 477/709/492
f 507/720/3 498/721/3 496/722/3
f 499/723/493 500/724/493 503/725/493 504/726/493
f 500/724/494 499/723/494 513/727/494 514/728/494
f 501/729/495 502/730/495 506/731/495 505/732/495
f 504/733/496 503/734/496 509/735/496 510/736/496
f 495/737/497 512/738/497 513/739/497 499/740/497
f 500/741/498 514/742/498 509/743/498 503/744/498
f 504/745/499 510/746/499 511/747/499 497/748/499
f 496/722/500 498/721/500 506/749/500 502/750/500
f 497/748/501 495/737/501 499/751/501 504/752/501
f 508/753/502 507/720/502 496/722/502 502/754/502
f 515/755/503 508/756/503 502/757/503 501/758/503
f 514/728/504 513/727/504 508/756/504 515/755/504
f 513/759/505 512/738/505 507/720/505 508/760/505
f 510/736/506 509/735/506 505/732/506 506/731/506
f 511/747/507 510/761/507 506/762/507 498/721/507
f 509/743/508 515/763/508 501/764/508 505/765/508
f 515/763/509 509/743/509 514/742/509
f 512/738/3 495/737/3 497/748/3 511/747/3
f 512/738/3 511/747/3 498/721/3 507/720/3
f 528/766/3 519/767/3 517/768/3
f 520/769/510 521/770/510 524/771/510 525/772/510
f 521/770/511 520/769/511 534/773/511 535/774/511
f 522/775/512 523/776/512 527/777/512 526/778/512
f 525/779/513 524/780/513 530/781/513 531/782/513
f 516/783/514 533/784/514 534/785/514 520/786/514
f 521/787/515 535/788/515 530/789/515 524/790/515
f 525/791/516 531/792/516 532/793/516 518/794/516
f 517/768/517 519/767/517 527/795/517 523/796/517
f 518/794/518 516/783/518 520/797/518 525/798/518
f 529/799/519 528/766/519 517/768/519 523/800/519
f 536/801/520 529/802/520 523/803/520 522/804/520
f 535/774/521 534/773/521 529/802/521 536/801/521
f 534/805/522 533/784/522 528/766/522 529/806/522
f 531/782/523 530/781/523 526/778/523 527/777/523
f 532/793/524 531/807/524 527/808/524 519/767/524
f 530/789/525 536/809/525 522/810/525 526/811/525
f 536/809/526 530/789/526 535/788/526
f 533/784/3 516/783/3 518/794/3 532/793/3
f 533/784/3 532/793/3 519/767/3 528/766/3
f 571/812/527 572/813/527 557/814/527 558/815/527
f 566/816/528 541/817/528 564/818/528 565/819/528
f 572/820/529 566/821/529 565/822/529 557/823/529
f 538/824/530 544/825/530 542/826/530 540/827/530
f 543/828/531 537/829/531 539/830/531 541/831/531
f 570/832/532 571/812/532 558/815/532 559/833/532
f 540/827/533 542/826/533 547/834/533 546/835/533
f 563/836/534 564/818/534 541/817/534 548/837/534
f 541/831/535 539/830/535 545/838/535 548/839/535
f 569/840/536 570/832/536 559/833/536 560/841/536
f 546/835/537 547/834/537 551/842/537 550/843/537
f 562/844/538 563/836/538 548/837/538 552/845/538
f 548/839/539 545/838/539 549/846/539 552/847/539
f 569/840/540 560/841/540 568/848/540 549/849/540
f 550/843/541 551/842/541 555/850/541 554/851/541
f 561/852/542 562/844/543 552/845/543 567/853/544
f 567/854/545 568/855/545 553/856/545 556/857/545
f 554/858/546 555/859/546 556/857/546 553/856/546
f 558/815/547 557/814/547 538/824/547 540/827/547
f 559/833/548 558/815/548 540/827/548 546/835/548
f 560/841/549 559/833/549 546/835/549 550/843/549
f 553/860/550 560/841/550 550/843/550 554/851/550
f 551/861/551 562/844/551 561/852/551 555/862/551
f 547/863/552 563/836/552 562/844/552 551/861/552
f 542/864/553 564/818/553 563/836/553 547/863/553
f 565/819/554 564/818/554 542/864/554 544/865/554
f 557/823/555 565/822/555 544/825/555 538/824/555
f 541/817/556 566/816/556 543/866/556
f 552/847/557 549/846/557 568/855/557 567/854/557
f 545/867/558 570/832/558 569/840/558 549/849/558
f 539/868/559 571/812/559 570/832/559 545/867/559
f 537/869/560 572/813/560 571/812/560 539/868/560
f 543/870/529 566/821/529 572/820/529 537/871/529
f 568/848/561 560/841/561 553/860/561
f 561/852/542 567/853/544 556/872/562 555/862/562
f 585/873/3 576/874/3 574/875/3
f 577/876/493 578/877/493 581/878/493 582/879/493
f 578/877/494 577/876/494 591/880/494 592/881/494
f 579/882/495 580/883/495 584/884/495 583/885/495
f 582/886/496 581/887/496 587/888/496 588/889/496
f 573/890/497 590/891/497 591/892/497 577/893/497
f 578/894/498 592/895/498 587/896/498 581/897/498
f 582/898/499 588/899/499 589/900/499 575/901/499
f 574/875/500 576/874/500 584/902/500 580/903/500
f 575/901/501 573/890/501 577/904/501 582/905/501
f 586/906/502 585/873/502 574/875/502 580/907/502
f 593/908/503 586/909/503 580/910/503 579/911/503
f 592/881/504 591/880/504 586/909/504 593/908/504
f 591/912/505 590/891/505 585/873/505 586/913/505
f 588/889/506 587/888/506 583/885/506 584/884/506
f 589/900/507 588/914/507 584/915/507 576/874/507
f 587/896/508 593/916/508 579/917/508 583/918/508
f 593/916/509 587/896/509 592/895/509
f 590/891/3 573/890/3 575/901/3 589/900/3
f 590/891/3 589/900/3 576/874/3 585/873/3
f 606/919/3 597/920/3 595/921/3
f 598/922/510 599/923/510 602/924/510 603/925/510
f 599/923/511 598/922/511 612/926/511 613/927/511
f 600/928/512 601/929/512 605/930/512 604/931/512
f 603/932/513 602/933/513 608/934/513 609/935/513
f 594/936/514 611/937/514 612/938/514 598/939/514
f 599/940/515 613/941/515 608/942/515 602/943/515
f 603/944/516 609/945/516 610/946/516 596/947/516
f 595/921/517 597/920/517 605/948/517 601/949/517
f 596/947/518 594/936/518 598/950/518 603/951/518
f 607/952/519 606/919/519 595/921/519 601/953/519
f 614/954/520 607/955/520 601/956/520 600/957/520
f 613/927/521 612/926/521 607/955/521 614/954/521
f 612/958/522 611/937/522 606/919/522 607/959/522
f 609/935/523 608/934/523 604/931/523 605/930/523
f 610/946/563 609/960/563 605/961/563 597/920/563
f 608/942/525 614/962/525 600/963/525 604/964/525
f 614/962/526 608/942/526 613/941/526
f 611/937/3 594/936/3 596/947/3 610/946/3
f 611/937/3 610/946/3 597/920/3 606/919/3
f 649/965/527 650/966/527 635/967/527 636/968/527
f 644/969/564 619/970/564 642/971/564 643/972/564
f 650/973/529 644/974/529 643/975/529 635/976/529
f 616/977/530 622/978/530 620/979/530 618/980/530
f 621/981/531 615/982/531 617/983/531 619/984/531
f 648/985/532 649/965/532 636/968/532 637/986/532
f 618/980/533 620/979/533 625/987/533 624/988/533
f 641/989/534 642/971/534 619/970/534 626/990/534
f 619/984/535 617/983/535 623/991/535 626/992/535
f 647/993/536 648/985/536 637/986/536 638/994/536
f 624/988/537 625/987/537 629/995/537 628/996/537
f 640/997/538 641/989/538 626/990/538 630/998/538
f 626/992/539 623/991/539 627/999/539 630/1000/539
f 647/993/540 638/994/540 646/1001/540 627/1002/540
f 628/996/541 629/995/541 633/1003/541 632/1004/541
f 639/1005/542 640/997/543 630/998/543 645/1006/544
f 645/1007/545 646/1008/545 631/1009/545 634/1010/545
f 632/1011/546 633/1012/546 634/1010/546 631/1009/546
f 636/968/547 635/967/547 616/977/547 618/980/547
f 637/986/548 636/968/548 618/980/548 624/988/548
f 638/994/549 637/986/549 624/988/549 628/996/549
f 631/1013/550 638/994/550 628/996/550 632/1004/550
f 629/1014/551 640/997/551 639/1005/551 633/1015/551
f 625/1016/552 641/989/552 640/997/552 629/1014/552
f 620/1017/553 642/971/553 641/989/553 625/1016/553
f 643/972/554 642/971/554 620/1017/554 622/1018/554
f 635/976/555 643/975/555 622/978/555 616/977/555
f 619/970/556 644/969/556 621/1019/556
f 630/1000/557 627/999/557 646/1008/557 645/1007/557
f 623/1020/558 648/985/558 647/993/558 627/1002/558
f 617/1021/559 649/965/559 648/985/559 623/1020/559
f 615/1022/560 650/966/560 649/965/560 617/1021/560
f 621/1023/529 644/974/529 650/973/529 615/1024/529
f 646/1001/561 638/994/561 631/1013/561
f 639/1005/542 645/1006/544 634/1025/562 633/1015/562
f 685/1026/565 686/1027/565 671/1028/565 672/1029/565
f 680/1030/566 655/1031/566 678/1032/566 679/1033/566
f 686/1034/3 680/1035/3 679/1036/3 671/1037/3
f 652/1038/567 658/1039/567 656/1040/567 654/1041/567
f 657/1042/568 651/1043/568 653/1044/568 655/1045/568
f 684/1046/569 685/1026/569 672/1029/569 673/1047/569
f 654/1041/570 656/1040/570 661/1048/570 660/1049/570
f 677/1050/571 678/1032/571 655/1031/571 662/1051/571
f 655/1045/572 653/1044/572 659/1052/572 662/1053/572
f 683/1054/573 684/1046/573 673/1047/573 674/1055/573
f 660/1049/574 661/1048/574 665/1056/574 664/1057/574
f 676/1058/575 677/1050/575 662/1051/575 666/1059/575
f 662/1053/576 659/1052/576 663/1060/576 666/1061/576
f 683/1054/577 674/1055/577 682/1062/577 663/1063/577
f 664/1057/578 665/1056/578 669/1064/578 668/1065/578
f 675/1066/579 676/1058/580 666/1059/580 681/1067/581
f 681/1068/582 682/1069/582 667/1070/582 670/1071/582
f 668/1072/583 669/1073/583 670/1071/583 667/1070/583
f 672/1029/584 671/1028/584 652/1038/584 654/1041/584
f 673/1047/585 672/1029/585 654/1041/585 660/1049/585
f 674/1055/586 673/1047/586 660/1049/586 664/1057/586
f 667/1074/587 674/1055/587 664/1057/587 668/1065/587
f 665/1075/588 676/1058/588 675/1066/588 669/1076/588
f 661/1077/589 677/1050/589 676/1058/589 665/1075/589
f 656/1078/590 678/1032/590 677/1050/590 661/1077/590
f 679/1033/591 678/1032/591 656/1078/591 658/1079/591
f 671/1037/3 679/1036/3 658/1039/3 652/1038/3
f 655/1031/592 680/1030/592 657/1080/592
f 666/1061/593 663/1060/593 682/1069/593 681/1068/593
f 659/1081/594 684/1046/594 683/1054/594 663/1063/594
f 653/1082/595 685/1026/595 684/1046/595 659/1081/595
f 651/1083/596 686/1027/596 685/1026/596 653/1082/596
f 657/1084/3 680/1035/3 686/1034/3 651/1085/3
f 682/1062/597 674/1055/597 667/1074/597
f 675/1066/579 681/1067/581 670/1086/598 669/1076/598
f 721/1087/599 722/1088/599 707/1089/599 708/1090/599
f 716/1091/600 691/1092/600 714/1093/600 715/1094/600
f 722/1095/3 716/1096/3 715/1097/3 707/1098/3
f 688/1099/601 694/1100/601 692/1101/601 690/1102/601
f 693/1103/602 687/1104/602 689/1105/602 691/1106/602
f 720/1107/603 721/1087/603 708/1090/603 709/1108/603
f 690/1102/604 692/1101/604 697/1109/604 696/1110/604
f 713/1111/605 714/1093/605 691/1092/605 698/1112/605
f 691/1106/606 689/1105/606 695/1113/606 698/1114/606
f 719/1115/607 720/1107/607 709/1108/607 710/1116/607
f 696/1110/608 697/1109/608 701/1117/608 700/1118/608
f 712/1119/609 713/1111/609 698/1112/609 702/1120/609
f 698/1114/610 695/1113/610 699/1121/610 702/1122/610
f 719/1115/611 710/1116/611 718/1123/611 699/1124/611
f 700/1118/612 701/1117/612 705/1125/612 704/1126/612
f 711/1127/613 712/1119/614 702/1120/614 717/1128/615
f 717/1129/616 718/1130/616 703/1131/616 706/1132/616
f 704/1133/617 705/1134/617 706/1132/617 703/1131/617
f 708/1090/618 707/1089/618 688/1099/618 690/1102/618
f 709/1108/619 708/1090/619 690/1102/619 696/1110/619
f 710/1116/620 709/1108/620 696/1110/620 700/1118/620
f 703/1135/621 710/1116/621 700/1118/621 704/1126/621
f 701/1136/622 712/1119/622 711/1127/622 705/1137/622
f 697/1138/623 713/1111/623 712/1119/623 701/1136/623
f 692/1139/624 714/1093/624 713/1111/624 697/1138/624
f 715/1094/625 714/1093/625 692/1139/625 694/1140/625
f 707/1098/3 715/1097/3 694/1100/3 688/1099/3
f 691/1092/626 716/1091/626 693/1141/626
f 702/1122/627 699/1121/627 718/1130/627 717/1129/627
f 695/1142/628 720/1107/628 719/1115/628 699/1124/628
f 689/1143/629 721/1087/629 720/1107/629 695/1142/629
f 687/1144/630 722/1088/630 721/1087/630 689/1143/630
f 693/1145/3 716/1096/3 722/1095/3 687/1146/3
f 718/1123/631 710/1116/631 703/1135/631
f 711/1127/613 717/1128/615 706/1147/632 705/1137/632
f 757/1148/633 758/1149/633 743/1150/633 744/1151/633
f 752/1152/634 727/1153/634 750/1154/634 751/1155/634
f 758/1156/3 752/1157/3 751/1158/3 743/1159/3
f 724/1160/635 730/1161/635 728/1162/635 726/1163/635
f 729/1164/636 723/1165/636 725/1166/636 727/1167/636
f 756/1168/637 757/1148/637 744/1151/637 745/1169/637
f 726/1163/638 728/1162/638 733/1170/638 732/1171/638
f 749/1172/639 750/1154/639 727/1153/639 734/1173/639
f 727/1167/640 725/1166/640 731/1174/640 734/1175/640
f 755/1176/641 756/1168/641 745/1169/641 746/1177/641
f 732/1171/642 733/1170/642 737/1178/642 736/1179/642
f 748/1180/643 749/1172/643 734/1173/643 738/1181/643
f 734/1175/644 731/1174/644 735/1182/644 738/1183/644
f 755/1176/645 746/1177/645 754/1184/645 735/1185/645
f 736/1179/646 737/1178/646 741/1186/646 740/1187/646
f 747/1188/647 748/1180/648 738/1181/648 753/1189/649
f 753/1190/650 754/1191/650 739/1192/650 742/1193/650
f 740/1194/651 741/1195/651 742/1193/651 739/1192/651
f 744/1151/652 743/1150/652 724/1160/652 726/1163/652
f 745/1169/653 744/1151/653 726/1163/653 732/1171/653
f 746/1177/654 745/1169/654 732/1171/654 736/1179/654
f 739/1196/655 746/1177/655 736/1179/655 740/1187/655
f 737/1197/656 748/1180/656 747/1188/656 741/1198/656
f 733/1199/657 749/1172/657 748/1180/657 737/1197/657
f 728/1200/658 750/1154/658 749/1172/658 733/1199/658
f 751/1155/659 750/1154/659 728/1200/659 730/1201/659
f 743/1159/3 751/1158/3 730/1161/3 724/1160/3
f 727/1153/660 752/1152/660 729/1202/660
f 738/1183/661 735/1182/661 754/1191/661 753/1190/661
f 731/1203/662 756/1168/662 755/1176/662 735/1185/662
f 725/1204/663 757/1148/663 756/1168/663 731/1203/663
f 723/1205/664 758/1149/664 757/1148/664 725/1204/664
f 729/1206/3 752/1157/3 758/1156/3 723/1207/3
f 754/1184/665 746/1177/665 739/1196/665
f 747/1188/647 753/1189/649 742/1208/666 741/1198/666
f 759/187/667 762/186/667 765/219/668 789/1209/669
f 209/393/217 245/442/263 244/441/262 208/394/218
f 769/206/113 122/205/112 120/212/670 770/1210/671
f 768/197/3 777/196/3 782/1211/3 780/1212/3
f 769/1213/672 766/1214/673 114/1215/674 112/1216/674
f 767/1217/675 763/215/676 761/214/677 760/1218/677
f 767/203/110 768/202/110 780/1219/110 783/1220/110
f 770/1210/671 120/212/670 799/1221/678 788/1222/155
f 770/1223/679 771/1224/680 766/1214/673 769/1213/672
f 121/1225/681 123/210/682 122/205/683 116/204/684
f 773/1226/3 786/1227/3 790/1228/3 793/1229/3
f 124/209/685 774/216/686 763/215/687 764/218/688
f 126/190/104 773/1226/104 793/1229/104 115/191/104
f 772/217/122 774/216/121 802/213/689 803/1230/690
f 776/1231/3 775/1232/3 794/1233/3 791/1234/3
f 779/194/106 761/193/106 772/1235/106 775/1232/106
f 778/185/3 785/1236/3 786/1227/3 773/1226/3
f 762/186/104 778/185/104 773/1226/104 126/190/104
f 777/196/3 779/194/3 775/1232/3 776/1231/3
f 780/1212/3 782/1211/3 785/1236/3 787/1237/3
f 781/1238/3 782/1211/3 777/196/3 776/1231/3
f 783/1239/691 764/218/692 763/215/676 767/1217/675
f 771/1240/3 798/1241/3 796/1242/3 766/1243/3
f 783/1220/110 780/1219/110 787/1244/110 789/1245/110
f 786/1227/3 785/1236/3 782/1211/3 781/1238/3
f 787/1237/3 785/1236/3 778/185/3 109/184/3
f 789/1209/669 765/219/668 764/218/692 783/1239/691
f 784/1246/3 795/1247/3 798/1241/3 771/1240/3
f 789/1245/110 787/1244/110 109/1248/110 759/1249/110
f 788/1222/155 799/1221/678 797/1250/155 111/1251/155
f 788/200/109 784/199/108 771/1224/680 770/1223/679
f 791/1234/3 792/1252/3 781/1238/3 776/1231/3
f 118/208/118 802/213/117 774/216/686 124/209/685
f 792/1252/3 790/1228/3 786/1227/3 781/1238/3
f 793/1229/3 790/1228/3 808/1253/3 805/1254/3
f 791/1234/3 794/1233/3 810/1255/3 807/1256/3
f 115/191/104 793/1229/104 805/1254/104 809/1257/104
f 800/1258/3 795/1247/3 784/1246/3 110/1259/3
f 796/1242/3 798/1241/3 804/1260/3 807/1256/3
f 796/1242/3 801/1261/3 114/1215/3 766/1243/3
f 798/1241/3 795/1247/3 808/1253/3 804/1260/3
f 797/1250/104 800/1258/104 110/1259/104 111/1251/104
f 801/1261/106 116/1262/106 112/1216/106 114/1215/106
f 799/1221/678 120/212/670 119/211/693 806/1263/694
f 797/1250/155 799/1221/678 806/1263/694 809/1257/155
f 121/1264/106 116/1262/106 801/1261/106 810/1255/106
f 803/1230/690 802/213/689 123/210/695 121/1225/695
f 803/1265/106 794/1233/106 775/1232/106 772/1235/106
f 805/1254/3 808/1253/3 795/1247/3 800/1258/3
f 809/1257/104 805/1254/104 800/1258/104 797/1250/104
f 809/1257/155 806/1263/694 117/188/696 115/191/155
f 807/1256/3 810/1255/3 801/1261/3 796/1242/3
f 804/1260/3 808/1253/3 790/1228/3 792/1252/3
f 810/1255/106 794/1233/106 803/1265/106 121/1264/106
f 807/1256/3 804/1260/3 792/1252/3 791/1234/3
f 806/1263/694 119/211/693 118/208/697 117/188/696
f 814/1266/698 185/1267/699 166/285/160 163/284/159
f 178/290/3 885/324/3 881/1268/3 174/303/3
f 811/322/104 812/325/104 128/328/104 130/319/104
f 141/265/155 168/275/155 164/274/155 140/266/155
f 813/229/126 135/228/125 132/1269/700 134/1270/700
f 820/1271/701 814/1272/702 163/1273/703 816/247/136
f 183/1274/704 819/307/182 817/297/170 176/1275/705
f 172/1276/706 818/300/173 815/244/133 171/1277/707
f 176/1275/705 817/297/170 818/300/173 172/1276/706
f 171/1277/707 815/244/133 816/247/136 163/1273/703
f 146/240/708 859/316/185 153/251/184 147/1278/709
f 839/1279/193 842/314/193 861/315/193 856/1280/193
f 822/1281/3 826/312/3 182/293/3 177/296/3
f 827/1282/3 828/1283/3 170/282/3 166/285/3
f 820/1271/701 834/243/710 145/1284/711 814/1272/702
f 828/1283/3 824/1285/3 173/301/3 170/282/3
f 844/1286/3 841/232/3 849/235/3 845/1287/3
f 829/1288/3 830/317/3 813/229/3 134/1270/3
f 831/1289/193 829/1288/193 134/1270/193 132/1290/193
f 138/1291/712 839/1292/155 856/1293/155 137/1294/155
f 823/1295/3 827/1282/3 166/285/3 185/1267/3
f 825/1296/713 819/307/182 183/1274/704 131/1297/714
f 824/1285/3 822/1281/3 177/296/3 173/301/3
f 833/269/155 831/1298/155 132/1299/155 135/270/155
f 834/243/132 832/242/131 162/268/715 145/1284/715
f 833/269/150 832/242/149 161/241/130 137/1294/716
f 169/276/3 876/1300/3 880/329/3 165/277/3
f 838/291/3 843/233/3 871/1301/3 874/1302/3
f 842/314/193 839/1279/193 863/1303/193 869/1304/193
f 154/1305/110 866/1306/110 186/309/110 136/308/110
f 850/280/3 853/305/3 821/237/3 826/312/3
f 848/245/134 855/299/172 150/254/717 149/252/718
f 853/305/110 857/1307/110 825/238/110 821/237/110
f 860/227/3 887/226/3 893/318/3 830/317/3
f 845/1287/3 849/235/3 827/1282/3 823/1295/3
f 857/272/153 858/271/152 819/307/182 825/1296/713
f 849/235/3 852/234/3 828/1283/3 827/1282/3
f 137/1294/155 856/1293/155 831/1298/155 833/269/155
f 854/298/171 858/271/152 152/258/151 151/256/719
f 847/281/3 850/280/3 826/312/3 822/1281/3
f 851/246/135 848/245/134 149/252/718 148/248/186
f 861/315/3 860/227/3 830/317/3 829/1288/3
f 852/234/3 846/292/3 824/1285/3 828/1283/3
f 851/246/135 859/316/185 820/1271/701 816/247/136
f 855/299/172 854/298/171 151/256/719 150/254/717
f 859/316/185 146/240/708 834/243/710 820/1271/701
f 856/1280/193 861/315/193 829/1288/193 831/1289/193
f 846/292/3 847/281/3 822/1281/3 824/1285/3
f 837/304/110 862/1308/110 857/1307/110 853/305/110
f 865/1309/155 863/1310/155 839/1292/155 138/1291/712
f 864/1311/720 138/1291/712 875/1312/721
f 868/1313/3 890/1314/3 889/225/3 840/224/3
f 867/1315/3 871/1301/3 843/233/3 841/232/3
f 874/1302/3 871/1301/3 876/1300/3 881/1268/3
f 869/1304/193 863/1303/193 884/1316/193 883/327/193
f 874/1302/3 870/1317/3 835/278/3 838/291/3
f 870/1317/3 872/1318/3 836/279/3 835/278/3
f 872/1318/3 866/1306/3 837/304/3 836/279/3
f 866/1306/110 154/1305/110 862/1308/110 837/304/110
f 869/1304/3 868/1313/3 840/224/3 842/314/3
f 873/1319/3 867/1315/3 841/232/3 844/1286/3
f 875/1312/721 138/1291/712 137/1294/716 161/241/130
f 147/1278/722 875/1312/721 161/241/130 146/240/129
f 875/1312/721 160/250/723 864/1311/720
f 883/327/193 884/1316/193 130/1320/193 128/328/193
f 138/1291/712 864/1311/720 865/1309/155
f 875/1312/721 147/1278/722 153/251/724 160/250/723
f 877/321/155 884/320/155 863/1310/155 865/1309/155
f 881/1268/3 885/324/3 870/1317/3 874/1302/3
f 885/324/3 878/323/3 872/1318/3 870/1317/3
f 878/323/3 186/309/3 866/1306/3 872/1318/3
f 883/327/3 882/326/3 868/1313/3 869/1304/3
f 879/330/3 880/329/3 867/1315/3 873/1319/3
f 865/1309/155 864/1311/720 886/332/155 877/321/155
f 882/326/3 888/331/3 890/1314/3 868/1313/3
f 880/329/3 876/1300/3 871/1301/3 867/1315/3
f 881/1268/3 876/1300/3 169/276/3 174/303/3
f 162/231/128 892/230/127 185/1267/699 814/1266/698 145/1321/725
f 160/250/723 139/267/156 864/1311/720
f 890/1314/3 888/331/3 879/330/3 873/1319/3
f 886/332/155 864/1311/720 139/267/156
f 893/318/3 887/226/3 845/1287/3 823/1295/3
f 889/225/3 890/1314/3 873/1319/3 844/1286/3
f 888/331/3 894/222/3 184/221/3 879/330/3
f 891/223/104 894/222/104 812/325/104 811/322/104
f 891/223/155 886/332/155 139/267/156 167/220/155
f 887/226/3 889/225/3 844/1286/3 845/1287/3
f 892/230/3 893/318/3 823/1295/3 185/1267/3
