# Blender 4.5.2 LTS
# www.blender.org
mtllib POTEAU_BRISE.mtl
o POTEAU_BRISE
v 2.106746 0.058680 0.624344
v 2.062021 -0.105145 0.491073
v 2.189228 -0.235311 0.533368
v 2.128186 0.079250 0.576309
v 2.138802 0.074675 0.526058
v 2.158946 -0.169903 0.556621
v 2.096231 -0.177415 0.496081
v 2.268888 -0.225770 0.610266
v 2.171373 -0.234014 0.571590
v 2.229870 -0.225606 0.650664
v 2.159142 -0.219600 0.562585
v 2.120142 -0.173640 0.533868
v 2.146504 -0.169851 0.569503
v 2.168436 0.016227 0.684297
v 2.163129 -0.235202 0.560391
v 2.081589 -0.128772 0.505214
v 2.063487 -0.128432 0.482012
v 2.458210 -0.015773 0.365258
v 2.307554 -0.101670 0.394210
v 2.311344 -0.106678 0.390905
v 2.482541 -0.000714 0.361013
v 2.236158 -0.073805 0.432822
v 2.270148 -0.052769 0.426892
v 2.408658 0.095872 0.425565
v 2.397398 0.110546 0.435409
v 2.108170 -0.100773 0.474204
v 2.135357 -0.136203 0.450437
v 2.378332 0.135239 0.452095
v 2.357118 0.132315 0.474434
v 2.281777 0.121759 0.553791
v 2.264229 0.111395 0.573255
v 2.160061 0.049485 0.688846
v 2.159142 -0.219600 0.562585
v 2.146504 -0.169851 0.569503
v 2.146504 -0.169851 0.569503
v 2.171373 -0.234014 0.571590
v 2.229870 -0.225606 0.650664
v 2.229870 -0.225606 0.650664
v 2.168436 0.016227 0.684297
v 2.120142 -0.173640 0.533868
v 2.163129 -0.235202 0.560391
v 2.163129 -0.235202 0.560391
v 2.081589 -0.128772 0.505214
v 2.081589 -0.128772 0.505214
v 2.063487 -0.128432 0.482012
v 2.458210 -0.015773 0.365258
v 2.311344 -0.106678 0.390905
v 2.311344 -0.106678 0.390905
v 2.307554 -0.101670 0.394210
v 2.482541 -0.000714 0.361013
v 2.482541 -0.000714 0.361013
v 2.270148 -0.052769 0.426892
v 2.270148 -0.052769 0.426892
v 2.236158 -0.073805 0.432822
v 2.408658 0.095872 0.425565
v 2.108170 -0.100773 0.474204
v 2.108170 -0.100773 0.474204
v 2.397398 0.110546 0.435409
v 2.135357 -0.136203 0.450437
v 2.135357 -0.136203 0.450437
v 2.378332 0.135239 0.452095
v 2.357118 0.132315 0.474434
v 2.281777 0.121759 0.553791
v 2.160061 0.049485 0.688846
v 2.264229 0.111395 0.573255
v 2.096231 -0.177415 0.496081
v 2.096231 -0.177415 0.496081
v 2.096231 -0.177415 0.496081
v 2.268888 -0.225770 0.610266
v 2.268888 -0.225770 0.610266
v 2.189228 -0.235311 0.533368
v 2.189228 -0.235311 0.533368
v 2.158946 -0.169903 0.556621
v 2.158946 -0.169903 0.556621
v 1.707001 0.246874 0.534636
v 2.010256 0.145289 0.782105
v 1.639887 0.186300 0.398485
v 2.017666 0.128202 0.773666
v 1.673933 0.128601 0.381650
v 1.924247 0.352223 0.540259
v 2.018808 0.302145 0.634406
v 2.035313 0.237463 0.705539
v 1.858554 0.258472 0.243527
v 2.101480 0.185731 0.448346
v 2.136494 0.075726 0.525352
v 2.125888 0.080175 0.576447
v 1.889630 0.013884 0.247858
v 1.908543 0.180189 0.218270
v 2.060811 -0.104951 0.490425
v 2.104910 0.059115 0.624930
v 2.000934 -0.143375 0.438647
v 1.966970 -0.070019 0.464729
v 1.841213 -0.084408 0.367017
v 1.870459 -0.080072 0.404869
v 1.939395 -0.069904 0.493280
v 1.911768 0.290122 0.273490
v 1.897727 0.275821 0.237321
v 1.925096 0.258447 0.227609
v 1.932992 0.253474 0.224875
v 2.004780 -0.139324 0.434160
v 2.038328 -0.138625 0.474126
v 1.909975 -0.022851 0.283826
v 1.941055 -0.021816 0.320728
v 2.010712 -0.070172 0.419434
v 1.896422 -0.023324 0.267785
v 1.853579 -0.084431 0.354638
v 2.015034 -0.019391 0.408657
v 1.976197 -0.143271 0.464260
v 2.004303 -0.139369 0.500043
v 1.927124 0.272701 0.254439
v 1.941848 0.255306 0.234946
v 2.000934 -0.143375 0.438647
v 2.000934 -0.143375 0.438647
v 2.038328 -0.138625 0.474126
v 2.038328 -0.138625 0.474126
v 1.841213 -0.084408 0.367017
v 1.870459 -0.080072 0.404869
v 1.939395 -0.069904 0.493280
v 1.939395 -0.069904 0.493280
v 1.911768 0.290122 0.273490
v 1.897727 0.275821 0.237321
v 2.004303 -0.139369 0.500043
v 1.925096 0.258447 0.227609
v 1.932992 0.253474 0.224875
v 2.004780 -0.139324 0.434160
v 2.004780 -0.139324 0.434160
v 2.010712 -0.070172 0.419434
v 1.909975 -0.022851 0.283826
v 1.941055 -0.021816 0.320728
v 1.896422 -0.023324 0.267785
v 1.853579 -0.084431 0.354638
v 1.853579 -0.084431 0.354638
v 2.015034 -0.019391 0.408657
v 2.015034 -0.019391 0.408657
v 1.976197 -0.143271 0.464260
v 1.976197 -0.143271 0.464260
v 1.927124 0.272701 0.254439
v 1.941848 0.255306 0.234946
v 1.966970 -0.070019 0.464729
v 1.966970 -0.070019 0.464729
v 1.939635 0.113081 0.886363
v 1.863579 -0.233944 0.870542
v 1.886981 0.108891 0.909005
v 1.886306 -0.168759 0.838911
v 1.823592 -0.176271 0.778370
v 1.838556 -0.133351 0.757542
v 1.943238 -0.224402 0.947440
v 1.947445 -0.133807 0.644800
v 1.939124 -0.136048 0.616693
v 1.949458 -0.140725 0.643573
v 1.967439 0.036651 0.889978
v 1.947412 0.105467 0.902185
v 2.043140 -0.224820 0.844002
v 2.007162 -0.234545 0.721877
v 1.959914 -0.176841 0.637223
v 1.988239 -0.169186 0.733370
v 1.773111 -0.141190 0.694366
v 1.769747 -0.134911 0.702856
v 1.714602 -0.029831 0.845786
v 1.709519 -0.019998 0.859219
v 1.917300 0.124306 0.931041
v 1.934359 0.121941 0.913663
v 1.942990 0.120390 0.904915
v 1.693927 -0.052787 0.897369
v 1.914243 0.119852 0.934761
v 1.784583 -0.073308 1.093044
v 1.713968 -0.091462 1.007847
v 1.749522 -0.038495 0.964444
v 1.717342 -0.017914 0.868786
v 1.947445 -0.133807 0.644800
v 1.947445 -0.133807 0.644800
v 1.949458 -0.140725 0.643573
v 1.939124 -0.136048 0.616693
v 1.967439 0.036651 0.889978
v 1.947412 0.105467 0.902185
v 1.959914 -0.176841 0.637223
v 1.959914 -0.176841 0.637223
v 2.043140 -0.224820 0.844002
v 2.043140 -0.224820 0.844002
v 2.007162 -0.234545 0.721877
v 2.007162 -0.234545 0.721877
v 1.988239 -0.169186 0.733370
v 1.988239 -0.169186 0.733370
v 1.773111 -0.141190 0.694366
v 1.773111 -0.141190 0.694366
v 1.769747 -0.134911 0.702856
v 1.714602 -0.029831 0.845786
v 1.709519 -0.019998 0.859219
v 1.917300 0.124306 0.931041
v 1.934359 0.121941 0.913663
v 1.942990 0.120390 0.904915
v 1.693927 -0.052787 0.897369
v 1.693927 -0.052787 0.897369
v 1.749522 -0.038495 0.964444
v 1.749522 -0.038495 0.964444
v 1.713968 -0.091462 1.007847
v 1.713968 -0.091462 1.007847
v 1.784583 -0.073308 1.093044
v 1.784583 -0.073308 1.093044
v 1.914243 0.119852 0.934761
v 1.717342 -0.017914 0.868786
v 1.717342 -0.017914 0.868786
v 1.943238 -0.224402 0.947440
v 1.943238 -0.224402 0.947440
v 1.863579 -0.233944 0.870542
v 1.863579 -0.233944 0.870542
v 1.886306 -0.168759 0.838911
v 1.886306 -0.168759 0.838911
v 1.823592 -0.176271 0.778370
v 1.823592 -0.176271 0.778370
v 1.838556 -0.133351 0.757542
v 1.838556 -0.133351 0.757542
v 2.252353 0.477905 0.485608
v 2.192887 0.253522 0.388002
v 2.027787 0.368723 0.671928
v 2.019617 0.304296 0.633925
v 2.102613 0.187682 0.447371
v 1.925722 0.353698 0.540883
v 2.120095 0.501722 0.513530
v 2.057380 0.494210 0.452990
v 2.042414 0.451294 0.473819
v 1.967056 0.442267 0.401073
v 1.941565 0.369159 0.436552
v 2.057790 0.355857 0.317802
v 2.199208 0.441605 0.439035
v 2.130232 0.424832 0.386131
v 2.172659 0.423470 0.415769
v 2.135893 0.398358 0.383551
v 2.214810 0.530412 0.472149
v 2.179971 0.531527 0.447806
v 2.078215 0.260088 0.308528
v 2.067554 0.249175 0.320926
v 1.971762 0.253997 0.255674
v 1.945201 0.255534 0.237935
v 2.145548 0.353075 0.379168
v 2.203281 0.422502 0.437187
v 1.929782 0.272685 0.256460
v 1.919586 0.284177 0.268977
v 1.912417 0.292344 0.277930
v 1.920010 0.421756 0.452354
v 1.918732 0.366575 0.414381
v 1.921033 0.369245 0.457810
v 1.926776 0.451287 0.585646
v 1.926920 0.464696 0.591797
v 1.926334 0.494760 0.588674
v 1.927257 0.495896 0.606109
v 1.921635 0.444962 0.488544
v 1.919624 0.442465 0.450184
v 2.146041 0.567292 0.485008
v 2.116452 0.550406 0.511263
v 2.132959 0.566948 0.492111
v 2.068681 0.501938 0.566764
v 1.979420 0.499576 0.615030
v 1.940939 0.497808 0.623725
v 1.947342 0.498694 0.631826
v 1.930178 0.451762 0.590027
v 2.146041 0.567292 0.485008
v 2.146041 0.567292 0.485008
v 2.179971 0.531527 0.447806
v 2.179971 0.531527 0.447806
v 2.130232 0.424832 0.386131
v 2.130232 0.424832 0.386131
v 2.172659 0.423470 0.415769
v 2.135893 0.398358 0.383551
v 2.199208 0.441605 0.439035
v 2.214810 0.530412 0.472149
v 2.078215 0.260088 0.308528
v 2.067554 0.249175 0.320926
v 2.067554 0.249175 0.320926
v 1.971762 0.253997 0.255674
v 1.945201 0.255534 0.237935
v 2.057790 0.355857 0.317802
v 2.057790 0.355857 0.317802
v 2.145548 0.353075 0.379168
v 2.145548 0.353075 0.379168
v 2.203281 0.422502 0.437187
v 2.203281 0.422502 0.437187
v 1.929782 0.272685 0.256460
v 1.919586 0.284177 0.268977
v 1.912417 0.292344 0.277930
v 1.926334 0.494760 0.588674
v 1.926334 0.494760 0.588674
v 1.927257 0.495896 0.606109
v 1.926920 0.464696 0.591797
v 1.920010 0.421756 0.452354
v 1.921033 0.369245 0.457810
v 1.921033 0.369245 0.457810
v 1.918732 0.366575 0.414381
v 1.918732 0.366575 0.414381
v 1.926776 0.451287 0.585646
v 1.921635 0.444962 0.488544
v 1.919624 0.442465 0.450184
v 1.919624 0.442465 0.450184
v 2.132959 0.566948 0.492111
v 2.116452 0.550406 0.511263
v 2.068681 0.501938 0.566764
v 2.068681 0.501938 0.566764
v 1.979420 0.499576 0.615030
v 1.940939 0.497808 0.623725
v 1.947342 0.498694 0.631826
v 1.930178 0.451762 0.590027
v 1.930178 0.451762 0.590027
v 2.120095 0.501722 0.513530
v 2.120095 0.501722 0.513530
v 2.057380 0.494210 0.452990
v 2.057380 0.494210 0.452990
v 2.042414 0.451294 0.473819
v 2.042414 0.451294 0.473819
v 1.967056 0.442267 0.401073
v 1.967056 0.442267 0.401073
v 1.941565 0.369159 0.436552
v 1.941565 0.369159 0.436552
v 2.411456 -0.001220 0.274112
v 2.194536 0.252110 0.386302
v 2.102989 0.185892 0.447114
v 2.345000 0.026079 0.339568
v 2.138188 0.075055 0.523517
v 2.282285 0.018567 0.279027
v 2.060579 -0.107103 0.488862
v 1.909250 0.178676 0.216385
v 1.890886 0.013308 0.246581
v 2.238527 0.036540 0.322127
v 2.163168 0.027514 0.249382
v 2.150049 0.267998 0.233132
v 2.088630 0.058135 0.322797
v 2.078794 0.238474 0.310610
v 2.491115 0.008321 0.351010
v 2.484107 0.000939 0.359185
v 2.313030 -0.104899 0.388938
v 2.271759 -0.051068 0.425011
v 2.399509 0.111301 0.433127
v 2.061934 -0.128608 0.480499
v 2.109924 -0.098921 0.472157
v 2.137081 -0.134382 0.448425
v 1.897280 -0.021794 0.265342
v 1.895485 -0.002436 0.218401
v 1.914647 0.073216 0.151931
v 1.912295 0.036352 0.150142
v 1.916208 0.095152 0.153153
v 1.917547 0.100569 0.154390
v 1.932230 0.159556 0.167962
v 1.935384 0.172179 0.170877
v 2.457716 0.252701 0.355285
v 2.399898 0.165851 0.425956
v 2.380529 0.136466 0.449667
v 2.040780 -0.137301 0.474144
v 2.016183 -0.018178 0.407315
v 2.011538 -0.072305 0.418843
v 1.938600 -0.020549 0.314705
v 2.005926 -0.138115 0.432824
v 2.016547 -0.137928 0.445554
v 1.934468 0.252035 0.223459
v 1.936957 0.246184 0.215004
v 1.948163 0.223087 0.182695
v 1.945114 0.254238 0.235565
v 2.475739 0.278304 0.333438
v 2.466671 0.265698 0.344396
v 2.395731 0.287050 0.254632
v 2.331620 0.271359 0.322993
v 2.268126 0.278120 0.261488
v 2.184830 0.272164 0.266707
v 2.225911 0.267788 0.306502
v 2.144307 0.274328 0.239916
v 2.075833 0.254803 0.311651
v 2.068949 0.247850 0.319645
v 2.079679 0.258698 0.307184
v 2.313030 -0.104899 0.388938
v 2.313030 -0.104899 0.388938
v 2.271759 -0.051068 0.425011
v 2.271759 -0.051068 0.425011
v 2.484107 0.000939 0.359185
v 2.484107 0.000939 0.359185
v 2.150049 0.267998 0.233132
v 2.150049 0.267998 0.233132
v 2.144307 0.274328 0.239916
v 2.144307 0.274328 0.239916
v 2.079679 0.258698 0.307184
v 2.491115 0.008321 0.351010
v 2.491115 0.008321 0.351010
v 2.475739 0.278304 0.333438
v 2.475739 0.278304 0.333438
v 2.137081 -0.134382 0.448425
v 2.137081 -0.134382 0.448425
v 2.399509 0.111301 0.433127
v 2.061934 -0.128608 0.480499
v 2.109924 -0.098921 0.472157
v 2.109924 -0.098921 0.472157
v 1.897280 -0.021794 0.265342
v 1.895485 -0.002436 0.218401
v 1.912295 0.036352 0.150142
v 1.912295 0.036352 0.150142
v 1.914647 0.073216 0.151931
v 1.916208 0.095152 0.153153
v 1.917547 0.100569 0.154390
v 1.932230 0.159556 0.167962
v 1.935384 0.172179 0.170877
v 2.457716 0.252701 0.355285
v 2.399898 0.165851 0.425956
v 2.380529 0.136466 0.449667
v 2.395731 0.287050 0.254632
v 2.395731 0.287050 0.254632
v 2.040780 -0.137301 0.474144
v 2.016183 -0.018178 0.407315
v 2.016183 -0.018178 0.407315
v 2.011538 -0.072305 0.418843
v 1.938600 -0.020549 0.314705
v 2.005926 -0.138115 0.432824
v 2.005926 -0.138115 0.432824
v 2.016547 -0.137928 0.445554
v 1.934468 0.252035 0.223459
v 1.936957 0.246184 0.215004
v 1.948163 0.223087 0.182695
v 1.948163 0.223087 0.182695
v 1.945114 0.254238 0.235565
v 2.466671 0.265698 0.344396
v 2.331620 0.271359 0.322993
v 2.331620 0.271359 0.322993
v 2.268126 0.278120 0.261488
v 2.268126 0.278120 0.261488
v 2.225911 0.267788 0.306502
v 2.225911 0.267788 0.306502
v 2.184830 0.272164 0.266707
v 2.184830 0.272164 0.266707
v 2.075833 0.254803 0.311651
v 2.068949 0.247850 0.319645
v 2.068949 0.247850 0.319645
v 2.411456 -0.001220 0.274112
v 2.411456 -0.001220 0.274112
v 2.282285 0.018567 0.279027
v 2.282285 0.018567 0.279027
v 2.345000 0.026079 0.339568
v 2.345000 0.026079 0.339568
v 2.163168 0.027514 0.249382
v 2.163168 0.027514 0.249382
v 2.238527 0.036540 0.322127
v 2.238527 0.036540 0.322127
v 2.088630 0.058135 0.322797
v 2.088630 0.058135 0.322797
v 2.078794 0.238474 0.310610
v 2.078794 0.238474 0.310610
v 1.705233 0.246151 0.535228
v 2.009579 0.143935 0.783269
v 1.638512 0.185782 0.400077
v 1.671110 0.129573 0.383315
v 2.015832 0.129876 0.776042
v 1.939641 0.113968 0.883622
v 1.884655 0.109481 0.907011
v 2.006757 0.138255 0.800461
v 1.517486 0.193245 0.444693
v 1.763198 -0.142380 0.684797
v 1.788691 -0.069275 0.649318
v 1.651460 0.061413 0.775261
v 1.619038 -0.002973 0.820819
v 1.619151 0.162468 0.796191
v 1.494705 0.240683 0.587124
v 1.502169 0.225567 0.630350
v 1.645507 0.170562 0.767885
v 1.492185 0.244143 0.576244
v 1.440852 0.228874 0.548432
v 1.667358 -0.012353 0.840823
v 1.706309 -0.020014 0.856774
v 1.717727 -0.041184 0.828209
v 1.922304 -0.136820 0.620551
v 1.771006 -0.141445 0.692335
v 1.938859 -0.136320 0.612585
v 1.382548 0.210977 0.516514
v 1.382102 0.198914 0.516276
v 1.826340 -0.084768 0.375969
v 1.622292 -0.090302 0.489627
v 1.420377 0.033279 0.555352
v 1.982388 -0.138207 0.540017
v 1.999367 -0.138963 0.511378
v 2.003530 -0.139192 0.503650
v 1.974193 -0.143264 0.466335
v 1.937609 -0.069897 0.495129
v 1.889097 -0.077045 0.433026
v 1.882482 -0.078017 0.424594
v 1.838757 -0.084410 0.369372
v 1.619151 0.162468 0.796191
v 1.645507 0.170562 0.767885
v 1.645507 0.170562 0.767885
v 1.494705 0.240683 0.587124
v 1.502169 0.225567 0.630350
v 1.502169 0.225567 0.630350
v 1.492185 0.244143 0.576244
v 1.440852 0.228874 0.548432
v 1.619038 -0.002973 0.820819
v 1.619038 -0.002973 0.820819
v 1.667358 -0.012353 0.840823
v 1.706309 -0.020014 0.856774
v 1.717727 -0.041184 0.828209
v 1.922304 -0.136820 0.620551
v 1.771006 -0.141445 0.692335
v 1.771006 -0.141445 0.692335
v 1.938859 -0.136320 0.612585
v 1.382548 0.210977 0.516514
v 1.382548 0.210977 0.516514
v 1.382102 0.198914 0.516276
v 1.420377 0.033279 0.555352
v 1.420377 0.033279 0.555352
v 1.826340 -0.084768 0.375969
v 1.622292 -0.090302 0.489627
v 1.622292 -0.090302 0.489627
v 1.982388 -0.138207 0.540017
v 1.974193 -0.143264 0.466335
v 1.974193 -0.143264 0.466335
v 1.937609 -0.069897 0.495129
v 1.937609 -0.069897 0.495129
v 1.889097 -0.077045 0.433026
v 2.003530 -0.139192 0.503650
v 1.999367 -0.138963 0.511378
v 1.882482 -0.078017 0.424594
v 1.838757 -0.084410 0.369372
v 1.763198 -0.142380 0.684797
v 1.763198 -0.142380 0.684797
v 1.788691 -0.069275 0.649318
v 1.788691 -0.069275 0.649318
v 1.651460 0.061413 0.775261
v 1.651460 0.061413 0.775261
v 1.612914 0.004774 1.100589
v 1.594944 0.334188 1.078330
v 1.884326 0.109450 0.909021
v 1.676445 0.031097 1.031510
v 1.613730 0.023585 0.970970
v 1.661402 0.306885 1.012873
v 1.598687 0.299373 0.952333
v 1.655562 0.040920 0.925485
v 1.580203 0.031893 0.852740
v 1.642445 0.281404 0.909233
v 1.567087 0.272377 0.836487
v 1.692573 0.014316 1.177487
v 1.674603 0.343730 1.155227
v 1.844521 0.324055 0.981648
v 1.916108 0.125472 0.932131
v 1.664906 0.305062 0.883029
v 1.611960 0.178362 0.801668
v 1.575000 0.280712 0.827256
v 1.792550 0.467969 1.017628
v 1.697513 0.442229 0.958671
v 1.722968 0.371738 0.941048
v 1.648147 0.351472 0.894632
v 1.692909 -0.051820 0.898304
v 1.887315 0.082032 0.967349
v 1.705149 -0.033662 0.883372
v 1.783381 -0.072164 1.094149
v 1.712818 -0.090369 1.008903
v 1.748462 -0.037488 0.965417
v 1.906156 0.110323 0.944321
v 1.707299 -0.019208 0.858935
v 1.716298 -0.016921 0.869745
v 1.617450 0.162742 0.797920
v 1.615157 -0.001394 0.820661
v 1.844521 0.324055 0.981648
v 1.916108 0.125472 0.932131
v 1.664906 0.305062 0.883029
v 1.664906 0.305062 0.883029
v 1.575000 0.280712 0.827256
v 1.575000 0.280712 0.827256
v 1.648147 0.351472 0.894632
v 1.648147 0.351472 0.894632
v 1.722968 0.371738 0.941048
v 1.722968 0.371738 0.941048
v 1.697513 0.442229 0.958671
v 1.697513 0.442229 0.958671
v 1.792550 0.467969 1.017628
v 1.792550 0.467969 1.017628
v 1.611960 0.178362 0.801668
v 1.692909 -0.051820 0.898304
v 1.692909 -0.051820 0.898304
v 1.748462 -0.037488 0.965417
v 1.748462 -0.037488 0.965417
v 1.705149 -0.033662 0.883372
v 1.887315 0.082032 0.967349
v 1.783381 -0.072164 1.094149
v 1.783381 -0.072164 1.094149
v 1.712818 -0.090369 1.008903
v 1.712818 -0.090369 1.008903
v 1.716298 -0.016921 0.869745
v 1.716298 -0.016921 0.869745
v 1.707299 -0.019208 0.858935
v 1.906156 0.110323 0.944321
v 1.617450 0.162742 0.797920
v 1.615157 -0.001394 0.820661
v 1.615157 -0.001394 0.820661
v 1.692573 0.014316 1.177487
v 1.692573 0.014316 1.177487
v 1.612914 0.004774 1.100589
v 1.612914 0.004774 1.100589
v 1.594944 0.334188 1.078330
v 1.594944 0.334188 1.078330
v 1.674603 0.343730 1.155227
v 1.674603 0.343730 1.155227
v 1.676445 0.031097 1.031510
v 1.676445 0.031097 1.031510
v 1.613730 0.023585 0.970970
v 1.613730 0.023585 0.970970
v 1.598687 0.299373 0.952333
v 1.598687 0.299373 0.952333
v 1.661402 0.306885 1.012873
v 1.661402 0.306885 1.012873
v 1.655562 0.040920 0.925485
v 1.655562 0.040920 0.925485
v 1.580203 0.031893 0.852740
v 1.580203 0.031893 0.852740
v 1.567087 0.272377 0.836487
v 1.567087 0.272377 0.836487
v 1.642445 0.281404 0.909233
v 1.642445 0.281404 0.909233
v 2.047978 0.336025 0.761956
v 2.128058 0.081401 0.575523
v 2.036614 0.239981 0.704730
v 2.095293 0.378291 0.699695
v 2.302993 0.491313 0.481436
v 2.254203 0.477694 0.485592
v 2.028330 0.367349 0.674010
v 2.194656 0.252828 0.388564
v 2.103257 0.186412 0.449118
v 2.020469 0.303412 0.635840
v 2.037022 0.359220 0.713961
v 2.137979 0.077116 0.525529
v 2.312913 0.486752 0.476246
v 2.377754 0.403384 0.419422
v 2.308327 0.491777 0.480374
v 2.278014 0.474412 0.513930
v 2.465051 0.290805 0.342959
v 2.473567 0.279605 0.335527
v 2.094406 0.369024 0.717209
v 2.073377 0.352440 0.741051
v 2.056589 0.337698 0.760271
v 2.136190 0.262167 0.687184
v 2.282046 0.124003 0.553234
v 2.378480 0.137595 0.451650
v 2.408883 0.182724 0.414555
v 2.357311 0.134554 0.473957
v 2.312913 0.486752 0.476246
v 2.377754 0.403384 0.419422
v 2.308327 0.491777 0.480374
v 2.278014 0.474412 0.513930
v 2.465051 0.290805 0.342959
v 2.473567 0.279605 0.335527
v 2.094406 0.369024 0.717209
v 2.073377 0.352440 0.741051
v 2.056589 0.337698 0.760271
v 2.136190 0.262167 0.687184
v 2.282046 0.124003 0.553234
v 2.378480 0.137595 0.451650
v 2.408883 0.182724 0.414555
v 2.357311 0.134554 0.473957
v 1.941715 0.113294 0.885906
v 2.105270 0.058539 0.625751
v 2.060340 -0.107651 0.490164
v 2.006267 0.143634 0.828324
v 2.018025 0.127729 0.775396
v 2.007589 0.137900 0.802788
v 2.076293 -0.134349 0.511392
v 2.162101 -0.235197 0.561455
v 2.226962 -0.219167 0.652877
v 2.228601 -0.225600 0.651978
v 2.081605 -0.132245 0.505628
v 2.145458 -0.169846 0.570586
v 2.093104 -0.177401 0.499319
v 2.158225 0.049615 0.690732
v 1.948955 0.106104 0.900508
v 2.044762 -0.224830 0.842324
v 2.038892 -0.226408 0.822537
v 2.008862 -0.234555 0.720118
v 1.941198 -0.136004 0.615434
v 1.949258 -0.133817 0.642923
v 1.989940 -0.169195 0.731610
v 1.961717 -0.176851 0.635356
v 2.061736 -0.129264 0.481745
v 2.089496 0.093066 0.756537
v 2.039396 -0.138769 0.475775
v 2.026056 -0.138849 0.487398
v 2.006422 -0.138964 0.504543
v 2.065194 0.108350 0.779816
v 2.037178 0.125938 0.806656
v 1.944875 0.120881 0.902901
v 1.957995 0.126474 0.888615
v 2.000922 -0.138771 0.512979
v 2.015988 0.139172 0.826964
v 1.975778 0.133552 0.869316
v 2.145458 -0.169846 0.570586
v 2.145458 -0.169846 0.570586
v 2.093104 -0.177401 0.499319
v 2.093104 -0.177401 0.499319
v 2.081605 -0.132245 0.505628
v 2.081605 -0.132245 0.505628
v 2.226962 -0.219167 0.652877
v 2.228601 -0.225600 0.651978
v 2.228601 -0.225600 0.651978
v 2.162101 -0.235197 0.561455
v 2.162101 -0.235197 0.561455
v 2.158225 0.049615 0.690732
v 2.039396 -0.138769 0.475775
v 2.039396 -0.138769 0.475775
v 2.061736 -0.129264 0.481745
v 2.076293 -0.134349 0.511392
v 2.076293 -0.134349 0.511392
v 1.948955 0.106104 0.900508
v 2.044762 -0.224830 0.842324
v 2.044762 -0.224830 0.842324
v 2.038892 -0.226408 0.822537
v 2.008862 -0.234555 0.720118
v 2.008862 -0.234555 0.720118
v 1.989940 -0.169195 0.731610
v 1.989940 -0.169195 0.731610
v 1.941198 -0.136004 0.615434
v 1.949258 -0.133817 0.642923
v 1.949258 -0.133817 0.642923
v 1.961717 -0.176851 0.635356
v 1.961717 -0.176851 0.635356
v 2.089496 0.093066 0.756537
v 2.026056 -0.138849 0.487398
v 2.006422 -0.138964 0.504543
v 2.065194 0.108350 0.779816
v 2.037178 0.125938 0.806656
v 1.944875 0.120881 0.902901
v 1.957995 0.126474 0.888615
v 2.000922 -0.138771 0.512979
v 2.015988 0.139172 0.826964
v 1.975778 0.133552 0.869316
v 2.254158 0.478340 0.484204
v 2.195344 0.253960 0.386972
v 2.393487 0.328188 0.251853
v 2.329955 0.301869 0.320932
v 2.267241 0.294357 0.260391
v 2.225408 0.277022 0.305878
v 2.473146 0.337730 0.328750
v 2.071208 0.299307 0.310920
v 2.079629 0.260894 0.306963
v 2.187580 0.273468 0.271078
v 2.141681 0.275965 0.240812
v 2.147397 0.351315 0.377471
v 2.059413 0.354313 0.316313
v 2.205215 0.420662 0.435412
v 2.131992 0.423157 0.384515
v 2.218304 0.528508 0.471440
v 2.181842 0.529747 0.446088
v 2.395591 0.289617 0.254459
v 2.474560 0.280871 0.334341
v 2.331491 0.273723 0.322834
v 2.268008 0.280284 0.261342
v 2.193302 0.273176 0.274885
v 2.225801 0.269818 0.306364
v 2.464529 0.293768 0.343132
v 2.378658 0.404668 0.418326
v 2.314584 0.487805 0.474385
v 2.311752 0.491432 0.476869
v 2.300732 0.497334 0.478916
v 2.305631 0.495476 0.479350
v 2.071208 0.299307 0.310920
v 2.079629 0.260894 0.306963
v 2.141681 0.275965 0.240812
v 2.141681 0.275965 0.240812
v 2.187580 0.273468 0.271078
v 2.205215 0.420662 0.435412
v 2.205215 0.420662 0.435412
v 2.131992 0.423157 0.384515
v 2.131992 0.423157 0.384515
v 2.147397 0.351315 0.377471
v 2.147397 0.351315 0.377471
v 2.059413 0.354313 0.316313
v 2.059413 0.354313 0.316313
v 2.473146 0.337730 0.328750
v 2.473146 0.337730 0.328750
v 2.474560 0.280871 0.334341
v 2.474560 0.280871 0.334341
v 2.395591 0.289617 0.254459
v 2.395591 0.289617 0.254459
v 2.218304 0.528508 0.471440
v 2.181842 0.529747 0.446088
v 2.181842 0.529747 0.446088
v 2.193302 0.273176 0.274885
v 2.193302 0.273176 0.274885
v 2.225801 0.269818 0.306364
v 2.225801 0.269818 0.306364
v 2.268008 0.280284 0.261342
v 2.268008 0.280284 0.261342
v 2.331491 0.273723 0.322834
v 2.331491 0.273723 0.322834
v 2.464529 0.293768 0.343132
v 2.378658 0.404668 0.418326
v 2.314584 0.487805 0.474385
v 2.311752 0.491432 0.476869
v 2.311752 0.491432 0.476869
v 2.300732 0.497334 0.478916
v 2.305631 0.495476 0.479350
v 2.393487 0.328188 0.251853
v 2.393487 0.328188 0.251853
v 2.329955 0.301869 0.320932
v 2.329955 0.301869 0.320932
v 2.267241 0.294357 0.260391
v 2.267241 0.294357 0.260391
v 2.225408 0.277022 0.305878
v 2.225408 0.277022 0.305878
v 1.706573 0.248071 0.535538
v 1.924797 0.353522 0.541876
v 2.009620 0.146055 0.783797
v 2.018239 0.303634 0.635830
v 1.817172 0.568272 0.819074
v 2.034954 0.238640 0.705638
v 1.887022 0.110610 0.908091
v 2.006361 0.139542 0.802700
v 1.939626 0.115296 0.885937
v 2.026118 0.367838 0.674179
v 2.035517 0.358964 0.714243
v 2.046577 0.335574 0.763027
v 1.847454 0.502867 0.795821
v 1.784739 0.495355 0.735281
v 2.005365 0.146027 0.828668
v 1.804680 0.452286 0.719968
v 1.729322 0.443260 0.647222
v 1.641624 0.241755 0.763073
v 1.763284 0.369908 0.621142
v 1.896831 0.577813 0.895972
v 1.606488 0.197108 0.805010
v 1.665875 0.306082 0.881899
v 1.575930 0.281691 0.826171
v 1.905842 0.158319 0.938690
v 1.718294 0.371250 0.936370
v 1.649111 0.352487 0.893507
v 1.638488 0.320003 0.582419
v 1.496169 0.246156 0.576533
v 1.497545 0.242443 0.586594
v 1.914566 0.134179 0.932649
v 1.612407 0.180882 0.800893
v 1.723970 0.372793 0.939879
v 1.698528 0.443298 0.957487
v 1.793675 0.469154 1.016316
v 1.618737 0.163911 0.796442
v 1.917578 0.126103 0.930530
v 1.937178 0.123197 0.910587
v 1.727042 0.365830 0.586357
v 1.759498 0.443134 0.615978
v 1.926170 0.495938 0.607834
v 1.925861 0.463897 0.592994
v 1.811081 0.369707 0.571653
v 1.925740 0.451319 0.587169
v 1.904156 0.494854 0.611637
v 1.505427 0.225945 0.633450
v 1.591175 0.192894 0.715730
v 1.645422 0.172110 0.767780
v 1.943173 0.122494 0.904463
v 1.956257 0.127791 0.890252
v 1.974210 0.135286 0.870725
v 2.006967 0.157926 0.833982
v 1.904551 0.577781 0.887979
v 1.978303 0.452257 0.827154
v 1.911128 0.572859 0.802189
v 2.037366 0.351176 0.778512
v 1.914392 0.570258 0.757046
v 1.916126 0.568762 0.731226
v 1.945972 0.498728 0.633688
v 1.949970 0.502437 0.689676
v 1.915391 0.567488 0.717425
v 1.928924 0.451768 0.591326
v 2.037421 0.296020 0.785299
v 2.045875 0.336256 0.771549
v 2.008924 0.166563 0.830883
v 1.606488 0.197108 0.805010
v 1.575930 0.281691 0.826171
v 1.575930 0.281691 0.826171
v 1.665875 0.306082 0.881899
v 1.665875 0.306082 0.881899
v 1.718294 0.371250 0.936370
v 1.649111 0.352487 0.893507
v 1.649111 0.352487 0.893507
v 1.817172 0.568272 0.819074
v 1.817172 0.568272 0.819074
v 1.915391 0.567488 0.717425
v 1.915391 0.567488 0.717425
v 1.638488 0.320003 0.582419
v 1.496169 0.246156 0.576533
v 1.497545 0.242443 0.586594
v 1.612407 0.180882 0.800893
v 1.698528 0.443298 0.957487
v 1.698528 0.443298 0.957487
v 1.793675 0.469154 1.016316
v 1.793675 0.469154 1.016316
v 1.723970 0.372793 0.939879
v 1.723970 0.372793 0.939879
v 1.905842 0.158319 0.938690
v 1.618737 0.163911 0.796442
v 1.914566 0.134179 0.932649
v 1.917578 0.126103 0.930530
v 1.937178 0.123197 0.910587
v 1.916126 0.568762 0.731226
v 1.727042 0.365830 0.586357
v 1.727042 0.365830 0.586357
v 1.925861 0.463897 0.592994
v 1.904156 0.494854 0.611637
v 1.904156 0.494854 0.611637
v 1.926170 0.495938 0.607834
v 1.759498 0.443134 0.615978
v 1.759498 0.443134 0.615978
v 1.925740 0.451319 0.587169
v 1.811081 0.369707 0.571653
v 1.811081 0.369707 0.571653
v 1.505427 0.225945 0.633450
v 1.505427 0.225945 0.633450
v 1.591175 0.192894 0.715730
v 1.645422 0.172110 0.767780
v 1.645422 0.172110 0.767780
v 1.943173 0.122494 0.904463
v 1.956257 0.127791 0.890252
v 1.974210 0.135286 0.870725
v 2.006967 0.157926 0.833982
v 1.904551 0.577781 0.887979
v 1.904551 0.577781 0.887979
v 1.911128 0.572859 0.802189
v 1.978303 0.452257 0.827154
v 1.914392 0.570258 0.757046
v 2.037366 0.351176 0.778512
v 1.949970 0.502437 0.689676
v 1.949970 0.502437 0.689676
v 1.945972 0.498728 0.633688
v 1.928924 0.451768 0.591326
v 1.928924 0.451768 0.591326
v 2.037421 0.296020 0.785299
v 2.045875 0.336256 0.771549
v 2.008924 0.166563 0.830883
v 1.896831 0.577813 0.895972
v 1.896831 0.577813 0.895972
v 1.847454 0.502867 0.795821
v 1.847454 0.502867 0.795821
v 1.784739 0.495355 0.735281
v 1.784739 0.495355 0.735281
v 1.804680 0.452286 0.719968
v 1.804680 0.452286 0.719968
v 1.729322 0.443260 0.647222
v 1.729322 0.443260 0.647222
v 1.641624 0.241755 0.763073
v 1.641624 0.241755 0.763073
v 1.763284 0.369908 0.621142
v 1.763284 0.369908 0.621142
v 2.095711 0.380631 0.698957
v 2.036786 0.361066 0.713143
v 2.254133 0.478921 0.485723
v 2.027660 0.368753 0.673341
v 2.222480 0.576449 0.558797
v 2.256912 0.514661 0.476268
v 2.268546 0.510245 0.477295
v 2.217970 0.529537 0.472997
v 2.304423 0.496713 0.480612
v 2.208355 0.534663 0.474742
v 2.034905 0.501140 0.586554
v 2.065555 0.501952 0.570001
v 2.147254 0.567438 0.486179
v 2.129346 0.566964 0.495851
v 2.112940 0.402578 0.693847
v 2.033555 0.574071 0.703258
v 2.097297 0.576973 0.688411
v 2.147817 0.419960 0.655560
v 1.941427 0.569867 0.724564
v 1.918048 0.568793 0.729871
v 1.951848 0.502429 0.687733
v 1.948236 0.498867 0.633749
v 1.916948 0.567854 0.715767
v 2.256912 0.514661 0.476268
v 2.268546 0.510245 0.477295
v 2.217970 0.529537 0.472997
v 1.918048 0.568793 0.729871
v 1.916948 0.567854 0.715767
v 1.916948 0.567854 0.715767
v 2.304423 0.496713 0.480612
v 2.304423 0.496713 0.480612
v 2.208355 0.534663 0.474742
v 2.147254 0.567438 0.486179
v 2.147254 0.567438 0.486179
v 2.129346 0.566964 0.495851
v 2.129346 0.566964 0.495851
v 2.034905 0.501140 0.586554
v 2.065555 0.501952 0.570001
v 2.065555 0.501952 0.570001
v 2.112940 0.402578 0.693847
v 2.097297 0.576973 0.688411
v 2.097297 0.576973 0.688411
v 2.033555 0.574071 0.703258
v 2.147817 0.419960 0.655560
v 1.941427 0.569867 0.724564
v 1.951848 0.502429 0.687733
v 1.951848 0.502429 0.687733
v 1.948236 0.498867 0.633749
v 2.222480 0.576449 0.558797
v 2.222480 0.576449 0.558797
v 2.127817 0.080846 0.578336
v 2.106403 0.059888 0.626284
v 2.018128 0.129723 0.776493
v 2.009112 0.139560 0.801286
v 2.158773 0.051195 0.689968
v 2.052143 0.118631 0.792060
v 2.088640 0.095496 0.757122
v 2.234020 0.095834 0.606480
v 2.205788 0.093334 0.594160
v 2.223555 0.141799 0.611617
v 2.187174 0.091801 0.586061
v 2.158620 0.089369 0.573878
v 2.196581 0.155774 0.603589
v 2.217439 0.167933 0.614710
v 2.203286 0.167019 0.629484
v 2.121758 0.127202 0.609462
v 2.104712 0.120716 0.610872
v 2.053614 0.156143 0.785882
v 2.080776 0.125419 0.655826
v 2.009170 0.145455 0.809132
v 2.010063 0.141367 0.795284
v 2.014347 0.138600 0.781234
v 2.019474 0.137546 0.771441
v 2.015742 0.153260 0.825471
v 2.008404 0.149183 0.821823
v 2.027691 0.134386 0.815435
v 2.009328 0.142840 0.817989
v 2.234020 0.095834 0.606480
v 2.223555 0.141799 0.611617
v 2.217439 0.167933 0.614710
v 2.203286 0.167019 0.629484
v 2.053614 0.156143 0.785882
v 2.015742 0.153260 0.825471
v 2.027691 0.134386 0.815435
v 2.158773 0.051195 0.689968
v 2.052143 0.118631 0.792060
v 2.088640 0.095496 0.757122
v 2.279105 0.122708 0.556441
v 2.261294 0.112014 0.576219
v 2.218925 0.179939 0.611680
v 2.219105 0.169072 0.612843
v 2.202501 0.159404 0.603987
v 2.208676 0.094307 0.593226
v 2.188768 0.092629 0.584678
v 2.225113 0.142500 0.609916
v 2.235539 0.096735 0.604794
v 2.162459 0.090432 0.573322
v 2.218925 0.179939 0.611680
v 2.219105 0.169072 0.612843
v 2.225113 0.142500 0.609916
v 2.235539 0.096735 0.604794
v 2.279105 0.122708 0.556441
v 2.261294 0.112014 0.576219
v 2.036753 0.237993 0.706575
v 2.100099 0.292945 0.720752
v 2.087228 0.289944 0.723010
v 2.074317 0.274599 0.749737
v 2.040125 0.266764 0.723607
v 2.026363 0.234777 0.798282
v 2.024936 0.231383 0.806253
v 2.217136 0.181641 0.613323
v 2.217295 0.169856 0.614621
v 2.199279 0.159392 0.605007
v 2.121482 0.129320 0.610884
v 2.080193 0.126912 0.656499
v 2.103697 0.122469 0.612302
v 2.066979 0.158249 0.771775
v 2.077172 0.127490 0.662201
v 2.019673 0.138707 0.770692
v 2.029976 0.155547 0.810442
v 2.012214 0.140911 0.787118
v 2.013794 0.139900 0.781928
v 2.014348 0.155136 0.826682
v 2.008997 0.158230 0.831841
v 2.009874 0.145232 0.802473
v 2.010473 0.142145 0.792700
v 2.008808 0.151264 0.821450
v 2.074317 0.274599 0.749737
v 2.024936 0.231383 0.806253
v 2.217136 0.181641 0.613323
v 2.217295 0.169856 0.614621
v 2.066979 0.158249 0.771775
v 2.029976 0.155547 0.810442
v 2.014348 0.155136 0.826682
v 2.008997 0.158230 0.831841
v 2.100099 0.292945 0.720752
v 1.906700 0.577772 0.885754
v 1.994668 0.461127 0.745614
v 2.022949 0.519122 0.772607
v 1.999229 0.577384 0.789950
v 1.915315 0.571201 0.771374
v 1.918217 0.566172 0.770042
v 1.976612 0.458564 0.828123
v 2.022497 0.501729 0.775234
v 1.981218 0.453743 0.784196
v 1.984269 0.450595 0.754597
v 2.026814 0.509600 0.769786
v 1.973403 0.470594 0.744881
v 1.957598 0.497923 0.752071
v 1.982807 0.454036 0.744193
v 1.999229 0.577384 0.789950
v 1.999229 0.577384 0.789950
v 1.915315 0.571201 0.771374
v 2.022949 0.519122 0.772607
v 1.976612 0.458564 0.828123
v 2.022497 0.501729 0.775234
v 2.026814 0.509600 0.769786
v 1.906700 0.577772 0.885754
v 1.906700 0.577772 0.885754
v 1.917148 0.569802 0.747025
v 1.996491 0.462296 0.744148
v 2.036757 0.503747 0.745236
v 2.030325 0.483362 0.721561
v 1.918345 0.568936 0.731894
v 2.025200 0.517157 0.770520
v 2.000869 0.577377 0.788253
v 1.915448 0.571099 0.769598
v 1.918767 0.565347 0.768094
v 2.024946 0.547425 0.767028
v 2.033880 0.510548 0.762348
v 2.018926 0.576496 0.756550
v 2.017683 0.577307 0.770844
v 2.008800 0.535857 0.712632
v 2.002936 0.554360 0.713024
v 1.997186 0.572519 0.713416
v 2.021842 0.494459 0.711771
v 1.954598 0.503255 0.751696
v 1.973512 0.470551 0.743068
v 2.028738 0.508504 0.767928
v 1.982320 0.455339 0.738840
v 2.025502 0.481846 0.711580
v 1.992988 0.463091 0.720068
v 2.016675 0.476756 0.713863
v 1.982126 0.456995 0.722904
v 2.025200 0.517157 0.770520
v 2.000869 0.577377 0.788253
v 2.000869 0.577377 0.788253
v 1.915448 0.571099 0.769598
v 2.024946 0.547425 0.767028
v 2.033880 0.510548 0.762348
v 2.018926 0.576496 0.756550
v 2.017683 0.577307 0.770844
v 2.017683 0.577307 0.770844
v 1.997186 0.572519 0.713416
v 1.917148 0.569802 0.747025
v 1.918345 0.568936 0.731894
v 2.028738 0.508504 0.767928
v 2.094893 0.379465 0.700957
v 2.037322 0.360121 0.715124
v 2.047932 0.337402 0.763338
v 2.110959 0.399953 0.696224
v 2.094145 0.370973 0.717238
v 2.047356 0.337936 0.769806
v 2.054222 0.339168 0.762541
v 1.996342 0.460531 0.744147
v 2.031966 0.482289 0.721200
v 2.093662 0.471170 0.705306
v 2.089699 0.464947 0.710183
v 2.058796 0.409895 0.749027
v 2.027156 0.480718 0.711259
v 2.032135 0.480383 0.710136
v 2.069216 0.477416 0.701796
v 2.104274 0.474183 0.693939
v 2.097023 0.475174 0.701327
v 1.983077 0.453971 0.739210
v 2.001827 0.466486 0.717841
v 1.982849 0.455726 0.722802
v 1.985112 0.449163 0.753906
v 2.032602 0.363094 0.781969
v 1.987822 0.444217 0.755840
v 2.016984 0.475005 0.713882
v 2.093662 0.471170 0.705306
v 2.089699 0.464947 0.710183
v 2.058796 0.409895 0.749027
v 2.097023 0.475174 0.701327
v 2.032602 0.363094 0.781969
v 2.110959 0.399953 0.696224
v 2.094145 0.370973 0.717238
v 2.047356 0.337936 0.769806
v 2.104274 0.474183 0.693939
v 2.054222 0.339168 0.762541
v 0.698505 0.075624 -0.183958
v 1.261002 -0.102782 0.013519
v 1.236950 -0.070325 0.061666
v 0.697132 0.092618 -0.135214
v 0.650297 0.011371 -0.178608
v 0.843141 -0.140326 -0.173809
v 0.653836 -0.060047 -0.174121
v 0.987568 -0.170511 -0.119508
v 1.073081 -0.162569 -0.081209
v 0.721576 0.134953 -0.112566
v 0.749842 0.162717 -0.140997
v 0.797771 0.177788 -0.116868
v 1.265640 -0.144660 0.005415
v 1.270298 -0.144224 0.007553
v 1.192603 -0.144602 0.077261
v 1.197323 -0.144505 0.074159
v 1.056448 0.067935 0.207791
v 1.046236 -0.012273 0.199304
v 0.913296 0.157209 0.069900
v 1.060466 0.099998 0.211123
v 0.800566 0.177302 -0.112377
v 1.255844 -0.143320 0.035405
v 1.260703 -0.143234 0.031995
v 0.697132 0.092618 -0.135214
v 0.650297 0.011371 -0.178608
v 0.843141 -0.140326 -0.173809
v 0.653836 -0.060047 -0.174121
v 0.653836 -0.060047 -0.174121
v 0.987568 -0.170511 -0.119508
v 0.987568 -0.170511 -0.119508
v 1.073081 -0.162569 -0.081209
v 0.721576 0.134953 -0.112566
v 0.721576 0.134953 -0.112566
v 0.749842 0.162717 -0.140997
v 0.797771 0.177788 -0.116868
v 1.265640 -0.144660 0.005415
v 1.270298 -0.144224 0.007553
v 1.192603 -0.144602 0.077261
v 1.192603 -0.144602 0.077261
v 1.197323 -0.144505 0.074159
v 1.046236 -0.012273 0.199304
v 1.046236 -0.012273 0.199304
v 1.056448 0.067935 0.207791
v 0.913296 0.157209 0.069900
v 0.913296 0.157209 0.069900
v 1.060466 0.099998 0.211123
v 0.800566 0.177302 -0.112377
v 1.255844 -0.143320 0.035405
v 1.260703 -0.143234 0.031995
v 0.990283 0.002026 -0.629204
v 1.104193 0.096288 -0.550401
v 1.088976 0.114950 -0.564200
v 0.995669 0.064708 -0.749341
v 1.012327 -0.074824 -0.731036
v 1.005839 -0.131770 -0.607828
v 1.107656 0.153265 -0.588607
v 1.023449 0.092991 -0.722491
v 1.047352 0.116981 -0.699383
v 1.076411 -0.115589 -0.555951
v 1.130677 0.146691 -0.582525
v 1.122784 0.148990 -0.584530
v 1.287783 -0.022639 -0.461587
v 1.178950 0.132482 -0.570522
v 1.144430 -0.099835 -0.506316
v 1.291692 -0.040314 -0.457504
v 1.012327 -0.074824 -0.731036
v 1.012327 -0.074824 -0.731036
v 1.005839 -0.131770 -0.607828
v 0.995669 0.064708 -0.749341
v 1.023449 0.092991 -0.722491
v 1.047352 0.116981 -0.699383
v 1.047352 0.116981 -0.699383
v 1.107656 0.153265 -0.588607
v 1.076411 -0.115589 -0.555951
v 1.130677 0.146691 -0.582525
v 1.122784 0.148990 -0.584530
v 1.287783 -0.022639 -0.461587
v 1.178950 0.132482 -0.570522
v 1.178950 0.132482 -0.570522
v 1.144430 -0.099835 -0.506316
v 1.291692 -0.040314 -0.457504
v 1.291692 -0.040314 -0.457504
v 0.715083 0.114500 -0.243708
v 1.013985 0.134179 -0.492950
v 0.738443 0.164241 -0.282067
v 1.102273 0.096227 -0.549375
v 0.779032 -0.114764 -0.624532
v 0.989037 0.001131 -0.627622
v 0.500781 -0.159906 -0.497985
v 1.087321 0.114137 -0.561985
v 0.483110 -0.098386 -0.416429
v 1.072584 -0.177208 -0.418600
v 1.142575 -0.101559 -0.504689
v 1.074377 -0.117156 -0.554912
v 1.064528 -0.119396 -0.562195
v 1.004583 -0.133156 -0.606222
v 0.565290 -0.070826 -0.258384
v 0.578777 -0.059728 -0.245697
v 0.489265 -0.108461 -0.380127
v 0.589316 -0.051273 -0.235779
v 0.586819 -0.068205 -0.237897
v 0.655423 -0.112785 -0.264738
v 1.035855 -0.184909 -0.386471
v 0.783229 -0.196332 -0.315608
v 1.065677 -0.184574 -0.410333
v 0.779092 -0.215810 -0.609272
v 0.866005 -0.209952 -0.604193
v 0.571463 -0.223092 -0.518837
v 0.528205 -0.196339 -0.504272
v 0.510377 -0.185301 -0.498248
v 0.507452 -0.174899 -0.482308
v 0.502900 -0.158355 -0.456881
v 1.072584 -0.177208 -0.418600
v 1.142575 -0.101559 -0.504689
v 1.074377 -0.117156 -0.554912
v 1.064528 -0.119396 -0.562195
v 1.004583 -0.133156 -0.606222
v 0.565290 -0.070826 -0.258384
v 0.565290 -0.070826 -0.258384
v 0.489265 -0.108461 -0.380127
v 0.578777 -0.059728 -0.245697
v 0.589316 -0.051273 -0.235779
v 0.586819 -0.068205 -0.237897
v 0.586819 -0.068205 -0.237897
v 0.655423 -0.112785 -0.264738
v 1.035855 -0.184909 -0.386471
v 0.783229 -0.196332 -0.315608
v 0.783229 -0.196332 -0.315608
v 1.065677 -0.184574 -0.410333
v 1.065677 -0.184574 -0.410333
v 0.866005 -0.209952 -0.604193
v 0.866005 -0.209952 -0.604193
v 0.779092 -0.215810 -0.609272
v 0.571463 -0.223092 -0.518837
v 0.571463 -0.223092 -0.518837
v 0.528205 -0.196339 -0.504272
v 0.510377 -0.185301 -0.498248
v 0.507452 -0.174899 -0.482308
v 0.502900 -0.158355 -0.456881
v 1.262217 -0.100787 0.012924
v 1.013055 0.136082 -0.490515
v 1.104260 0.097975 -0.549481
v 0.772584 0.223883 -0.266770
v 1.236423 -0.068006 0.062867
v 1.088874 0.115555 -0.561730
v 1.201992 0.162191 0.255968
v 1.416713 -0.024870 -0.335093
v 1.440624 -0.038041 -0.274470
v 1.363882 0.186218 -0.332794
v 1.347973 0.152391 -0.405014
v 1.290154 -0.022488 -0.459263
v 1.130449 0.147624 -0.581046
v 1.181134 0.132739 -0.568384
v 1.122257 0.150051 -0.583055
v 1.107467 0.154477 -0.586604
v 1.069781 0.188554 -0.555231
v 0.989617 0.261434 -0.487796
v 1.458986 -0.048830 -0.226361
v 1.460371 -0.057532 -0.204528
v 1.369328 0.199151 -0.305673
v 1.317815 0.298575 -0.169114
v 1.280886 0.315636 0.158135
v 1.282299 0.307012 0.179340
v 1.446138 -0.073196 -0.186374
v 1.278737 0.303089 0.183882
v 1.435367 -0.084683 -0.173483
v 1.424848 -0.095766 -0.161204
v 1.202390 0.221672 0.275201
v 1.326919 -0.062148 -0.362585
v 0.795170 0.185284 -0.136959
v 1.362065 -0.114145 -0.198163
v 0.796852 0.182868 -0.129458
v 1.314293 -0.043336 -0.421957
v 0.790602 0.191888 -0.157432
v 1.310755 -0.037959 -0.438839
v 0.772384 0.230900 -0.267720
v 0.801698 0.261722 -0.301791
v 0.772064 0.219036 -0.241295
v 1.421301 -0.099460 -0.157164
v 1.186692 0.205326 0.293083
v 1.404983 -0.112290 -0.148186
v 1.177068 0.201208 0.290707
v 1.130543 0.182430 0.276661
v 1.060830 0.101602 0.211446
v 1.376217 -0.134814 -0.132573
v 0.799502 0.179110 -0.117747
v 0.802431 0.178543 -0.112909
v 0.861320 0.167826 -0.017193
v 0.917460 0.157695 0.073864
v 1.416713 -0.024870 -0.335093
v 1.416713 -0.024870 -0.335093
v 1.347973 0.152391 -0.405014
v 1.347973 0.152391 -0.405014
v 1.363882 0.186218 -0.332794
v 1.440624 -0.038041 -0.274470
v 1.290154 -0.022488 -0.459263
v 1.181134 0.132739 -0.568384
v 1.181134 0.132739 -0.568384
v 1.130449 0.147624 -0.581046
v 1.122257 0.150051 -0.583055
v 1.107467 0.154477 -0.586604
v 1.069781 0.188554 -0.555231
v 0.989617 0.261434 -0.487796
v 0.989617 0.261434 -0.487796
v 1.278737 0.303089 0.183882
v 1.202390 0.221672 0.275201
v 1.280886 0.315636 0.158135
v 1.280886 0.315636 0.158135
v 1.282299 0.307012 0.179340
v 1.458986 -0.048830 -0.226361
v 1.460371 -0.057532 -0.204528
v 1.369328 0.199151 -0.305673
v 1.317815 0.298575 -0.169114
v 1.317815 0.298575 -0.169114
v 1.446138 -0.073196 -0.186374
v 1.435367 -0.084683 -0.173483
v 1.424848 -0.095766 -0.161204
v 1.326919 -0.062148 -0.362585
v 1.362065 -0.114145 -0.198163
v 0.795170 0.185284 -0.136959
v 0.796852 0.182868 -0.129458
v 0.790602 0.191888 -0.157432
v 1.314293 -0.043336 -0.421957
v 1.310755 -0.037959 -0.438839
v 1.310755 -0.037959 -0.438839
v 0.801698 0.261722 -0.301791
v 0.801698 0.261722 -0.301791
v 0.772384 0.230900 -0.267720
v 0.772064 0.219036 -0.241295
v 1.186692 0.205326 0.293083
v 1.421301 -0.099460 -0.157164
v 1.404983 -0.112290 -0.148186
v 1.177068 0.201208 0.290707
v 1.130543 0.182430 0.276661
v 1.130543 0.182430 0.276661
v 1.060830 0.101602 0.211446
v 1.376217 -0.134814 -0.132573
v 0.799502 0.179110 -0.117747
v 0.802431 0.178543 -0.112909
v 0.861320 0.167826 -0.017193
v 0.917460 0.157695 0.073864
v 0.917460 0.157695 0.073864
v 1.236586 -0.069099 0.064849
v 1.202243 0.162332 0.259421
v 1.199262 -0.144350 0.074595
v 1.193668 -0.144464 0.078283
v 1.047364 -0.012132 0.200377
v 1.057561 0.068280 0.208848
v 1.061699 0.099858 0.212301
v 1.117432 0.164672 0.264436
v 1.058589 0.076345 0.209703
v 1.260953 -0.143059 0.034377
v 1.220730 -0.143909 0.060473
v 1.187016 0.204434 0.295494
v 1.133116 0.182729 0.279110
v 1.349974 -0.040837 0.374270
v 1.322777 -0.128149 0.202186
v 1.274264 -0.139916 0.069485
v 1.370386 0.027195 0.507779
v 1.240081 0.185636 0.381060
v 1.198378 0.202984 0.312565
v 1.215327 0.200595 0.338542
v 1.232919 0.194314 0.374095
v 1.199262 -0.144350 0.074595
v 1.193668 -0.144464 0.078283
v 1.193668 -0.144464 0.078283
v 1.047364 -0.012132 0.200377
v 1.047364 -0.012132 0.200377
v 1.057561 0.068280 0.208848
v 1.061699 0.099858 0.212301
v 1.117432 0.164672 0.264436
v 1.058589 0.076345 0.209703
v 1.260953 -0.143059 0.034377
v 1.220730 -0.143909 0.060473
v 1.133116 0.182729 0.279110
v 1.133116 0.182729 0.279110
v 1.187016 0.204434 0.295494
v 1.349974 -0.040837 0.374270
v 1.322777 -0.128149 0.202186
v 1.322777 -0.128149 0.202186
v 1.274264 -0.139916 0.069485
v 1.370386 0.027195 0.507779
v 1.370386 0.027195 0.507779
v 1.240081 0.185636 0.381060
v 1.198378 0.202984 0.312565
v 1.215327 0.200595 0.338542
v 1.232919 0.194314 0.374095
v 1.232919 0.194314 0.374095
v 0.714260 0.112939 -0.241929
v 0.698750 0.075655 -0.186291
v 1.021640 -0.184654 -0.368787
v 1.033091 -0.184903 -0.383716
v 0.785002 -0.196146 -0.314508
v 0.591177 -0.048933 -0.234041
v 0.588333 -0.068019 -0.236455
v 0.623440 -0.016491 -0.203783
v 0.648220 0.008057 -0.180536
v 0.844028 -0.141977 -0.176031
v 0.651671 -0.060308 -0.176181
v 0.896137 -0.182063 -0.207252
v 1.021640 -0.184654 -0.368787
v 1.033091 -0.184903 -0.383716
v 0.591177 -0.048933 -0.234041
v 0.588333 -0.068019 -0.236455
v 0.588333 -0.068019 -0.236455
v 0.785002 -0.196146 -0.314508
v 0.785002 -0.196146 -0.314508
v 0.623440 -0.016491 -0.203783
v 0.648220 0.008057 -0.180536
v 0.844028 -0.141977 -0.176031
v 0.651671 -0.060308 -0.176181
v 0.651671 -0.060308 -0.176181
v 0.896137 -0.182063 -0.207252
v 0.896137 -0.182063 -0.207252
v 1.518350 0.193850 0.442314
v 1.671465 0.130321 0.381302
v 1.888990 0.014224 0.246521
v 1.202802 0.164513 0.259717
v 1.558886 0.026478 -0.177559
v 1.855634 0.258245 0.242901
v 1.907401 0.178292 0.217060
v 1.637839 0.185694 0.397576
v 1.910987 0.091520 0.148084
v 1.814424 0.068348 0.053695
v 1.647860 0.329459 0.139905
v 1.753682 0.330449 0.223186
v 1.910866 0.036173 0.148744
v 1.894773 -0.000573 0.213197
v 1.603979 0.016098 -0.151987
v 1.589347 0.329301 0.094546
v 1.573320 0.327590 0.080750
v 1.605238 0.340905 0.277615
v 1.722824 0.344406 0.224154
v 1.567932 0.006408 -0.187208
v 1.559304 0.326109 0.068934
v 1.535625 0.325364 0.079009
v 1.502782 -0.035020 -0.202866
v 1.472507 -0.051609 -0.202857
v 1.461994 -0.057411 -0.202760
v 1.304362 0.318275 0.180668
v 1.283628 0.306993 0.180993
v 1.469303 0.336832 0.338978
v 1.424638 0.284206 0.403692
v 1.356267 0.228894 0.445693
v 1.381682 0.233954 0.465114
v 1.274387 0.212932 0.382359
v 1.435890 -0.096177 -0.146302
v 1.561817 -0.006947 -0.193017
v 1.535477 -0.019466 -0.197426
v 1.446930 -0.073251 -0.185250
v 1.279860 0.303030 0.185373
v 1.436094 -0.084779 -0.172347
v 1.205444 0.223849 0.273983
v 1.216008 0.201732 0.336796
v 1.199033 0.203936 0.311206
v 1.422979 -0.098779 -0.156620
v 1.431921 -0.089224 -0.167364
v 1.188185 0.205458 0.294595
v 1.910987 0.091520 0.148084
v 1.814424 0.068348 0.053695
v 1.647860 0.329459 0.139905
v 1.753682 0.330449 0.223186
v 1.910866 0.036173 0.148744
v 1.910866 0.036173 0.148744
v 1.894773 -0.000573 0.213197
v 1.589347 0.329301 0.094546
v 1.589347 0.329301 0.094546
v 1.603979 0.016098 -0.151987
v 1.573320 0.327590 0.080750
v 1.722824 0.344406 0.224154
v 1.722824 0.344406 0.224154
v 1.605238 0.340905 0.277615
v 1.567932 0.006408 -0.187208
v 1.559304 0.326109 0.068934
v 1.535625 0.325364 0.079009
v 1.502782 -0.035020 -0.202866
v 1.472507 -0.051609 -0.202857
v 1.304362 0.318275 0.180668
v 1.304362 0.318275 0.180668
v 1.461994 -0.057411 -0.202760
v 1.283628 0.306993 0.180993
v 1.469303 0.336832 0.338978
v 1.469303 0.336832 0.338978
v 1.424638 0.284206 0.403692
v 1.356267 0.228894 0.445693
v 1.381682 0.233954 0.465114
v 1.435890 -0.096177 -0.146302
v 1.274387 0.212932 0.382359
v 1.561817 -0.006947 -0.193017
v 1.561817 -0.006947 -0.193017
v 1.535477 -0.019466 -0.197426
v 1.279860 0.303030 0.185373
v 1.446930 -0.073251 -0.185250
v 1.205444 0.223849 0.273983
v 1.436094 -0.084779 -0.172347
v 1.216008 0.201732 0.336796
v 1.199033 0.203936 0.311206
v 1.422979 -0.098779 -0.156620
v 1.431921 -0.089224 -0.167364
v 1.188185 0.205458 0.294595
v 1.672204 0.126926 0.380982
v 1.512531 0.193641 0.445023
v 1.888954 0.012514 0.246661
v 1.204451 0.159544 0.256397
v 1.238874 -0.069878 0.062529
v 1.263840 -0.102717 0.013282
v 1.837637 -0.084639 0.366974
v 1.851788 -0.084661 0.352899
v 1.895399 -0.022878 0.265457
v 1.824636 -0.084975 0.374478
v 1.893729 -0.003330 0.218237
v 1.833079 -0.015700 0.170108
v 1.282125 0.213447 0.390587
v 1.355736 0.227786 0.447550
v 1.478439 -0.088205 -0.110910
v 1.380705 0.232590 0.467008
v 1.790388 -0.085886 0.393825
v 1.736436 -0.087342 0.423983
v 1.391718 0.152873 0.526162
v 1.621014 -0.090465 0.488400
v 1.419294 0.033146 0.554322
v 1.422145 -0.099816 -0.155282
v 1.455543 -0.092911 -0.128996
v 1.218598 0.201004 0.341583
v 1.242144 0.187368 0.383000
v 1.236175 0.194689 0.377195
v 1.293957 -0.135479 0.118219
v 1.255989 0.170441 0.396466
v 1.376914 0.211026 0.511141
v 1.325712 -0.127781 0.205004
v 1.374014 0.027633 0.511231
v 1.382446 -0.130888 -0.133765
v 1.262940 -0.143064 0.032430
v 1.273114 -0.144069 0.007183
v 1.376194 -0.135791 -0.130356
v 1.367495 -0.146214 -0.117299
v 1.837637 -0.084639 0.366974
v 1.851788 -0.084661 0.352899
v 1.851788 -0.084661 0.352899
v 1.895399 -0.022878 0.265457
v 1.824636 -0.084975 0.374478
v 1.893729 -0.003330 0.218237
v 1.833079 -0.015700 0.170108
v 1.478439 -0.088205 -0.110910
v 1.282125 0.213447 0.390587
v 1.355736 0.227786 0.447550
v 1.380705 0.232590 0.467008
v 1.790388 -0.085886 0.393825
v 1.736436 -0.087342 0.423983
v 1.621014 -0.090465 0.488400
v 1.621014 -0.090465 0.488400
v 1.419294 0.033146 0.554322
v 1.419294 0.033146 0.554322
v 1.391718 0.152873 0.526162
v 1.422145 -0.099816 -0.155282
v 1.455543 -0.092911 -0.128996
v 1.218598 0.201004 0.341583
v 1.242144 0.187368 0.383000
v 1.236175 0.194689 0.377195
v 1.236175 0.194689 0.377195
v 1.255989 0.170441 0.396466
v 1.376914 0.211026 0.511141
v 1.376914 0.211026 0.511141
v 1.262940 -0.143064 0.032430
v 1.293957 -0.135479 0.118219
v 1.325712 -0.127781 0.205004
v 1.325712 -0.127781 0.205004
v 1.374014 0.027633 0.511231
v 1.374014 0.027633 0.511231
v 1.382446 -0.130888 -0.133765
v 1.273114 -0.144069 0.007183
v 1.376194 -0.135791 -0.130356
v 1.367495 -0.146214 -0.117299
v 1.367495 -0.146214 -0.117299
v 1.923565 0.353731 0.539963
v 1.705223 0.248289 0.534218
v 1.638471 0.187672 0.399738
v 1.857443 0.260089 0.243360
v 1.513517 0.195052 0.445450
v 1.904090 0.450101 0.588461
v 1.813567 0.369697 0.569079
v 1.924844 0.451114 0.584715
v 1.725252 0.365629 0.584639
v 1.495273 0.246414 0.574862
v 1.762118 0.443123 0.613265
v 1.910546 0.292378 0.276548
v 1.897028 0.278610 0.241728
v 1.918338 0.423963 0.453812
v 1.916812 0.366358 0.412517
v 1.919230 0.369253 0.459677
v 1.919784 0.444691 0.485944
v 1.918018 0.442472 0.451847
v 1.380043 0.211390 0.514119
v 1.895151 0.276749 0.236984
v 1.383353 0.233857 0.467362
v 1.391577 0.243857 0.454744
v 1.810146 0.309398 0.229371
v 1.470784 0.336999 0.340400
v 1.611277 0.341224 0.277244
v 1.761045 0.328349 0.225135
v 1.725009 0.344653 0.226275
v 1.383353 0.233857 0.467362
v 1.380043 0.211390 0.514119
v 1.904090 0.450101 0.588461
v 1.924844 0.451114 0.584715
v 1.725252 0.365629 0.584639
v 1.725252 0.365629 0.584639
v 1.495273 0.246414 0.574862
v 1.813567 0.369697 0.569079
v 1.813567 0.369697 0.569079
v 1.762118 0.443123 0.613265
v 1.762118 0.443123 0.613265
v 1.910546 0.292378 0.276548
v 1.897028 0.278610 0.241728
v 1.916812 0.366358 0.412517
v 1.916812 0.366358 0.412517
v 1.919230 0.369253 0.459677
v 1.919230 0.369253 0.459677
v 1.918338 0.423963 0.453812
v 1.919784 0.444691 0.485944
v 1.918018 0.442472 0.451847
v 1.918018 0.442472 0.451847
v 1.895151 0.276749 0.236984
v 1.391577 0.243857 0.454744
v 1.810146 0.309398 0.229371
v 1.470784 0.336999 0.340400
v 1.470784 0.336999 0.340400
v 1.611277 0.341224 0.277244
v 1.761045 0.328349 0.225135
v 1.725009 0.344653 0.226275
v 1.725009 0.344653 0.226275
v 0.715775 0.115445 -0.242074
v 0.699882 0.077040 -0.185681
v 1.005447 0.136962 -0.484382
v 1.104373 0.095099 -0.548709
v 0.739587 0.165374 -0.280893
v 1.262639 -0.103360 0.011344
v 0.771725 0.221777 -0.266676
v 0.771197 0.215765 -0.234956
v 0.759124 0.184991 -0.180061
v 0.754535 0.173171 -0.158917
v 1.066794 -0.184430 -0.409248
v 1.106625 -0.141359 -0.458287
v 1.037076 -0.184737 -0.385064
v 0.870747 -0.148023 -0.166790
v 0.847162 -0.143153 -0.175760
v 0.751015 0.164032 -0.142536
v 0.776297 0.171947 -0.129730
v 1.151567 -0.155432 -0.048434
v 0.982094 -0.171200 -0.124761
v 0.790123 0.176291 -0.122762
v 0.797150 0.178507 -0.119239
v 1.357638 -0.110740 -0.211615
v 1.330876 -0.070670 -0.337917
v 0.793413 0.183935 -0.136043
v 1.317023 -0.050176 -0.402722
v 1.309441 -0.039232 -0.437562
v 0.897532 -0.181885 -0.205913
v 0.860410 -0.153366 -0.183736
v 1.141199 -0.104118 -0.500519
v 1.144262 -0.100829 -0.504236
v 1.291426 -0.028295 -0.457934
v 1.294074 -0.040019 -0.455172
v 1.271917 -0.144258 0.005400
v 1.374305 -0.136494 -0.131114
v 1.366062 -0.146393 -0.118691
v 0.771197 0.215765 -0.234956
v 0.759124 0.184991 -0.180061
v 1.309441 -0.039232 -0.437562
v 1.309441 -0.039232 -0.437562
v 1.291426 -0.028295 -0.457934
v 1.294074 -0.040019 -0.455172
v 1.294074 -0.040019 -0.455172
v 0.754535 0.173171 -0.158917
v 1.066794 -0.184430 -0.409248
v 1.066794 -0.184430 -0.409248
v 1.106625 -0.141359 -0.458287
v 1.151567 -0.155432 -0.048434
v 1.271917 -0.144258 0.005400
v 1.037076 -0.184737 -0.385064
v 0.751015 0.164032 -0.142536
v 0.776297 0.171947 -0.129730
v 0.870747 -0.148023 -0.166790
v 0.847162 -0.143153 -0.175760
v 0.790123 0.176291 -0.122762
v 0.982094 -0.171200 -0.124761
v 0.982094 -0.171200 -0.124761
v 0.797150 0.178507 -0.119239
v 0.793413 0.183935 -0.136043
v 1.357638 -0.110740 -0.211615
v 1.330876 -0.070670 -0.337917
v 1.317023 -0.050176 -0.402722
v 0.897532 -0.181885 -0.205913
v 0.897532 -0.181885 -0.205913
v 0.860410 -0.153366 -0.183736
v 1.141199 -0.104118 -0.500519
v 1.144262 -0.100829 -0.504236
v 1.374305 -0.136494 -0.131114
v 1.366062 -0.146393 -0.118691
v 1.366062 -0.146393 -0.118691
v 1.560360 0.029465 -0.178247
v 1.857937 0.258650 0.241365
v 1.907928 0.180906 0.216030
v 1.571444 0.029955 -0.184095
v 1.568421 0.011569 -0.186802
v 1.583303 0.101268 -0.173468
v 1.603654 0.182506 -0.154651
v 1.942435 0.204575 0.177337
v 1.943052 0.231152 0.193056
v 1.947031 0.222952 0.181585
v 1.595566 0.018202 -0.160270
v 1.892939 0.091291 0.130383
v 1.560978 0.325920 0.066696
v 1.761942 0.326893 0.223244
v 1.932371 0.252557 0.222772
v 1.935373 0.246725 0.214746
v 1.915020 0.096644 0.151967
v 1.922518 0.258759 0.226175
v 1.895365 0.275725 0.235330
v 1.571444 0.029955 -0.184095
v 1.568421 0.011569 -0.186802
v 1.583303 0.101268 -0.173468
v 1.942435 0.204575 0.177337
v 1.915020 0.096644 0.151967
v 1.603654 0.182506 -0.154651
v 1.603654 0.182506 -0.154651
v 1.947031 0.222952 0.181585
v 1.947031 0.222952 0.181585
v 1.943052 0.231152 0.193056
v 1.595566 0.018202 -0.160270
v 1.892939 0.091291 0.130383
v 1.560978 0.325920 0.066696
v 1.761942 0.326893 0.223244
v 1.932371 0.252557 0.222772
v 1.935373 0.246725 0.214746
v 1.922518 0.258759 0.226175
v 1.895365 0.275725 0.235330
v 1.558680 0.030145 -0.178096
v 1.460936 -0.048660 -0.224291
v 1.475592 -0.043977 -0.216571
v 1.371106 0.199434 -0.303796
v 1.542578 0.180690 -0.204920
v 1.462190 -0.056394 -0.204859
v 1.319766 0.298793 -0.167219
v 1.283191 0.315892 0.160348
v 1.284454 0.308312 0.179013
v 1.583943 0.108801 -0.172945
v 1.576536 0.137977 -0.180621
v 1.497131 -0.037129 -0.205145
v 1.566490 0.178127 -0.191041
v 1.535100 0.325217 0.077023
v 1.471142 -0.051463 -0.204922
v 1.302386 0.318052 0.178771
v 1.602424 0.182360 -0.155854
v 1.559614 0.325935 0.065676
v 1.460936 -0.048660 -0.224291
v 1.475592 -0.043977 -0.216571
v 1.371106 0.199434 -0.303796
v 1.542578 0.180690 -0.204920
v 1.283191 0.315892 0.160348
v 1.283191 0.315892 0.160348
v 1.284454 0.308312 0.179013
v 1.319766 0.298793 -0.167219
v 1.319766 0.298793 -0.167219
v 1.462190 -0.056394 -0.204859
v 1.583943 0.108801 -0.172945
v 1.576536 0.137977 -0.180621
v 1.566490 0.178127 -0.191041
v 1.566490 0.178127 -0.191041
v 1.497131 -0.037129 -0.205145
v 1.471142 -0.051463 -0.204922
v 1.302386 0.318052 0.178771
v 1.302386 0.318052 0.178771
v 1.535100 0.325217 0.077023
v 1.602424 0.182360 -0.155854
v 1.602424 0.182360 -0.155854
v 1.559614 0.325935 0.065676
v 1.559614 0.325935 0.065676
v 1.925084 0.469395 0.593117
v 1.924855 0.483409 0.591614
v 1.925213 0.479218 0.597631
v 1.918147 0.479249 0.599080
v 1.924855 0.483409 0.591614
v 1.918147 0.479249 0.599080
v 1.925084 0.469395 0.593117
v 1.925430 0.495732 0.605220
v 1.924857 0.485787 0.592144
v 1.925239 0.481188 0.598536
v 1.917427 0.481326 0.600186
v 1.918422 0.487388 0.602786
v 1.925064 0.494968 0.598015
v 1.920038 0.495469 0.606193
v 1.925430 0.495732 0.605220
v 1.920038 0.495469 0.606193
v 1.925064 0.494968 0.598015
v 1.907171 0.494841 0.608515
v 1.924670 0.494768 0.590397
v 1.916892 0.495315 0.606761
v 1.923964 0.495057 0.595753
v 1.914706 0.484138 0.602038
v 1.916892 0.495315 0.606761
v 1.923964 0.495057 0.595753
v 1.907171 0.494841 0.608515
v 1.907171 0.494841 0.608515
v 1.914706 0.484138 0.602038
v 1.924670 0.494768 0.590397
v 1.924670 0.494768 0.590397
v 2.002242 0.148935 0.839993
v 1.996107 0.142653 0.847128
v 2.007849 0.148329 0.834259
v 2.006690 0.145524 0.830828
v 2.004443 0.141554 0.838628
v 1.996967 0.140775 0.846469
v 2.011741 0.143937 0.830773
v 1.987915 0.139246 0.856037
v 1.995544 0.140311 0.848001
v 1.543290 0.179640 -0.206234
v 1.562073 0.177608 -0.195366
v 1.482710 0.134120 -0.272597
v 1.480388 0.138627 -0.274938
v 1.477774 0.127488 -0.237389
v 1.481424 0.120733 -0.234533
v 1.491114 0.133965 -0.264352
v 1.493990 0.122335 -0.227583
v 1.468068 0.166535 -0.287416
v 1.449276 0.189724 -0.260788
v 1.554140 0.133201 -0.202521
v 1.547397 0.129521 -0.198123
v 1.527650 0.126857 -0.208994
v 1.571045 0.140893 -0.186048
v 1.482710 0.134120 -0.272597
v 1.480388 0.138627 -0.274938
v 1.491114 0.133965 -0.264352
v 1.468068 0.166535 -0.287416
v 1.468068 0.166535 -0.287416
v 1.449276 0.189724 -0.260788
v 1.554140 0.133201 -0.202521
v 1.571045 0.140893 -0.186048
v 1.543290 0.179640 -0.206234
v 1.562073 0.177608 -0.195366
v 1.562073 0.177608 -0.195366
v 1.574783 0.125597 -0.182166
v 1.581272 0.098425 -0.175419
v 1.555209 0.131351 -0.201447
v 1.575379 0.062828 -0.180698
v 1.569499 0.061837 -0.177827
v 1.566020 0.072768 -0.181028
v 1.548679 0.127743 -0.197191
v 1.571553 0.138814 -0.185520
v 1.555209 0.131351 -0.201447
v 1.575379 0.062828 -0.180698
v 1.571553 0.138814 -0.185520
v 1.574783 0.125597 -0.182166
v 1.581272 0.098425 -0.175419
v 1.558577 0.027894 -0.180061
v 1.566641 0.010050 -0.188526
v 1.420815 0.004406 -0.331482
v 1.417438 -0.006383 -0.323627
v 1.421567 -0.021953 -0.330373
v 1.425451 -0.017431 -0.308202
v 1.468482 -0.013163 -0.284479
v 1.564378 0.004992 -0.190674
v 1.490363 0.001010 -0.215574
v 1.538503 0.005818 -0.188876
v 1.429693 -0.014370 -0.293359
v 1.430698 -0.011527 -0.288252
v 1.431763 -0.008598 -0.282966
v 1.439386 0.011908 -0.245784
v 1.429489 0.008395 -0.277137
v 1.442577 0.030655 -0.246146
v 1.437212 0.017907 -0.247714
v 1.425386 0.003321 -0.292839
v 1.427011 0.005322 -0.286595
v 1.465935 0.085806 -0.239278
v 1.456493 0.081189 -0.297568
v 1.481587 0.118208 -0.234147
v 1.483100 0.131764 -0.272182
v 1.491299 0.131896 -0.264142
v 1.493877 0.120224 -0.227402
v 1.553590 0.131505 -0.203037
v 1.546530 0.127607 -0.198392
v 1.527062 0.124870 -0.209098
v 1.574951 0.060245 -0.181081
v 1.568655 0.059215 -0.177999
v 1.565419 0.069143 -0.180950
v 1.420815 0.004406 -0.331482
v 1.421567 -0.021953 -0.330373
v 1.468482 -0.013163 -0.284479
v 1.564378 0.004992 -0.190674
v 1.456493 0.081189 -0.297568
v 1.483100 0.131764 -0.272182
v 1.491299 0.131896 -0.264142
v 1.553590 0.131505 -0.203037
v 1.574951 0.060245 -0.181081
v 1.566641 0.010050 -0.188526
v 1.439451 -0.035988 -0.280695
v 1.441494 -0.037105 -0.275535
v 1.460960 -0.047634 -0.226629
v 1.477508 -0.042376 -0.217842
v 1.491557 -0.033192 -0.221273
v 1.500634 -0.024343 -0.206832
v 1.434723 -0.022774 -0.284777
v 1.437011 -0.034636 -0.286899
v 1.487499 -0.008656 -0.216079
v 1.480575 -0.000418 -0.220966
v 1.505106 -0.033039 -0.204499
v 1.432721 -0.011405 -0.282234
v 1.440261 0.009494 -0.245007
v 1.491557 -0.033192 -0.221273
v 1.437011 -0.034636 -0.286899
v 1.505106 -0.033039 -0.204499
v 1.439451 -0.035988 -0.280695
v 1.441494 -0.037105 -0.275535
v 1.460960 -0.047634 -0.226629
v 1.477508 -0.042376 -0.217842
v 1.362620 0.178732 -0.347032
v 1.365651 0.185075 -0.333454
v 1.371951 0.198017 -0.305658
v 1.378825 0.156023 -0.374804
v 1.404637 0.066188 -0.348220
v 1.407082 0.026569 -0.329565
v 1.358434 0.169778 -0.366130
v 1.463844 0.154653 -0.248449
v 1.459308 0.175414 -0.278425
v 1.447531 0.189911 -0.261800
v 1.466537 0.166354 -0.288915
v 1.479853 0.119583 -0.235292
v 1.481135 0.133227 -0.274130
v 1.415543 0.001779 -0.323116
v 1.419857 0.013732 -0.332552
v 1.422890 0.010295 -0.294994
v 1.432211 0.021231 -0.259826
v 1.424623 0.012317 -0.288418
v 1.437027 0.028876 -0.249091
v 1.464865 0.087262 -0.240054
v 1.455889 0.083231 -0.298189
v 1.434850 0.024426 -0.249811
v 1.378825 0.156023 -0.374804
v 1.378825 0.156023 -0.374804
v 1.358434 0.169778 -0.366130
v 1.404637 0.066188 -0.348220
v 1.459308 0.175414 -0.278425
v 1.447531 0.189911 -0.261800
v 1.466537 0.166354 -0.288915
v 1.466537 0.166354 -0.288915
v 1.481135 0.133227 -0.274130
v 1.419857 0.013732 -0.332552
v 1.455889 0.083231 -0.298189
v 1.362620 0.178732 -0.347032
v 1.365651 0.185075 -0.333454
v 1.371951 0.198017 -0.305658
v 1.350440 0.152680 -0.402598
v 1.385538 0.129020 -0.367839
v 1.415670 -0.000178 -0.324206
v 1.365157 0.148461 -0.362220
v 1.419490 0.010903 -0.332872
v 1.377769 0.155899 -0.375837
v 1.358124 0.169115 -0.367544
v 1.420170 -0.021006 -0.331756
v 1.385538 0.129020 -0.367839
v 1.419490 0.010903 -0.332872
v 1.377769 0.155899 -0.375837
v 1.377769 0.155899 -0.375837
v 1.358124 0.169115 -0.367544
v 1.420170 -0.021006 -0.331756
v 1.350440 0.152680 -0.402598
v 1.350440 0.152680 -0.402598
v 1.558873 -0.007310 -0.195900
v 1.489046 -0.003434 -0.215806
v 1.430515 -0.016578 -0.292582
v 1.507029 -0.032119 -0.204191
v 1.432896 -0.027308 -0.293583
v 1.450365 -0.032852 -0.274133
v 1.434123 -0.033035 -0.294245
v 1.495465 -0.010088 -0.258056
v 1.519351 0.001982 -0.199275
v 1.563322 0.002632 -0.191677
v 1.536525 0.003643 -0.189745
v 1.420396 -0.025427 -0.329154
v 1.507029 -0.032119 -0.204191
v 1.450365 -0.032852 -0.274133
v 1.434123 -0.033035 -0.294245
v 1.495465 -0.010088 -0.258056
v 1.563322 0.002632 -0.191677
v 1.420396 -0.025427 -0.329154
v 1.420396 -0.025427 -0.329154
v 1.558873 -0.007310 -0.195900
v 1.558873 -0.007310 -0.195900
v 2.048169 0.335388 0.764234
v 2.053681 0.336871 0.763386
v 2.047715 0.335834 0.769696
v 2.076477 0.315323 0.742446
v 2.046481 0.330266 0.771664
v 2.096855 0.296018 0.723731
v 2.040283 0.268113 0.724406
v 2.026851 0.237027 0.797521
v 2.025436 0.233676 0.805451
v 2.096855 0.296018 0.723731
v 2.025436 0.233676 0.805451
v 2.053681 0.336871 0.763386
v 2.047715 0.335834 0.769696
v 2.046481 0.330266 0.771664
v 2.076477 0.315323 0.742446
v 2.015482 0.142252 0.827106
v 2.013184 0.153004 0.828153
v 2.008356 0.153741 0.830084
v 2.023390 0.137157 0.819546
v 2.008492 0.144087 0.821931
v 2.007996 0.148742 0.824790
v 2.013184 0.153004 0.828153
v 2.023390 0.137157 0.819546
v 2.015482 0.142252 0.827106
v 2.008356 0.153741 0.830084
v 2.095016 0.576983 0.690774
v 2.039240 0.502739 0.743765
v 2.091499 0.478893 0.702890
v 2.032335 0.483892 0.721082
v 2.073174 0.577074 0.713388
v 2.020721 0.576511 0.755057
v 2.103458 0.482730 0.693686
v 2.068352 0.479328 0.701896
v 2.102744 0.476952 0.694146
v 2.032531 0.481965 0.709964
v 2.027509 0.482388 0.711093
v 2.016734 0.575827 0.747876
v 2.022621 0.497814 0.711420
v 2.000512 0.568054 0.712876
v 2.016734 0.575827 0.747876
v 2.000512 0.568054 0.712876
v 2.073174 0.577074 0.713388
v 2.073174 0.577074 0.713388
v 2.103458 0.482730 0.693686
v 2.020721 0.576511 0.755057
v 2.095016 0.576983 0.690774
v 2.095016 0.576983 0.690774
v 1.997215 0.461373 0.745686
v 2.032352 0.482518 0.722300
v 2.038175 0.501786 0.745335
v 2.090483 0.478913 0.707638
v 2.082513 0.483224 0.715359
v 1.985054 0.449080 0.756208
v 2.023824 0.500965 0.773954
v 1.982038 0.452298 0.784149
v 2.029074 0.505899 0.767904
v 1.977457 0.457122 0.827426
v 2.035812 0.508341 0.760620
v 2.094121 0.476932 0.704115
v 2.088984 0.467332 0.710628
v 1.987653 0.444386 0.757532
v 2.031180 0.365519 0.783141
v 2.063801 0.422734 0.742249
v 2.090483 0.478913 0.707638
v 2.082513 0.483224 0.715359
v 2.023824 0.500965 0.773954
v 2.029074 0.505899 0.767904
v 1.977457 0.457122 0.827426
v 2.035812 0.508341 0.760620
v 2.031180 0.365519 0.783141
v 2.063801 0.422734 0.742249
v 2.088984 0.467332 0.710628
v 2.094121 0.476932 0.704115
v 2.038980 0.504521 0.746007
v 2.029724 0.538155 0.763228
v 2.021040 0.576632 0.756707
v 2.020031 0.577297 0.768412
v 2.065459 0.577107 0.721376
v 2.037854 0.576803 0.743193
v 2.036972 0.509789 0.759239
v 2.097760 0.477789 0.700239
v 2.029724 0.538155 0.763228
v 2.020031 0.577297 0.768412
v 2.020031 0.577297 0.768412
v 2.021040 0.576632 0.756707
v 2.065459 0.577107 0.721376
v 2.065459 0.577107 0.721376
v 2.037854 0.576803 0.743193
v 2.036972 0.509789 0.759239
v 2.097760 0.477789 0.700239
v 1.761512 0.348625 0.348958
v 1.756330 0.346932 0.347410
v 1.761189 0.347879 0.356800
v -1.826909 0.252700 -0.547152
v -1.814642 0.540797 -0.558321
v -1.776005 0.595245 -0.534986
v -1.747625 0.618263 -0.674780
v -1.707183 0.680335 -0.599134
v -1.698900 0.690505 -0.614255
v -1.610152 0.727127 -0.596025
v -1.532767 0.298635 -0.506265
v -1.621922 0.298641 -0.674552
v -1.593247 0.335397 -0.387487
v -1.593954 0.298634 -0.385630
v -1.556161 0.113666 -0.347095
v -1.596218 0.204162 -0.381174
v -1.563637 0.134850 -0.445416
v -1.621925 0.199561 -0.674554
v -1.686138 0.231159 -0.714634
v -1.532771 0.134637 -0.506269
v -1.706275 0.241208 -0.727203
v -1.726291 0.248259 -0.724295
v -1.588634 0.566287 -0.399479
v -1.741121 0.602039 -0.686747
v -1.745423 0.298645 -0.689007
v -1.586576 0.664257 -0.404767
v -1.741031 0.607325 -0.686705
v -1.588783 0.721677 -0.605611
v -1.535698 0.707703 -0.505622
v -1.552620 0.711929 -0.472313
v -1.623747 0.645710 -0.672755
v -1.604744 0.687146 -0.636260
v -1.568179 0.693641 -0.441408
v -1.581084 0.677796 -0.415765
v -1.556161 0.113666 -0.347095
v -1.596218 0.204162 -0.381174
v -1.593954 0.298634 -0.385630
v -1.593954 0.298634 -0.385630
v -1.593247 0.335397 -0.387487
v -1.621925 0.199561 -0.674554
v -1.621925 0.199561 -0.674554
v -1.532771 0.134637 -0.506269
v -1.532771 0.134637 -0.506269
v -1.563637 0.134850 -0.445416
v -1.686138 0.231159 -0.714634
v -1.706275 0.241208 -0.727203
v -1.726291 0.248259 -0.724295
v -1.588634 0.566287 -0.399479
v -1.741121 0.602039 -0.686747
v -1.745423 0.298645 -0.689007
v -1.745423 0.298645 -0.689007
v -1.568179 0.693641 -0.441408
v -1.581084 0.677796 -0.415765
v -1.741031 0.607325 -0.686705
v -1.623747 0.645710 -0.672755
v -1.623747 0.645710 -0.672755
v -1.586576 0.664257 -0.404767
v -1.588783 0.721677 -0.605611
v -1.535698 0.707703 -0.505622
v -1.535698 0.707703 -0.505622
v -1.552620 0.711929 -0.472313
v -1.604744 0.687146 -0.636260
v -1.621922 0.298641 -0.674552
v -1.621922 0.298641 -0.674552
v -1.532767 0.298635 -0.506265
v -1.532767 0.298635 -0.506265
v -2.156993 -0.173516 -0.820841
v -2.145955 -0.175505 -0.817882
v -2.037382 -0.041639 -0.488391
v -2.044721 0.263314 -0.414370
v -1.901552 0.029392 -0.756387
v -1.929407 0.022095 -0.839833
v -1.948176 0.165728 -0.472908
v -2.149983 0.280298 -0.296495
v -2.064270 -0.097472 -0.918043
v -2.052011 -0.114829 -0.895500
v -1.905238 0.020150 -0.745151
v -2.039221 -0.103680 -0.886586
v -1.960917 0.014706 -0.502905
v -1.956521 0.144855 -0.451114
v -2.196794 0.069219 -0.757247
v -2.166011 0.282131 -0.287671
v -2.171702 0.281757 -0.298413
v -2.167386 0.274135 -0.290265
v -2.116539 0.254330 -0.606837
v -2.171607 0.272083 -0.427543
v -2.115676 0.259467 -0.537816
v -2.205114 0.279502 -0.361481
v -2.192354 0.130907 -0.337390
v -2.205120 0.085699 -0.361486
v -2.199754 0.089201 -0.351357
v -2.207465 0.066138 -0.399679
v -2.204480 0.069211 -0.391938
v -2.200456 0.079132 -0.370682
v -2.078180 0.194001 -0.692461
v -2.092909 -0.010825 -0.956505
v -2.201387 -0.010440 -0.897697
v -2.281412 -0.015318 -0.850996
v -2.275929 -0.010093 -0.857227
v -2.011858 0.091336 -0.833729
v -2.004491 0.079868 -0.849462
v -2.283944 -0.012678 -0.601779
v -2.348250 -0.079651 -0.774036
v -2.329682 -0.061313 -0.795791
v -1.990988 0.050834 -0.900611
v -1.997710 0.069216 -0.864043
v -2.062489 -0.008124 -0.967980
v -2.051890 -0.000910 -0.960729
v -2.066640 -0.010846 -0.970633
v -1.988277 0.042930 -0.916238
v -2.166011 0.282131 -0.287671
v -2.171702 0.281757 -0.298413
v -2.167386 0.274135 -0.290265
v -2.116539 0.254330 -0.606837
v -2.116539 0.254330 -0.606837
v -2.115676 0.259467 -0.537816
v -2.171607 0.272083 -0.427543
v -2.205114 0.279502 -0.361481
v -2.205114 0.279502 -0.361481
v -2.192354 0.130907 -0.337390
v -2.207465 0.066138 -0.399679
v -2.204480 0.069211 -0.391938
v -2.204480 0.069211 -0.391938
v -2.205120 0.085699 -0.361486
v -2.205120 0.085699 -0.361486
v -2.199754 0.089201 -0.351357
v -2.200456 0.079132 -0.370682
v -2.092909 -0.010825 -0.956505
v -2.201387 -0.010440 -0.897697
v -2.281412 -0.015318 -0.850996
v -2.275929 -0.010093 -0.857227
v -2.275929 -0.010093 -0.857227
v -2.078180 0.194001 -0.692461
v -2.011858 0.091336 -0.833729
v -2.004491 0.079868 -0.849462
v -2.283944 -0.012678 -0.601779
v -2.348250 -0.079651 -0.774036
v -2.329682 -0.061313 -0.795791
v -1.997710 0.069216 -0.864043
v -1.997710 0.069216 -0.864043
v -1.990988 0.050834 -0.900611
v -2.062489 -0.008124 -0.967980
v -2.051890 -0.000910 -0.960729
v -2.066640 -0.010846 -0.970633
v -1.988277 0.042930 -0.916238
v -2.196794 0.069219 -0.757247
v -2.196794 0.069219 -0.757247
v -2.196794 0.069219 -0.757247
v -2.158797 -0.174021 -0.821517
v -2.064746 -0.096308 -0.920568
v -2.298626 -0.265743 -0.809765
v -2.450002 -0.184558 -1.077155
v -2.466068 -0.287653 -1.025490
v -2.470715 -0.279721 -1.071488
v -2.442533 -0.287651 -1.149287
v -2.472838 -0.272641 -1.123188
v -2.264366 -0.184561 -1.176397
v -2.174157 -0.133221 -1.132520
v -2.397715 -0.273125 -1.163610
v -2.366564 -0.287658 -0.948710
v -2.419684 -0.287652 -1.161484
v -2.439583 -0.233013 -0.780890
v -2.444561 -0.245242 -0.812572
v -2.455426 -0.287656 -0.920138
v -2.350331 -0.287660 -0.882055
v -2.349246 -0.080860 -0.775074
v -2.406000 -0.155164 -0.775478
v -2.302548 -0.035492 -0.828427
v -2.276577 -0.010743 -0.858046
v -2.116896 -0.011516 -0.944877
v -2.428470 -0.184565 -0.775843
v -2.067289 -0.011773 -0.971948
v -2.089418 -0.084711 -1.090869
v -2.120994 -0.102845 -1.106449
v -2.349246 -0.080860 -0.775074
v -2.302548 -0.035492 -0.828427
v -2.466068 -0.287653 -1.025490
v -2.466068 -0.287653 -1.025490
v -2.470715 -0.279721 -1.071488
v -2.472838 -0.272641 -1.123188
v -2.472838 -0.272641 -1.123188
v -2.442533 -0.287651 -1.149287
v -2.442533 -0.287651 -1.149287
v -2.264366 -0.184561 -1.176397
v -2.264366 -0.184561 -1.176397
v -2.397715 -0.273125 -1.163610
v -2.174157 -0.133221 -1.132520
v -2.419684 -0.287652 -1.161484
v -2.419684 -0.287652 -1.161484
v -2.366564 -0.287658 -0.948710
v -2.455426 -0.287656 -0.920138
v -2.455426 -0.287656 -0.920138
v -2.350331 -0.287660 -0.882055
v -2.439583 -0.233013 -0.780890
v -2.444561 -0.245242 -0.812572
v -2.406000 -0.155164 -0.775478
v -2.276577 -0.010743 -0.858046
v -2.276577 -0.010743 -0.858046
v -2.116896 -0.011516 -0.944877
v -2.428470 -0.184565 -0.775843
v -2.428470 -0.184565 -0.775843
v -2.067289 -0.011773 -0.971948
v -2.089418 -0.084711 -1.090869
v -2.120994 -0.102845 -1.106449
v -2.450002 -0.184558 -1.077155
v -2.450002 -0.184558 -1.077155
v -2.450002 -0.184558 -1.077155
v -2.044972 0.265778 -0.415202
v -1.947827 0.463849 -0.476449
v -2.152264 0.282838 -0.293634
v -2.205114 0.298651 -0.361483
v -2.097255 0.298653 -0.574135
v -2.201643 0.280640 -0.368329
v -2.130646 0.264971 -0.508304
v -2.168812 0.284079 -0.292959
v -2.205115 0.281416 -0.361483
v -2.165337 0.284343 -0.286400
v -2.114718 0.261507 -0.539708
v -2.114216 0.259558 -0.605337
v -2.026533 0.410085 -0.611678
v -2.082809 0.298653 -0.581933
v -2.153939 0.400514 -0.266431
v -2.161850 0.298648 -0.279819
v -2.162441 0.290513 -0.280933
v -2.203959 0.458603 -0.361727
v -2.096054 0.542848 -0.573396
v -1.974157 0.514428 -0.639358
v -1.955249 0.552194 -0.649351
v -2.201643 0.280640 -0.368329
v -2.130646 0.264971 -0.508304
v -2.168812 0.284079 -0.292959
v -2.205115 0.281416 -0.361483
v -2.205115 0.281416 -0.361483
v -2.165337 0.284343 -0.286400
v -2.114718 0.261507 -0.539708
v -2.114216 0.259558 -0.605337
v -2.114216 0.259558 -0.605337
v -2.082809 0.298653 -0.581933
v -2.082809 0.298653 -0.581933
v -2.026533 0.410085 -0.611678
v -2.153939 0.400514 -0.266431
v -2.161850 0.298648 -0.279819
v -2.162441 0.290513 -0.280933
v -2.203959 0.458603 -0.361727
v -2.203959 0.458603 -0.361727
v -2.096054 0.542848 -0.573396
v -2.096054 0.542848 -0.573396
v -1.974157 0.514428 -0.639358
v -1.955249 0.552194 -0.649351
v -2.097255 0.298653 -0.574135
v -2.097255 0.298653 -0.574135
v -2.097255 0.298653 -0.574135
v -2.205114 0.298651 -0.361483
v -2.205114 0.298651 -0.361483
v -1.765448 -0.158670 -0.050467
v -2.061383 -0.145207 0.002244
v -1.642749 -0.056474 -0.099066
v -1.661459 0.022761 -0.115233
v -1.784996 -0.186681 -0.056606
v -2.096945 -0.266398 -0.031747
v -1.649332 -0.260112 -0.330549
v -1.608998 -0.146715 -0.251933
v -2.036586 -0.042618 -0.486901
v -1.703737 -0.287087 -0.388301
v -1.960228 0.014139 -0.501108
v -1.955092 0.143527 -0.449416
v -1.645183 -0.004156 -0.231914
v -2.151578 0.280717 -0.293015
v -2.115967 0.069204 -0.193204
v -2.115961 0.275501 -0.193199
v -1.993770 0.215434 -0.116930
v -2.128575 0.279431 -0.217008
v -1.962383 0.199434 -0.101341
v -2.156907 0.287894 -0.270487
v -2.161943 0.288856 -0.279994
v -2.164934 0.282306 -0.285640
v -1.927778 0.069195 -0.075739
v -1.960929 0.178634 -0.096431
v -1.966497 0.196861 -0.099906
v -2.181603 0.187715 -0.317099
v -2.199124 0.087831 -0.350169
v -2.244718 -0.026251 -0.297219
v -2.198482 0.069210 -0.348955
v -2.096684 -0.287678 -0.407936
v -2.128329 -0.287678 -0.378855
v -2.212242 -0.141501 -0.069486
v -2.206050 -0.136038 -0.065755
v -2.120352 -0.124018 -0.023023
v -2.078849 -0.114864 -0.001871
v -2.050178 -0.084297 -0.014771
v -1.992854 -0.012606 -0.043150
v -1.670509 -0.287692 -0.358466
v -1.688006 -0.287692 -0.340279
v -1.708991 -0.287690 -0.388364
v -2.180004 -0.287678 -0.331268
v -2.290819 -0.121836 -0.245428
v -2.227630 -0.139400 -0.101412
v -2.093208 -0.287686 -0.073016
v -2.082264 -0.287687 -0.041128
v -1.968202 -0.287690 -0.059733
v -1.960051 -0.287690 -0.061107
v -1.784076 -0.287692 -0.240795
v -2.115961 0.275501 -0.193199
v -2.115961 0.275501 -0.193199
v -2.128575 0.279431 -0.217008
v -1.993770 0.215434 -0.116930
v -1.962383 0.199434 -0.101341
v -1.670509 -0.287692 -0.358466
v -1.703737 -0.287087 -0.388301
v -2.156907 0.287894 -0.270487
v -2.161943 0.288856 -0.279994
v -2.164934 0.282306 -0.285640
v -1.927778 0.069195 -0.075739
v -1.927778 0.069195 -0.075739
v -1.960929 0.178634 -0.096431
v -1.966497 0.196861 -0.099906
v -2.181603 0.187715 -0.317099
v -2.199124 0.087831 -0.350169
v -2.244718 -0.026251 -0.297219
v -2.198482 0.069210 -0.348955
v -2.198482 0.069210 -0.348955
v -2.096684 -0.287678 -0.407936
v -2.128329 -0.287678 -0.378855
v -2.227630 -0.139400 -0.101412
v -2.212242 -0.141501 -0.069486
v -2.206050 -0.136038 -0.065755
v -2.206050 -0.136038 -0.065755
v -2.120352 -0.124018 -0.023023
v -2.078849 -0.114864 -0.001871
v -2.050178 -0.084297 -0.014771
v -1.992854 -0.012606 -0.043150
v -1.688006 -0.287692 -0.340279
v -1.708991 -0.287690 -0.388364
v -2.290819 -0.121836 -0.245428
v -2.180004 -0.287678 -0.331268
v -2.093208 -0.287686 -0.073016
v -2.082264 -0.287687 -0.041128
v -1.968202 -0.287690 -0.059733
v -1.960051 -0.287690 -0.061107
v -1.784076 -0.287692 -0.240795
v -2.115967 0.069204 -0.193204
v -2.115967 0.069204 -0.193204
v -2.115967 0.069204 -0.193204
v -2.059878 -0.144133 0.004087
v -1.764662 -0.157680 -0.049190
v -1.643533 -0.055783 -0.097386
v -1.661021 0.023466 -0.113655
v -1.779019 0.069189 0.017113
v -2.076570 -0.115179 0.000218
v -2.047125 -0.142475 0.053572
v -2.063099 -0.100661 -0.006021
v -2.045198 -0.081477 -0.014187
v -1.930614 0.062759 -0.071750
v -1.681539 -0.144374 0.333560
v -1.743421 0.126416 -0.060767
v -1.662250 0.083508 -0.060235
v -1.958326 0.197940 -0.099755
v -1.821608 0.167706 -0.061238
v -1.963437 0.194777 -0.097997
v -1.925496 0.069196 -0.074315
v -1.540767 -0.094365 0.182675
v -1.550179 -0.122316 0.237844
v -1.560977 -0.150555 0.294271
v -1.670586 -0.144423 0.341941
v -1.639765 0.071599 -0.060063
v -1.597868 0.019340 0.009312
v -1.530951 -0.063335 0.121768
v -2.076570 -0.115179 0.000218
v -2.047125 -0.142475 0.053572
v -2.063099 -0.100661 -0.006021
v -2.045198 -0.081477 -0.014187
v -1.930614 0.062759 -0.071750
v -1.779019 0.069189 0.017113
v -1.779019 0.069189 0.017113
v -1.779019 0.069189 0.017113
v -1.639765 0.071599 -0.060063
v -1.639765 0.071599 -0.060063
v -1.681539 -0.144374 0.333560
v -1.743421 0.126416 -0.060767
v -1.662250 0.083508 -0.060235
v -1.821608 0.167706 -0.061238
v -1.821608 0.167706 -0.061238
v -1.958326 0.197940 -0.099755
v -1.963437 0.194777 -0.097997
v -1.925496 0.069196 -0.074315
v -1.925496 0.069196 -0.074315
v -1.540767 -0.094365 0.182675
v -1.550179 -0.122316 0.237844
v -1.560977 -0.150555 0.294271
v -1.670586 -0.144423 0.341941
v -1.670586 -0.144423 0.341941
v -1.597868 0.019340 0.009312
v -1.530951 -0.063335 0.121768
v -1.784982 -0.188714 -0.055759
v -1.648046 -0.262658 -0.330790
v -1.789197 -0.287698 0.034393
v -1.955123 -0.287691 -0.060492
v -1.660971 -0.287694 -0.278709
v -1.667432 -0.287692 -0.356422
v -1.687275 -0.287692 -0.336054
v -1.634949 -0.287694 -0.348002
v -1.789197 -0.287698 0.034393
v -1.955123 -0.287691 -0.060492
v -1.660971 -0.287694 -0.278709
v -1.667432 -0.287692 -0.356422
v -1.687275 -0.287692 -0.336054
v -1.634949 -0.287694 -0.348002
v -2.045316 -0.126582 -0.897939
v -2.038962 -0.105596 -0.889366
v -1.928307 0.022298 -0.842035
v -2.050534 -0.116350 -0.896047
v -2.062697 -0.096653 -0.920569
v -1.695823 -0.153440 -0.937631
v -1.880334 -0.287671 -0.982499
v -1.670229 -0.184583 -0.953522
v -1.706781 -0.253948 -0.981420
v -1.713791 -0.287676 -0.995848
v -1.809621 -0.015282 -0.867326
v -1.972341 -0.287669 -0.975184
v -2.076064 -0.126312 -1.172632
v -2.086474 -0.090610 -1.103027
v -1.979625 -0.287667 -1.040542
v -2.054366 -0.184565 -1.245475
v -2.069465 -0.148595 -1.216128
v -2.050621 -0.191322 -1.242640
v -1.999895 -0.287662 -1.226752
v -1.891420 0.050128 -0.859846
v -1.852770 0.051490 -0.834502
v -1.848168 0.044721 -0.837687
v -2.087880 -0.085068 -1.092335
v -2.065460 -0.011475 -0.972397
v -1.986567 0.042679 -0.917607
v -1.969033 0.049217 -0.915289
v -1.922757 0.048765 -0.880627
v -1.996709 0.035826 -0.924455
v -2.057254 -0.005804 -0.966628
v -1.670229 -0.184583 -0.953522
v -1.670229 -0.184583 -0.953522
v -1.706781 -0.253948 -0.981420
v -1.695823 -0.153440 -0.937631
v -1.880334 -0.287671 -0.982499
v -1.713791 -0.287676 -0.995848
v -1.713791 -0.287676 -0.995848
v -1.809621 -0.015282 -0.867326
v -1.848168 0.044721 -0.837687
v -1.972341 -0.287669 -0.975184
v -2.076064 -0.126312 -1.172632
v -2.086474 -0.090610 -1.103027
v -1.979625 -0.287667 -1.040542
v -1.999895 -0.287662 -1.226752
v -1.999895 -0.287662 -1.226752
v -2.069465 -0.148595 -1.216128
v -2.069465 -0.148595 -1.216128
v -2.054366 -0.184565 -1.245475
v -2.054366 -0.184565 -1.245475
v -2.050621 -0.191322 -1.242640
v -1.891420 0.050128 -0.859846
v -1.852770 0.051490 -0.834502
v -2.087880 -0.085068 -1.092335
v -2.065460 -0.011475 -0.972397
v -1.986567 0.042679 -0.917607
v -1.969033 0.049217 -0.915289
v -1.969033 0.049217 -0.915289
v -1.922757 0.048765 -0.880627
v -1.996709 0.035826 -0.924455
v -2.057254 -0.005804 -0.966628
v -2.044059 -0.130351 -0.897845
v -2.035720 -0.103712 -0.886616
v -1.903489 0.019554 -0.745560
v -1.927525 0.021191 -0.839413
v -1.899514 0.028093 -0.757473
v -1.521548 -0.287685 -0.840697
v -1.845773 0.045104 -0.835850
v -1.805652 -0.017530 -0.866860
v -1.668230 -0.184583 -0.952004
v -1.704914 -0.254288 -0.980003
v -1.706514 -0.262009 -0.983302
v -1.711753 -0.287676 -0.994204
v -1.971973 -0.287669 -0.973111
v -2.014189 -0.287670 -0.887877
v -1.990489 -0.287671 -0.865193
v -1.849956 0.051878 -0.832400
v -1.837776 0.056153 -0.820970
v -1.737559 -0.003350 -0.811665
v -1.511405 -0.184591 -0.832814
v -1.510473 -0.149206 -0.780887
v -1.490988 -0.287691 -0.644867
v -1.501821 -0.287687 -0.803715
v -1.662115 -0.287688 -0.552039
v -1.542681 -0.287690 -0.616719
v -1.537593 -0.122971 -0.793898
v -1.668230 -0.184583 -0.952004
v -1.668230 -0.184583 -0.952004
v -1.704914 -0.254288 -0.980003
v -1.706514 -0.262009 -0.983302
v -1.845773 0.045104 -0.835850
v -1.805652 -0.017530 -0.866860
v -1.711753 -0.287676 -0.994204
v -1.711753 -0.287676 -0.994204
v -1.971973 -0.287669 -0.973111
v -2.014189 -0.287670 -0.887877
v -1.849956 0.051878 -0.832400
v -1.837776 0.056153 -0.820970
v -1.490988 -0.287691 -0.644867
v -1.501821 -0.287687 -0.803715
v -1.501821 -0.287687 -0.803715
v -1.990489 -0.287671 -0.865193
v -1.662115 -0.287688 -0.552039
v -1.542681 -0.287690 -0.616719
v -1.510473 -0.149206 -0.780887
v -1.537593 -0.122971 -0.793898
v -1.537593 -0.122971 -0.793898
v -1.737559 -0.003350 -0.811665
v -1.511405 -0.184591 -0.832814
v -1.511405 -0.184591 -0.832814
v -1.511405 -0.184591 -0.832814
v -1.511405 -0.184591 -0.832814
v -1.521548 -0.287685 -0.840697
v -1.521548 -0.287685 -0.840697
v -2.038581 -0.042991 -0.487442
v -2.147152 -0.177261 -0.816143
v -2.158454 -0.174484 -0.820044
v -2.297024 -0.266528 -0.808772
v -2.205121 0.069210 -0.361487
v -2.398543 -0.184575 -0.357015
v -2.399982 -0.287670 -0.371286
v -2.358058 -0.184578 -0.281002
v -2.181222 -0.287678 -0.332509
v -2.381061 -0.287672 -0.335815
v -2.434716 -0.287661 -0.715123
v -2.398539 -0.287662 -0.732957
v -2.439518 -0.233316 -0.779034
v -2.440348 -0.239686 -0.770856
v -2.271530 -0.287664 -0.795105
v -2.263522 -0.287665 -0.793892
v -2.099371 -0.287678 -0.416654
v -2.122810 -0.287675 -0.531198
v -2.290084 -0.118405 -0.249004
v -2.283364 -0.104627 -0.256297
v -2.149747 -0.287678 -0.360954
v -2.208573 0.065087 -0.398205
v -2.279226 -0.007736 -0.585466
v -2.349399 -0.081206 -0.773496
v -2.405758 -0.154981 -0.774032
v -2.428353 -0.184565 -0.774187
v -2.176857 -0.287667 -0.777583
v -2.205121 0.082997 -0.361487
v -2.199965 0.086210 -0.351756
v -2.204573 0.069211 -0.387528
v -2.201201 0.077547 -0.369214
v -2.247474 -0.030319 -0.296498
v -2.199365 0.069210 -0.350623
v -2.100912 -0.287678 -0.405847
v -2.135185 -0.287678 -0.374313
v -2.358058 -0.184578 -0.281002
v -2.358058 -0.184578 -0.281002
v -2.381061 -0.287672 -0.335815
v -2.381061 -0.287672 -0.335815
v -2.181222 -0.287678 -0.332509
v -2.434716 -0.287661 -0.715123
v -2.434716 -0.287661 -0.715123
v -2.398539 -0.287662 -0.732957
v -2.440348 -0.239686 -0.770856
v -2.439518 -0.233316 -0.779034
v -2.271530 -0.287664 -0.795105
v -2.263522 -0.287665 -0.793892
v -2.176857 -0.287667 -0.777583
v -2.122810 -0.287675 -0.531198
v -2.099371 -0.287678 -0.416654
v -2.290084 -0.118405 -0.249004
v -2.283364 -0.104627 -0.256297
v -2.208573 0.065087 -0.398205
v -2.279226 -0.007736 -0.585466
v -2.149747 -0.287678 -0.360954
v -2.349399 -0.081206 -0.773496
v -2.405758 -0.154981 -0.774032
v -2.428353 -0.184565 -0.774187
v -2.428353 -0.184565 -0.774187
v -2.100912 -0.287678 -0.405847
v -2.205121 0.082997 -0.361487
v -2.205121 0.082997 -0.361487
v -2.199965 0.086210 -0.351756
v -2.204573 0.069211 -0.387528
v -2.204573 0.069211 -0.387528
v -2.201201 0.077547 -0.369214
v -2.199365 0.069210 -0.350623
v -2.199365 0.069210 -0.350623
v -2.247474 -0.030319 -0.296498
v -2.135185 -0.287678 -0.374313
v -2.398543 -0.184575 -0.357015
v -2.398543 -0.184575 -0.357015
v -2.398543 -0.184575 -0.357015
v -2.205121 0.069210 -0.361487
v -2.205121 0.069210 -0.361487
v -2.205121 0.069210 -0.361487
v -2.399982 -0.287670 -0.371286
v -2.399982 -0.287670 -0.371286
v -2.042913 0.265051 -0.415884
v -1.945599 0.464805 -0.478123
v -1.947547 0.167389 -0.474116
v -1.900685 0.029980 -0.757892
v -1.928449 0.023117 -0.839969
v -1.817517 0.539323 -0.558773
v -1.749082 0.618131 -0.675800
v -1.829065 0.252267 -0.548462
v -1.958880 0.069215 -0.884875
v -1.859677 0.298649 -0.702381
v -1.761582 0.621785 -0.689028
v -1.971964 0.514764 -0.640540
v -1.952746 0.552639 -0.650699
v -1.859729 0.602538 -0.700627
v -1.742965 0.607944 -0.686929
v -1.748016 0.298645 -0.689311
v -1.737060 0.269633 -0.709636
v -2.024498 0.410561 -0.612773
v -2.080788 0.298653 -0.583023
v -1.728955 0.247928 -0.724853
v -1.828440 0.081302 -0.803457
v -1.741478 0.217239 -0.749176
v -1.892773 0.051446 -0.859512
v -1.852908 0.053179 -0.833076
v -1.986334 0.044023 -0.915322
v -1.968265 0.050730 -0.912987
v -1.925213 0.050155 -0.880916
v -1.994448 0.064563 -0.874138
v -2.115157 0.255701 -0.608810
v -1.996167 0.069216 -0.864873
v -1.836197 0.069210 -0.808298
v -1.839061 0.058071 -0.820056
v -1.971964 0.514764 -0.640540
v -1.952746 0.552639 -0.650699
v -1.761582 0.621785 -0.689028
v -1.859729 0.602538 -0.700627
v -1.859729 0.602538 -0.700627
v -1.748016 0.298645 -0.689311
v -1.748016 0.298645 -0.689311
v -1.737060 0.269633 -0.709636
v -1.742965 0.607944 -0.686929
v -2.024498 0.410561 -0.612773
v -2.080788 0.298653 -0.583023
v -2.080788 0.298653 -0.583023
v -1.728955 0.247928 -0.724853
v -1.741478 0.217239 -0.749176
v -1.828440 0.081302 -0.803457
v -1.892773 0.051446 -0.859512
v -1.852908 0.053179 -0.833076
v -1.986334 0.044023 -0.915322
v -1.968265 0.050730 -0.912987
v -1.968265 0.050730 -0.912987
v -1.925213 0.050155 -0.880916
v -1.994448 0.064563 -0.874138
v -1.996167 0.069216 -0.864873
v -1.996167 0.069216 -0.864873
v -2.115157 0.255701 -0.608810
v -1.836197 0.069210 -0.808298
v -1.836197 0.069210 -0.808298
v -1.839061 0.058071 -0.820056
v -1.859677 0.298649 -0.702381
v -1.859677 0.298649 -0.702381
v -1.859677 0.298649 -0.702381
v -1.958880 0.069215 -0.884875
v -1.958880 0.069215 -0.884875
v -1.958880 0.069215 -0.884875
v -1.827763 0.250122 -0.547649
v -1.903434 0.019827 -0.743574
v -1.899282 0.029597 -0.755511
v -1.958483 0.014696 -0.502634
v -1.702519 -0.286559 -0.389189
v -1.644128 -0.003540 -0.233209
v -1.953930 0.143957 -0.451555
v -1.946125 0.165276 -0.473098
v -1.607303 -0.147623 -0.254547
v -1.647863 -0.261053 -0.331743
v -1.621928 0.069200 -0.674557
v -1.532773 0.069194 -0.506270
v -1.479714 -0.287698 -0.347927
v -1.479259 0.012282 -0.365276
v -1.367110 -0.142174 -0.445756
v -1.463907 -0.287698 -0.360503
v -1.545251 0.088092 -0.317989
v -1.536617 0.069189 -0.323566
v -1.483511 0.018131 -0.362294
v -1.551295 0.102293 -0.334822
v -1.554785 0.110495 -0.344594
v -1.834364 0.069209 -0.807155
v -1.826923 0.080778 -0.802510
v -1.837368 0.057497 -0.819511
v -1.668077 -0.287692 -0.359505
v -1.663160 -0.287688 -0.542354
v -1.631753 -0.287694 -0.349362
v -1.620757 -0.287694 -0.348805
v -1.457601 -0.287698 -0.365572
v -1.336364 -0.188563 -0.481031
v -1.337729 -0.195830 -0.494535
v -1.336927 -0.183787 -0.467890
v -1.404921 -0.287696 -0.519416
v -1.359520 -0.178609 -0.539936
v -1.415774 -0.287696 -0.535218
v -1.338973 -0.184603 -0.505262
v -1.341318 -0.182042 -0.510709
v -1.493341 -0.151589 -0.752162
v -1.455652 -0.287693 -0.592182
v -1.548492 0.132621 -0.475274
v -1.532771 0.132513 -0.506269
v -1.556443 0.149751 -0.550952
v -1.562609 0.132664 -0.447442
v -1.621925 0.197267 -0.674554
v -1.708570 0.239644 -0.728636
v -1.726154 0.245727 -0.726165
v -1.736617 0.220548 -0.746143
v -1.510234 -0.148094 -0.778831
v -1.538575 -0.120731 -0.792505
v -1.490408 -0.287691 -0.641423
v -1.818625 0.046253 -0.817875
v -1.647263 -0.287688 -0.556277
v -1.660952 -0.287688 -0.548819
v -1.337729 -0.195830 -0.494535
v -1.338973 -0.184603 -0.505262
v -1.338973 -0.184603 -0.505262
v -1.479714 -0.287698 -0.347927
v -1.463907 -0.287698 -0.360503
v -1.479259 0.012282 -0.365276
v -1.367110 -0.142174 -0.445756
v -1.483511 0.018131 -0.362294
v -1.536617 0.069189 -0.323566
v -1.536617 0.069189 -0.323566
v -1.545251 0.088092 -0.317989
v -1.551295 0.102293 -0.334822
v -1.554785 0.110495 -0.344594
v -1.834364 0.069209 -0.807155
v -1.834364 0.069209 -0.807155
v -1.826923 0.080778 -0.802510
v -1.620757 -0.287694 -0.348805
v -1.668077 -0.287692 -0.359505
v -1.631753 -0.287694 -0.349362
v -1.702519 -0.286559 -0.389189
v -1.837368 0.057497 -0.819511
v -1.818625 0.046253 -0.817875
v -1.663160 -0.287688 -0.542354
v -1.457601 -0.287698 -0.365572
v -1.404921 -0.287696 -0.519416
v -1.336364 -0.188563 -0.481031
v -1.336927 -0.183787 -0.467890
v -1.336927 -0.183787 -0.467890
v -1.359520 -0.178609 -0.539936
v -1.341318 -0.182042 -0.510709
v -1.341318 -0.182042 -0.510709
v -1.415774 -0.287696 -0.535218
v -1.455652 -0.287693 -0.592182
v -1.493341 -0.151589 -0.752162
v -1.548492 0.132621 -0.475274
v -1.532771 0.132513 -0.506269
v -1.532771 0.132513 -0.506269
v -1.556443 0.149751 -0.550952
v -1.621925 0.197267 -0.674554
v -1.621925 0.197267 -0.674554
v -1.708570 0.239644 -0.728636
v -1.726154 0.245727 -0.726165
v -1.562609 0.132664 -0.447442
v -1.736617 0.220548 -0.746143
v -1.510234 -0.148094 -0.778831
v -1.538575 -0.120731 -0.792505
v -1.538575 -0.120731 -0.792505
v -1.647263 -0.287688 -0.556277
v -1.490408 -0.287691 -0.641423
v -1.660952 -0.287688 -0.548819
v -1.621928 0.069200 -0.674557
v -1.621928 0.069200 -0.674557
v -1.621928 0.069200 -0.674557
v -1.532773 0.069194 -0.506270
v -1.532773 0.069194 -0.506270
v -1.532773 0.069194 -0.506270
v -1.904780 0.018209 -0.743261
v -2.040324 -0.107587 -0.887486
v -2.046405 -0.126850 -0.896177
v -1.704459 -0.286794 -0.390165
v -2.037019 -0.043829 -0.488419
v -2.144768 -0.177218 -0.816539
v -1.960003 0.012718 -0.503588
v -2.051116 -0.117226 -0.894306
v -1.712293 -0.287690 -0.390251
v -2.088027 -0.287678 -0.408817
v -2.096302 -0.287678 -0.409235
v -2.170827 -0.287668 -0.776953
v -1.671663 -0.287688 -0.516169
v -1.663214 -0.287688 -0.549679
v -2.150237 -0.287668 -0.791617
v -2.015635 -0.287670 -0.885958
v -1.723662 -0.287685 -0.607422
v -1.704459 -0.286794 -0.390165
v -1.712293 -0.287690 -0.390251
v -2.088027 -0.287678 -0.408817
v -2.096302 -0.287678 -0.409235
v -2.170827 -0.287668 -0.776953
v -1.671663 -0.287688 -0.516169
v -1.663214 -0.287688 -0.549679
v -2.150237 -0.287668 -0.791617
v -2.015635 -0.287670 -0.885958
v -1.723662 -0.287685 -0.607422
v -1.783616 -0.188030 -0.056093
v -1.647354 -0.261041 -0.330067
v -1.764240 -0.160097 -0.049619
v -1.641827 -0.058299 -0.098056
v -1.607257 -0.149133 -0.253107
v -1.553429 -0.165843 0.317659
v -1.721567 -0.287702 0.150351
v -1.547662 -0.181855 0.343297
v -1.595458 -0.287711 0.365919
v -1.558103 -0.152702 0.296586
v -1.783105 -0.287698 0.044801
v -1.788195 -0.287697 0.035738
v -1.664932 -0.287694 -0.265920
v -1.510467 -0.182061 0.323781
v -1.427809 -0.287713 0.277973
v -1.460095 -0.182302 0.297283
v -1.411617 -0.287714 0.269457
v -1.537297 -0.091667 0.175982
v -1.527960 -0.065515 0.124080
v -1.632785 -0.287693 -0.344312
v -1.523703 -0.287696 -0.343976
v -1.484357 -0.287698 -0.342616
v -1.481793 -0.287698 -0.337244
v -1.471858 -0.287699 -0.316282
v -1.465248 -0.104011 0.159604
v -1.408246 -0.139098 0.192067
v -1.289059 -0.287713 0.070722
v -1.437692 -0.163760 0.252047
v -1.303228 -0.287713 0.093782
v -1.593835 -0.287694 -0.346303
v -1.553429 -0.165843 0.317659
v -1.547662 -0.181855 0.343297
v -1.721567 -0.287702 0.150351
v -1.595458 -0.287711 0.365919
v -1.558103 -0.152702 0.296586
v -1.783105 -0.287698 0.044801
v -1.788195 -0.287697 0.035738
v -1.664932 -0.287694 -0.265920
v -1.427809 -0.287713 0.277973
v -1.510467 -0.182061 0.323781
v -1.460095 -0.182302 0.297283
v -1.411617 -0.287714 0.269457
v -1.537297 -0.091667 0.175982
v -1.527960 -0.065515 0.124080
v -1.632785 -0.287693 -0.344312
v -1.523703 -0.287696 -0.343976
v -1.484357 -0.287698 -0.342616
v -1.481793 -0.287698 -0.337244
v -1.471858 -0.287699 -0.316282
v -1.465248 -0.104011 0.159604
v -1.289059 -0.287713 0.070722
v -1.408246 -0.139098 0.192067
v -1.303228 -0.287713 0.093782
v -1.437692 -0.163760 0.252047
v -1.593835 -0.287694 -0.346303
v -2.296547 -0.266765 -0.810092
v -2.064446 -0.098534 -0.919810
v -2.157737 -0.175020 -0.821539
v -2.046748 -0.129223 -0.898315
v -2.052281 -0.116993 -0.895981
v -2.146184 -0.177028 -0.818501
v -2.087729 -0.184564 -1.270833
v -2.118347 -0.287657 -1.322352
v -2.154084 -0.287668 -0.791115
v -2.017464 -0.287670 -0.887146
v -2.172289 -0.287668 -0.778395
v -2.191382 -0.287667 -0.781846
v -1.974533 -0.287669 -0.974060
v -2.036992 -0.220381 -1.239198
v -2.001818 -0.287662 -1.228306
v -2.056092 -0.184565 -1.246789
v -2.052528 -0.190975 -1.244091
v -2.070438 -0.150509 -1.219042
v -2.087783 -0.092127 -1.105048
v -2.089374 -0.086962 -1.094933
v -2.271559 -0.287664 -0.796882
v -2.345834 -0.287660 -0.878842
v -2.414176 -0.285954 -1.163306
v -2.261472 -0.184561 -1.177949
v -2.116863 -0.102184 -1.107483
v -2.154084 -0.287668 -0.791115
v -2.017464 -0.287670 -0.887146
v -2.172289 -0.287668 -0.778395
v -1.974533 -0.287669 -0.974060
v -2.191382 -0.287667 -0.781846
v -2.001818 -0.287662 -1.228306
v -2.001818 -0.287662 -1.228306
v -2.036992 -0.220381 -1.239198
v -2.070438 -0.150509 -1.219042
v -2.070438 -0.150509 -1.219042
v -2.087783 -0.092127 -1.105048
v -2.052528 -0.190975 -1.244091
v -2.056092 -0.184565 -1.246789
v -2.056092 -0.184565 -1.246789
v -2.089374 -0.086962 -1.094933
v -2.271559 -0.287664 -0.796882
v -2.345834 -0.287660 -0.878842
v -2.414176 -0.285954 -1.163306
v -2.414176 -0.285954 -1.163306
v -2.261472 -0.184561 -1.177949
v -2.261472 -0.184561 -1.177949
v -2.116863 -0.102184 -1.107483
v -2.087729 -0.184564 -1.270833
v -2.087729 -0.184564 -1.270833
v -2.087729 -0.184564 -1.270833
v -2.118347 -0.287657 -1.322352
v -2.118347 -0.287657 -1.322352
v -1.643523 -0.004254 -0.231672
v -1.659685 0.023179 -0.114929
v -1.606936 -0.146725 -0.251866
v -1.641115 -0.055808 -0.098465
v -1.541100 0.069185 -0.110510
v -1.544990 0.087398 -0.315559
v -1.536669 0.069190 -0.321097
v -1.482983 0.017584 -0.360752
v -1.546790 0.090752 -0.301833
v -1.565570 0.125598 -0.155529
v -1.638291 0.071730 -0.060987
v -1.314517 -0.287706 -0.223986
v -1.309950 -0.287706 -0.219445
v -1.314243 -0.269749 -0.261963
v -1.336097 -0.184604 -0.464998
v -1.332396 -0.193796 -0.441750
v -1.455881 -0.287698 -0.364149
v -1.482040 -0.287698 -0.343293
v -1.529036 -0.063389 0.120842
v -1.563085 -0.021709 0.064284
v -1.366103 -0.139928 0.171024
v -1.331533 -0.140890 0.154268
v -1.312560 -0.159068 0.137337
v -1.280050 -0.262838 0.076498
v -1.294468 -0.184619 0.117591
v -1.280831 -0.281275 0.068787
v -1.406946 -0.138599 0.190477
v -1.286978 -0.287713 0.068762
v -1.494649 -0.084757 0.140786
v -1.392027 -0.287705 -0.152867
v -1.281108 -0.287713 0.066052
v -1.536669 0.069190 -0.321097
v -1.536669 0.069190 -0.321097
v -1.482983 0.017584 -0.360752
v -1.336097 -0.184604 -0.464998
v -1.336097 -0.184604 -0.464998
v -1.544990 0.087398 -0.315559
v -1.546790 0.090752 -0.301833
v -1.565570 0.125598 -0.155529
v -1.565570 0.125598 -0.155529
v -1.638291 0.071730 -0.060987
v -1.638291 0.071730 -0.060987
v -1.309950 -0.287706 -0.219445
v -1.309950 -0.287706 -0.219445
v -1.314243 -0.269749 -0.261963
v -1.314517 -0.287706 -0.223986
v -1.332396 -0.193796 -0.441750
v -1.455881 -0.287698 -0.364149
v -1.529036 -0.063389 0.120842
v -1.563085 -0.021709 0.064284
v -1.331533 -0.140890 0.154268
v -1.331533 -0.140890 0.154268
v -1.312560 -0.159068 0.137337
v -1.366103 -0.139928 0.171024
v -1.280050 -0.262838 0.076498
v -1.280831 -0.281275 0.068787
v -1.294468 -0.184619 0.117591
v -1.294468 -0.184619 0.117591
v -1.482040 -0.287698 -0.343293
v -1.286978 -0.287713 0.068762
v -1.392027 -0.287705 -0.152867
v -1.406946 -0.138599 0.190477
v -1.494649 -0.084757 0.140786
v -1.281108 -0.287713 0.066052
v -1.281108 -0.287713 0.066052
v -1.541100 0.069185 -0.110510
v -1.541100 0.069185 -0.110510
v -1.541100 0.069185 -0.110510
v -1.827984 0.252405 -0.546661
v -1.777399 0.594677 -0.533507
v -1.815856 0.539536 -0.556709
v -1.644937 -0.002858 -0.232508
v -1.954909 0.145832 -0.449513
v -1.947018 0.167181 -0.471458
v -1.660551 0.024436 -0.114506
v -2.148519 0.281544 -0.294444
v -1.945858 0.464127 -0.475736
v -2.043301 0.265269 -0.413396
v -2.115961 0.298644 -0.193200
v -1.878208 0.298637 -0.165370
v -1.640626 0.298633 -0.293615
v -1.957335 0.199341 -0.100682
v -1.822273 0.169246 -0.062464
v -1.661760 0.084276 -0.061286
v -1.639372 0.072495 -0.061195
v -1.547146 0.091566 -0.302377
v -1.565990 0.126567 -0.156303
v -2.115961 0.277706 -0.193201
v -2.007224 0.224595 -0.125329
v -2.136296 0.283746 -0.231584
v -2.000958 0.221412 -0.122225
v -1.545427 0.088379 -0.315827
v -1.555530 0.112110 -0.343818
v -1.594712 0.298633 -0.384137
v -1.597033 0.205894 -0.379570
v -1.587302 0.667259 -0.403375
v -1.878155 0.532166 -0.166707
v -1.960603 0.497963 -0.176162
v -1.622485 0.648982 -0.333782
v -1.642277 0.638503 -0.294627
v -2.115244 0.433356 -0.193891
v -2.141769 0.424776 -0.243829
v -2.148966 0.409268 -0.257178
v -2.152717 0.400689 -0.264128
v -2.155748 0.362467 -0.269269
v -2.160084 0.306495 -0.276605
v -2.160664 0.298648 -0.277581
v -2.161172 0.291281 -0.278539
v -1.957335 0.199341 -0.100682
v -1.822273 0.169246 -0.062464
v -1.822273 0.169246 -0.062464
v -1.661760 0.084276 -0.061286
v -1.639372 0.072495 -0.061195
v -1.565990 0.126567 -0.156303
v -1.565990 0.126567 -0.156303
v -1.547146 0.091566 -0.302377
v -2.007224 0.224595 -0.125329
v -2.000958 0.221412 -0.122225
v -2.115961 0.277706 -0.193201
v -2.115961 0.277706 -0.193201
v -2.136296 0.283746 -0.231584
v -1.545427 0.088379 -0.315827
v -1.555530 0.112110 -0.343818
v -1.594712 0.298633 -0.384137
v -1.594712 0.298633 -0.384137
v -1.597033 0.205894 -0.379570
v -1.587302 0.667259 -0.403375
v -1.878155 0.532166 -0.166707
v -1.878155 0.532166 -0.166707
v -1.642277 0.638503 -0.294627
v -1.642277 0.638503 -0.294627
v -1.622485 0.648982 -0.333782
v -1.960603 0.497963 -0.176162
v -2.115244 0.433356 -0.193891
v -2.115244 0.433356 -0.193891
v -2.141769 0.424776 -0.243829
v -2.148966 0.409268 -0.257178
v -2.152717 0.400689 -0.264128
v -2.155748 0.362467 -0.269269
v -2.160084 0.306495 -0.276605
v -2.160664 0.298648 -0.277581
v -2.161172 0.291281 -0.278539
v -1.640626 0.298633 -0.293615
v -1.640626 0.298633 -0.293615
v -1.640626 0.298633 -0.293615
v -1.878208 0.298637 -0.165370
v -1.878208 0.298637 -0.165370
v -1.878208 0.298637 -0.165370
v -2.115961 0.298644 -0.193200
v -2.115961 0.298644 -0.193200
v -2.059909 -0.145809 0.004203
v -1.766247 -0.160212 -0.048446
v -2.096187 -0.268057 -0.030634
v -1.785252 -0.187383 -0.054638
v -1.650183 -0.184615 0.403059
v -2.068442 -0.279814 0.090257
v -2.064552 -0.260047 0.088258
v -2.059742 -0.242498 0.091884
v -2.069937 -0.287691 0.091099
v -2.096691 -0.287687 -0.015679
v -1.650018 -0.287711 0.429998
v -1.637047 -0.242824 0.428795
v -1.629050 -0.287711 0.405182
v -1.960318 -0.144562 0.121911
v -2.046599 -0.144059 0.055770
v -2.043654 -0.184597 0.104013
v -1.960776 -0.287690 -0.058433
v -2.082517 -0.287687 -0.039030
v -1.635003 -0.235740 0.428603
v -1.549730 -0.181888 0.344462
v -1.558570 -0.184617 0.354083
v -1.597479 -0.287711 0.367753
v -1.555336 -0.166024 0.319003
v -1.723125 -0.287702 0.151489
v -1.669588 -0.146388 0.344929
v -1.559970 -0.153083 0.298267
v -1.789647 -0.287698 0.037252
v -2.068442 -0.279814 0.090257
v -2.064552 -0.260047 0.088258
v -2.059742 -0.242498 0.091884
v -2.069937 -0.287691 0.091099
v -2.069937 -0.287691 0.091099
v -2.096691 -0.287687 -0.015679
v -1.650018 -0.287711 0.429998
v -1.650018 -0.287711 0.429998
v -1.637047 -0.242824 0.428795
v -1.555336 -0.166024 0.319003
v -1.559970 -0.153083 0.298267
v -1.629050 -0.287711 0.405182
v -1.960318 -0.144562 0.121911
v -2.046599 -0.144059 0.055770
v -2.043654 -0.184597 0.104013
v -2.043654 -0.184597 0.104013
v -1.960776 -0.287690 -0.058433
v -2.082517 -0.287687 -0.039030
v -1.549730 -0.181888 0.344462
v -1.558570 -0.184617 0.354083
v -1.558570 -0.184617 0.354083
v -1.635003 -0.235740 0.428603
v -1.635003 -0.235740 0.428603
v -1.597479 -0.287711 0.367753
v -1.723125 -0.287702 0.151489
v -1.669588 -0.146388 0.344929
v -1.669588 -0.146388 0.344929
v -1.789647 -0.287698 0.037252
v -1.650183 -0.184615 0.403059
v -1.650183 -0.184615 0.403059
v -1.650183 -0.184615 0.403059
v -1.358535 -0.287697 -0.535105
v -1.387540 -0.267152 -0.515393
v -1.394262 -0.269100 -0.523481
v -1.369078 -0.272120 -0.523786
v -1.371294 -0.283888 -0.559455
v -1.355192 -0.275882 -0.530177
v -1.374539 -0.285581 -0.565346
v -1.400969 -0.271154 -0.531467
v -1.388787 -0.287697 -0.525361
v -1.396912 -0.279983 -0.518878
v -1.388196 -0.287696 -0.543599
v -1.371294 -0.283888 -0.559455
v -1.355192 -0.275882 -0.530177
v -1.374539 -0.285581 -0.565346
v -1.374539 -0.285581 -0.565346
v -1.388787 -0.287697 -0.525361
v -1.388196 -0.287696 -0.543599
v -1.358535 -0.287697 -0.535105
v -1.358535 -0.287697 -0.535105
v -1.494068 -0.287689 -0.721362
v -1.499130 -0.215903 -0.714890
v -1.431513 -0.184489 -0.683611
v -1.451941 -0.161847 -0.689250
v -1.447792 -0.287379 -0.702465
v -1.479495 -0.287691 -0.666233
v -1.428440 -0.253695 -0.669881
v -1.489446 -0.283645 -0.648430
v -1.489565 -0.287691 -0.654775
v -1.412066 -0.224868 -0.642344
v -1.431486 -0.220990 -0.614035
v -1.421530 -0.184476 -0.664847
v -1.434495 -0.165343 -0.661543
v -1.447792 -0.287379 -0.702465
v -1.447792 -0.287379 -0.702465
v -1.447792 -0.287379 -0.702465
v -1.479495 -0.287691 -0.666233
v -1.494068 -0.287689 -0.721362
v -1.431513 -0.184489 -0.683611
v -1.431513 -0.184489 -0.683611
v -1.451941 -0.161847 -0.689250
v -1.428440 -0.253695 -0.669881
v -1.489565 -0.287691 -0.654775
v -1.412066 -0.224868 -0.642344
v -1.421530 -0.184476 -0.664847
v -1.421530 -0.184476 -0.664847
v -1.434495 -0.165343 -0.661543
v -1.402546 -0.287696 -0.520973
v -1.401979 -0.277204 -0.528247
v -1.397966 -0.281425 -0.519270
v -1.390851 -0.287696 -0.540459
v -1.391382 -0.287697 -0.524533
v -1.405547 -0.287696 -0.525254
v -1.390851 -0.287696 -0.540459
v -1.391382 -0.287697 -0.524533
v -1.405547 -0.287696 -0.525254
v -1.402546 -0.287696 -0.520973
v -1.416635 -0.200594 -0.653765
v -1.411069 -0.224144 -0.640554
v -1.432228 -0.184718 -0.643255
v -1.430228 -0.220352 -0.612729
v -1.425354 -0.223666 -0.603172
v -1.404490 -0.228611 -0.627690
v -1.412520 -0.231561 -0.578659
v -1.396298 -0.233680 -0.611806
v -1.420378 -0.184474 -0.662682
v -1.433187 -0.165605 -0.659465
v -1.392840 -0.212580 -0.565199
v -1.359793 -0.180311 -0.542907
v -1.360952 -0.184396 -0.550985
v -1.385881 -0.219274 -0.593826
v -1.416635 -0.200594 -0.653765
v -1.411069 -0.224144 -0.640554
v -1.404490 -0.228611 -0.627690
v -1.396298 -0.233680 -0.611806
v -1.420378 -0.184474 -0.662682
v -1.420378 -0.184474 -0.662682
v -1.433187 -0.165605 -0.659465
v -1.359793 -0.180311 -0.542907
v -1.360952 -0.184396 -0.550985
v -1.360952 -0.184396 -0.550985
v -1.385881 -0.219274 -0.593826
v -1.509301 -0.184591 -0.829818
v -1.499320 -0.287687 -0.799027
v -1.508477 -0.150519 -0.779036
v -1.494180 -0.287689 -0.723023
v -1.494788 -0.278951 -0.722118
v -1.443914 -0.255032 -0.698723
v -1.449231 -0.287691 -0.705128
v -1.453571 -0.161521 -0.691838
v -1.432826 -0.184491 -0.686078
v -1.435503 -0.201527 -0.689122
v -1.499363 -0.214273 -0.716489
v -1.494180 -0.287689 -0.723023
v -1.449231 -0.287691 -0.705128
v -1.449231 -0.287691 -0.705128
v -1.443914 -0.255032 -0.698723
v -1.432826 -0.184491 -0.686078
v -1.432826 -0.184491 -0.686078
v -1.435503 -0.201527 -0.689122
v -1.453571 -0.161521 -0.691838
v -1.509301 -0.184591 -0.829818
v -1.509301 -0.184591 -0.829818
v -1.499320 -0.287687 -0.799027
v -1.499320 -0.287687 -0.799027
v -1.508477 -0.150519 -0.779036
v -1.337974 -0.199295 -0.496963
v -1.338706 -0.191230 -0.504221
v -1.339545 -0.184368 -0.510750
v -1.348731 -0.253044 -0.520650
v -1.338902 -0.218046 -0.506127
v -1.405238 -0.255490 -0.549651
v -1.404301 -0.258665 -0.545845
v -1.401063 -0.269567 -0.532825
v -1.389597 -0.248730 -0.597654
v -1.374788 -0.283626 -0.566034
v -1.386150 -0.265250 -0.514876
v -1.367106 -0.270272 -0.523482
v -1.354548 -0.273607 -0.529227
v -1.410310 -0.238106 -0.570411
v -1.395401 -0.234738 -0.610013
v -1.411722 -0.232618 -0.576694
v -1.385048 -0.220194 -0.592169
v -1.392066 -0.213413 -0.563444
v -1.358359 -0.180598 -0.540630
v -1.359430 -0.184394 -0.548126
v -1.389597 -0.248730 -0.597654
v -1.374788 -0.283626 -0.566034
v -1.354548 -0.273607 -0.529227
v -1.395401 -0.234738 -0.610013
v -1.385048 -0.220194 -0.592169
v -1.358359 -0.180598 -0.540630
v -1.359430 -0.184394 -0.548126
v -1.359430 -0.184394 -0.548126
v -1.337974 -0.199295 -0.496963
v -1.338706 -0.191230 -0.504221
v -1.348731 -0.253044 -0.520650
v -1.338902 -0.218046 -0.506127
v -1.338902 -0.218046 -0.506127
v -1.339545 -0.184368 -0.510750
v -1.339545 -0.184368 -0.510750
v -1.339545 -0.184368 -0.510750
v -1.432540 -0.287695 -0.563764
v -1.402600 -0.275936 -0.530110
v -1.406672 -0.287696 -0.526859
v -1.390121 -0.287696 -0.543903
v -1.402068 -0.270749 -0.533348
v -1.375612 -0.285398 -0.567379
v -1.405271 -0.259661 -0.546460
v -1.390146 -0.250422 -0.598502
v -1.396428 -0.235669 -0.611838
v -1.413009 -0.233496 -0.577856
v -1.398627 -0.233875 -0.616148
v -1.427675 -0.224445 -0.605893
v -1.406885 -0.228952 -0.632139
v -1.430980 -0.222595 -0.612064
v -1.411286 -0.226451 -0.640694
v -1.489244 -0.285054 -0.647047
v -1.477057 -0.287691 -0.665170
v -1.428266 -0.256021 -0.669308
v -1.446250 -0.287691 -0.699541
v -1.406672 -0.287696 -0.526859
v -1.390121 -0.287696 -0.543903
v -1.375612 -0.285398 -0.567379
v -1.375612 -0.285398 -0.567379
v -1.390146 -0.250422 -0.598502
v -1.396428 -0.235669 -0.611838
v -1.398627 -0.233875 -0.616148
v -1.406885 -0.228952 -0.632139
v -1.411286 -0.226451 -0.640694
v -1.428266 -0.256021 -0.669308
v -1.477057 -0.287691 -0.665170
v -1.446250 -0.287691 -0.699541
v -1.446250 -0.287691 -0.699541
v -1.432540 -0.287695 -0.563764
v -1.489244 -0.285054 -0.647047
v -1.395763 -0.256121 0.314215
v -1.368413 -0.287717 0.320496
v -1.457950 -0.212651 0.297989
v -1.451095 -0.210657 0.294479
v -1.436332 -0.209266 0.304987
v -1.444251 -0.209459 0.295910
v -1.461520 -0.217566 0.323931
v -1.425751 -0.244448 0.289504
v -1.482383 -0.287713 0.310913
v -1.392969 -0.285573 0.294418
v -1.456993 -0.249901 0.296699
v -1.432997 -0.235204 0.288538
v -1.437663 -0.229468 0.287972
v -1.443935 -0.233975 0.290271
v -1.511465 -0.287712 0.324553
v -1.471383 -0.231492 0.304549
v -1.507662 -0.282116 0.391145
v -1.511631 -0.287714 0.385368
v -1.511445 -0.287714 0.396848
v -1.511465 -0.287712 0.324553
v -1.511631 -0.287714 0.385368
v -1.461520 -0.217566 0.323931
v -1.507662 -0.282116 0.391145
v -1.511445 -0.287714 0.396848
v -1.511445 -0.287714 0.396848
v -1.395763 -0.256121 0.314215
v -1.436332 -0.209266 0.304987
v -1.368413 -0.287717 0.320496
v -1.368413 -0.287717 0.320496
v -1.482383 -0.287713 0.310913
v -1.392969 -0.285573 0.294418
v -1.619572 -0.287712 0.454568
v -1.595333 -0.287711 0.368446
v -1.634280 -0.238177 0.429819
v -1.648512 -0.287711 0.431211
v -1.578637 -0.287711 0.359708
v -1.589107 -0.273785 0.365429
v -1.597137 -0.226601 0.402111
v -1.606295 -0.219538 0.402587
v -1.540842 -0.268909 0.400165
v -1.543003 -0.287713 0.382167
v -1.516244 -0.287714 0.399410
v -1.597137 -0.226601 0.402111
v -1.606295 -0.219538 0.402587
v -1.578637 -0.287711 0.359708
v -1.543003 -0.287713 0.382167
v -1.516244 -0.287714 0.399410
v -1.516244 -0.287714 0.399410
v -1.540842 -0.268909 0.400165
v -1.595333 -0.287711 0.368446
v -1.648512 -0.287711 0.431211
v -1.648512 -0.287711 0.431211
v -1.634280 -0.238177 0.429819
v -1.634280 -0.238177 0.429819
v -1.619572 -0.287712 0.454568
v -1.619572 -0.287712 0.454568
v -1.452496 -0.190598 0.301311
v -1.459382 -0.183667 0.299349
v -1.459397 -0.207760 0.298844
v -1.461250 -0.215167 0.322203
v -1.463946 -0.207251 0.318419
v -1.437895 -0.207461 0.304632
v -1.447963 -0.207747 0.293367
v -1.471181 -0.183561 0.305466
v -1.467954 -0.194644 0.312239
v -1.461250 -0.215167 0.322203
v -1.463946 -0.207251 0.318419
v -1.467954 -0.194644 0.312239
v -1.452496 -0.190598 0.301311
v -1.437895 -0.207461 0.304632
v -1.459382 -0.183667 0.299349
v -1.471181 -0.183561 0.305466
v -1.410043 -0.287714 0.273503
v -1.392766 -0.287715 0.292978
v -1.427435 -0.287714 0.280574
v -1.481336 -0.287713 0.308784
v -1.454229 -0.253437 0.295191
v -1.442413 -0.238930 0.289377
v -1.431312 -0.239058 0.287435
v -1.435561 -0.233900 0.286871
v -1.410043 -0.287714 0.273503
v -1.392766 -0.287715 0.292978
v -1.427435 -0.287714 0.280574
v -1.481336 -0.287713 0.308784
v -1.509118 -0.183218 0.325135
v -1.548507 -0.182973 0.345753
v -1.553864 -0.184617 0.351565
v -1.472949 -0.183545 0.306383
v -1.467657 -0.194271 0.303412
v -1.471170 -0.189318 0.309689
v -1.576572 -0.287711 0.358627
v -1.605011 -0.218683 0.401337
v -1.588302 -0.271984 0.365039
v -1.522382 -0.281336 0.398490
v -1.529779 -0.287713 0.388208
v -1.595468 -0.226081 0.400866
v -1.460885 -0.208042 0.299608
v -1.465439 -0.207565 0.319423
v -1.469499 -0.195048 0.313331
v -1.462968 -0.215802 0.323540
v -1.514029 -0.287712 0.325894
v -1.472798 -0.229681 0.305321
v -1.509503 -0.281214 0.391534
v -1.514108 -0.287714 0.384690
v -1.515359 -0.286627 0.398223
v -1.576572 -0.287711 0.358627
v -1.529779 -0.287713 0.388208
v -1.605011 -0.218683 0.401337
v -1.595468 -0.226081 0.400866
v -1.471170 -0.189318 0.309689
v -1.469499 -0.195048 0.313331
v -1.465439 -0.207565 0.319423
v -1.462968 -0.215802 0.323540
v -1.509503 -0.281214 0.391534
v -1.514029 -0.287712 0.325894
v -1.514108 -0.287714 0.384690
v -1.522382 -0.281336 0.398490
v -1.515359 -0.286627 0.398223
v -1.515359 -0.286627 0.398223
v -1.515359 -0.286627 0.398223
v -1.509118 -0.183218 0.325135
v -1.472949 -0.183545 0.306383
v -1.472949 -0.183545 0.306383
v -1.548507 -0.182973 0.345753
v -1.553864 -0.184617 0.351565
v -1.553864 -0.184617 0.351565
v -1.339302 -0.275640 -0.370797
v -1.335738 -0.287702 -0.361841
v -1.325913 -0.287702 -0.377460
v -1.319605 -0.280935 -0.315025
v -1.324140 -0.263589 -0.359936
v -1.317905 -0.287704 -0.298182
v -1.335912 -0.287702 -0.339948
v -1.338301 -0.287702 -0.357288
v -1.331208 -0.236997 -0.429927
v -1.335738 -0.287702 -0.361841
v -1.325913 -0.287702 -0.377460
v -1.325913 -0.287702 -0.377460
v -1.319605 -0.280935 -0.315025
v -1.324140 -0.263589 -0.359936
v -1.317905 -0.287704 -0.298182
v -1.317905 -0.287704 -0.298182
v -1.335912 -0.287702 -0.339948
v -1.338301 -0.287702 -0.357288
v -1.331208 -0.236997 -0.429927
v -1.337938 -0.287698 -0.496493
v -1.402328 -0.287696 -0.519203
v -1.333693 -0.239537 -0.430328
v -1.339998 -0.273610 -0.376604
v -1.385659 -0.287696 -0.524585
v -1.354209 -0.244831 -0.433473
v -1.357694 -0.287697 -0.533528
v -1.326765 -0.282748 -0.385893
v -1.326218 -0.287701 -0.380478
v -1.336349 -0.287701 -0.364503
v -1.342980 -0.287701 -0.368271
v -1.392885 -0.287697 -0.471139
v -1.407873 -0.287696 -0.502739
v -1.396818 -0.271638 -0.495866
v -1.347449 -0.267472 -0.516595
v -1.338310 -0.260885 -0.500202
v -1.337285 -0.256912 -0.487308
v -1.394461 -0.277061 -0.516271
v -1.370872 -0.273953 -0.522288
v -1.353109 -0.271591 -0.526743
v -1.326218 -0.287701 -0.380478
v -1.326218 -0.287701 -0.380478
v -1.336349 -0.287701 -0.364503
v -1.326765 -0.282748 -0.385893
v -1.342980 -0.287701 -0.368271
v -1.392885 -0.287697 -0.471139
v -1.407873 -0.287696 -0.502739
v -1.347449 -0.267472 -0.516595
v -1.338310 -0.260885 -0.500202
v -1.338310 -0.260885 -0.500202
v -1.353109 -0.271591 -0.526743
v -1.402328 -0.287696 -0.519203
v -1.385659 -0.287696 -0.524585
v -1.357694 -0.287697 -0.533528
v -1.357694 -0.287697 -0.533528
v -1.337938 -0.287698 -0.496493
v -1.337938 -0.287698 -0.496493
v -1.333693 -0.239537 -0.430328
v -1.337285 -0.256912 -0.487308
v -1.439489 -0.287697 -0.408855
v -1.355955 -0.243805 -0.433913
v -1.341208 -0.275697 -0.371834
v -1.408923 -0.287696 -0.499621
v -1.394862 -0.287697 -0.471354
v -1.396081 -0.268894 -0.491270
v -1.360145 -0.287700 -0.399295
v -1.340179 -0.287701 -0.357610
v -1.450451 -0.287698 -0.375869
v -1.448250 -0.283083 -0.370894
v -1.441552 -0.281864 -0.366728
v -1.363209 -0.268012 -0.318351
v -1.341945 -0.287702 -0.325288
v -1.391740 -0.260440 -0.483260
v -1.376114 -0.227904 -0.417246
v -1.377825 -0.222541 -0.430623
v -1.367779 -0.253787 -0.353333
v -1.374015 -0.234533 -0.400732
v -1.374892 -0.225975 -0.448081
v -1.337732 -0.287702 -0.340902
v -1.408923 -0.287696 -0.499621
v -1.394862 -0.287697 -0.471354
v -1.360145 -0.287700 -0.399295
v -1.340179 -0.287701 -0.357610
v -1.450451 -0.287698 -0.375869
v -1.341945 -0.287702 -0.325288
v -1.337732 -0.287702 -0.340902
v -1.439489 -0.287697 -0.408855
v -1.453618 -0.287698 -0.366341
v -1.310371 -0.287706 -0.223609
v -1.449877 -0.287698 -0.362536
v -1.449528 -0.284182 -0.369810
v -1.451202 -0.287698 -0.373609
v -1.443220 -0.283033 -0.365888
v -1.372735 -0.270564 -0.322378
v -1.356323 -0.287702 -0.329462
v -1.362688 -0.268793 -0.316162
v -1.342232 -0.287702 -0.322881
v -1.311701 -0.282168 -0.236780
v -1.313778 -0.287705 -0.257332
v -1.451202 -0.287698 -0.373609
v -1.356323 -0.287702 -0.329462
v -1.342232 -0.287702 -0.322881
v -1.313778 -0.287705 -0.257332
v -1.313778 -0.287705 -0.257332
v -1.311701 -0.282168 -0.236780
v -1.453618 -0.287698 -0.366341
v -1.310371 -0.287706 -0.223609
v -1.310371 -0.287706 -0.223609
v -1.449877 -0.287698 -0.362536
v -2.401601 -0.253189 -0.795602
v -2.399308 -0.254364 -0.790826
v -2.415684 -0.240143 -0.785132
v -2.402452 -0.248675 -0.801053
v -2.413968 -0.247284 -0.777280
v -2.394427 -0.249451 -0.784262
v -2.394838 -0.245029 -0.789445
v -2.413276 -0.266419 -0.798183
v -2.422011 -0.267380 -0.813784
v -2.445525 -0.278254 -0.822119
v -2.445246 -0.264609 -0.819357
v -2.441607 -0.259320 -0.783333
v -2.445715 -0.287659 -0.824003
v -2.424393 -0.287660 -0.818367
v -2.439629 -0.257178 -0.767471
v -2.440950 -0.258416 -0.776831
v -2.417979 -0.287660 -0.806955
v -2.411725 -0.287661 -0.795798
v -2.439386 -0.287660 -0.761356
v -2.439837 -0.263874 -0.765805
v -2.433537 -0.287660 -0.768605
v -2.445525 -0.278254 -0.822119
v -2.445246 -0.264609 -0.819357
v -2.441607 -0.259320 -0.783333
v -2.445715 -0.287659 -0.824003
v -2.445715 -0.287659 -0.824003
v -2.424393 -0.287660 -0.818367
v -2.439629 -0.257178 -0.767471
v -2.440950 -0.258416 -0.776831
v -2.417979 -0.287660 -0.806955
v -2.411725 -0.287661 -0.795798
v -2.439837 -0.263874 -0.765805
v -2.439386 -0.287660 -0.761356
v -2.439386 -0.287660 -0.761356
v -2.433537 -0.287660 -0.768605
v -2.332264 -0.287661 -0.860602
v -2.345496 -0.287661 -0.875073
v -2.398154 -0.256245 -0.791294
v -2.401117 -0.254934 -0.797608
v -2.419784 -0.267205 -0.815077
v -2.411406 -0.265256 -0.799032
v -2.412991 -0.255980 -0.822602
v -2.416463 -0.287660 -0.808799
v -2.422089 -0.287660 -0.819569
v -2.409799 -0.287661 -0.796323
v -2.405780 -0.252884 -0.812476
v -2.393963 -0.255955 -0.815653
v -2.394167 -0.287659 -0.870759
v -2.384145 -0.287659 -0.889064
v -2.375247 -0.263824 -0.776199
v -2.351061 -0.287663 -0.759070
v -2.311595 -0.279071 -0.832037
v -2.315359 -0.277778 -0.835279
v -2.319041 -0.276514 -0.838432
v -2.306284 -0.283334 -0.786388
v -2.291177 -0.287664 -0.788550
v -2.286750 -0.287664 -0.810675
v -2.416463 -0.287660 -0.808799
v -2.422089 -0.287660 -0.819569
v -2.409799 -0.287661 -0.796323
v -2.394167 -0.287659 -0.870759
v -2.384145 -0.287659 -0.889064
v -2.351061 -0.287663 -0.759070
v -2.291177 -0.287664 -0.788550
v -2.286750 -0.287664 -0.810675
v -2.332264 -0.287661 -0.860602
v -2.345496 -0.287661 -0.875073
v -2.439854 -0.234478 -0.780131
v -2.440571 -0.239982 -0.773074
v -2.443834 -0.244283 -0.805376
v -2.403000 -0.256787 -0.792534
v -2.403154 -0.252810 -0.799601
v -2.412499 -0.263807 -0.798323
v -2.421711 -0.265556 -0.813796
v -2.445257 -0.262827 -0.819464
v -2.439375 -0.254565 -0.766819
v -2.441278 -0.256809 -0.780075
v -2.438367 -0.250712 -0.761091
v -2.431473 -0.250438 -0.764820
v -2.416842 -0.249764 -0.772844
v -2.419103 -0.239342 -0.784425
v -2.446080 -0.253105 -0.827605
v -2.415136 -0.255170 -0.821413
v -2.411742 -0.253875 -0.817040
v -2.407917 -0.252370 -0.812003
v -2.403594 -0.249620 -0.803761
v -2.439375 -0.254565 -0.766819
v -2.441278 -0.256809 -0.780075
v -2.438367 -0.250712 -0.761091
v -2.445257 -0.262827 -0.819464
v -2.446080 -0.253105 -0.827605
v -2.443834 -0.244283 -0.805376
v -2.439854 -0.234478 -0.780131
v -2.440571 -0.239982 -0.773074
v -2.454874 -0.287657 -0.914668
v -2.422034 -0.266426 -0.815857
v -2.385751 -0.287659 -0.889646
v -2.412902 -0.258245 -0.828069
v -2.419115 -0.287659 -0.829698
v -2.445463 -0.263709 -0.821500
v -2.446270 -0.253853 -0.829489
v -2.415162 -0.255916 -0.823233
v -2.424313 -0.287660 -0.820806
v -2.445752 -0.277485 -0.824370
v -2.445969 -0.287659 -0.826510
v -2.385751 -0.287659 -0.889646
v -2.419115 -0.287659 -0.829698
v -2.445463 -0.263709 -0.821500
v -2.446270 -0.253853 -0.829489
v -2.424313 -0.287660 -0.820806
v -2.445752 -0.277485 -0.824370
v -2.445969 -0.287659 -0.826510
v -2.445969 -0.287659 -0.826510
v -2.454874 -0.287657 -0.914668
v -2.454874 -0.287657 -0.914668
v -2.298119 -0.267698 -0.809455
v -2.274200 -0.287665 -0.796908
v -2.396873 -0.254247 -0.789990
v -2.379547 -0.259990 -0.778752
v -2.392764 -0.249742 -0.784726
v -2.393186 -0.245416 -0.789787
v -2.398201 -0.248323 -0.798659
v -2.401046 -0.250178 -0.804193
v -2.371643 -0.262398 -0.779710
v -2.327894 -0.275169 -0.785695
v -2.377106 -0.258809 -0.816478
v -2.299854 -0.283273 -0.789628
v -2.316830 -0.275582 -0.835370
v -2.281949 -0.287664 -0.805409
v -2.284620 -0.287664 -0.791778
v -2.281949 -0.287664 -0.805409
v -2.284620 -0.287664 -0.791778
v -2.274200 -0.287665 -0.796908
v -2.434982 -0.287661 -0.717755
v -2.412117 -0.265978 -0.797321
v -2.402308 -0.257405 -0.790864
v -2.397949 -0.255332 -0.788567
v -2.395540 -0.250780 -0.782095
v -2.415434 -0.250882 -0.772175
v -2.429792 -0.251573 -0.764264
v -2.365179 -0.275418 -0.767035
v -2.352766 -0.287663 -0.758230
v -2.410561 -0.287660 -0.794573
v -2.379801 -0.261501 -0.776786
v -2.439149 -0.252116 -0.758995
v -2.439284 -0.256366 -0.765270
v -2.439143 -0.287660 -0.758949
v -2.439562 -0.265221 -0.763084
v -2.432937 -0.287660 -0.766727
v -2.352766 -0.287663 -0.758230
v -2.410561 -0.287660 -0.794573
v -2.439143 -0.287660 -0.758949
v -2.439143 -0.287660 -0.758949
v -2.439562 -0.265221 -0.763084
v -2.439284 -0.256366 -0.765270
v -2.432937 -0.287660 -0.766727
v -2.434982 -0.287661 -0.717755
v -2.434982 -0.287661 -0.717755
v -2.439149 -0.252116 -0.758995
v -2.063336 -0.193271 0.056264
v -2.148961 -0.212380 0.008347
v -2.153406 -0.215414 0.019409
v -2.159790 -0.210354 0.014451
v -2.144617 -0.213765 0.026192
v -2.190667 -0.182979 -0.009548
v -2.173507 -0.179861 -0.000045
v -2.071481 -0.199811 0.082629
v -2.077210 -0.184254 0.078122
v -2.077271 -0.162700 0.053616
v -2.153406 -0.215414 0.019409
v -2.159790 -0.210354 0.014451
v -2.144617 -0.213765 0.026192
v -2.190667 -0.182979 -0.009548
v -2.190667 -0.182979 -0.009548
v -2.173507 -0.179861 -0.000045
v -2.071481 -0.199811 0.082629
v -2.077210 -0.184254 0.078122
v -2.077210 -0.184254 0.078122
v -2.077271 -0.162700 0.053616
v -2.072868 -0.287691 0.088734
v -2.071008 -0.278507 0.087847
v -2.067500 -0.260584 0.086018
v -2.147440 -0.214413 0.008124
v -2.061419 -0.195203 0.056659
v -2.069900 -0.201948 0.083862
v -2.087764 -0.205219 0.070076
v -2.055469 -0.216578 0.095087
v -2.152341 -0.217682 0.020244
v -2.092184 -0.254556 -0.017231
v -2.090655 -0.269992 0.002403
v -2.090248 -0.274240 0.007828
v -2.119697 -0.270086 0.046363
v -2.110738 -0.287689 0.058171
v -2.088917 -0.287689 0.025184
v -2.069900 -0.201948 0.083862
v -2.087764 -0.205219 0.070076
v -2.055469 -0.216578 0.095087
v -2.152341 -0.217682 0.020244
v -2.110738 -0.287689 0.058171
v -2.110738 -0.287689 0.058171
v -2.088917 -0.287689 0.025184
v -2.119697 -0.270086 0.046363
v -2.072868 -0.287691 0.088734
v -2.072868 -0.287691 0.088734
v -2.071008 -0.278507 0.087847
v -2.067500 -0.260584 0.086018
v -2.223857 -0.182606 -0.035195
v -2.213871 -0.144513 -0.068192
v -2.222668 -0.173900 -0.042243
v -2.207172 -0.138594 -0.064167
v -2.203748 -0.155198 -0.064816
v -2.205341 -0.159860 -0.060608
v -2.195300 -0.136925 -0.058251
v -2.199615 -0.148773 -0.050341
v -2.211038 -0.175779 -0.046126
v -2.209672 -0.175309 -0.032695
v -2.219620 -0.182653 -0.031920
v -2.195300 -0.136925 -0.058251
v -2.199615 -0.148773 -0.050341
v -2.209672 -0.175309 -0.032695
v -2.219620 -0.182653 -0.031920
v -2.223857 -0.182606 -0.035195
v -2.222668 -0.173900 -0.042243
v -2.222668 -0.173900 -0.042243
v -2.213871 -0.144513 -0.068192
v -2.207172 -0.138594 -0.064167
v -2.207172 -0.138594 -0.064167
v -2.098002 -0.266808 -0.029550
v -2.098719 -0.287687 -0.013630
v -2.148981 -0.213966 0.006875
v -2.163269 -0.287686 0.015775
v -2.139172 -0.287687 0.004765
v -2.166760 -0.278653 0.010609
v -2.219236 -0.184083 -0.036194
v -2.127397 -0.233536 -0.039043
v -2.092988 -0.255718 -0.019397
v -2.094632 -0.255241 -0.026342
v -2.091428 -0.269657 -0.000960
v -2.090765 -0.275773 0.007162
v -2.153891 -0.217297 0.019044
v -2.121129 -0.270346 0.045275
v -2.112394 -0.287689 0.056834
v -2.089613 -0.287688 0.022428
v -2.210014 -0.177423 -0.045364
v -2.208378 -0.177124 -0.029652
v -2.216659 -0.182687 -0.029633
v -2.197908 -0.182897 -0.015144
v -2.188818 -0.191646 -0.044382
v -2.194335 -0.185063 -0.012371
v -2.132958 -0.229913 -0.041208
v -2.153891 -0.217297 0.019044
v -2.121129 -0.270346 0.045275
v -2.112394 -0.287689 0.056834
v -2.112394 -0.287689 0.056834
v -2.089613 -0.287688 0.022428
v -2.208378 -0.177124 -0.029652
v -2.216659 -0.182687 -0.029633
v -2.216659 -0.182687 -0.029633
v -2.197908 -0.182897 -0.015144
v -2.197908 -0.182897 -0.015144
v -2.194335 -0.185063 -0.012371
v -2.098719 -0.287687 -0.013630
v -2.163269 -0.287686 0.015775
v -2.163269 -0.287686 0.015775
v -2.166760 -0.278653 0.010609
v -2.139172 -0.287687 0.004765
v -2.219236 -0.184083 -0.036194
v -2.062539 -0.145092 0.004210
v -2.061700 -0.193700 0.055195
v -2.147656 -0.213041 0.005817
v -2.100925 -0.121652 -0.010945
v -2.125924 -0.127172 -0.023679
v -2.078769 -0.116816 0.000405
v -2.204052 -0.160829 -0.060471
v -2.209006 -0.176068 -0.046835
v -2.206011 -0.172504 -0.033096
v -2.197665 -0.148571 -0.049306
v -2.202549 -0.156462 -0.064416
v -2.193285 -0.136642 -0.057247
v -2.137719 -0.224888 -0.042795
v -2.124329 -0.233534 -0.037574
v -2.188737 -0.190168 -0.045523
v -2.195293 -0.181897 -0.014291
v -2.177327 -0.178814 -0.004137
v -2.084715 -0.162518 0.047752
v -2.076747 -0.161097 0.052195
v -2.092381 -0.253208 -0.019195
v -2.093936 -0.252853 -0.025679
v -2.053760 -0.143974 0.038159
v -2.058173 -0.135874 0.037685
v -2.055367 -0.155821 0.042103
v -2.206011 -0.172504 -0.033096
v -2.197665 -0.148571 -0.049306
v -2.193285 -0.136642 -0.057247
v -2.195293 -0.181897 -0.014291
v -2.177327 -0.178814 -0.004137
v -2.084715 -0.162518 0.047752
v -2.076747 -0.161097 0.052195
v -2.058173 -0.135874 0.037685
v -2.125924 -0.127172 -0.023679
v -2.100925 -0.121652 -0.010945
v -2.078769 -0.116816 0.000405
v -2.046726 -0.184596 0.101679
v -2.048162 -0.166597 0.080159
v -2.050047 -0.143501 0.052516
v -2.060835 -0.193973 0.056904
v -2.075457 -0.161933 0.054123
v -2.057163 -0.136807 0.039512
v -2.053316 -0.143917 0.039877
v -2.055001 -0.156368 0.044035
v -2.075448 -0.177141 0.071389
v -2.075381 -0.184274 0.079536
v -2.069304 -0.200556 0.084315
v -2.055008 -0.214892 0.095435
v -2.075457 -0.161933 0.054123
v -2.057163 -0.136807 0.039512
v -2.075448 -0.177141 0.071389
v -2.075381 -0.184274 0.079536
v -2.075381 -0.184274 0.079536
v -2.069304 -0.200556 0.084315
v -2.055008 -0.214892 0.095435
v -2.046726 -0.184596 0.101679
v -2.046726 -0.184596 0.101679
v -2.048162 -0.166597 0.080159
v -2.050047 -0.143501 0.052516
v -1.287909 -0.184621 0.209386
v -1.390633 -0.140095 0.184437
v -1.330686 -0.141740 0.155338
v -1.312078 -0.159569 0.138747
v -1.294338 -0.184619 0.119415
v -1.383653 -0.177562 0.198787
v -1.387630 -0.170437 0.198083
v -1.397749 -0.151335 0.189771
v -1.399206 -0.146300 0.185931
v -1.392056 -0.152332 0.179903
v -1.363848 -0.175347 0.156455
v -1.389158 -0.150308 0.201968
v -1.393356 -0.146458 0.197306
v -1.397554 -0.139934 0.187850
v -1.351833 -0.178577 0.149273
v -1.292493 -0.194618 0.114178
v -1.291321 -0.197190 0.122606
v -1.284267 -0.227377 0.235700
v -1.364463 -0.162819 0.211207
v -1.285929 -0.208938 0.161582
v -1.286069 -0.211559 0.172552
v -1.278009 -0.226782 0.221237
v -1.321720 -0.184351 0.226978
v -1.276995 -0.226727 0.231388
v -1.389158 -0.150308 0.201968
v -1.393356 -0.146458 0.197306
v -1.397554 -0.139934 0.187850
v -1.292493 -0.194618 0.114178
v -1.291321 -0.197190 0.122606
v -1.285929 -0.208938 0.161582
v -1.286069 -0.211559 0.172552
v -1.278009 -0.226782 0.221237
v -1.364463 -0.162819 0.211207
v -1.321720 -0.184351 0.226978
v -1.321720 -0.184351 0.226978
v -1.276995 -0.226727 0.231388
v -1.276995 -0.226727 0.231388
v -1.390633 -0.140095 0.184437
v -1.330686 -0.141740 0.155338
v -1.330686 -0.141740 0.155338
v -1.312078 -0.159569 0.138747
v -1.294338 -0.184619 0.119415
v -1.294338 -0.184619 0.119415
v -1.287909 -0.184621 0.209386
v -1.287909 -0.184621 0.209386
v -1.287909 -0.184621 0.209386
v -1.284267 -0.227377 0.235700
v -1.384709 -0.179324 0.198703
v -1.387347 -0.183720 0.201556
v -1.388939 -0.173672 0.197883
v -1.400014 -0.150843 0.188016
v -1.399979 -0.157390 0.191152
v -1.365110 -0.176912 0.156397
v -1.393427 -0.152833 0.180352
v -1.396757 -0.206682 0.210018
v -1.397390 -0.198724 0.207106
v -1.391489 -0.204172 0.200186
v -1.365970 -0.189302 0.151525
v -1.282830 -0.247012 0.086736
v -1.285180 -0.229932 0.235546
v -1.382956 -0.180474 0.198729
v -1.386754 -0.186073 0.203454
v -1.300996 -0.287713 0.094076
v -1.279855 -0.263096 0.078436
v -1.280869 -0.287713 0.068420
v -1.287016 -0.287713 0.071390
v -1.304363 -0.287717 0.279746
v -1.342645 -0.287716 0.280224
v -1.373432 -0.287715 0.279959
v -1.269620 -0.287716 0.179777
v -1.271621 -0.273641 0.188729
v -1.282462 -0.287717 0.217130
v -1.278275 -0.227977 0.216166
v -1.281332 -0.222147 0.197819
v -1.285947 -0.213356 0.170095
v -1.285800 -0.210526 0.158461
v -1.292118 -0.196655 0.113112
v -1.362406 -0.177991 0.154630
v -1.348798 -0.181587 0.146522
v -1.396942 -0.210970 0.212444
v -1.402229 -0.287714 0.259088
v -1.388930 -0.206534 0.197186
v -1.363619 -0.192233 0.149139
v -1.304363 -0.287717 0.279746
v -1.342645 -0.287716 0.280224
v -1.373432 -0.287715 0.279959
v -1.269620 -0.287716 0.179777
v -1.269620 -0.287716 0.179777
v -1.282462 -0.287717 0.217130
v -1.271621 -0.273641 0.188729
v -1.278275 -0.227977 0.216166
v -1.281332 -0.222147 0.197819
v -1.285947 -0.213356 0.170095
v -1.285800 -0.210526 0.158461
v -1.292118 -0.196655 0.113112
v -1.402229 -0.287714 0.259088
v -1.282830 -0.247012 0.086736
v -1.300996 -0.287713 0.094076
v -1.279855 -0.263096 0.078436
v -1.280869 -0.287713 0.068420
v -1.280869 -0.287713 0.068420
v -1.287016 -0.287713 0.071390
v -1.261186 -0.287718 0.263258
v -1.269269 -0.287716 0.183254
v -1.275176 -0.246215 0.209574
v -1.302718 -0.287718 0.279895
v -1.282388 -0.230094 0.236492
v -1.298432 -0.287718 0.283140
v -1.276502 -0.228628 0.232381
v -1.277670 -0.228683 0.220713
v -1.269269 -0.287716 0.183254
v -1.269269 -0.287716 0.183254
v -1.302718 -0.287718 0.279895
v -1.275176 -0.246215 0.209574
v -1.298432 -0.287718 0.283140
v -1.298432 -0.287718 0.283140
v -1.282388 -0.230094 0.236492
v -1.276502 -0.228628 0.232381
v -1.276502 -0.228628 0.232381
v -1.277670 -0.228683 0.220713
v -1.261186 -0.287718 0.263258
v -1.261186 -0.287718 0.263258
v -2.097535 -0.268710 -0.031323
v -2.098264 -0.287687 -0.016950
v -2.149582 -0.287686 0.006582
v -2.165601 -0.287686 0.013892
v -2.084324 -0.287687 -0.039797
v -2.094900 -0.287686 -0.071696
v -2.108601 -0.287685 -0.112281
v -2.124091 -0.274751 -0.125867
v -2.132657 -0.287683 -0.137729
v -2.146945 -0.257715 -0.016974
v -2.122912 -0.241967 -0.039687
v -2.123351 -0.256402 -0.077851
v -2.138684 -0.287684 -0.121263
v -2.171540 -0.287685 -0.031364
v -2.165936 -0.270187 0.000993
v -2.170863 -0.275770 0.007406
v -2.178131 -0.287685 0.003779
v -2.108601 -0.287685 -0.112281
v -2.132657 -0.287683 -0.137729
v -2.138684 -0.287684 -0.121263
v -2.171540 -0.287685 -0.031364
v -2.178131 -0.287685 0.003779
v -2.178131 -0.287685 0.003779
v -2.098264 -0.287687 -0.016950
v -2.149582 -0.287686 0.006582
v -2.165601 -0.287686 0.013892
v -2.165601 -0.287686 0.013892
v -2.084324 -0.287687 -0.039797
v -2.094900 -0.287686 -0.071696
v -2.170863 -0.275770 0.007406
v -2.356591 -0.184579 -0.278249
v -2.291795 -0.123476 -0.244890
v -2.377750 -0.284187 -0.329243
v -2.222411 -0.227311 -0.298662
v -2.220927 -0.223986 -0.285960
v -2.370167 -0.278425 -0.314540
v -2.216652 -0.214251 -0.248983
v -2.208668 -0.195141 -0.177607
v -2.289132 -0.216097 -0.157326
v -2.288929 -0.183316 -0.153041
v -2.253076 -0.134132 -0.156798
v -2.377750 -0.284187 -0.329243
v -2.370167 -0.278425 -0.314540
v -2.288929 -0.183316 -0.153041
v -2.288929 -0.183316 -0.153041
v -2.253076 -0.134132 -0.156798
v -2.289132 -0.216097 -0.157326
v -2.356591 -0.184579 -0.278249
v -2.356591 -0.184579 -0.278249
v -2.291795 -0.123476 -0.244890
v -2.182074 -0.287678 -0.329923
v -2.273101 -0.287679 -0.133432
v -2.233414 -0.287681 -0.134692
v -2.283186 -0.239824 -0.148460
v -2.285988 -0.228664 -0.152809
v -2.148827 -0.287683 -0.145632
v -2.287179 -0.224050 -0.154666
v -2.207130 -0.196891 -0.177419
v -2.288777 -0.218352 -0.156940
v -2.132798 -0.275365 -0.153197
v -2.135567 -0.287683 -0.147433
v -2.209081 -0.200850 -0.193087
v -2.379598 -0.287534 -0.333056
v -2.221320 -0.228944 -0.299508
v -2.125754 -0.287683 -0.163092
v -2.130451 -0.279439 -0.156418
v -2.273101 -0.287679 -0.133432
v -2.273101 -0.287679 -0.133432
v -2.233414 -0.287681 -0.134692
v -2.283186 -0.239824 -0.148460
v -2.148827 -0.287683 -0.145632
v -2.285988 -0.228664 -0.152809
v -2.287179 -0.224050 -0.154666
v -2.288777 -0.218352 -0.156940
v -2.135567 -0.287683 -0.147433
v -2.125754 -0.287683 -0.163092
v -2.379598 -0.287534 -0.333056
v -2.379598 -0.287534 -0.333056
v -2.182074 -0.287678 -0.329923
v -2.226288 -0.182146 -0.037124
v -2.215104 -0.144813 -0.070072
v -2.228361 -0.140934 -0.100568
v -2.172368 -0.287685 -0.038368
v -2.222108 -0.226623 -0.032892
v -2.190246 -0.244827 -0.006825
v -2.166403 -0.267813 -0.000563
v -2.124652 -0.252607 -0.072027
v -2.124300 -0.240504 -0.040145
v -2.151866 -0.287684 -0.093717
v -2.124716 -0.254901 -0.078146
v -2.125535 -0.273879 -0.127968
v -2.134736 -0.287683 -0.140637
v -2.133259 -0.274352 -0.152033
v -2.136374 -0.287683 -0.145861
v -2.287971 -0.183298 -0.151267
v -2.288117 -0.216739 -0.155528
v -2.207816 -0.195417 -0.175771
v -2.252356 -0.134330 -0.155161
v -2.230442 -0.287681 -0.132797
v -2.282570 -0.237894 -0.147149
v -2.145957 -0.287683 -0.144542
v -2.286266 -0.223422 -0.152905
v -2.222108 -0.226623 -0.032892
v -2.222108 -0.226623 -0.032892
v -2.190246 -0.244827 -0.006825
v -2.226288 -0.182146 -0.037124
v -2.226288 -0.182146 -0.037124
v -2.226288 -0.182146 -0.037124
v -2.172368 -0.287685 -0.038368
v -2.151866 -0.287684 -0.093717
v -2.134736 -0.287683 -0.140637
v -2.282570 -0.237894 -0.147149
v -2.286266 -0.223422 -0.152905
v -2.136374 -0.287683 -0.145861
v -2.287971 -0.183298 -0.151267
v -2.287971 -0.183298 -0.151267
v -2.288117 -0.216739 -0.155528
v -2.252356 -0.134330 -0.155161
v -2.230442 -0.287681 -0.132797
v -2.145957 -0.287683 -0.144542
v -2.215104 -0.144813 -0.070072
v -2.228361 -0.140934 -0.100568
v -2.125164 -0.287683 -0.161344
v -2.129447 -0.280125 -0.155156
v -2.133934 -0.287683 -0.147189
v -2.130383 -0.276567 -0.149046
v -2.124385 -0.276192 -0.130339
v -2.131987 -0.287683 -0.140964
v -2.110051 -0.287685 -0.116577
v -2.131987 -0.287683 -0.140964
v -2.110051 -0.287685 -0.116577
v -2.125164 -0.287683 -0.161344
v -2.133934 -0.287683 -0.147189
v -2.216369 -0.287684 -0.027081
v -2.171751 -0.274269 0.006692
v -2.168124 -0.270194 0.001998
v -2.173563 -0.287685 -0.029893
v -2.179849 -0.287685 0.002393
v -2.271967 -0.287680 -0.131306
v -2.237098 -0.287681 -0.132455
v -2.281344 -0.243333 -0.145291
v -2.221714 -0.230819 -0.032492
v -2.185898 -0.252388 -0.003171
v -2.173563 -0.287685 -0.029893
v -2.179849 -0.287685 0.002393
v -2.179849 -0.287685 0.002393
v -2.271967 -0.287680 -0.131306
v -2.271967 -0.287680 -0.131306
v -2.237098 -0.287681 -0.132455
v -2.281344 -0.243333 -0.145291
v -2.221714 -0.230819 -0.032492
v -2.221714 -0.230819 -0.032492
v -2.185898 -0.252388 -0.003171
v -2.216369 -0.287684 -0.027081
v -2.216369 -0.287684 -0.027081
v -2.171751 -0.274269 0.006692
v -2.476732 -0.287650 -1.131034
v -2.446401 -0.287651 -1.147226
v -2.473247 -0.274209 -1.124010
v -2.472171 -0.277818 -1.097756
v -2.473554 -0.287651 -1.099585
v -2.456137 -0.287651 -1.095637
v -2.473554 -0.287651 -1.099585
v -2.473554 -0.287651 -1.099585
v -2.456137 -0.287651 -1.095637
v -2.446401 -0.287651 -1.147226
v -2.446401 -0.287651 -1.147226
v -2.473247 -0.274209 -1.124010
v -2.473247 -0.274209 -1.124010
v -2.472171 -0.277818 -1.097756
v -2.476732 -0.287650 -1.131034
v -2.476732 -0.287650 -1.131034
v -2.471354 -0.280561 -1.077798
v -2.460737 -0.285066 -1.094159
v -2.466315 -0.287651 -1.095872
v -2.462174 -0.287652 -1.063646
v -2.469016 -0.284573 -1.054660
v -2.473263 -0.283077 -1.096695
v -2.472083 -0.278115 -1.095590
v -2.460737 -0.285066 -1.094159
v -2.466315 -0.287651 -1.095872
v -2.462174 -0.287652 -1.063646
v -2.469016 -0.284573 -1.054660
v -2.469016 -0.284573 -1.054660
v -2.473263 -0.283077 -1.096695
v -2.473263 -0.283077 -1.096695
v -2.472083 -0.278115 -1.095590
v -2.471354 -0.280561 -1.077798
v -2.467222 -0.287653 -1.036896
v -2.462986 -0.287652 -1.059341
v -2.468664 -0.287652 -1.051170
v 0.662594 -0.181262 0.248652
v 0.458326 -0.092980 -0.149223
v 0.604029 -0.287702 0.222872
v 0.444324 -0.287594 -0.042880
v 0.447981 -0.108418 -0.156303
v 0.607333 -0.286888 0.462315
v 0.171572 -0.287667 0.323477
v 0.342675 -0.287674 -0.028947
v 0.430016 -0.287597 0.544839
v 0.524591 -0.287004 0.603675
v 0.139542 -0.269680 0.379562
v 0.351889 -0.100354 -0.147777
v 0.668238 -0.107750 0.486774
v 0.681449 -0.126017 0.474475
v 0.494242 0.035036 0.353587
v 0.350443 0.099038 0.080523
v 0.334965 0.077075 -0.035946
v 0.330544 0.070787 -0.068726
v 0.136462 -0.262642 0.384236
v 0.318922 -0.201173 0.556305
v 0.155203 -0.232973 0.423828
v 0.358478 -0.193462 0.588266
v 0.472622 -0.233469 0.622183
v 0.529025 -0.252896 0.638601
v 0.621774 -0.184815 0.565959
v 0.639333 -0.179963 0.542205
v 0.671335 -0.170919 0.498861
v 0.689439 -0.137172 0.467063
v 0.291139 0.006237 -0.080540
v 0.295546 0.013890 -0.093499
v 0.314613 0.044902 -0.080517
v 0.254904 -0.056714 0.027110
v 0.203417 -0.146192 0.181038
v 0.668238 -0.107750 0.486774
v 0.668238 -0.107750 0.486774
v 0.681449 -0.126017 0.474475
v 0.350443 0.099038 0.080523
v 0.350443 0.099038 0.080523
v 0.334965 0.077075 -0.035946
v 0.494242 0.035036 0.353587
v 0.494242 0.035036 0.353587
v 0.330544 0.070787 -0.068726
v 0.318922 -0.201173 0.556305
v 0.155203 -0.232973 0.423828
v 0.155203 -0.232973 0.423828
v 0.136462 -0.262642 0.384236
v 0.358478 -0.193462 0.588266
v 0.358478 -0.193462 0.588266
v 0.472622 -0.233469 0.622183
v 0.529025 -0.252896 0.638601
v 0.621774 -0.184815 0.565959
v 0.621774 -0.184815 0.565959
v 0.639333 -0.179963 0.542205
v 0.671335 -0.170919 0.498861
v 0.314613 0.044902 -0.080517
v 0.689439 -0.137172 0.467063
v 0.291139 0.006237 -0.080540
v 0.295546 0.013890 -0.093499
v 0.254904 -0.056714 0.027110
v 0.203417 -0.146192 0.181038
v 2.848325 -0.172272 0.574708
v 2.958957 -0.179156 0.632616
v 3.020833 -0.179378 0.402542
v 2.653791 -0.287686 0.545060
v 2.929936 -0.283770 0.678173
v 2.921318 -0.287666 0.676167
v 2.640358 -0.226578 0.503653
v 2.950419 -0.287693 0.400347
v 3.068708 -0.287683 0.468408
v 2.990026 -0.256684 0.692030
v 3.023865 -0.284800 0.630102
v 2.857171 -0.170056 0.353515
v 2.903620 -0.172279 0.332597
v 2.719664 -0.205590 0.448490
v 3.067645 -0.287683 0.473485
v 3.027302 -0.287669 0.623790
v 2.929936 -0.283770 0.678173
v 2.921318 -0.287666 0.676167
v 2.921318 -0.287666 0.676167
v 2.653791 -0.287686 0.545060
v 2.653791 -0.287686 0.545060
v 2.640358 -0.226578 0.503653
v 2.903620 -0.172279 0.332597
v 2.950419 -0.287693 0.400347
v 2.950419 -0.287693 0.400347
v 3.068708 -0.287683 0.468408
v 2.990026 -0.256684 0.692030
v 3.023865 -0.284800 0.630102
v 2.857171 -0.170056 0.353515
v 2.719664 -0.205590 0.448490
v 3.067645 -0.287683 0.473485
v 3.027302 -0.287669 0.623790
v 3.027302 -0.287669 0.623790
v 0.238950 -0.069097 1.424858
v 0.606054 0.159031 1.278837
v 0.571619 0.087428 1.180753
v 0.427377 -0.287701 1.472736
v 0.220211 -0.287679 1.508306
v 0.733576 -0.037481 1.328733
v 0.683729 -0.134236 1.372643
v 0.169684 -0.287674 1.516871
v 0.165757 -0.281573 1.515296
v 0.147816 -0.253633 1.507932
v 0.179893 -0.195732 1.245827
v 0.331084 -0.287661 0.941579
v 0.533425 -0.287693 1.102052
v 0.310797 -0.254677 0.929702
v 0.740007 -0.044652 1.297056
v 0.714876 -0.133864 1.265688
v 0.748277 -0.009266 1.315359
v 0.747129 -0.019342 1.305983
v 0.302212 -0.240732 0.924708
v 0.427377 -0.287701 1.472736
v 0.427377 -0.287701 1.472736
v 0.220211 -0.287679 1.508306
v 0.683729 -0.134236 1.372643
v 0.683729 -0.134236 1.372643
v 0.733576 -0.037481 1.328733
v 0.169684 -0.287674 1.516871
v 0.169684 -0.287674 1.516871
v 0.165757 -0.281573 1.515296
v 0.147816 -0.253633 1.507932
v 0.179893 -0.195732 1.245827
v 0.331084 -0.287661 0.941579
v 0.331084 -0.287661 0.941579
v 0.533425 -0.287693 1.102052
v 0.533425 -0.287693 1.102052
v 0.302212 -0.240732 0.924708
v 0.740007 -0.044652 1.297056
v 0.714876 -0.133864 1.265688
v 0.714876 -0.133864 1.265688
v 0.310797 -0.254677 0.929702
v 0.748277 -0.009266 1.315359
v 0.747129 -0.019342 1.305983
v -0.229687 -0.230938 0.150051
v -0.139660 -0.264916 0.350578
v 0.001723 -0.155402 -0.157310
v 0.054445 -0.143466 -0.196801
v -0.049882 -0.198578 -0.160694
v -0.091983 -0.251268 -0.184202
v 0.005025 -0.242708 0.289920
v -0.003485 -0.257758 0.362000
v -0.138049 -0.287678 0.356057
v -0.024460 -0.287687 0.366983
v -0.204192 -0.287673 0.210858
v -0.217987 -0.287672 0.180403
v 0.061115 -0.143033 -0.196827
v 0.047849 -0.161180 -0.212546
v -0.003575 -0.232472 -0.250655
v -0.222915 -0.287673 -0.015237
v -0.203132 -0.287675 -0.058867
v -0.243320 -0.253098 0.121387
v -0.153072 -0.287680 -0.145694
v -0.143911 -0.287680 -0.155045
v -0.029823 -0.269403 -0.257078
v -0.014814 -0.248061 -0.258850
v -0.066841 -0.287688 -0.231573
v -0.042677 -0.287690 -0.255354
v -0.177563 -0.287677 -0.103778
v -0.243320 -0.253098 0.121387
v -0.217987 -0.287672 0.180403
v -0.217987 -0.287672 0.180403
v 0.005025 -0.242708 0.289920
v 0.061115 -0.143033 -0.196827
v -0.003485 -0.257758 0.362000
v -0.138049 -0.287678 0.356057
v -0.024460 -0.287687 0.366983
v -0.024460 -0.287687 0.366983
v -0.204192 -0.287673 0.210858
v 0.047849 -0.161180 -0.212546
v -0.003575 -0.232472 -0.250655
v -0.222915 -0.287673 -0.015237
v -0.222915 -0.287673 -0.015237
v -0.203132 -0.287675 -0.058867
v -0.153072 -0.287680 -0.145694
v -0.143911 -0.287680 -0.155045
v -0.066841 -0.287688 -0.231573
v -0.029823 -0.269403 -0.257078
v -0.014814 -0.248061 -0.258850
v -0.042677 -0.287690 -0.255354
v -0.042677 -0.287690 -0.255354
v -0.177563 -0.287677 -0.103778
v 2.607368 -0.247681 -0.524248
v 2.569028 -0.206711 -0.636289
v 2.291408 -0.178475 -0.178641
v 2.154060 -0.247554 -0.485142
v 2.196256 -0.247681 -0.364966
v 2.261881 -0.186050 -0.668928
v 2.144993 -0.241767 -0.501800
v 2.190179 -0.198771 -0.314792
v 2.121288 -0.155514 -0.447831
v 2.515231 -0.221393 0.020312
v 2.522709 -0.238093 0.009769
v 2.524891 -0.242872 0.006667
v 2.526930 -0.247316 0.003763
v 2.603898 -0.247681 -0.152358
v 2.679828 -0.247681 -0.306474
v 2.678614 -0.230493 -0.308784
v 2.674415 -0.173055 -0.316208
v 2.581635 -0.093366 -0.588089
v 2.559551 -0.107696 -0.655823
v 2.537787 -0.124394 -0.052403
v 2.507169 -0.103111 -0.093640
v 2.528902 -0.162526 -0.023783
v 2.399082 -0.027945 -0.239517
v 2.301574 -0.042139 -0.296104
v 2.260106 -0.048205 -0.320318
v 2.188492 -0.068691 -0.411593
v 2.127318 -0.136414 -0.452847
v 2.557337 -0.109102 -0.662464
v 2.331077 -0.119017 -0.680035
v 2.287112 -0.148637 -0.676319
v 2.130585 -0.137005 -0.458014
v 2.269351 -0.160598 -0.674809
v 2.515231 -0.221393 0.020312
v 2.522709 -0.238093 0.009769
v 2.524891 -0.242872 0.006667
v 2.526930 -0.247316 0.003763
v 2.603898 -0.247681 -0.152358
v 2.679828 -0.247681 -0.306474
v 2.678614 -0.230493 -0.308784
v 2.674415 -0.173055 -0.316208
v 2.674415 -0.173055 -0.316208
v 2.581635 -0.093366 -0.588089
v 2.581635 -0.093366 -0.588089
v 2.559551 -0.107696 -0.655823
v 2.537787 -0.124394 -0.052403
v 2.537787 -0.124394 -0.052403
v 2.528902 -0.162526 -0.023783
v 2.507169 -0.103111 -0.093640
v 2.399082 -0.027945 -0.239517
v 2.399082 -0.027945 -0.239517
v 2.301574 -0.042139 -0.296104
v 2.260106 -0.048205 -0.320318
v 2.188492 -0.068691 -0.411593
v 2.188492 -0.068691 -0.411593
v 2.127318 -0.136414 -0.452847
v 2.557337 -0.109102 -0.662464
v 2.331077 -0.119017 -0.680035
v 2.331077 -0.119017 -0.680035
v 2.287112 -0.148637 -0.676319
v 2.130585 -0.137005 -0.458014
v 2.269351 -0.160598 -0.674809
v -0.761429 -0.149344 0.164318
v -0.763123 -0.287680 0.222722
v -0.846853 -0.287686 0.227892
v -0.778192 -0.287688 0.169020
v -0.708730 -0.287679 0.191817
v -0.751855 -0.237794 0.149926
v -0.703053 -0.276180 0.187287
v -0.715823 -0.234664 0.160015
v -0.842852 -0.287609 0.243290
v -0.865093 -0.287616 0.243536
v -0.798297 -0.287595 0.242686
v -0.847713 -0.257077 0.250438
v -0.867491 -0.275121 0.246466
v -0.822237 -0.208863 0.212296
v -0.830768 -0.241593 0.253799
v -0.772175 -0.158906 0.213257
v -0.771671 -0.135615 0.174060
v -0.846853 -0.287686 0.227892
v -0.778192 -0.287688 0.169020
v -0.751855 -0.237794 0.149926
v -0.751855 -0.237794 0.149926
v -0.715823 -0.234664 0.160015
v -0.865093 -0.287616 0.243536
v -0.867491 -0.275121 0.246466
v -0.822237 -0.208863 0.212296
v -0.771671 -0.135615 0.174060
v -0.761429 -0.149344 0.164318
v -0.761429 -0.149344 0.164318
v 1.744884 -0.247398 -0.592943
v 1.657100 -0.228632 -0.644547
v 1.774918 -0.265970 -0.601008
v 1.643050 -0.231885 -0.669190
v 1.653656 -0.215052 -0.666077
v 1.778034 -0.234635 -0.603289
v 1.695348 -0.221519 -0.645042
v 1.608005 -0.287689 -0.679454
v 1.621710 -0.283414 -0.656600
v 1.634846 -0.279343 -0.634796
v 1.772680 -0.287674 -0.599467
v 1.730111 -0.279016 -0.587317
v 1.608005 -0.287689 -0.679454
v 1.772680 -0.287674 -0.599467
v 1.774918 -0.265970 -0.601008
v 1.643050 -0.231885 -0.669190
v 1.778034 -0.234635 -0.603289
v 1.653656 -0.215052 -0.666077
v 1.695348 -0.221519 -0.645042
v 0.011418 -0.287681 1.675891
v 0.018686 -0.287682 1.593787
v -0.002295 -0.287681 1.668553
v 0.005518 -0.274885 1.686181
v 0.049268 -0.231147 1.685695
v 0.048953 -0.251942 1.674497
v 0.036025 -0.256636 1.642317
v 0.046339 -0.287680 1.650473
v 0.048376 -0.287679 1.655172
v 0.049268 -0.231147 1.685695
v 0.036025 -0.256636 1.642317
v 0.018686 -0.287682 1.593787
v -0.002295 -0.287681 1.668553
v 0.005518 -0.274885 1.686181
v -0.026228 -0.287694 -0.604454
v 0.056690 -0.287673 -0.576648
v 0.069412 -0.287675 -0.594989
v -0.012233 -0.229412 -0.684102
v -0.006178 -0.250365 -0.674710
v 0.020869 -0.254740 -0.654345
v 0.004634 -0.287527 -0.657999
v 0.056145 -0.287683 -0.620544
v 0.064169 -0.287680 -0.614710
v 0.066805 -0.282842 -0.586729
v 0.044067 -0.287672 -0.566183
v -0.001372 -0.207924 -0.563000
v -0.013558 -0.287673 -0.519296
v -0.030276 -0.259531 -0.517617
v -0.033416 -0.254335 -0.517666
v -0.008890 -0.199855 -0.561102
v -0.058843 -0.224622 -0.568107
v -0.059270 -0.167942 -0.631182
v -0.071159 -0.160452 -0.647871
v -0.074147 -0.206773 -0.598679
v -0.072173 -0.175657 -0.631747
v -0.012233 -0.229412 -0.684102
v 0.020869 -0.254740 -0.654345
v 0.064169 -0.287680 -0.614710
v 0.066805 -0.282842 -0.586729
v -0.001372 -0.207924 -0.563000
v -0.008890 -0.199855 -0.561102
v -0.059270 -0.167942 -0.631182
v -0.071159 -0.160452 -0.647871
v 0.069412 -0.287675 -0.594989
v -0.047754 -0.280133 -0.263304
v -0.051506 -0.260766 -0.282255
v -0.045739 -0.258634 -0.273782
v -0.058844 -0.254434 -0.254656
v -0.049138 -0.257539 -0.268798
v -0.097230 -0.287596 -0.342537
v -0.104403 -0.279265 -0.355511
v -0.097490 -0.277670 -0.349430
v -0.110305 -0.287681 -0.353189
v -0.087263 -0.287681 -0.325540
v -0.143599 -0.287682 -0.255631
v -0.052291 -0.287683 -0.266107
v -0.074201 -0.287679 -0.233899
v -0.147306 -0.287674 -0.244754
v -0.134020 -0.245239 -0.208183
v -0.071774 -0.278738 -0.226249
v -0.096192 -0.242506 -0.200335
v -0.104403 -0.279265 -0.355511
v -0.104403 -0.279265 -0.355511
v -0.097490 -0.277670 -0.349430
v -0.110305 -0.287681 -0.353189
v -0.143599 -0.287682 -0.255631
v -0.147306 -0.287674 -0.244754
v -0.134020 -0.245239 -0.208183
v -0.134020 -0.245239 -0.208183
v -0.096192 -0.242506 -0.200335
v -0.051506 -0.260766 -0.282255
v -0.045739 -0.258634 -0.273782
v -0.058844 -0.254434 -0.254656
v -0.049138 -0.257539 -0.268798
vt -0.023355 1.939276
vt -0.031428 1.949409
vt -0.088544 1.952945
vt -0.088533 1.803637
vt 0.040749 1.858816
vt 0.002386 1.906967
vt -0.023353 1.908561
vt -0.023360 1.948910
vt 0.044974 1.872547
vt 0.027970 1.875356
vt 0.027577 1.905359
vt 0.147836 1.507082
vt 0.151468 1.504617
vt 0.185691 1.594573
vt 0.191961 1.609066
vt 0.187005 1.480214
vt 0.178245 1.459967
vt 0.262151 1.560864
vt 0.166504 1.355534
vt 0.181298 1.353939
vt 0.272821 1.553511
vt 0.152261 1.399911
vt 0.178022 1.382156
vt 0.284059 1.395634
vt 0.290795 1.541034
vt 1.478925 1.992279
vt 1.478776 1.973623
vt 1.556725 2.102860
vt 1.540083 2.130043
vt 1.479449 2.058536
vt 1.479353 2.073758
vt 1.529882 2.158772
vt 1.478776 2.164116
vt -0.088544 1.783102
vt -0.040428 1.770067
vt 0.290795 1.370978
vt 0.283320 1.339367
vt 2.172705 -1.102715
vt 2.104333 -1.106913
vt 2.104333 -1.222173
vt 2.162987 -1.292692
vt 2.172705 -1.304372
vt 0.113001 2.241572
vt 0.136246 2.241556
vt 0.136246 2.310057
vt 0.101496 2.310081
vt 0.111558 2.250055
vt 2.282512 -0.063866
vt 2.228684 -0.067170
vt 2.228684 -0.104098
vt 2.268936 -0.152504
vt 2.282512 -0.168823
vt -1.014790 -0.512133
vt -1.014790 -0.458203
vt -1.025871 -0.458196
vt -1.021336 -0.485247
vt 1.177832 -0.174869
vt 1.193873 -0.183485
vt 1.193873 -0.155579
vt 0.290795 1.339366
vt 0.321543 1.347990
vt 0.321543 1.378513
vt 0.290795 1.384293
vt 1.157743 1.020698
vt 1.180345 1.119500
vt 1.160456 1.127096
vt 1.015561 1.181948
vt 0.996057 1.154432
vt 0.996057 0.911925
vt 1.078497 0.924903
vt 1.091039 0.926899
vt 1.112203 0.930342
vt 1.121383 0.946528
vt 1.153906 1.004081
vt 2.195651 -1.084236
vt 2.208008 -1.103837
vt 2.217652 -1.100995
vt 2.248372 -1.091876
vt 2.242482 -1.082532
vt 2.248372 -0.954976
vt 2.206401 -0.945136
vt 2.202122 -0.944159
vt 0.988079 -0.850004
vt 0.894292 -0.758901
vt 0.963306 -0.943584
vt 0.804653 -0.930087
vt 1.459744 1.310692
vt 1.390146 1.446272
vt 1.296658 1.260599
vt 1.296895 1.303116
vt -1.273998 -0.136017
vt -1.121760 -0.124259
vt -1.110672 -0.098490
vt -1.303807 -0.042225
vt -1.310357 -0.130254
vt -1.134566 0.140638
vt -1.310357 0.090771
vt 0.793102 -0.893859
vt 0.784845 -0.917179
vt -1.192750 0.156848
vt -1.244517 0.147368
vt -1.084653 -0.038002
vt -1.041268 -0.050543
vt -1.030575 -0.026027
vt 1.482665 1.313094
vt 1.490968 1.331302
vt 1.462391 1.369848
vt 1.493350 1.336521
vt 1.074043 0.041048
vt 1.076972 0.097154
vt 1.051197 0.089986
vt 1.037329 0.061181
vt 1.056931 -0.063505
vt 1.066966 -0.094553
vt 1.069971 -0.036962
vt 1.051244 -0.075056
vt 1.296658 1.461607
vt 1.373431 1.463637
vt 1.305837 1.467306
vt 1.157187 -0.138852
vt 1.101006 0.026262
vt -1.125028 0.136693
vt 0.147836 1.306916
vt 0.224291 1.330218
vt 0.149743 1.319390
vt 0.761202 -0.739860
vt 0.761202 -0.901860
vt 0.777084 -0.897631
vt 0.276320 1.339366
vt 0.323089 1.202965
vt 0.199629 1.204313
vt 0.232699 1.192734
vt 1.296658 2.224808
vt 1.305708 2.204798
vt 1.359031 2.197185
vt 1.348943 2.219491
vt 1.359031 2.273753
vt 1.332956 2.254883
vt 1.297465 2.229150
vt 1.203511 -0.144293
vt 1.207998 -0.137276
vt 1.237845 0.026504
vt 0.178157 1.091636
vt 0.147836 1.091496
vt 0.166184 1.075378
vt 1.197425 0.097154
vt 0.254156 1.170719
vt -0.028326 -0.533729
vt -0.031907 -0.565418
vt -0.028326 -0.566016
vt -0.260936 -0.566016
vt -0.238904 -0.566016
vt -0.238652 -0.534125
vt -0.264806 -0.538128
vt -0.128864 2.153365
vt -0.130134 2.166296
vt -0.133098 2.196001
vt -0.140194 2.266747
vt -0.185465 2.269660
vt -0.185465 2.171881
vt 2.110499 2.112359
vt 2.110499 2.210137
vt 2.085940 2.210226
vt 2.095476 2.141515
vt 2.099674 2.112215
vt -0.216246 -0.540299
vt -0.216287 -0.545753
vt -0.216287 -0.564721
vt -0.191582 -0.566016
vt -0.199748 -0.551728
vt -0.208313 -0.537702
vt 0.881226 -0.678719
vt 1.002150 1.751988
vt 0.986573 1.752771
vt 1.113315 1.599128
vt 1.122969 1.604385
vt 1.122971 1.648277
vt 1.002150 1.756401
vt 1.122971 1.815015
vt 1.055371 1.818426
vt 1.055371 1.776747
vt 1.002150 1.779432
vt -0.908673 1.814803
vt -0.848870 1.639922
vt -0.771029 1.721014
vt -0.770979 1.727146
vt -0.771037 1.839607
vt -0.883550 1.839167
vt -0.770979 1.829969
vt -0.905895 1.846249
vt -0.911779 1.832310
vt -0.914768 1.825252
vt 1.122966 1.594859
vt 1.873042 1.978685
vt 1.898221 1.955259
vt 1.929008 2.013898
vt 1.837183 2.099333
vt 1.832228 1.947945
vt 1.848806 1.932520
vt 1.835070 2.101314
vt 1.828825 2.077077
vt 1.828825 1.941388
vt 2.251136 2.159212
vt 2.251136 2.248188
vt 2.182635 2.248143
vt 2.182635 2.120261
vt 0.048341 2.109184
vt 0.048341 2.235765
vt -0.020037 2.239871
vt -0.020037 2.105640
vt 2.276269 1.743853
vt 2.276269 1.834639
vt 2.222340 1.834603
vt 2.222340 1.713188
vt 0.493595 2.173311
vt 0.493595 2.283015
vt 0.439762 2.286247
vt 0.439762 2.170520
vt 2.278553 1.843576
vt 2.278618 1.940557
vt 2.222340 1.940557
vt 2.262763 1.834640
vt 2.240680 1.443365
vt 2.244190 1.451591
vt 2.281064 1.539568
vt 2.283216 1.544832
vt 2.226938 1.544832
vt 2.233086 1.442462
vt -1.132956 1.422960
vt -1.106169 1.266492
vt -1.044322 1.206221
vt -0.967173 1.357356
vt -0.946933 1.397195
vt -0.942593 1.405882
vt -0.947217 1.411700
vt -0.956689 1.422919
vt -0.960703 1.422960
vt 2.015847 0.117041
vt 1.982804 0.253287
vt 2.015847 0.337535
vt 1.983030 0.364848
vt 1.936487 0.246176
vt 1.972628 0.097154
vt 2.122266 -0.929678
vt 2.089552 -0.809826
vt 2.122266 -0.718858
vt 2.118715 -0.716059
vt 2.100157 -0.701490
vt 2.059200 -0.815376
vt 2.094195 -0.943584
vt -0.331324 1.837799
vt -0.391630 1.864204
vt -0.376872 1.888679
vt -0.397392 1.915738
vt -0.418436 1.924955
vt -0.412210 1.935280
vt -0.441872 1.974394
vt -0.441872 1.818760
vt -0.362537 1.786039
vt -0.368242 1.902988
vt 1.391460 1.468055
vt 1.477797 1.467306
vt 1.453438 1.529097
vt 1.318795 1.479251
vt 1.390510 1.478055
vt 1.299036 1.479763
vt 1.297816 1.494737
vt 1.477797 1.653761
vt 1.297105 1.504775
vt 1.397052 1.640512
vt 1.296658 1.511910
vt 0.313667 -0.534576
vt 0.320004 -0.552158
vt 0.320004 -0.532366
vt 2.238604 -0.900521
vt 2.217541 -0.875581
vt 2.230481 -0.865006
vt 2.246924 -0.799053
vt 2.185190 -0.885544
vt 2.206733 -0.943583
vt 2.235537 -0.919762
vt 2.246924 -0.910345
vt 0.978347 1.363447
vt 0.956165 1.393217
vt 0.948499 1.394933
vt 0.931279 1.388457
vt 0.975293 1.329831
vt 0.795794 1.303792
vt 0.881325 1.369369
vt 0.829112 1.381046
vt 0.804559 1.261664
vt 0.911361 1.164219
vt 0.978347 1.189561
vt 1.277556 1.393259
vt 1.234897 1.394980
vt 1.180345 1.314429
vt 1.182976 1.308953
vt 1.188641 1.297155
vt 1.208150 1.299373
vt 1.215126 1.303260
vt 1.216534 1.300326
vt 1.277556 1.307264
vt 0.810632 1.385164
vt -1.155100 1.204727
vt -1.135513 1.177156
vt -1.135513 1.222245
vt 2.243477 -0.423324
vt 2.236401 -0.444370
vt 2.217369 -0.503614
vt 2.217369 -0.549027
vt 2.271452 -0.549331
vt 2.271452 -0.433579
vt 2.263525 -0.426231
vt 2.249826 -0.424208
vt 0.493595 2.278157
vt 0.493595 2.211933
vt 0.547665 2.213162
vt 0.547665 2.288780
vt 0.524992 2.284333
vt -0.438465 2.262900
vt -0.441872 2.263403
vt -0.441872 2.164266
vt -0.376885 2.163901
vt -0.376885 2.205797
vt -0.394317 2.221972
vt 1.551261 2.255570
vt 1.551261 2.173091
vt 1.616232 2.174568
vt 1.616232 2.268318
vt -0.983648 1.186810
vt -0.970344 1.172223
vt -0.970344 1.199136
vt 1.456850 2.079104
vt 1.476588 2.079509
vt 1.476588 2.194035
vt 1.406485 2.179238
vt 1.387208 2.174968
vt 1.389211 2.158888
vt 1.390657 2.148128
vt 1.391743 2.140491
vt -0.382899 1.983884
vt -0.406836 1.994356
vt -1.136344 2.182659
vt -1.144487 2.219730
vt -1.190964 2.252979
vt -1.200843 2.260032
vt -1.183021 2.176655
vt -1.200843 2.134633
vt -1.155495 2.164183
vt -1.139946 2.174434
vt 2.122947 0.685960
vt 2.153834 0.584868
vt 2.122947 0.490133
vt 2.129880 0.485528
vt 2.147940 0.480718
vt 2.184003 0.591330
vt 2.162185 0.662738
vt 2.147711 0.671315
vt 2.152719 -0.185592
vt 2.162077 -0.314383
vt 2.152719 -0.330025
vt 2.181608 -0.345224
vt 2.193010 -0.351204
vt 2.214629 -0.315069
vt 2.207890 -0.222316
vt 2.163704 -0.180479
vt 0.165356 -0.383547
vt 0.160693 -0.370103
vt 0.147767 -0.367119
vt 2.260045 -0.351204
vt 2.259856 -0.328470
vt 2.244637 -0.334757
vt 2.259790 -0.223849
vt 2.218791 -0.280664
vt 2.214629 -0.302978
vt 2.221257 -0.267391
vt 2.221799 -0.264140
vt 2.227696 -0.228746
vt 2.228957 -0.221172
vt -0.016623 -0.201486
vt -0.072149 -0.191785
vt -0.033962 -0.347300
vt 0.002159 -0.204735
vt 0.038462 -0.307882
vt 0.292131 1.781952
vt 0.187662 1.818240
vt 0.272860 1.652800
vt 0.292131 1.662517
vt 0.084308 -0.485331
vt 0.088451 -0.413918
vt 0.122254 -0.414645
vt -0.088543 -0.497412
vt -0.087928 -0.507085
vt -0.043486 -0.525500
vt 0.059485 -0.531570
vt 0.082089 -0.523376
vt 0.163353 -0.415523
vt 0.164007 -0.405734
vt 2.260045 -0.178309
vt 2.254830 -0.180798
vt 2.234039 -0.190628
vt -0.088543 -0.188759
vt -0.075658 -0.317656
vt -0.080467 -0.190282
vt 1.390004 0.728443
vt 1.417711 0.703908
vt 1.394511 0.677372
vt 1.379106 0.651593
vt 1.466112 0.687149
vt 1.429745 0.858438
vt 1.383782 0.806716
vt 1.425860 0.769455
vt 1.500208 0.634522
vt 1.423048 0.611861
vt 1.427558 0.608061
vt 1.379106 0.529234
vt 1.420529 0.613984
vt 0.359905 2.164498
vt 0.428277 2.168696
vt 0.428277 2.175311
vt 0.359905 2.257398
vt 1.146913 2.011035
vt 1.215644 2.010822
vt 1.215625 2.188836
vt 1.146913 2.177812
vt 2.214880 0.302440
vt 2.268709 0.305744
vt 2.268709 0.374872
vt 2.214880 0.439490
vt 2.187734 -0.729449
vt 2.241846 -0.729623
vt 2.241846 -0.569342
vt 2.187734 -0.577983
vt 0.066529 2.087721
vt 0.131209 2.091690
vt 0.131209 2.213072
vt 0.112028 2.236097
vt 0.099534 2.241556
vt 0.076642 2.237851
vt 0.066529 2.236133
vt 0.140944 0.648117
vt 0.146893 0.648676
vt 0.140944 0.678112
vt 0.898043 2.090685
vt 0.963063 2.090476
vt 0.963063 2.238981
vt 0.933054 2.239077
vt 0.898043 2.233485
vt 2.138647 -1.058194
vt 2.158474 -1.079340
vt 2.195652 -1.101519
vt 2.195652 -0.948833
vt 2.127434 -0.944159
vt 2.134738 -1.018554
vt -0.942593 1.319654
vt -0.942593 1.206221
vt -0.921855 1.215973
vt -0.916636 1.218714
vt -0.915831 1.228716
vt -0.933644 1.319512
vt -0.630721 2.079705
vt -0.742084 2.079494
vt -0.742706 1.926304
vt -0.720257 1.930112
vt -0.706911 1.932517
vt -0.703683 1.933933
vt -0.668551 1.949447
vt -0.661034 1.952776
vt -0.630721 1.966258
vt 0.188003 1.609066
vt 0.173601 1.817251
vt 0.184867 1.793808
vt 0.157608 1.779776
vt 0.189227 1.713984
vt 0.147835 1.692647
vt 1.829017 1.000336
vt 1.878378 1.144338
vt 1.827105 1.172675
vt 1.769093 1.003433
vt 1.835428 0.911924
vt 1.878378 0.932244
vt -0.403212 1.635473
vt -0.336155 1.762364
vt -0.366609 1.786039
vt -0.441872 1.643616
vt -0.366160 1.495060
vt -0.336155 1.503902
vt -0.979915 0.152246
vt -1.030574 0.011855
vt -0.926960 -0.136017
vt -0.920763 -0.094765
vt -0.915689 -0.060828
vt -0.963427 0.007303
vt -0.925440 0.112583
vt -0.915689 0.115183
vt -0.920274 0.121478
vt -0.922835 0.125001
vt -0.973476 0.154019
vt 1.750755 0.775741
vt 1.751136 0.787359
vt 1.751292 0.799093
vt 1.751110 0.876244
vt 1.750932 0.902228
vt 1.729352 0.902420
vt 1.633888 0.902420
vt 1.632642 0.894564
vt 2.061035 0.760184
vt 1.961299 0.911713
vt 1.961299 0.733884
vt -1.132956 0.381171
vt -1.205270 0.544207
vt -1.276303 0.307053
vt -1.162515 0.237553
vt -1.148349 0.259291
vt -1.156008 0.380544
vt -1.165829 0.231792
vt -1.156661 0.196777
vt 2.060882 0.792463
vt -1.238983 0.558145
vt -1.302170 0.551808
vt -1.310357 0.545684
vt 2.060825 0.818436
vt -1.303268 1.844516
vt -1.200521 1.893430
vt -1.310357 1.862313
vt -1.176809 1.715041
vt -1.270189 1.759871
vt -1.166591 1.878820
vt -1.166591 1.710067
vt 0.429417 -0.980051
vt 0.420484 -0.977794
vt 0.429417 -1.231031
vt 0.368250 -1.304372
vt -1.146435 0.156848
vt -1.310357 0.217158
vt -1.237712 0.183957
vt -0.162162 0.856693
vt -0.154752 0.856001
vt -0.156794 0.948779
vt -0.187189 1.049055
vt 2.052817 0.115604
vt 2.015847 0.362174
vt 2.015847 0.152692
vt 2.067361 0.101007
vt 2.073118 0.327509
vt 2.081085 0.312855
vt 2.082936 0.323182
vt 0.253952 -1.091007
vt 0.236676 -1.136082
vt 0.219226 -1.046767
vt 0.208963 -1.073972
vt 2.071187 0.097154
vt -0.154752 1.023425
vt 0.234327 -1.142214
vt 0.334927 -1.287184
vt 0.218895 -1.182557
vt -0.312666 1.146651
vt -0.313700 1.138251
vt 0.475554 1.986617
vt 0.477022 1.991847
vt 0.481776 2.011896
vt 0.493595 2.062913
vt 0.489651 2.073571
vt 0.453174 2.170519
vt 0.446460 2.170515
vt 0.446460 1.982593
vt -0.272431 2.253941
vt -0.272369 2.273097
vt -0.298437 2.273097
vt -0.330824 2.272973
vt -0.279551 2.160565
vt -0.273320 2.163066
vt 1.307037 0.392266
vt 1.307037 0.524899
vt 1.164351 0.525214
vt 1.206305 0.386963
vt 1.208995 0.378692
vt 1.252188 0.384517
vt 1.258756 0.385432
vt 1.959918 0.591198
vt 1.959918 0.733884
vt 1.844041 0.726590
vt 1.843205 0.529234
vt 1.941308 1.932520
vt 1.873525 1.932473
vt 1.828825 1.814934
vt 1.828842 1.714108
vt 1.836251 1.713188
vt 1.941308 1.737746
vt -0.614549 1.095115
vt -0.629119 1.073646
vt -0.632540 1.067947
vt -0.624028 1.032767
vt -0.614549 0.992653
vt -0.330824 0.998064
vt -0.265369 0.869657
vt 1.415626 -0.925792
vt 1.357403 -0.891165
vt 1.347507 -0.750862
vt 1.415626 -0.637552
vt 1.391471 -0.589523
vt 1.294957 -0.750068
vt 1.305623 -0.899392
vt 1.398988 -0.943584
vt 1.010327 0.038958
vt 1.035350 -0.096100
vt 1.035350 0.031747
vt 0.846008 -0.091761
vt 0.911541 -0.099282
vt 0.911539 -0.129163
vt 0.966077 -0.135423
vt 0.966076 -0.180809
vt 1.035348 -0.188760
vt 0.846010 -0.025863
vt 0.819539 -0.670169
vt 0.831368 -0.670169
vt 0.861645 -0.550145
vt 0.761202 -0.550145
vt 0.774569 -0.617299
vt 0.809016 -0.617299
vt 0.842153 -0.670179
vt 0.843827 -0.678719
vt 0.888255 -0.574437
vt 0.879871 -0.550162
vt 0.889510 -0.550181
vt 0.846006 -0.015819
vt 0.901164 0.103117
vt 0.844430 0.084563
vt -0.821350 2.267904
vt -0.821350 2.191075
vt -0.752972 2.186969
vt -0.752972 2.271493
vt 2.164854 0.035747
vt 2.097353 0.035945
vt 2.097353 -0.168625
vt 2.164854 -0.168823
vt 2.233500 0.000313
vt 2.233500 0.088060
vt 2.164854 0.090752
vt 2.164854 -0.010150
vt 2.239001 -0.734888
vt 2.239001 -0.795820
vt 2.292834 -0.799053
vt 2.292834 -0.732061
vt 2.237145 0.651984
vt 2.184003 0.652140
vt 2.184003 0.480873
vt 2.237145 0.480718
vt 0.187134 -0.975363
vt 0.229446 -0.975363
vt 0.231566 -0.921320
vt 0.178896 -0.921320
vt 2.298218 -0.807546
vt 2.246924 -0.810626
vt 2.246924 -0.875429
vt 2.276443 -0.873656
vt 2.299170 -0.816197
vt 2.236562 -1.155030
vt 2.172705 -1.154842
vt 2.172705 -1.304185
vt 2.236562 -1.304372
vt -0.451697 1.674274
vt -0.444928 1.674274
vt -0.442380 1.739213
vt -0.461595 1.739213
vt 1.533656 -0.884250
vt 1.531390 -0.679817
vt 1.434331 -0.613099
vt 1.415626 -0.656911
vt 1.473886 -0.696960
vt 1.475784 -0.868112
vt 1.415626 -0.910882
vt 1.450203 -0.943584
vt 1.936855 0.051273
vt 1.959920 0.039733
vt 1.982133 -0.107856
vt 1.936854 -0.150577
vt 1.949004 -0.159338
vt 1.962313 -0.168823
vt 2.021339 -0.113130
vt 1.995868 0.056126
vt 1.945076 0.081541
vt 0.571060 0.824390
vt 0.440660 0.794086
vt 0.359904 0.606279
vt 0.407688 0.529001
vt 0.535512 0.580407
vt 0.558782 0.589912
vt 0.571133 0.595047
vt 0.571133 0.728005
vt -0.624597 2.254620
vt -0.652461 2.191312
vt -0.656579 2.181650
vt -0.646593 2.079705
vt -0.617167 2.100139
vt -0.617167 2.249391
vt -0.373370 0.225398
vt -0.347956 0.243876
vt -0.346054 0.318023
vt -0.350720 0.237091
vt -0.348502 0.238986
vt -0.644737 -0.514315
vt -0.644770 -0.540626
vt -0.642790 -0.537950
vt -0.343650 0.417986
vt -0.343519 0.427826
vt -0.459863 0.330545
vt -0.550736 0.146283
vt -0.596395 -0.346656
vt -0.616946 -0.333108
vt -0.622107 -0.516718
vt -0.637802 -0.362394
vt -0.644544 -0.354949
vt -0.644770 -0.322377
vt -0.644647 -0.336815
vt -0.641538 -0.318145
vt -0.444419 2.035575
vt -0.447244 2.037923
vt -0.498645 1.844310
vt -0.444463 1.956019
vt -0.444419 1.810316
vt -0.430309 0.427144
vt -0.470911 0.426658
vt -0.596090 0.351626
vt 1.772207 0.446940
vt 1.787016 0.352060
vt 1.805452 0.505761
vt 1.814808 0.367009
vt 1.814808 0.522306
vt 0.941283 1.599033
vt 0.986441 1.574481
vt 0.986441 1.638011
vt 0.960277 1.643270
vt -0.536242 0.312371
vt 0.941446 1.641398
vt -0.477902 1.981301
vt -0.612750 0.196899
vt -0.612750 0.332827
vt -0.569199 0.182126
vt -0.050260 0.786716
vt -0.071149 0.792832
vt -0.088543 0.797113
vt -0.075579 0.718619
vt -0.051713 0.574885
vt -0.000277 0.533466
vt 0.014226 0.521846
vt 0.054537 0.521468
vt 0.140715 0.521011
vt 0.140819 0.530657
vt 0.140819 0.628643
vt 0.140700 0.701322
vt 0.140274 0.706114
vt 0.113290 0.717547
vt 0.391891 1.795029
vt 0.391892 1.766369
vt 0.463569 1.650821
vt 0.514119 1.830990
vt 0.514119 1.835073
vt 0.445730 1.835876
vt 0.445732 1.794397
vt 0.514119 1.660370
vt 1.690865 1.725677
vt 1.677899 1.716086
vt 1.688191 1.525993
vt 1.745124 1.619789
vt 1.713801 1.719658
vt 1.699667 1.732186
vt 1.875885 0.305495
vt 1.825735 0.309644
vt 1.823959 0.100391
vt 1.936487 0.233607
vt 1.923026 0.234720
vt 1.923022 0.261271
vt 1.875891 0.265170
vt 0.359905 1.767035
vt 0.377221 1.749606
vt 0.373110 1.763010
vt -0.088543 0.521012
vt -0.092451 0.632994
vt -0.123462 0.596969
vt -0.137561 0.536723
vt -0.118479 0.618270
vt -0.096048 0.651476
vt -0.112736 0.642825
vt 1.816010 0.097154
vt 1.816042 0.106273
vt -0.088543 0.714002
vt -0.095841 0.722437
vt -0.098086 0.711220
vt 1.816010 0.310447
vt 1.673109 1.712464
vt 1.678840 1.511683
vt -0.103779 0.665649
vt -0.108395 0.661396
vt -0.101144 0.696008
vt 1.215644 2.010821
vt 1.284145 2.022589
vt 1.284145 2.186324
vt 1.273028 2.180030
vt 1.215644 2.147303
vt 2.211303 1.065258
vt 2.265233 1.074522
vt 2.265233 1.213035
vt 2.211303 1.182278
vt 0.140944 0.538146
vt 0.140944 0.506417
vt 0.147835 0.518915
vt 0.145778 0.538027
vt -1.165125 1.387873
vt -1.133396 1.387894
vt -1.133396 1.501037
vt -1.148798 1.492253
vt -1.166256 1.420968
vt -1.167434 1.414848
vt -1.166065 1.398779
vt 0.061382 1.952945
vt 0.061382 2.091015
vt 0.020858 2.102436
vt 0.020858 1.966390
vt 1.408000 -0.372977
vt 1.360859 -0.331351
vt 1.344172 -0.316678
vt 1.324927 -0.299782
vt 1.310357 -0.287043
vt 1.275655 -0.280681
vt 1.259256 -0.280529
vt 1.247071 -0.280633
vt 1.247071 -0.290173
vt 1.250759 -0.504907
vt 1.403340 -0.549331
vt 1.403453 -0.545210
vt 1.617647 1.670343
vt 1.617647 1.485700
vt -0.770978 1.765420
vt -0.770978 1.648775
vt -0.744296 1.639922
vt -0.744296 1.752704
vt -0.742977 1.757529
vt 0.716509 1.401691
vt 0.735527 1.486718
vt 0.692795 1.402688
vt -0.097056 1.806488
vt -0.114208 1.835871
vt -0.185465 1.844643
vt -0.139934 1.770439
vt 0.080680 1.527019
vt 0.095028 1.517055
vt 0.095027 1.389205
vt 0.141714 1.337950
vt 0.141714 1.554872
vt 0.122052 1.568526
vt -0.143729 2.015258
vt -0.116368 1.839535
vt -0.134715 1.860684
vt -0.105534 1.885203
vt -0.141373 1.926515
vt -0.097056 1.963751
vt 0.727622 1.614490
vt 0.735527 1.615388
vt 0.659638 1.606830
vt 0.610767 1.572393
vt -0.632540 1.276154
vt -0.632540 1.188368
vt -0.615673 1.258491
vt 0.603730 1.598985
vt 0.608672 1.601138
vt 0.606449 1.600884
vt 0.602203 1.596524
vt 0.576560 1.555031
vt 0.571133 1.528093
vt 0.638481 1.525169
vt 0.627579 1.471079
vt 0.671934 1.469155
vt 0.658834 1.404161
vt -0.752670 2.040259
vt -0.752670 2.186969
vt -0.821350 2.185408
vt -0.821350 1.993020
vt -0.794422 1.998384
vt -0.756363 2.034051
vt -0.754107 2.036175
vt 0.077368 2.241587
vt 0.101186 2.241556
vt 0.101495 2.310287
vt 0.066528 2.310287
vt 0.625203 2.275976
vt 0.571133 2.274748
vt 0.571133 2.151805
vt 0.625203 2.162584
vt 0.053491 1.860610
vt 0.062182 1.860610
vt 0.062355 1.914721
vt 0.044974 1.914721
vt 0.328077 1.811836
vt 0.294933 1.804305
vt 0.294933 1.729521
vt 0.359905 1.742474
vt 0.359905 1.813387
vt 0.332224 1.812758
vt -0.594873 -0.166550
vt -0.599321 -0.166564
vt -0.594873 -0.194252
vt 2.251136 2.164301
vt 2.267480 2.146113
vt 2.291016 2.120262
vt 2.291016 2.204582
vt 1.443382 1.770032
vt 1.447055 1.767482
vt 1.447055 1.687526
vt 1.477797 1.653762
vt 1.477797 1.792382
vt 1.470623 1.797364
vt -0.641461 0.156450
vt -0.615174 0.180081
vt -0.641319 0.339434
vt -0.641304 0.336265
vt -0.641489 0.264143
vt -0.641489 0.167694
vt 1.008714 -0.549331
vt 1.110590 -0.464423
vt 1.004449 -0.544734
vt 0.986589 1.388377
vt 1.180344 1.317874
vt 1.180334 1.327874
vt 1.057475 1.186277
vt 1.057479 1.229726
vt 1.061709 1.229984
vt 0.986590 1.373501
vt 0.986573 1.181948
vt 1.180300 1.338329
vt 1.011252 1.398850
vt 0.986573 1.393353
vt 1.004363 -0.208675
vt 1.003287 -0.232082
vt 1.021608 -0.207063
vt 1.967562 -1.153422
vt 1.923016 -1.076391
vt 1.862936 -1.092102
vt 1.862936 -1.207978
vt 1.927660 -1.227789
vt 1.929525 -1.180277
vt 1.906841 -1.141369
vt -0.925497 0.467390
vt -0.916636 0.475149
vt -0.925497 0.493464
vt -0.007266 1.172883
vt -0.042824 1.304648
vt -0.088543 1.087510
vt -0.088543 1.337950
vt 1.110590 -0.221893
vt 1.100291 -0.216061
vt 0.979415 -0.449286
vt 0.985160 -0.522619
vt 0.951657 -0.404484
vt 0.975781 -0.402894
vt 1.034441 -0.215512
vt 1.026893 -0.206579
vt 1.038789 -0.205864
vt 1.055122 -0.204893
vt 1.087402 -0.206399
vt -1.310357 1.226074
vt -1.277656 1.228938
vt -1.279183 1.236407
vt -1.262899 1.495252
vt -1.310357 1.502678
vt -1.264019 1.418535
vt -1.192710 1.352682
vt -1.237989 1.491349
vt -1.226983 1.350812
vt -1.223781 1.489120
vt -1.216728 1.487730
vt -1.173586 1.356784
vt -1.167434 1.439824
vt -1.195839 1.444507
vt 0.094407 1.195347
vt 0.028815 1.268134
vt 0.057715 1.175525
vt 0.058848 1.178519
vt 0.066071 1.175865
vt 0.087361 1.176731
vt -0.015693 1.259748
vt 0.030162 1.289350
vt 0.024276 1.316985
vt -1.234388 1.317242
vt -1.196577 1.278386
vt -1.216980 1.339979
vt -1.221696 1.340838
vt -1.276337 1.241457
vt -1.252407 1.226607
vt -1.263940 1.223677
vt 1.878379 1.133412
vt 1.947023 1.130720
vt 1.947023 1.232219
vt 1.878379 1.221661
vt 1.729980 -1.026262
vt 1.736268 -1.032107
vt 1.736268 -0.945341
vt 1.667572 -0.944963
vt 1.667573 -0.951781
vt 1.701620 -0.992647
vt 1.719625 -1.014067
vt -1.016177 2.168922
vt -0.962135 2.166801
vt -0.962135 2.282831
vt -1.012082 2.275191
vt -1.016177 2.274560
vt -0.566851 2.165259
vt -0.558666 2.176274
vt -0.558666 2.281754
vt -0.612750 2.282058
vt -0.612750 2.191505
vt -0.586833 2.168347
vt 2.192884 0.914471
vt 2.257822 0.911924
vt 2.257822 1.043149
vt 2.192884 1.033217
vt 0.340318 0.410811
vt 0.402093 0.494031
vt 0.402092 0.520685
vt 0.337106 0.521051
vt 0.337106 0.411307
vt 0.147836 0.458832
vt 0.147836 0.506418
vt 0.107414 0.491032
vt 0.147719 0.383579
vt 1.090717 2.116822
vt 0.986691 2.113500
vt 0.986573 2.082338
vt 1.019002 2.040015
vt 1.071299 1.972179
vt 1.074831 1.977008
vt 1.090717 2.000177
vt 1.496976 0.877695
vt 1.471879 0.911644
vt 1.471879 0.859224
vt 1.113288 1.233102
vt 1.113287 1.261698
vt 1.180346 1.265751
vt 0.066529 2.087719
vt 0.099669 2.002954
vt 0.066529 1.865083
vt 0.114137 1.863327
vt 0.145978 1.995793
vt 0.114019 2.076904
vt 2.078241 -0.398323
vt 2.040756 -0.299153
vt 2.016581 -0.289386
vt 2.008805 -0.290084
vt 2.047802 -0.393263
vt 2.008805 -0.547805
vt 2.040130 -0.549331
vt 1.924646 -1.304372
vt 1.974592 1.673018
vt 1.974589 1.533316
vt 1.939242 1.508437
vt 1.948798 1.485700
vt 1.960142 1.487816
vt 1.970923 1.489937
vt 2.026966 1.501210
vt 2.026966 1.677347
vt 2.011651 1.699327
vt 1.950334 1.707834
vt -0.498691 1.399297
vt -0.612750 1.372843
vt -0.612750 1.164691
vt -0.612740 1.148522
vt -0.612661 1.143082
vt -0.597798 1.135102
vt -0.593198 1.132762
vt -0.581184 1.131432
vt -0.564635 1.129732
vt -0.531846 1.131580
vt -0.527781 1.135713
vt -0.467523 1.197939
vt -0.449118 1.217410
vt -0.451621 1.228418
vt -0.469718 1.303454
vt -0.492516 1.396768
vt 1.993366 -0.736861
vt 1.988832 -0.733236
vt 1.974325 -0.749466
vt 2.008620 -0.749037
vt 2.013538 -0.752727
vt 0.147835 0.357718
vt 0.130420 0.383579
vt 0.108768 0.198719
vt 0.147835 0.176485
vt 2.044954 -0.776277
vt 1.974325 -0.943584
vt 2.039100 -0.877946
vt 2.032014 -0.858176
vt 2.049095 -0.787828
vt 1.871381 -0.955022
vt 1.862936 -0.968224
vt 1.862936 -1.076391
vt 1.891089 -1.075957
vt -0.334053 0.328592
vt -0.343519 0.340890
vt -0.335542 0.295612
vt -0.343519 0.146283
vt 1.296658 1.849525
vt 1.365174 1.897902
vt 1.400138 2.000309
vt 1.296658 2.032080
vt 1.296881 1.999067
vt 0.125268 0.165173
vt 1.931831 -1.075333
vt 1.942203 -1.075176
vt 1.898210 -0.944204
vt 1.947550 -1.075377
vt 1.915826 -0.951339
vt 1.962767 -1.036185
vt 1.942613 -1.035411
vt 2.145062 0.302440
vt 2.136917 0.290178
vt 2.104984 0.241689
vt 2.082936 0.208092
vt 2.082936 0.097519
vt 2.147809 0.097154
vt 2.151632 0.109035
vt 2.151632 0.296644
vt -0.186049 2.267954
vt -0.202918 2.252761
vt -0.208367 2.247811
vt -0.226530 2.231162
vt -0.229868 2.225825
vt -0.250922 2.191740
vt -0.186049 2.192047
vt -0.206873 1.846150
vt -0.188536 1.903819
vt -0.213417 1.926252
vt -0.213417 1.825815
vt 0.701864 2.178883
vt 0.661341 2.118894
vt 0.661341 2.017946
vt 0.701864 1.990316
vt 1.974916 -0.722100
vt 2.059200 -0.933994
vt -0.141433 0.500945
vt -0.140897 0.489017
vt -0.113074 0.519061
vt -0.142141 0.519061
vt -0.102344 0.504243
vt -0.096533 0.519056
vt -0.140121 0.470815
vt 2.197011 1.944354
vt 2.228588 1.976601
vt 2.235750 1.983981
vt 2.182638 1.953793
vt 2.182635 1.941318
vt 2.187574 2.120262
vt 2.182639 2.085690
vt 2.227039 2.014371
vt 2.204524 2.092421
vt 2.202587 2.099006
vt 2.198406 2.107242
vt 2.192767 2.114048
vt 2.182635 2.119060
vt 0.570558 1.827534
vt 0.531117 1.820896
vt 0.526841 1.804639
vt 0.555360 1.789933
vt 2.192883 0.981173
vt 2.142429 0.973621
vt 2.174802 0.917929
vt 2.192883 0.911924
vt 2.162892 0.921899
vt 2.132406 0.942845
vt 2.144718 0.928100
vt 2.163943 1.079692
vt 2.186042 1.072699
vt 2.184458 1.093673
vt 2.177062 1.102503
vt 2.188386 1.041374
vt 0.551911 1.781338
vt 0.514119 1.774691
vt 0.555158 1.751918
vt 0.558677 1.673538
vt 0.563517 1.676374
vt 0.564239 1.670007
vt 0.570558 1.650821
vt 0.568360 1.656306
vt 0.566649 1.652704
vt 2.170052 1.094890
vt 0.565947 1.662318
vt 0.564802 1.659385
vt 1.619739 0.510325
vt 1.608930 0.490662
vt 1.593032 0.461278
vt 1.562577 0.404800
vt 1.586727 0.335709
vt 1.615534 0.340509
vt 1.631920 0.343381
vt 1.631991 0.355687
vt 1.631991 0.485934
vt 1.631910 0.518903
vt 0.212949 -0.196950
vt 0.205736 -0.190105
vt 0.205736 -0.201726
vt 0.211235 -0.200466
vt 0.244151 -0.961447
vt 0.231905 -0.966007
vt 0.231566 -0.972757
vt 0.262706 -0.922362
vt 0.249462 -0.921876
vt 0.231786 -0.949591
vt 0.280228 -0.923020
vt 0.122690 -0.984130
vt 0.122690 -0.922475
vt 0.072948 -0.962192
vt 0.110132 -0.980813
vt 2.101131 2.270385
vt 2.085940 2.252192
vt 2.095389 2.236767
vt 2.111647 2.210226
vt 2.111647 2.282968
vt 2.102376 2.225332
vt 1.436961 -0.604059
vt 1.451784 -0.613099
vt 1.451784 -0.552911
vt 1.446046 -0.556487
vt 1.434856 -0.569119
vt 1.415626 -0.590930
vt 1.601936 1.260464
vt 1.602013 1.217993
vt 1.606930 1.201842
vt 1.628700 1.219849
vt 1.604535 1.256562
vt 1.601936 1.195707
vt 0.350798 -0.552158
vt 0.350798 -0.534409
vt 0.345600 -0.539443
vt 0.094407 1.134739
vt 0.101749 1.126545
vt 0.134001 1.090846
vt 0.146160 1.087510
vt 0.146160 1.221985
vt 0.103882 1.168428
vt 0.102795 1.164582
vt 0.146151 1.255081
vt 0.128245 1.252150
vt 0.126733 1.249147
vt 0.124558 1.241601
vt 0.141397 1.269027
vt 0.146109 1.269022
vt 0.145920 1.273638
vt 0.133762 1.260046
vt 0.129853 1.255399
vt -1.011491 2.000671
vt -0.917057 1.938137
vt -0.977770 2.041537
vt -0.991325 2.037709
vt -1.007677 1.857306
vt -0.960938 1.871525
vt -0.958386 1.875259
vt -1.011404 1.861777
vt -0.951210 1.917168
vt -0.934360 1.910411
vt -1.016171 1.963095
vt -1.016091 1.992173
vt -1.016177 1.888049
vt -1.016177 1.959349
vt -1.016158 1.880697
vt -1.015844 1.877807
vt -1.014062 1.870275
vt -0.915303 -0.819364
vt -0.914768 -0.815714
vt -0.915303 -0.809485
vt -0.919248 1.931390
vt 0.359904 1.983565
vt 0.367174 1.982593
vt 0.441330 2.073159
vt 0.431252 2.097146
vt 0.406972 2.143848
vt 0.362652 2.164498
vt 0.360491 2.160170
vt 0.360000 2.146638
vt 0.359904 2.114436
vt 1.169608 1.604448
vt 1.164440 1.641835
vt 1.124220 1.598222
vt 1.124223 1.594860
vt 1.342336 0.911555
vt 1.326399 0.892186
vt 1.340669 0.861541
vt 1.315723 0.879114
vt 1.316591 0.868882
vt 1.342336 0.855316
vt 1.124238 1.662114
vt 1.163594 1.647945
vt 1.132504 1.670930
vt 1.125682 1.673363
vt 1.124220 1.643840
vt -0.550219 -0.928727
vt -0.550219 -0.921369
vt -0.556479 -0.927019
vt -0.767432 1.952704
vt -0.782186 1.938880
vt -0.782186 1.846249
vt -0.742741 1.878299
vt -0.743132 1.881940
vt -0.748461 1.931333
vt -0.757472 1.961954
vt -0.750584 1.951120
vt -0.753177 1.962215
vt 0.144790 1.031985
vt 0.099333 1.086409
vt 0.099333 1.004679
vt -1.083003 2.179533
vt -1.076737 2.181037
vt -1.075530 2.187449
vt -1.068199 2.226722
vt -1.132956 2.273670
vt -1.132956 2.182511
vt 2.285866 -1.190664
vt 2.242269 -1.145575
vt 2.236562 -1.182224
vt 2.285871 -1.194344
vt 2.290792 1.736461
vt 2.278505 1.764961
vt 2.281238 1.741586
vt 2.284224 1.782681
vt 2.276269 1.783905
vt 1.452188 -1.003716
vt 1.480221 -1.003716
vt 1.478060 -0.957639
vt 1.454328 -0.980204
vt 1.453246 -0.992071
vt 1.456721 -0.953661
vt 2.243081 -1.140306
vt 2.285853 -1.150949
vt 2.285822 -1.130023
vt 2.300086 1.723207
vt 2.285871 -1.120316
vt 2.275801 -1.121471
vt 2.276551 1.740872
vt 2.276269 1.713188
vt 1.463776 -0.945987
vt 1.457338 -0.945603
vt -0.081652 -0.536081
vt -0.088384 -0.534750
vt -0.096604 -0.558392
vt -0.081640 -0.556760
vt -0.081636 -0.541692
vt -0.081636 -0.563670
vt -0.091207 -0.566016
vt 2.232274 1.228077
vt 2.232280 1.223893
vt 2.240695 1.229349
vt 2.232274 1.273285
vt 2.277811 1.277438
vt 2.269963 1.302862
vt 2.267426 1.310513
vt 2.261556 1.310504
vt 2.281301 1.266065
vt 2.238597 1.310361
vt 2.246360 1.233020
vt 2.284727 1.254903
vt 2.245776 1.310467
vt 2.232374 1.308228
vt 2.232287 1.297105
vt 1.138663 -0.959260
vt 1.153322 -1.006769
vt 1.162704 -1.006769
vt 1.176698 -1.006718
vt 1.184673 -0.953366
vt 1.173239 -0.943888
vt 1.164371 -0.943819
vt 0.235094 2.076721
vt 0.235094 2.035496
vt 0.235127 2.029557
vt 0.239804 2.028777
vt 0.244479 2.051842
vt 0.248249 2.070540
vt 0.323917 1.300632
vt 0.349711 1.313374
vt 0.324166 1.306044
vt 0.323690 1.351523
vt -0.930308 0.765276
vt -0.923419 0.765441
vt -0.929706 0.768382
vt -0.925229 0.791541
vt -0.918619 0.807486
vt -0.921005 0.813458
vt 0.323236 1.296681
vt -0.927136 0.735293
vt -0.920662 0.741131
vt -0.933757 0.750304
vt -0.936329 0.739085
vt 0.358152 1.338688
vt 0.359905 1.349660
vt 0.357927 1.352110
vt 0.323236 1.390140
vt -0.931704 0.759268
vt -0.918619 0.733143
vt 0.345600 -0.547307
vt 0.339492 -0.535832
vt 0.339492 -0.552158
vt 1.533656 -0.643907
vt 1.535156 -0.646413
vt 1.554398 -0.649865
vt 1.604954 -0.635388
vt 1.608647 -0.592522
vt 1.607137 -0.590182
vt 1.595638 -0.572896
vt 1.584536 -0.556684
vt 1.542528 -0.575698
vt 1.535711 -0.589726
vt 1.540582 -0.623751
vt 1.608264 -0.599224
vt 0.468398 -0.959346
vt 0.467948 -0.955459
vt 0.464594 -0.960645
vt 0.498870 -0.922207
vt 0.489219 -0.924997
vt 0.498870 -0.958774
vt 1.606940 -0.621788
vt 1.607699 -0.609230
vt 1.607975 -0.634369
vt 1.608647 -0.628336
vt 2.274339 0.488300
vt 2.274644 0.493710
vt 2.274644 0.539190
vt 2.274595 0.577811
vt 2.255841 0.582109
vt 2.251832 0.577566
vt 2.237501 0.538691
vt 2.237145 0.514437
vt 2.268546 0.480717
vt 2.273615 0.484356
vt 2.151928 2.105203
vt 2.134942 2.090234
vt 2.169675 2.060092
vt 2.182635 2.017721
vt 2.114007 1.941318
vt 0.805494 0.111621
vt 0.799034 0.377728
vt 0.764929 0.334154
vt 0.732220 0.248543
vt 1.137771 -0.941325
vt 1.232297 -0.850102
vt 1.294957 -0.742254
vt 1.169950 -0.649990
vt 2.142679 2.128705
vt 2.114007 2.138074
vt 0.875948 0.475961
vt 0.898281 0.461969
vt 0.877821 0.478349
vt 0.553403 1.043197
vt 0.514984 1.012349
vt 0.515305 0.873690
vt 0.517188 0.871198
vt 0.564624 0.883345
vt 0.568772 1.055519
vt 0.540620 0.840164
vt 1.135443 -0.640637
vt 1.135443 -0.943584
vt 0.542623 0.837502
vt 0.551917 0.824391
vt 0.568772 0.844784
vt 2.151632 0.262775
vt 2.210635 0.097154
vt 2.210731 0.155106
vt 2.210731 0.285699
vt 2.210706 0.288870
vt 2.194474 0.289670
vt 2.191316 0.287797
vt 2.154581 0.264647
vt 1.296658 1.247057
vt 1.296658 0.911925
vt 1.377867 0.996897
vt 1.415411 1.084785
vt 1.414667 1.260599
vt 1.329910 0.324244
vt 1.329239 0.162698
vt 1.353521 0.140315
vt 1.400125 0.097421
vt 1.444450 0.097154
vt 1.444450 0.427898
vt 1.395736 0.440076
vt 1.376257 0.444891
vt -1.158761 1.224801
vt -1.136426 1.223678
vt -1.136426 1.387874
vt -1.166694 1.260044
vt -1.167434 1.256886
vt 0.873066 0.115203
vt 0.898281 0.136742
vt -0.606791 1.427565
vt -0.546975 1.418725
vt -0.584012 1.512784
vt -0.606148 1.523335
vt -0.612750 1.451810
vt 1.991480 2.152936
vt 1.991480 2.236428
vt 1.940591 2.278695
vt 1.938759 2.191738
vt -0.568513 1.520022
vt -0.599635 1.399297
vt -0.464382 1.401575
vt -0.453104 1.455414
vt -0.597286 1.534824
vt -0.600338 1.530921
vt -0.453816 1.608425
vt -0.578573 1.558586
vt -0.442380 1.507230
vt -0.442380 1.607444
vt 2.115783 1.546662
vt 2.108226 1.493023
vt 2.165082 1.442462
vt 2.165082 1.684357
vt 2.123228 1.598202
vt -0.942593 1.319655
vt -0.917808 1.395303
vt -0.922953 1.403607
vt -0.925695 1.407884
vt -0.942593 1.433928
vt 1.758988 1.243002
vt 1.845837 1.235712
vt 1.861080 1.261106
vt 1.873983 1.282939
vt 1.873520 1.397226
vt 1.770126 1.483224
vt 1.758988 1.485700
vt -0.936741 0.492377
vt -0.929006 0.429451
vt -0.925667 0.496533
vt 0.595470 -0.859128
vt 0.595470 -0.659603
vt 0.577270 -0.919070
vt 1.626636 1.427377
vt 1.744490 1.485700
vt 1.617647 1.479575
vt 1.627944 1.419830
vt 1.758988 1.478044
vt 1.635803 1.373986
vt 1.718774 1.386723
vt -1.009958 0.476305
vt -1.132956 0.199976
vt -0.925667 0.214131
vt -1.096810 0.156848
vt -1.141133 1.974199
vt -1.138501 1.987091
vt -1.195184 2.134633
vt -1.195184 1.893430
vt -1.179617 1.900148
vt -1.136344 1.997077
vt -1.171072 2.113708
vt 0.561871 -0.635375
vt 0.457913 -0.603428
vt 0.447631 -0.604930
vt 0.422996 -0.643507
vt 0.392032 -0.831111
vt 0.376861 -0.715868
vt 0.394311 -0.853012
vt 0.399515 -0.859043
vt -1.090698 0.380188
vt 0.453022 -0.921320
vt 2.047838 -1.232939
vt 2.069950 -1.249385
vt 2.104333 -1.069966
vt 2.041305 -1.072987
vt 2.032118 -1.206069
vt 2.054324 -1.244023
vt 2.060044 -1.252203
vt 2.069139 -1.265198
vt 2.096569 -1.304372
vt 2.104333 -1.292757
vt 2.138423 -0.290674
vt 2.144667 -0.245102
vt 2.145672 -0.237594
vt 2.152717 -0.185690
vt 2.084839 -0.179533
vt 2.078240 -0.179025
vt 2.078240 -0.351204
vt 1.402686 -0.075025
vt 1.402686 0.097154
vt 1.379240 0.094223
vt 1.238899 0.012762
vt 1.237845 -0.168823
vt 1.367480 -0.115760
vt 1.891757 0.315971
vt 1.900189 0.310447
vt 1.910594 0.315823
vt 1.935815 0.328891
vt 1.935815 0.510479
vt 1.857772 0.475229
vt 1.816088 0.456108
vt 1.816010 0.437721
vt 1.837950 0.351630
vt 1.878357 0.324833
vt 0.470252 -0.189667
vt 0.470252 -0.199883
vt 0.470401 -0.213041
vt 0.478261 -0.196685
vt 1.631423 1.260599
vt 1.691540 1.275425
vt 1.617647 1.300473
vt 2.162535 1.720052
vt 2.206120 1.715245
vt 2.199167 1.865897
vt 2.169544 1.844398
vt -1.026840 -0.512133
vt -0.975237 -0.590874
vt -0.936638 -0.581288
vt -0.938342 -0.560225
vt -0.936357 -0.584711
vt -0.965781 -0.597663
vt -0.935843 -0.590932
vt -0.981703 -0.661250
vt -0.929618 -0.627352
vt -0.304813 -1.013041
vt -0.503794 -1.293690
vt -0.497074 -1.304372
vt -0.340079 -1.304372
vt -0.287835 -1.209961
vt -0.298180 -1.023387
vt 2.222340 1.713189
vt 2.222340 1.882998
vt -0.307538 -1.009747
vt -0.514678 -1.280519
vt -0.522634 -1.270981
vt -0.363931 -0.942170
vt -0.530303 -1.261824
vt -0.939465 -1.113733
vt -0.992587 -1.024468
vt -1.279323 -1.231971
vt -1.276935 -1.236077
vt -1.270408 -1.247273
vt -1.028839 -1.304140
vt -0.920254 -1.145938
vt -0.962433 -1.292330
vt -0.915575 -1.173016
vt -0.914767 -1.155074
vt -0.964345 -1.304372
vt -1.019091 -0.868116
vt -1.026840 -0.876260
vt -1.015016 -0.869700
vt -1.243594 -1.293060
vt -1.232643 -1.304372
vt -0.375227 -0.928727
vt -0.399335 -0.955726
vt -0.532855 -1.258787
vt -0.541431 -1.249687
vt -1.159880 -0.959359
vt -1.284642 -0.881395
vt -1.299649 -0.907375
vt -1.303150 -0.966270
vt -1.258449 -0.886585
vt -1.281317 -0.876260
vt -0.985904 -0.852929
vt -0.916292 -0.705177
vt -1.013719 -0.988803
vt -1.126921 -0.971066
vt -1.283039 -1.225551
vt -1.283752 -1.222126
vt -1.297413 -1.153955
vt -1.310357 -1.089052
vt -0.154752 1.355019
vt -0.154752 1.251143
vt -0.154713 1.213642
vt -0.154671 1.202986
vt -0.104279 1.279655
vt -0.097692 1.319409
vt -0.092833 1.350875
vt -0.094807 1.364232
vt -0.105701 1.373296
vt -0.113837 1.379644
vt -0.121742 1.385657
vt -0.124395 1.387623
vt -0.135364 1.390874
vt -0.154672 1.396474
vt 0.941283 1.574481
vt 0.941283 1.394933
vt 0.986168 1.512636
vt -0.441872 0.839839
vt -0.441872 0.427826
vt -0.416862 0.428668
vt -0.406114 0.439586
vt -0.379550 0.483190
vt -0.373082 0.493854
vt -0.370715 0.497765
vt -0.367029 0.503882
vt -0.366214 0.507249
vt -0.350455 0.574293
vt -0.335510 0.638128
vt -0.336201 0.820620
vt -0.348509 0.847807
vt -0.351266 0.853209
vt -0.364514 0.852910
vt -0.430691 0.849635
vt -0.433892 0.849365
vt 0.599007 -0.940237
vt 0.761202 -0.943584
vt 0.761202 -0.531570
vt 0.600634 -0.656460
vt 1.569466 1.142181
vt 1.542148 1.102995
vt 1.541489 0.958122
vt 1.559078 0.930670
vt 1.561939 0.926250
vt 1.567141 0.918305
vt 1.599846 0.916165
vt 1.669749 0.911924
vt 1.669749 1.195707
vt 1.579971 1.156671
vt -0.498645 1.955210
vt -0.612376 2.005968
vt -0.612750 1.913918
vt -0.601768 1.896890
vt -0.498645 1.810316
vt -0.528632 -1.082492
vt -0.545487 -1.118972
vt -0.556479 -1.233753
vt 0.934062 1.832596
vt 0.931588 1.829320
vt 0.927438 1.685832
vt 0.967844 1.657549
vt -0.865727 1.993304
vt -0.832832 2.034278
vt -0.914767 2.148069
vt -0.914767 1.994362
vt 0.971897 1.654713
vt 0.983713 1.646453
vt 0.983713 1.822406
vt 0.961246 1.868575
vt 0.943551 1.845160
vt -0.851932 1.993020
vt -0.821350 2.009198
vt 0.837738 0.986460
vt 0.888806 0.927632
vt 0.983634 1.106270
vt 0.813907 1.086588
vt 0.944347 1.164220
vt 0.795794 1.164220
vt 0.996057 1.132644
vt 0.986377 1.140227
vt 0.971702 1.151588
vt 0.952500 1.164205
vt 0.902482 0.911924
vt 0.932752 0.948960
vt 1.682127 2.224151
vt 1.682127 2.113441
vt 1.686170 2.114354
vt 1.701672 2.117872
vt 1.730554 2.124621
vt 1.720584 2.145611
vt 1.169609 1.674728
vt 1.169609 1.398851
vt 1.287614 1.412343
vt 1.287146 1.523051
vt 1.221126 1.608637
vt 1.727605 -1.290972
vt 1.732502 -1.292197
vt 1.781343 -1.304372
vt 1.781343 -1.032106
vt 1.673812 -1.134053
vt 1.667921 -1.139657
vt 1.667572 -1.223752
vt 1.677533 -1.237703
vt 1.713332 -1.287303
vt -0.188274 1.711551
vt -0.174182 1.679955
vt -0.174182 1.765430
vt -0.181774 1.742515
vt -0.185748 1.723892
vt 1.875798 -0.935597
vt 1.884135 -0.943584
vt 1.884135 -0.685932
vt 1.842821 -0.679677
vt 1.545741 -1.275670
vt 1.554613 -1.283283
vt 1.667572 -1.304372
vt 1.667572 -1.026016
vt 1.568425 -1.129781
vt -1.044096 1.875780
vt -1.113690 1.898127
vt -1.132956 1.879569
vt -1.016177 1.857306
vt -1.065325 1.890049
vt -1.016177 2.017711
vt -1.026722 1.907671
vt 1.778357 -0.807814
vt 1.785198 -0.848866
vt -0.530320 2.005968
vt -0.530320 2.165259
vt -0.537316 2.155953
vt -0.612750 2.054303
vt 2.064826 1.963842
vt 2.114007 2.073038
vt 2.026851 2.112215
vt 2.020782 2.074857
vt 0.325709 -0.922596
vt 0.338992 -0.944457
vt 0.356582 -0.972939
vt 0.368143 -0.976184
vt 0.368143 -0.922799
vt -0.914665 -0.787832
vt -0.593806 -0.911098
vt -0.593710 -0.550541
vt -0.612224 -0.540626
vt -0.914247 -0.723806
vt 0.916183 -0.425629
vt 0.787154 -0.345280
vt 0.885627 -0.475462
vt 0.785884 -0.503658
vt 0.856579 -0.533744
vt 0.787197 -0.525161
vt 0.826109 -0.549331
vt 0.775081 -0.325133
vt 0.599483 -0.314971
vt 0.599460 -0.499829
vt 0.784733 -0.383121
vt 0.783418 -0.370064
vt 0.948119 -0.385075
vt 0.951657 -0.371828
vt 0.921147 -0.314364
vt 0.599007 -0.531570
vt 0.611959 -0.529422
vt 0.785884 -0.394435
vt 0.171137 -0.741494
vt 0.178895 -0.728522
vt 0.073839 -0.551425
vt 0.034539 -0.546806
vt 0.019144 -0.554136
vt 0.013754 -0.556702
vt 0.084155 -0.874512
vt 0.094728 -0.869357
vt 0.885977 -0.248147
vt 0.834746 -0.220299
vt 0.786922 -0.254883
vt 0.809017 -0.312160
vt -0.761726 -0.595015
vt -0.850376 -0.646226
vt -0.914001 -0.704024
vt 0.048680 -0.540027
vt 0.067217 -0.538179
vt 0.060060 -0.534570
vt -0.001892 -0.564003
vt 0.080241 -0.876338
vt -0.013288 -0.569319
vt 0.001977 -0.912842
vt 0.785884 -0.193793
vt 1.237845 -0.183630
vt 1.237845 -0.144292
vt 1.226892 -0.157983
vt -0.882096 -0.869494
vt -0.593710 -0.921320
vt -0.914767 -0.833637
vt -0.017682 -0.571369
vt -0.027130 -0.575776
vt -0.027130 -0.890669
vt -0.016202 -0.921320
vt 1.219780 -0.166764
vt -0.130164 1.400934
vt -0.126134 1.406002
vt -0.114659 1.420701
vt -0.104903 1.438663
vt -0.097056 1.453144
vt -0.130091 1.753565
vt -0.167357 1.770439
vt -0.167357 1.409882
vt -0.167260 1.399660
vt -0.158675 1.399887
vt -0.154685 1.400005
vt -0.144339 1.400325
vt 1.709336 2.113441
vt 1.667825 2.109339
vt 1.624307 2.104735
vt 1.617647 1.963072
vt 1.625330 1.953342
vt 1.628548 1.953299
vt 1.692961 1.953299
vt 1.707927 1.953324
vt 1.710975 1.965117
vt 1.715578 1.983409
vt 1.713525 2.029368
vt 1.710404 2.093599
vt 0.819844 1.827617
vt 0.807950 1.822094
vt 0.797689 1.817202
vt 0.797342 1.801419
vt 0.795794 1.646453
vt 0.927438 1.699201
vt 0.927438 1.790692
vt 0.927223 1.869928
vt -0.627737 0.595662
vt -0.627373 0.549868
vt -0.614391 0.664549
vt -0.627737 0.678969
vt -0.110245 0.169482
vt -0.109613 0.201220
vt -0.108551 0.386074
vt -0.108551 0.470815
vt -0.142141 0.465150
vt -0.117463 0.162921
vt 0.760391 -0.243282
vt 0.703772 -0.197477
vt 0.649895 -0.193793
vt 0.599007 -0.230232
vt 1.138663 -1.285148
vt 1.138663 -1.127689
vt 1.047593 -1.242523
vt 1.053053 -1.253124
vt 1.115214 -1.288453
vt 1.043807 -1.235423
vt 1.138069 -1.304372
vt -0.914767 -0.978621
vt -0.898132 -0.921320
vt -0.914738 -0.930502
vt -0.914767 -1.259825
vt -0.576126 -1.150950
vt -0.576829 -1.093131
vt -0.642188 -1.019850
vt -0.577009 -1.073467
vt -0.740424 -0.969968
vt 1.033929 -1.216923
vt 1.138229 -1.033092
vt 1.113333 -0.958653
vt 1.079494 -0.972692
vt 1.018441 -1.187934
vt 0.985330 -1.125968
vt 1.010189 -1.002064
vt -0.914665 -1.304372
vt -0.613584 -1.241791
vt -0.914743 -1.277959
vt -0.575450 -1.200788
vt -0.071678 1.537447
vt -0.087443 1.522658
vt -0.088543 1.479284
vt -0.003633 1.361470
vt -0.065036 1.538968
vt 0.033918 1.337949
vt 0.057117 1.376763
vt -0.049658 1.542516
vt -0.556479 -1.058378
vt 0.080680 1.573280
vt 0.080680 1.416200
vt 1.695831 1.100793
vt 1.677046 1.119472
vt 1.669749 1.106304
vt 1.697032 1.063467
vt 1.734388 1.206597
vt 1.739119 1.208830
vt 1.724018 1.201749
vt -0.701632 1.011232
vt -0.697454 1.012531
vt -0.670989 1.020831
vt -0.668283 1.046980
vt -0.666457 1.064935
vt -0.638563 1.343416
vt -0.633824 1.391071
vt -0.653917 1.412199
vt -0.711106 1.430629
vt -0.711106 1.013015
vt 0.732220 0.111620
vt 0.732220 0.529234
vt 0.719872 0.529031
vt 0.710937 0.526502
vt 0.687588 0.519660
vt 0.650947 0.508745
vt 0.572603 0.485348
vt 0.571133 0.232134
vt 0.595972 0.180612
vt 0.620687 0.129847
vt 0.636280 0.123468
vt 1.833005 -0.168823
vt 1.833005 0.084396
vt 1.716288 0.022604
vt 1.716124 -0.016068
vt 2.132406 1.068440
vt 2.104773 1.094765
vt 2.065197 1.027594
vt 2.046756 0.994077
vt 2.132282 0.911925
vt 2.132327 0.918738
vt 2.132406 0.934521
vt -0.632019 -0.036861
vt -0.630282 -0.056449
vt -0.624996 -0.114030
vt -0.620372 -0.163658
vt -0.612750 -0.140726
vt -0.612750 -0.020191
vt 1.769094 0.911924
vt 1.769094 1.222981
vt 1.996914 1.223893
vt 2.041018 1.308182
vt 2.041018 1.441900
vt 1.994126 1.477030
vt 1.966827 1.417482
vt 2.010391 1.405270
vt 1.993289 1.368350
vt 1.998097 1.485700
vt -0.628541 0.615972
vt -0.684550 0.743343
vt -0.719146 0.500520
vt -0.685952 0.440565
vt -0.628539 0.524910
vt -0.813596 0.596654
vt -0.914767 0.764680
vt -0.900059 0.630869
vt -0.835655 0.517294
vt -0.751426 0.769963
vt -0.729232 0.763416
vt 2.147619 -0.650212
vt 2.142771 -0.626159
vt 2.176371 -0.620710
vt 2.184306 -0.601447
vt 2.174370 -0.551012
vt 2.122266 -0.588343
vt 2.122266 -0.729623
vt 2.187734 -0.618851
vt -0.728217 0.739022
vt -0.726207 0.762503
vt -0.726207 0.577133
vt -0.842898 0.435724
vt -0.871489 0.431500
vt -0.692129 0.431500
vt -0.652605 0.727549
vt -0.675134 0.763585
vt -0.639538 0.706667
vt -0.628539 0.689623
vt 2.204616 0.776334
vt 2.196968 0.765878
vt 2.241801 0.724177
vt 2.257285 0.709789
vt 2.257285 0.847494
vt 1.963163 0.925047
vt 1.983240 0.943110
vt 1.963195 1.021311
vt 1.878378 1.130720
vt 1.878378 0.911924
vt 1.954917 0.923530
vt 1.561234 0.049972
vt 1.516819 0.082578
vt 1.423488 0.082379
vt 1.403638 0.060935
vt 1.402686 -0.104908
vt 1.473577 -0.133539
vt 1.561234 -0.168823
vt 2.157278 0.302440
vt 2.157278 0.468286
vt 2.094780 0.404686
vt 2.084342 0.383280
vt 2.082936 0.380348
vt 2.118990 0.340411
vt 2.139893 0.317414
vt -0.644770 -0.182423
vt -0.644769 -0.276231
vt -0.599321 -0.318145
vt -0.599321 -0.179737
vt -0.610811 -0.180404
vt -0.914767 0.499386
vt 0.410943 0.123323
vt 0.412522 0.112080
vt 0.453588 0.111621
vt 0.422121 0.144360
vt -0.047599 0.106171
vt -0.053785 0.083303
vt 0.075635 -0.165619
vt 0.112732 -0.147555
vt 0.140762 0.133500
vt -0.011718 0.136572
vt 0.147835 -0.147410
vt 0.147835 0.056919
vt 0.480684 0.128747
vt 0.426393 0.152479
vt 0.429682 0.158778
vt 0.496742 0.150985
vt 0.571133 0.288222
vt 0.565773 0.302788
vt 0.416472 0.171189
vt 0.540620 0.371517
vt 0.473331 0.463666
vt 0.409245 0.177961
vt 0.425617 0.529002
vt 0.405570 0.513767
vt 0.405570 0.181394
vt -0.301160 -0.891301
vt -0.291942 -0.886853
vt -0.291942 -0.582486
vt -0.437978 -0.552124
vt -0.507480 -0.584735
vt -0.543132 -0.601540
vt -0.562289 -0.610655
vt -0.593710 -0.751549
vt -0.539801 -0.804530
vt -0.077987 -0.080314
vt -0.088544 -0.050321
vt -0.074206 -0.091047
vt 0.043993 -0.188759
vt 0.022036 0.165173
vt 0.019298 0.162853
vt -0.571502 -0.624315
vt 2.127433 -0.950402
vt 2.032118 -0.944159
vt 2.032118 -1.069966
vt 2.127280 -0.957983
vt 1.146913 1.674728
vt 1.146913 1.787619
vt 1.123083 1.776912
vt 1.139201 1.682632
vt -0.393651 -0.531570
vt 1.778357 -0.856015
vt 1.777172 -0.841602
vt 1.765062 -0.823200
vt 1.742433 -0.789081
vt 1.698228 -0.722689
vt 1.669885 -0.680546
vt 1.660884 -0.678834
vt 1.660884 -0.936898
vt 1.699534 -0.940421
vt 1.732935 -0.943336
vt 1.735884 -0.943584
vt 0.637192 1.401690
vt 0.609665 1.324934
vt 0.571133 1.216625
vt 0.571133 1.144114
vt 0.710893 1.129521
vt 0.734421 1.132404
vt 0.732923 1.390462
vt -0.612807 0.362181
vt -0.641488 0.428779
vt -0.641488 0.355063
vt -0.641448 0.339434
vt -0.633890 0.345407
vt 1.123694 1.863876
vt 1.137534 1.892644
vt 1.142830 1.903737
vt 1.146914 1.912338
vt 1.134206 1.924449
vt 1.127251 1.931052
vt 1.123715 1.934398
vt 1.123694 1.924163
vt 0.332867 -0.552158
vt 0.332867 -0.534207
vt 0.327021 -0.547330
vt -0.374054 -0.921320
vt -0.355403 -0.917612
vt 1.097392 2.179559
vt 1.091624 2.189214
vt 1.090717 2.176053
vt 1.119771 2.142123
vt 2.301150 0.379669
vt 2.294182 0.385233
vt 2.301137 0.368432
vt -1.138088 0.558145
vt -1.138068 0.581515
vt -1.148914 0.558693
vt 1.090717 1.972179
vt 1.145499 2.099937
vt 2.268709 0.356530
vt 2.280960 0.395803
vt 2.276021 0.399765
vt 2.301150 0.302440
vt -1.138068 0.856576
vt -1.184923 0.882836
vt -1.233973 0.873631
vt -1.138112 0.837571
vt -1.230506 0.901760
vt -1.226272 0.905047
vt -1.242114 0.892614
vt -1.283999 0.825498
vt 1.436769 1.220037
vt 1.422774 1.213557
vt 1.415411 1.210095
vt 1.415411 0.911925
vt 1.541489 0.993312
vt 1.522210 1.149707
vt 1.465403 1.212196
vt 1.448277 1.219685
vt 1.442023 1.222367
vt -1.014790 -0.207777
vt -1.014747 -0.227160
vt -1.014790 -0.488299
vt -1.014771 -0.512133
vt -1.004064 -0.507664
vt -0.962556 -0.490218
vt -0.916292 -0.464509
vt -0.942913 -0.167490
vt -0.953379 -0.173299
vt -1.310357 0.670647
vt -0.330824 1.995757
vt -0.330824 1.825815
vt -0.229059 1.890668
vt -0.320720 1.997713
vt 1.452998 0.098872
vt 1.552311 0.212682
vt 1.562577 0.311533
vt 1.453296 0.424481
vt 1.444450 0.422605
vt -0.252699 1.981693
vt -0.217560 1.925792
vt -0.219470 1.944795
vt -0.305848 2.000619
vt -0.214818 1.899697
vt 1.344795 -1.281815
vt 1.395961 -1.065812
vt 1.387004 -1.055484
vt 1.299973 -1.303592
vt 1.311586 -1.304372
vt 1.295980 -0.959312
vt 1.295980 -1.303326
vt 1.303954 -0.959947
vt 1.384474 -1.254328
vt 1.416219 -1.222463
vt -0.925309 0.292677
vt -0.915097 0.286339
vt -0.915097 0.296576
vt -0.915141 0.311646
vt -0.922709 0.297540
vt 0.327021 -0.543764
vt 0.320004 -0.535653
vt -1.150520 1.628782
vt -1.150615 1.645285
vt -1.294882 1.704140
vt -1.310357 1.710067
vt 1.632642 0.663700
vt 1.637136 0.647207
vt 1.669675 0.529234
vt 1.759381 0.568352
vt 1.759381 0.775741
vt 1.632784 0.694903
vt 1.460165 0.859224
vt 1.465148 0.877661
vt 1.471879 0.903022
vt 1.440673 0.903022
vt -0.525659 -0.928173
vt -0.525659 -0.922359
vt -0.528249 -0.925975
vt -0.272299 -0.930381
vt -0.266292 -0.924628
vt -0.272299 -0.921666
vt -0.533738 -0.927459
vt -0.530648 -0.928173
vt -0.530648 -0.922101
vt -0.257701 -0.930260
vt -0.257701 -0.921541
vt -0.260577 -0.924469
vt -0.536598 -0.928173
vt -0.533738 -0.925457
vt -0.536598 -0.921428
vt -0.273146 -0.926761
vt -0.279581 -0.924381
vt -0.279593 -0.930381
vt -0.272299 -0.930381
vt -0.274420 -0.922000
vt 0.263469 -0.201423
vt 0.266712 -0.200137
vt 0.265803 -0.191024
vt 0.263589 -0.192135
vt 0.263469 -0.197464
vt -0.525658 -0.924467
vt -0.523129 -0.928173
vt -0.523129 -0.922248
vt 0.255468 -0.191440
vt 0.255468 -0.201012
vt 0.259621 -0.199500
vt 0.258814 -0.193163
vt 0.217704 -0.198780
vt 0.219998 -0.191023
vt 0.212949 -0.191023
vt 0.216771 -0.201726
vt 0.332867 -0.546018
vt 0.339492 -0.536623
vt -0.544797 -0.927324
vt -0.540386 -0.928024
vt -0.540386 -0.921428
vt -0.331928 0.483880
vt -0.331928 0.499337
vt -0.335510 0.494440
vt -0.333922 0.486557
vt -0.520925 -0.925879
vt -0.523129 -0.921792
vt 1.963791 -0.977806
vt 1.963937 -0.980690
vt 1.980876 -0.988266
vt 1.981004 -0.983925
vt 1.279919 1.321650
vt 1.277556 1.313090
vt 1.294839 1.297155
vt 1.294839 1.304440
vt 1.981004 -0.944204
vt 1.962767 -0.960053
vt 1.294839 1.359071
vt 1.289998 1.358001
vt 1.286262 1.344570
vt 1.294836 1.373670
vt -1.212165 2.246368
vt -1.245640 2.252408
vt -1.245640 2.184970
vt -1.209265 2.211040
vt -1.205354 2.214264
vt -1.207167 2.222996
vt -1.223652 2.275694
vt -1.245628 2.265871
vt -1.215103 2.260067
vt -1.133525 1.099478
vt -1.151495 1.164233
vt -1.155100 1.177156
vt -1.155100 1.095527
vt -0.845321 2.159140
vt -0.842388 2.157354
vt -0.824374 2.148070
vt -0.824374 2.229710
vt -0.847549 2.235680
vt -0.851048 2.220724
vt -0.846024 2.166383
vt 0.140944 0.581851
vt 0.140944 0.538628
vt 0.144859 0.538146
vt 0.145024 0.545047
vt 0.145760 0.579751
vt -0.331540 0.483880
vt -0.335510 0.470127
vt -0.331540 0.467952
vt -0.613476 2.036859
vt -0.630107 2.008274
vt -0.630721 1.999630
vt -0.613476 1.999830
vt -0.628726 2.025993
vt -0.613487 2.044224
vt 0.402284 0.470877
vt 0.402284 0.448424
vt 0.405570 0.449293
vt 1.715578 2.019442
vt 1.730382 2.020666
vt 1.729855 2.029267
vt 1.728650 2.046895
vt 1.715578 2.065170
vt 0.504927 -0.205890
vt 0.509664 -0.196367
vt 0.504927 -0.189559
vt 0.885717 2.062130
vt 0.893856 2.050812
vt 0.893856 2.091413
vt 0.893856 2.174405
vt 0.881845 2.163754
vt 0.872809 2.130927
vt 0.880979 2.070434
vt 0.863994 2.095311
vt 0.877247 2.075846
vt 0.879140 2.073089
vt 0.220353 2.052983
vt 0.216832 2.067512
vt 0.209398 2.071809
vt 0.218822 2.030106
vt 0.225770 2.030126
vt 0.222231 2.045239
vt 0.221494 2.048315
vt 0.177250 2.090502
vt 0.175808 2.065866
vt 0.158534 2.102843
vt 0.147836 2.092036
vt 1.515774 -0.613099
vt 1.531986 -0.597762
vt 1.529826 -0.589352
vt 1.515786 -0.605997
vt 1.520524 -0.553303
vt 1.515774 -0.552066
vt 1.523972 -0.566624
vt -0.918617 0.184665
vt -0.915689 0.229672
vt -0.920245 0.227131
vt -0.921918 0.190219
vt -0.922187 0.183951
vt 0.235095 2.028777
vt 0.233962 2.038517
vt 0.233269 2.045887
vt 0.231910 2.048330
vt 0.230513 2.050870
vt 0.220749 2.068799
vt 0.232054 2.104275
vt 0.158450 2.135153
vt 0.158378 2.111585
vt 0.233353 2.138360
vt 0.221438 2.153390
vt 0.196447 2.159887
vt 0.158483 2.148971
vt 0.202895 2.161752
vt -0.923260 0.164760
vt -0.915689 0.154019
vt 0.232251 2.153318
vt 0.235095 2.151037
vt -0.182640 2.142267
vt -0.185465 2.139926
vt -0.185465 2.056208
vt -0.185409 2.015257
vt -0.169233 2.016695
vt -0.126489 2.053376
vt -0.098694 2.080203
vt -0.099561 2.087249
vt -0.106998 2.140667
vt -0.152962 2.153365
vt -0.628086 1.396432
vt -0.633512 1.386126
vt -0.633601 1.333875
vt -0.626112 1.333913
vt -0.618928 1.334249
vt -0.612750 1.381791
vt -0.618030 1.386849
vt -0.633601 1.399297
vt 2.030835 -0.972704
vt 2.019185 -0.946160
vt 2.019185 -0.994588
vt 1.015682 2.245395
vt 1.015908 2.248879
vt 1.008677 2.243451
vt 1.001916 2.241854
vt 1.016091 2.251782
vt 1.017769 2.279347
vt 0.986573 2.255502
vt 1.012179 2.289971
vt 0.990491 2.291327
vt 0.986573 2.285152
vt 1.002573 2.307180
vt 0.997960 2.303040
vt 1.727740 2.019442
vt 1.719944 2.002178
vt 1.715578 1.991454
vt 1.725582 1.960481
vt 1.726643 1.957218
vt 1.727926 1.953299
vt 1.727926 2.006101
vt -0.993106 1.623394
vt -0.989461 1.566872
vt -0.980895 1.542551
vt -0.980869 1.633164
vt -0.128864 2.265286
vt -0.128701 2.242860
vt -0.115467 2.257586
vt -0.128541 2.220559
vt -0.108346 2.231552
vt -0.107082 2.252780
vt -0.987341 1.533861
vt -0.980869 1.526865
vt -0.094477 2.153365
vt -0.088866 2.161386
vt -0.100279 2.202173
vt -0.128648 2.200857
vt -0.128848 2.165293
vt -0.124160 2.161261
vt -0.110760 2.157616
vt -0.107677 2.156795
vt -0.128864 2.162583
vt -0.666548 2.082626
vt -0.656579 2.084028
vt -0.656579 2.180300
vt -0.656634 2.196990
vt -0.670758 2.197808
vt -0.674075 2.197985
vt -0.673656 2.081654
vt -0.693633 2.198898
vt -0.688244 2.079705
vt -0.688553 2.198694
vt -0.742706 2.155454
vt -0.739456 2.130465
vt -0.736046 2.105282
vt -0.695975 2.196886
vt -0.726232 2.170293
vt 2.289940 0.107541
vt 2.295022 0.114948
vt 2.305386 0.130154
vt 2.290939 0.182213
vt 2.277448 0.179764
vt 2.269030 0.178133
vt 2.269030 0.101969
vt 2.282753 0.097154
vt 1.500327 0.909564
vt 1.500208 0.874631
vt 1.500208 0.814888
vt 1.572869 0.837760
vt 1.576939 0.861456
vt 1.545199 0.881713
vt -1.138756 1.520788
vt -1.134398 1.595334
vt -1.144350 1.607233
vt -1.144218 1.513618
vt -1.133396 1.612299
vt -1.144350 1.620242
vt -1.138121 1.501037
vt -0.108551 0.162922
vt -0.090082 0.163522
vt -0.090082 0.287048
vt -0.096432 0.276107
vt -0.107089 0.176740
vt 0.449798 -0.213041
vt 0.449798 -0.189859
vt 0.436295 -0.193526
vt 0.337106 0.644089
vt 0.358635 0.531040
vt 0.356362 0.548785
vt 0.346231 0.626685
vt -0.625962 -0.002092
vt -0.622430 -0.002164
vt -0.620257 0.012900
vt -0.935425 0.496533
vt -0.923370 0.517194
vt -0.914783 0.576704
vt -0.920457 0.597320
vt -0.936329 0.560842
vt -0.923714 0.609036
vt -0.936329 0.619867
vt -0.632601 -0.002079
vt -0.630234 -0.020191
vt -0.632125 0.054691
vt -0.612750 0.065388
vt -0.631997 0.088404
vt -0.632601 0.076251
vt -0.624438 0.096944
vt -0.629987 0.101479
vt -0.090141 0.287048
vt -0.090141 0.405945
vt -0.108551 0.379310
vt -0.101728 0.324033
vt -0.099745 0.308161
vt -0.593761 -0.194252
vt -0.599321 -0.198847
vt -0.594567 -0.318145
vt -0.593761 -0.253482
vt 2.300720 0.547461
vt 2.298150 0.543210
vt 2.274644 0.503857
vt 2.300720 0.480717
vt -0.518783 -0.925571
vt -0.520924 -0.922932
vt -0.520924 -0.928173
vt 1.935689 2.275429
vt 1.936521 2.280410
vt 1.896527 2.228559
vt 1.896657 2.224072
vt 1.937930 2.278404
vt 1.895330 2.270143
vt 1.935717 2.283321
vt 1.914403 2.292769
vt 1.895330 2.301202
vt 2.266505 0.582109
vt 2.285188 0.590192
vt 2.306065 0.599251
vt 2.308165 0.604074
vt 2.305903 0.607037
vt 2.266505 0.658179
vt -0.515763 -0.922932
vt -0.518783 -0.924124
vt -0.515763 -0.926566
vt 0.250807 -0.190839
vt 0.245495 -0.196398
vt 0.246768 -0.199287
vt 0.250807 -0.201429
vt -0.251598 -0.928175
vt -0.254519 -0.922804
vt -0.254519 -0.930241
vt 0.263469 -0.191024
vt 0.259621 -0.196633
vt 0.261757 -0.201012
vt 0.263469 -0.200398
vt -0.332565 0.177384
vt -0.334028 0.169354
vt -0.330905 0.162804
vt -0.330905 0.175400
vt 1.858702 1.220423
vt 1.854949 1.212435
vt 1.852010 1.174219
vt 1.858700 1.198597
vt 1.858700 1.175862
vt 2.299830 0.403655
vt 2.307135 0.399765
vt 2.308722 0.402988
vt 2.268709 0.430452
vt 1.858702 1.172675
vt 1.529383 -0.959303
vt 1.523054 -0.949097
vt 1.510509 -1.003716
vt 1.531204 -1.003716
vt 1.509717 -0.957786
vt 1.506045 -1.003104
vt 1.837324 1.175188
vt 1.528969 -0.949547
vt 0.072948 -0.922096
vt 0.019877 -0.922096
vt 0.021724 -0.980615
vt 0.022521 -0.984130
vt 0.041443 -0.980666
vt 0.061142 -0.976959
vt 0.063900 -0.976407
vt 0.065544 -0.966626
vt 1.105809 -0.197333
vt 1.087866 -0.160376
vt 1.077212 -0.144293
vt 1.077212 -0.203635
vt 1.100918 -0.198776
vt -0.107938 0.405945
vt -0.090141 0.461675
vt -0.107938 0.467979
vt 2.308722 0.465022
vt 2.272291 0.477679
vt -0.916217 -0.865550
vt -0.916217 -0.876260
vt -0.916211 -0.868909
vt 1.476321 1.797363
vt 1.477797 1.806153
vt 1.467476 1.820287
vt 1.451452 1.802330
vt 1.451452 1.797824
vt 1.451452 1.842126
vt -0.613652 0.153823
vt -0.619469 0.109639
vt -0.613652 0.101479
vt -0.613654 0.143401
vt 1.191753 -0.574363
vt 1.184090 -0.604240
vt 1.201657 -0.583741
vt 1.199189 -0.577945
vt 1.153467 -0.549655
vt 1.151761 -0.557292
vt 1.178708 -0.575831
vt -0.632601 0.118607
vt 1.181286 -0.618030
vt 1.184062 -0.616755
vt 1.135444 -0.640637
vt 1.144540 -0.593703
vt 1.206624 -0.640637
vt 1.192956 -0.626115
vt 1.226985 -0.640637
vt 1.229751 -0.638900
vt 1.235798 -0.635082
vt 1.271164 -0.612653
vt 1.273426 -0.606920
vt 1.273770 -0.601207
vt 1.276674 -0.550638
vt 1.206624 -0.550638
vt 1.216929 -0.597065
vt 1.225086 -0.633083
vt 2.288114 2.236629
vt 2.291321 2.259910
vt 2.288799 2.284937
vt 2.283952 2.282895
vt 2.251136 2.204582
vt 2.271477 2.278185
vt 2.251136 2.270512
vt 2.292962 2.241703
vt 2.301079 -0.351204
vt 2.301079 -0.285786
vt 2.264129 -0.272493
vt 2.261655 -0.297393
vt 2.260045 -0.315503
vt -0.335510 0.467952
vt -0.335510 0.427826
vt -0.332594 0.449206
vt -0.330915 0.462329
vt -0.095150 0.520602
vt -0.095150 0.467979
vt -0.090141 0.474605
vt -0.530648 -0.921630
vt -0.530648 -0.928173
vt -0.528249 -0.925848
vt 0.376861 -0.660108
vt 0.178896 -0.552740
vt 0.205240 -0.611878
vt 0.199558 -0.670134
vt 0.197478 -0.692818
vt 1.566649 1.745500
vt 1.524988 1.752340
vt 1.478776 1.792051
vt 1.478776 1.583529
vt 1.613978 1.592606
vt 1.617647 1.639366
vt 1.604012 1.569002
vt 1.612826 1.577943
vt 0.184436 -0.835296
vt -0.617167 1.447223
vt -0.626298 1.625344
vt -0.704740 1.675009
vt -0.712718 1.665173
vt -0.712837 1.477800
vt -0.736350 1.447223
vt -0.712722 1.668437
vt 1.871542 0.841334
vt 1.884239 0.833788
vt 1.925718 0.906032
vt 1.902650 0.903076
vt 0.178916 -0.895758
vt 0.355954 -0.837419
vt 1.858619 0.822112
vt 1.902574 0.781593
vt 1.945196 0.908587
vt 1.961299 0.910701
vt 0.324727 -0.868074
vt 1.961299 0.768536
vt 1.958231 0.740012
vt -0.702324 1.717318
vt 1.912233 0.782486
vt 0.178895 -0.904489
vt 0.305211 -0.921320
vt 2.122266 -0.943584
vt 2.185190 -0.939420
vt 2.182185 -0.752583
vt 2.182125 -0.749329
vt -0.355142 1.190789
vt -0.375154 1.212759
vt -0.440876 1.206389
vt -0.441872 0.954240
vt -0.331340 0.950471
vt -0.331316 1.164431
vt 1.938286 -0.323241
vt 1.934677 -0.383822
vt 1.926499 -0.526598
vt 1.925236 -0.549331
vt 2.008805 -0.549331
vt 2.008128 -0.296375
vt 1.985051 -0.293762
vt 1.963651 -0.305071
vt 1.945896 -0.314869
vt 1.987203 -0.270174
vt 2.029358 -0.270210
vt 2.029358 -0.168823
vt 1.945789 -0.169012
vt 1.942700 -0.227424
vt 1.936854 -0.284693
vt -0.331316 0.889432
vt -0.441832 0.853209
vt 0.766719 2.274193
vt 0.705812 2.278191
vt 0.722955 2.230817
vt 0.728417 2.215956
vt 0.733119 2.207596
vt 0.766719 2.211131
vt 1.843205 0.799222
vt 1.873417 0.733885
vt 1.882658 0.734779
vt 1.126063 0.516810
vt 1.118586 0.508236
vt 1.131636 0.511766
vt 1.197979 -0.187816
vt 1.205598 -0.193331
vt 1.201594 -0.184399
vt 1.082066 0.416957
vt 1.164351 0.320132
vt 1.149339 0.360188
vt 1.158728 0.436465
vt 1.164351 0.482148
vt 1.155561 -0.424780
vt 1.133379 -0.249223
vt 1.208923 -0.359967
vt 1.227523 -0.365099
vt 1.247071 -0.280366
vt -0.905245 0.402644
vt -0.785871 0.401145
vt -0.914664 0.431500
vt -0.914767 0.424403
vt -0.909578 0.420625
vt -0.905785 0.407755
vt 1.110590 -0.415935
vt 1.114623 -0.267178
vt 1.037329 0.354874
vt 1.159525 0.257675
vt 0.251375 2.010802
vt 0.147835 1.927027
vt 0.251371 1.936380
vt 0.248084 1.880169
vt 0.251418 1.885216
vt 1.068705 0.170166
vt 1.149767 0.153734
vt 1.148692 0.142159
vt 1.238367 -0.546353
vt 1.247071 -0.549331
vt -0.877212 0.156450
vt -0.757973 0.184024
vt -0.890373 0.269601
vt 0.218731 1.835593
vt 0.207026 1.818240
vt -0.752697 0.188744
vt 1.151350 0.107399
vt 1.147722 0.131439
vt -1.061183 2.029820
vt -1.061814 2.038797
vt -1.132956 2.024722
vt -1.116272 2.017711
vt -1.060916 2.026407
vt 0.251418 2.028777
vt 0.196364 2.009148
vt -0.680093 0.156450
vt -0.679527 0.172297
vt -1.107309 2.136045
vt -1.127107 2.179532
vt -1.132956 2.179242
vt 1.102437 0.127216
vt 1.152994 0.097154
vt -0.641489 0.296539
vt -0.675035 0.180811
vt -1.132485 2.036433
vt -1.065509 2.093218
vt 0.145977 1.603052
vt 0.145977 1.720279
vt 0.145388 1.858037
vt 0.145336 1.863327
vt 0.069743 1.652132
vt 0.091730 1.573280
vt 0.095830 1.575497
vt 0.132002 1.595207
vt -0.441872 2.122419
vt -0.441872 2.046528
vt -0.441836 1.994356
vt -0.360435 2.003003
vt -0.359787 2.141906
vt -0.378545 2.157374
vt -0.386612 2.163901
vt -0.431609 2.145223
vt -0.439014 2.142059
vt -0.441808 2.140759
vt 2.074593 -0.168823
vt 2.068010 -0.168902
vt 2.029358 -0.169403
vt 2.029358 -0.289214
vt 2.035565 -0.287192
vt 2.044125 -0.261607
vt 2.073004 -0.173730
vt 2.041043 1.234656
vt 2.041018 1.223893
vt 2.124881 1.334625
vt 2.041018 1.413317
vt 2.041693 1.350677
vt 2.041098 1.246280
vt 1.556333 -0.336932
vt 1.676108 -0.336932
vt 1.672344 -0.294350
vt 1.665917 -0.223270
vt 1.664311 -0.195431
vt 1.554874 -0.171143
vt 1.546815 -0.324175
vt 1.552389 -0.331004
vt -0.739979 0.414621
vt 1.493266 1.545275
vt 1.485092 1.517893
vt 1.477797 1.486748
vt 1.493266 1.467306
vt -0.688099 0.911950
vt -0.723079 0.963055
vt -0.914767 0.945365
vt -0.683907 0.829656
vt -0.683228 0.816096
vt -0.818214 0.829934
vt -0.860465 0.834020
vt -0.909360 0.859211
vt -0.914767 0.770159
vt -0.894884 0.769963
vt -0.827902 0.773000
vt 1.936487 0.471259
vt 1.937181 0.415981
vt 2.010102 0.384539
vt 2.035391 0.471259
vt 1.918202 0.065861
vt 1.833005 0.006508
vt 1.850881 -0.086585
vt 1.930364 0.016142
vt 1.902846 -0.101177
vt 1.936854 -0.011385
vt 1.937390 0.394071
vt 1.947475 0.364848
vt 1.892255 -0.129118
vt 1.833005 -0.168823
vt -0.743822 0.993152
vt -0.756203 1.011020
vt -0.862635 1.011232
vt 0.705812 2.028185
vt 0.795382 1.872752
vt 0.795382 2.058338
vt 0.782843 2.061818
vt 0.751152 2.070297
vt 0.722028 2.043237
vt -0.860898 1.609346
vt -0.913800 1.576644
vt -0.914767 1.447222
vt -0.736350 1.465926
vt -0.736350 1.577728
vt -0.736403 1.612491
vt -0.810955 1.639922
vt -0.829600 1.628550
vt 2.122723 2.198327
vt 2.114007 2.187359
vt 2.114008 2.171762
vt 2.123015 2.146912
vt 2.175869 2.138073
vt 2.175869 2.264853
vt 1.617647 2.251146
vt 1.617647 2.137850
vt 1.672853 2.113442
vt 1.677290 2.132311
vt 1.682128 2.150578
vt 1.681994 2.191801
vt 1.655676 2.232446
vt 1.648011 2.245344
vt 2.166305 0.377402
vt 2.198578 0.306426
vt 2.214100 0.302440
vt 2.214880 0.438131
vt 2.214880 0.480579
vt 2.157278 0.442295
vt 2.027501 1.642120
vt 2.038420 1.545533
vt 2.108226 1.580970
vt 2.026967 1.646845
vt 2.072279 1.674749
vt 2.062829 1.678728
vt 2.066261 1.681779
vt 2.026967 1.485700
vt 2.040870 1.523862
vt 0.251418 1.904825
vt 0.356876 1.818240
vt 0.282881 1.998698
vt 0.812451 2.028590
vt 0.795794 1.912493
vt 0.898042 1.869927
vt 0.882338 1.900035
vt 0.889188 1.966304
vt 2.069103 1.684357
vt 0.356876 1.998477
vt 0.294623 2.006814
vt 0.289644 2.007445
vt 0.895680 2.028353
vt 0.898042 2.050812
vt 0.986573 1.972180
vt 0.986573 1.821300
vt 1.123639 1.818427
vt 1.123169 1.917264
vt 1.938965 1.974693
vt 1.947666 1.969979
vt 2.020782 2.101959
vt 1.938788 2.152936
vt 1.938759 2.126415
vt 1.938759 2.053100
vt 1.478777 2.174771
vt 1.528830 2.173873
vt 1.537131 2.236713
vt 1.478777 2.273678
vt 1.520823 2.165009
vt 1.524843 2.165101
vt 1.528173 2.168855
vt 1.478832 2.164116
vt 0.457440 -0.213041
vt 0.459891 -0.189197
vt 0.449798 -0.189197
vt 0.545663 1.301463
vt 0.545663 1.274378
vt 0.547608 1.254153
vt 0.556417 1.164009
vt 0.556854 1.159600
vt 0.567506 1.159702
vt 0.568833 1.296792
vt 1.848837 -0.309773
vt 1.820254 -0.403215
vt 1.863316 -0.534764
vt 1.925236 -0.373946
vt -0.944283 0.538029
vt -0.936329 0.552399
vt -0.941419 0.641017
vt -0.944855 0.662469
vt -1.064719 0.814598
vt 0.205560 0.351174
vt 0.405570 0.118627
vt 0.405570 0.369381
vt 0.239589 0.390210
vt -0.976231 0.501130
vt -0.965406 0.500003
vt -0.962178 0.505746
vt -1.132955 0.552167
vt -0.967927 0.496533
vt 0.755396 0.803052
vt 0.571529 0.803052
vt 0.571132 0.800735
vt 0.580882 0.793784
vt 0.795794 0.771338
vt 1.238153 1.821780
vt 1.287615 1.761177
vt 1.287075 1.830472
vt 1.206418 1.719322
vt 0.325141 0.410811
vt 0.320896 0.127141
vt -0.330824 0.102410
vt -0.310841 0.052904
vt -0.276652 0.162506
vt 0.415506 -0.216483
vt 0.413157 -0.214241
vt 0.385551 -0.213041
vt 0.385412 -0.228655
vt 0.384811 -0.314221
vt 0.384811 -0.469832
vt 0.387820 -0.473968
vt 0.430188 -0.531570
vt 0.448832 -0.522212
vt 0.599007 -0.445626
vt 0.596766 -0.402220
vt 0.595366 -0.375666
vt -0.156818 0.060863
vt -0.123031 0.111508
vt -0.162176 0.050631
vt -0.330824 -0.109395
vt -0.307499 -0.122154
vt -0.153136 -0.021794
vt 0.794609 0.690281
vt 0.681538 0.615637
vt 0.699445 0.537195
vt 0.710345 0.529233
vt 0.752599 0.560939
vt 0.650321 0.696106
vt 0.659842 0.647057
vt 0.662367 0.624988
vt 1.163904 1.869947
vt 1.146914 1.868750
vt 1.146914 1.674728
vt 0.215527 0.376948
vt 2.020782 1.969979
vt 1.999363 1.966565
vt 1.941308 1.786088
vt 2.020689 1.954365
vt 0.280797 0.111620
vt 0.204487 0.348966
vt 0.147835 0.170309
vt 2.048705 0.606436
vt 2.039992 0.509548
vt 2.122947 0.480718
vt 2.122828 0.649294
vt 2.112354 0.672804
vt 2.051434 0.628191
vt 2.122947 0.670154
vt -1.132955 0.784825
vt 0.794514 0.668979
vt 0.755605 0.563197
vt 2.020333 1.868799
vt 2.020782 1.713188
vt 1.146913 2.010821
vt 1.146913 1.873586
vt 1.277833 1.869946
vt 1.270164 1.928806
vt 1.264399 1.957468
vt 1.244824 1.967969
vt 1.199094 1.988097
vt 2.116658 -0.688932
vt 2.116658 -0.557962
vt 2.021181 -0.558323
vt 2.016381 -0.619267
vt 2.011671 -0.680284
vt 2.093465 -0.691169
vt 2.112281 -0.692436
vt 0.347907 2.007445
vt 0.344957 2.134945
vt 0.330305 2.137373
vt 0.297400 2.142603
vt 0.291558 2.143197
vt 0.288191 2.139149
vt 0.270260 2.080687
vt 0.251418 2.018954
vt 0.252428 2.007445
vt 1.932748 -0.583370
vt 1.931069 -0.581724
vt 1.921267 -0.603250
vt 1.884135 -0.692325
vt 2.011671 -0.692436
vt 2.011671 -0.555200
vt 1.944015 -0.579319
vt 0.639257 0.751934
vt -0.269375 -0.143011
vt -0.144169 -0.094271
vt 0.642100 0.603917
vt 0.598104 0.564073
vt 0.596354 0.558746
vt -0.091017 0.159455
vt -0.099626 0.162922
vt -0.711106 1.237810
vt -0.713065 1.240861
vt -0.891805 1.201381
vt -0.873271 1.068706
vt -0.724633 1.011232
vt -0.715179 1.036828
vt -0.720575 1.052422
vt -0.751239 1.165213
vt -0.752608 1.170246
vt -0.711106 1.025030
vt 0.154473 -0.009344
vt 0.376174 -0.188321
vt 0.407795 -0.188759
vt 0.396786 -0.003399
vt 0.160520 0.068916
vt 0.147835 -0.003981
vt 1.812977 -1.128259
vt 1.860288 -1.180863
vt 1.857530 -1.133084
vt 1.836133 -1.304372
vt 1.862936 -1.226860
vt -0.914768 1.157292
vt 0.192792 0.083473
vt 0.407795 0.075859
vt 0.224511 0.097016
vt 1.856759 -1.119833
vt 1.858812 -1.062878
vt 1.204907 -0.166388
vt 1.193873 -0.145806
vt 0.259612 0.111620
vt -0.708555 1.897059
vt -0.724947 1.869517
vt -0.742706 1.838984
vt -0.725406 1.763785
vt -0.714302 1.717318
vt -0.617167 1.727882
vt -0.617167 1.926304
vt -0.691099 1.924969
vt 1.352397 0.534032
vt 1.361734 0.529234
vt 1.379106 0.562670
vt 1.379106 0.846806
vt 1.379101 0.855316
vt 1.242747 0.688221
vt 1.243613 0.581408
vt 1.247732 0.579655
vt 1.340060 0.540452
vt -1.230657 2.078154
vt -1.230657 2.184970
vt -1.292699 2.136445
vt -1.310357 2.052605
vt -1.308292 2.050550
vt 1.741368 2.195899
vt 1.769519 2.220959
vt 1.796608 2.245121
vt 1.733555 2.273446
vt 1.733555 2.188969
vt 1.862936 -0.971673
vt 1.781344 -1.088277
vt 2.165081 1.711457
vt 2.186329 1.603601
vt 2.234347 1.711457
vt 0.505124 1.435317
vt 0.567097 1.592803
vt 0.505124 1.642747
vt 0.520802 1.403328
vt 0.505180 1.390140
vt 1.959918 0.670818
vt 2.019672 0.485625
vt 2.039971 0.480718
vt 2.039990 0.498161
vt 2.039990 0.733884
vt 0.962097 0.899244
vt 0.974392 0.885453
vt 0.974392 0.910548
vt 1.792949 -0.504121
vt 1.820254 -0.296569
vt 1.701987 -0.296569
vt 1.761205 -0.526842
vt 1.765607 -0.543877
vt 1.785640 -0.549331
vt 0.783195 0.108496
vt 0.764232 0.101683
vt 0.842432 -0.013704
vt 0.844431 0.068065
vt 0.824310 0.077737
vt 0.743942 -0.065039
vt 0.737625 -0.066745
vt 0.841325 -0.058899
vt 0.712731 -0.154137
vt 0.732081 -0.173431
vt 0.838542 -0.084674
vt 0.744158 -0.185438
vt 0.765391 -0.188760
vt 0.769734 -0.186102
vt 0.830620 -0.157860
vt -1.134844 0.961054
vt -1.155100 1.002470
vt -1.154392 0.973870
vt 0.639565 0.062300
vt 0.656122 0.019614
vt 0.731438 -0.058125
vt 0.643683 0.063373
vt 0.724280 -0.080609
vt 0.709726 -0.151072
vt 0.669547 -0.096499
vt -1.150665 0.905047
vt -1.153956 0.950597
vt -1.155100 0.914859
vt 0.643360 -0.043089
vt 0.639565 -0.035290
vt 0.666407 -0.090107
vt 0.109015 0.999967
vt 0.099333 0.797113
vt 0.111533 0.823202
vt 0.130971 0.864979
vt 0.133845 0.871431
vt 0.144024 0.950912
vt 0.140396 0.956058
vt 0.113554 0.993784
vt 1.291502 -1.042215
vt 1.251819 -1.036361
vt 1.159479 -1.012177
vt 1.138663 -1.006769
vt 1.138663 -1.304372
vt 1.162706 -1.299414
vt 1.294926 -1.129996
vt 1.294626 -1.094353
vt 1.295326 -1.071332
vt 1.295980 -1.043056
vt 2.027956 -1.301445
vt 2.032119 -1.304372
vt 2.032119 -1.006769
vt 1.989381 -1.034816
vt 1.968183 -1.043841
vt 1.967562 -1.271041
vt 1.939242 1.485699
vt 1.939242 1.713188
vt 1.868099 1.638186
vt 1.828825 1.596728
vt 1.857463 1.567822
vt 0.680095 0.071256
vt -0.717417 1.338693
vt -0.716380 1.354722
vt -0.782059 1.443097
vt -0.910013 1.260986
vt -0.910712 1.256333
vt -0.814124 1.404911
vt -0.914767 1.302811
vt -0.783560 1.243007
vt -0.913045 1.240861
vt -0.729124 1.240861
vt 0.725192 -1.304372
vt 0.822091 -1.284771
vt 0.708786 -1.296380
vt 0.632864 -1.180735
vt 0.822093 -1.264818
vt 0.630502 -1.224968
vt -0.745833 1.429305
vt -0.778623 1.447222
vt 0.122690 -0.956626
vt 0.167724 -0.930517
vt 0.171450 -0.924618
vt 0.359904 1.359455
vt 0.448256 1.355196
vt 0.416815 1.390140
vt 0.127962 -0.965634
vt 0.171450 -0.984130
vt 0.515364 1.268397
vt 0.461933 1.171877
vt 0.542474 1.185938
vt 0.545663 1.251407
vt 0.822093 -0.988732
vt 0.627287 -1.182752
vt 0.431056 1.168159
vt 0.359904 1.159600
vt 0.511492 1.284997
vt 2.019185 -0.986998
vt 1.999776 -0.960989
vt 1.991480 2.300675
vt 2.015245 2.241300
vt 2.015245 2.306047
vt 2.228352 -0.010150
vt 2.164854 -0.017777
vt 2.164854 -0.168823
vt 2.180967 -0.161987
vt 2.185813 -0.159912
vt 2.228684 -0.131647
vt 0.147835 0.729367
vt 0.147835 0.448604
vt 0.147872 0.428305
vt 0.204062 0.410811
vt 0.324621 0.518323
vt 0.337105 0.669044
vt 0.328970 0.693669
vt 0.262471 0.766353
vt 0.227794 0.755226
vt 1.727485 1.930807
vt 1.693399 1.953299
vt 1.617647 1.858310
vt 1.686795 1.765938
vt 1.715422 1.735401
vt 1.718587 1.732186
vt 1.727153 1.738544
vt 1.727485 1.802694
vt 1.247071 -0.201311
vt 1.287022 -0.248419
vt 1.349069 -0.280530
vt 1.349069 -0.175858
vt 2.248003 0.080174
vt 2.233557 0.003266
vt 2.233500 -0.021689
vt 2.265926 -0.009951
vt 2.270234 -0.007304
vt 2.233500 0.090752
vt 0.366210 1.406596
vt 0.380762 1.390140
vt 0.365672 1.410763
vt 0.986573 1.556708
vt 1.022220 1.399545
vt 0.991746 1.560244
vt 0.359904 1.457181
vt 0.425118 1.459364
vt 0.359904 1.584016
vt 0.505123 1.650821
vt 0.360022 1.642210
vt 1.024730 1.581384
vt 1.169268 1.539192
vt 1.169608 1.549554
vt 1.045773 1.594859
vt 1.679406 -0.587654
vt 1.709094 -0.678465
vt 1.760567 -0.677589
vt 1.760567 -0.554137
vt 1.688441 -0.678834
vt 1.660884 -0.667049
vt 0.427550 1.452690
vt 1.631575 0.814888
vt 1.504245 0.757731
vt 1.626916 0.784738
vt 1.626754 0.792003
vt 1.628605 0.803887
vt 1.632642 0.808016
vt 1.169608 1.398850
vt 1.164160 1.407879
vt 1.167141 1.483101
vt 1.014906 1.575089
vt 1.500208 0.536346
vt 1.506309 0.532105
vt -0.332149 1.212759
vt -0.332149 1.469707
vt -0.440390 1.495060
vt -0.441872 1.479138
vt -0.440059 1.472102
vt -0.407967 1.348614
vt -0.376232 1.224632
vt -0.344766 1.216131
vt -0.243867 2.188372
vt -0.243867 2.000618
vt -0.203575 2.024244
vt -0.186049 2.083474
vt -0.189797 2.091468
vt -0.210425 2.134345
vt -0.238121 2.191740
vt 0.239290 -0.191347
vt 0.233218 -0.192799
vt 0.232657 -0.201304
vt 0.239290 -0.201896
vt 0.182576 -0.190204
vt 0.182576 -0.201128
vt 0.191085 -0.200680
vt 0.187555 -0.195878
vt 0.026573 2.306576
vt -0.020037 2.303560
vt -0.020037 2.239871
vt 0.001729 2.241280
vt 2.153279 -0.543580
vt 2.183833 -0.549331
vt 2.187826 -0.546770
vt 2.217369 -0.523330
vt 2.216935 -0.388794
vt 2.153279 -0.386718
vt 1.632642 0.529233
vt 1.630009 0.657186
vt 0.064858 1.071957
vt 0.043713 1.087510
vt -0.079101 1.073039
vt -0.088543 1.050027
vt -0.088543 0.836197
vt -0.065164 0.827469
vt 0.016887 0.797113
vt 0.021742 0.798358
vt 0.074078 0.813790
vt 0.092028 0.968829
vt 0.099333 1.040802
vt 0.097712 1.047358
vt 0.074654 1.064639
vt 1.735837 2.005521
vt 1.812038 1.997718
vt 1.733555 2.030196
vt 0.661341 1.990316
vt 0.623704 2.144441
vt 0.612954 2.141501
vt 0.575549 2.093874
vt 0.571133 2.032531
vt 0.619163 2.151805
vt 0.661341 2.077977
vt -0.157539 -0.776941
vt -0.034035 -0.566016
vt -0.123873 -0.602585
vt -0.042328 -0.782245
vt -0.053979 -0.762516
vt -0.027130 -0.573338
vt 1.742219 1.937686
vt -0.212097 -0.634902
vt 1.733555 1.830747
vt 1.828825 1.869224
vt 1.749112 1.864850
vt 1.617647 1.516350
vt 1.571865 1.569002
vt 1.493351 1.468561
vt 1.516560 1.294286
vt 1.515866 1.288473
vt 1.561321 1.296120
vt -0.033634 -0.797001
vt -0.036335 -0.897409
vt -0.240384 -0.816613
vt -0.037153 -0.904607
vt -0.027130 -0.816479
vt 1.578632 1.278105
vt 1.607070 1.286292
vt 1.513060 1.262548
vt 1.524132 1.260599
vt 1.555509 1.271506
vt 1.592960 1.339421
vt -0.086935 -0.921320
vt -0.032723 -0.911967
vt 1.617647 1.291425
vt -1.132956 1.857306
vt -1.132956 1.669531
vt -0.981495 1.671829
vt -1.020067 1.740393
vt -1.056065 1.804235
vt -1.069233 1.827439
vt 1.616233 2.163642
vt 1.566336 2.173091
vt 1.556725 2.164104
vt 1.556725 1.973622
vt 1.613675 1.976370
vt -0.171630 -0.532101
vt -0.191582 -0.548797
vt -0.182653 -0.566015
vt -0.171567 -0.565698
vt -0.171567 -0.538262
vt -0.988225 1.520813
vt -0.991457 1.509106
vt -0.992602 1.479831
vt -0.993456 1.456051
vt -0.993362 1.422960
vt -0.980869 1.438683
vt -0.683228 0.825275
vt -0.614550 0.769963
vt -0.614550 0.959127
vt -0.660666 0.992653
vt -0.670372 0.975791
vt -0.677596 0.963148
vt -0.677904 0.938069
vt -0.682804 0.834498
vt 1.746010 0.352061
vt 1.772207 0.360362
vt 1.772207 0.514849
vt 1.632711 0.529234
vt 1.632642 0.503218
vt -0.291943 -0.747028
vt -0.516936 -0.523313
vt -0.521878 -0.271751
vt -0.528409 -0.531570
vt -0.436545 -0.511341
vt -0.444998 -0.227147
vt -0.363202 -0.244340
vt 1.408000 -0.349084
vt 1.417870 -0.474398
vt 1.449443 -0.266410
vt 1.426537 -0.482161
vt 1.541940 -0.464523
vt 1.546612 -0.340283
vt 1.546815 -0.335600
vt 1.539830 -0.286872
vt 1.543284 -0.274243
vt -0.585829 -0.273811
vt -0.590828 -0.285430
vt -0.593710 -0.292156
vt -0.593710 -0.519521
vt -0.295331 -0.523429
vt -0.195762 -0.531570
vt -0.146332 -0.396283
vt -0.150804 -0.390805
vt -0.150612 -0.382995
vt -0.207548 -0.391918
vt -0.216422 -0.389392
vt -0.312491 -0.516903
vt -0.330824 -0.438148
vt -0.462399 1.608425
vt -0.612750 1.810316
vt -0.612750 1.636181
vt -0.330824 -0.282627
vt -0.340685 -0.256528
vt -0.516077 1.795166
vt -0.349456 -0.236079
vt -0.351837 -0.230697
vt 1.430015 -0.485275
vt 1.505138 -0.549331
vt 1.546815 -0.512683
vt 1.544478 -0.504981
vt 1.540860 -0.498142
vt 2.153279 -0.360167
vt 2.152130 -0.356731
vt 2.146070 -0.351204
vt 2.087724 -0.387691
vt 2.086496 -0.399151
vt 2.153115 -0.380676
vt 2.082068 -0.440815
vt 2.153207 -0.530467
vt 0.621692 1.788863
vt 0.608272 1.761635
vt 0.642867 1.791248
vt 0.571133 1.686316
vt 0.576275 1.623583
vt 0.583986 1.615388
vt 0.709991 1.623441
vt 0.709991 1.832103
vt 0.661875 1.793390
vt -0.088543 -0.477224
vt -0.092235 -0.462408
vt -0.381687 -0.163658
vt -0.146714 -0.372826
vt -0.267657 -0.192172
vt -0.276025 -0.196467
vt -0.511863 1.794836
vt 2.153279 -0.549331
vt 2.078241 -0.476961
vt 0.686919 1.837945
vt 0.696841 1.990316
vt 0.571133 1.990316
vt 0.671990 1.842008
vt 0.678787 1.832104
vt 1.561741 -0.129900
vt 1.561866 -0.148763
vt 1.577650 -0.168823
vt 1.703359 -0.168823
vt 1.716124 -0.058965
vt 1.561341 0.040399
vt 1.561234 0.019890
vt 2.038708 -0.168823
vt 2.097353 -0.008184
vt 2.021339 0.055365
vt 2.028087 0.006604
vt 2.027860 0.001921
vt 2.022582 -0.122294
vt 2.021339 -0.155908
vt 2.035936 -0.168662
vt -0.376885 2.263869
vt -0.376885 2.164792
vt -0.337750 2.163901
vt -0.337243 2.185366
vt -0.336822 2.204642
vt -0.350814 2.257638
vt -0.355990 2.261911
vt -0.364954 2.269261
vt 2.175227 1.213034
vt 2.136220 1.213034
vt 2.132406 1.102503
vt 2.211303 1.102503
vt 2.184833 1.183686
vt 0.016443 2.041662
vt -0.009658 2.104363
vt -0.088543 2.105640
vt -0.088543 1.952945
vt -0.081417 1.958179
vt 0.004679 2.021693
vt 0.020858 2.034498
vt 0.313667 -0.532774
vt 0.310863 -0.539985
vt 0.306567 -0.546791
vt 0.313667 -0.552158
vt -0.039997 1.770067
vt -0.063327 1.769582
vt -0.088543 1.757104
vt -0.088543 1.659251
vt -0.088216 1.655036
vt -0.081162 1.648459
vt -0.000278 1.573280
vt 0.028134 1.597436
vt 0.060805 1.625433
vt 0.069743 1.633231
vt 0.061869 1.733535
vt 0.058871 1.737544
vt 0.051335 1.747515
vt -0.033322 1.768707
vt -0.171886 -0.143011
vt -0.088543 -0.221587
vt -0.089723 -0.202302
vt -0.142704 0.535258
vt -0.330824 0.369051
vt -0.142141 0.330183
vt -0.142141 0.531156
vt -0.295307 0.333411
vt -0.142141 0.325754
vt 1.816010 0.343619
vt 1.746099 0.103684
vt 1.816010 0.122741
vt 1.750765 0.097154
vt 1.744894 -0.259856
vt 1.782266 -0.184767
vt 1.776283 -0.181783
vt 1.676114 -0.272223
vt 1.676109 -0.287780
vt 1.676109 -0.171143
vt -0.330824 0.554751
vt -0.230952 0.536641
vt -0.330824 0.804304
vt -0.140839 0.665303
vt -0.330821 0.856001
vt -0.218964 0.543067
vt -0.224757 0.535258
vt 1.697790 0.220534
vt 1.771105 0.351801
vt -0.222537 0.164723
vt -0.153051 0.162921
vt -0.284488 -1.110070
vt -0.287835 -1.113952
vt -0.155044 -1.304372
vt -0.139685 -1.301417
vt -0.039964 -1.281450
vt -0.039964 -1.031769
vt -0.039999 -0.980044
vt -0.058609 -0.969515
vt -0.129031 -0.930380
vt -0.132332 -0.933924
vt 1.385747 1.654260
vt 1.406309 1.653762
vt 1.442234 1.849525
vt 1.308136 1.656721
vt 0.728431 1.872752
vt 0.718304 1.860873
vt 0.795382 1.718737
vt 0.795382 1.857047
vt 0.709991 1.851144
vt 0.714660 1.627249
vt 0.795377 1.651125
vt 0.732315 1.615389
vt 0.795372 1.645420
vt -1.070160 1.463871
vt -1.132087 1.603647
vt -1.132955 1.422960
vt 1.876689 1.485700
vt 1.874222 1.386658
vt 1.940722 1.436876
vt 1.941396 1.458853
vt 1.939833 1.407078
vt 1.873983 1.377080
vt 0.208963 -0.984130
vt 0.164556 -1.038359
vt 0.208963 -1.233084
vt 0.136365 -1.214890
vt 0.145234 -1.061579
vt -0.993456 1.548343
vt -1.053551 1.470536
vt -1.115187 1.638383
vt -1.131866 1.650655
vt 0.683856 2.269608
vt 0.701864 2.274887
vt -0.039965 -1.304372
vt 0.062997 -1.289931
vt -0.039637 -1.300718
vt 0.120444 -1.024582
vt -0.038323 -1.286478
vt 0.097959 -0.990867
vt -0.013733 -1.023770
vt 1.873983 1.249407
vt 1.873985 1.232667
vt 1.966827 1.334692
vt 1.951416 1.375923
vt 0.638144 2.237733
vt 0.651797 2.260205
vt 2.131814 1.094861
vt 2.123218 1.123819
vt 2.102742 1.190852
vt 2.094516 1.200170
vt 2.084465 1.211483
vt 2.068857 1.190886
vt 2.047740 1.162958
vt 2.047255 1.133608
vt 2.046755 1.094765
vt 2.087281 1.094765
vt -1.048312 1.626789
vt -0.765852 -0.138790
vt -0.777161 -0.138305
vt -0.894191 -0.133408
vt -0.907779 -0.287340
vt -0.914314 -0.362656
vt -0.914767 -0.369071
vt -0.766094 -0.505264
vt -0.727394 -0.540626
vt -0.705077 -0.531447
vt -0.666457 -0.511610
vt -0.644804 -0.500451
vt -0.644789 -0.496768
vt -0.644770 -0.482415
vt -0.644770 -0.217587
vt -0.658791 -0.208430
vt 1.641834 -0.753129
vt 1.539925 -0.662305
vt 1.535301 -0.755966
vt 1.607953 -0.681484
vt 1.540541 -0.649865
vt 1.057467 2.240698
vt 0.987838 2.241854
vt 1.057470 2.229638
vt 1.533656 -0.815796
vt 1.634095 -0.755860
vt 1.533656 -0.943584
vt 1.576302 -0.939808
vt 1.657608 -0.854636
vt 1.594945 -0.938177
vt 1.599009 -0.938642
vt 1.620599 -0.919978
vt 1.660884 -0.848820
vt 1.653543 -0.762481
vt -0.325996 1.371391
vt -0.321130 1.356552
vt -0.261853 1.399660
vt -0.255259 1.396248
vt 1.044318 2.165822
vt 0.986573 2.234863
vt 1.057470 2.183011
vt 1.055595 2.116822
vt -0.157016 1.146651
vt -0.157016 1.326545
vt -0.175480 1.376317
vt -0.866076 0.096831
vt -0.900864 0.047972
vt -0.913169 -0.054615
vt -0.914767 -0.068263
vt -0.907292 -0.077657
vt -0.875606 -0.116944
vt -0.809176 -0.133408
vt -0.634127 -0.087321
vt -0.634127 0.120500
vt -0.719523 0.156450
vt -0.330824 1.249058
vt -0.317001 1.236460
vt 1.860631 -0.615471
vt 1.855334 -0.611365
vt 1.795463 -0.565394
vt 1.760566 -0.557701
vt 1.760566 -0.678834
vt 1.845052 -0.625820
vt 1.162752 -0.164164
vt 1.177832 -0.183485
vt 1.177832 -0.146488
vt -1.268122 2.256592
vt -1.310357 2.277509
vt -1.310357 2.184970
vt -1.245640 2.220034
vt -1.245707 2.244544
vt -1.249663 2.247320
vt 2.124880 1.426309
vt 2.124880 1.223893
vt 2.186109 1.299765
vt 2.186710 1.418421
vt -0.245051 1.167385
vt 0.514984 0.930441
vt 0.420627 0.903848
vt 0.397223 0.851682
vt 0.512321 0.924295
vt 0.411627 0.824391
vt 0.483623 0.859288
vt 0.889509 -0.551558
vt 0.889514 -0.555543
vt 0.906201 -0.571980
vt 0.985323 -0.670097
vt 0.976782 -0.658337
vt 0.889509 -0.678719
vt 0.359904 1.108279
vt 0.367890 0.979060
vt 0.359904 0.884337
vt -0.444419 2.078987
vt -0.515877 2.190577
vt -0.515681 2.145241
vt -0.475048 2.037923
vt -0.515877 2.044502
vt -1.139729 1.817667
vt -1.152141 1.832988
vt -1.162477 1.713739
vt -1.156757 1.724213
vt -1.139002 1.776215
vt -1.138118 1.798914
vt 0.510065 0.942312
vt 0.511048 0.994467
vt 0.483278 1.159600
vt 0.372881 1.124376
vt -1.155175 1.035374
vt -1.250051 0.923337
vt -1.155100 0.905047
vt -1.310357 1.000223
vt -1.291601 1.172754
vt -1.305688 1.152531
vt -1.166592 1.712548
vt -1.164459 1.710067
vt -1.166592 1.851033
vt 0.795794 0.529234
vt 0.899605 0.600726
vt 0.936645 0.626171
vt 0.948637 0.754924
vt 0.822129 0.911924
vt 0.808913 0.901150
vt 0.795794 0.888067
vt 0.947215 2.074807
vt 0.920642 2.083361
vt 0.898042 2.090476
vt 0.898042 1.888849
vt 0.962579 1.869927
vt 0.973798 1.955336
vt 0.978860 1.993953
vt 0.970071 2.016869
vt -0.744933 1.845645
vt -0.770978 1.795262
vt -0.744933 1.765420
vt 2.269955 1.694109
vt 2.234347 1.597258
vt 2.245841 1.602541
vt 2.247957 1.610405
vt -0.979004 1.716537
vt -0.978744 1.572488
vt -0.967609 1.550724
vt -0.920510 1.458693
vt -0.914767 1.447222
vt -0.914767 1.746495
vt -0.963640 1.721377
vt -0.975027 1.717806
vt 1.983240 0.916674
vt 2.003387 0.911924
vt 2.045401 1.027714
vt 2.046756 1.031462
vt 1.987400 1.198795
vt 1.983400 1.198758
vt 1.983240 1.047001
vt -1.155100 1.187132
vt -1.255365 1.223677
vt -1.028141 2.017711
vt -1.016177 2.198852
vt -1.055835 2.195284
vt -1.055858 2.097776
vt -1.055858 2.208839
vt 1.756437 2.188969
vt 1.733555 2.161113
vt 1.804432 2.038148
vt 1.805187 2.124613
vt -0.606255 -0.030616
vt -0.612750 -0.109774
vt -0.601150 -0.134010
vt -0.418350 0.110747
vt -0.605478 -0.026350
vt -0.483008 0.146282
vt -0.600037 0.003319
vt 1.733555 2.091282
vt 1.804383 2.030196
vt -0.330824 0.114181
vt -0.340896 0.129533
vt -0.330824 -0.096215
vt -0.574330 -0.163186
vt -0.425135 -0.123544
vt -0.586959 -0.163658
vt 0.481943 -1.277823
vt 0.627287 -1.304372
vt 0.605928 -1.079360
vt 0.600235 -1.022794
vt 0.627287 -0.961463
vt 0.429417 -1.073010
vt -0.443106 1.064924
vt -0.454580 1.088248
vt -0.612750 1.089532
vt -0.509029 0.875486
vt -0.472291 0.909975
vt -0.612750 0.816782
vt -0.577951 0.810834
vt 0.375495 -0.509851
vt 0.384812 -0.508729
vt 0.384812 -0.202753
vt 0.345586 -0.325293
vt 0.370351 -0.510543
vt 0.254656 -0.433506
vt 0.348071 -0.517880
vt 0.315448 -0.528657
vt 0.296796 -0.521946
vt 0.306573 -0.531570
vt 0.310876 -0.530176
vt 0.450985 -1.247678
vt -0.411447 -0.127713
vt 0.173768 -0.390026
vt 0.193335 -0.291431
vt 0.356829 -0.221790
vt -0.474986 1.129731
vt 0.165356 -0.406523
vt 2.020783 1.923355
vt 2.020783 1.713189
vt 2.083491 1.713340
vt 2.096058 1.941318
vt 2.047886 1.929901
vt -0.330824 1.619244
vt -0.188536 1.615649
vt -0.188536 1.825815
vt -0.330112 1.763634
vt -0.914767 1.846248
vt -0.782186 1.848619
vt -0.782186 1.993020
vt -0.828158 1.971046
vt -0.914385 1.929553
vt 0.515564 1.069588
vt 0.567279 1.068463
vt 0.567297 1.151769
vt 0.536664 1.147127
vt 0.528432 1.137716
vt 0.524144 1.132504
vt 0.520867 1.108938
vt 0.516189 1.074427
vt 0.543768 1.059764
vt 0.567297 1.055519
vt 0.514984 1.065046
vt 2.162535 1.836859
vt 2.162535 1.921586
vt 2.096058 1.842326
vt 2.126171 1.713188
vt 2.138836 1.715864
vt 2.154497 1.800222
vt 2.155512 1.804827
vt 1.478776 1.792052
vt 1.609584 1.848160
vt 1.609471 1.938944
vt 1.541446 1.969427
vt 1.531941 1.973622
vt 1.478776 1.912862
vt 1.827992 -0.253278
vt 1.838300 -0.309773
vt 1.899244 -0.294994
vt 1.922648 -0.176473
vt 1.836180 -0.176473
vt 1.828228 -0.176493
vt 1.820254 -0.194094
vt 1.200648 2.217607
vt 1.201289 2.229048
vt 1.146914 2.199532
vt 1.202702 2.205386
vt 1.154914 2.188835
vt 1.203561 2.200529
vt 1.536300 -0.185317
vt 1.513616 -0.169123
vt 1.504843 -0.186860
vt 1.084937 0.529234
vt 1.105220 0.555119
vt 1.105206 0.622356
vt 1.155916 2.280337
vt 1.203561 2.266840
vt 1.179309 2.287087
vt -0.317868 2.005884
vt -0.243867 2.002135
vt -0.260622 2.155690
vt -0.329203 2.016671
vt -0.325667 2.081053
vt -0.330824 2.000619
vt 1.539880 -0.258561
vt 1.539880 -0.187873
vt 1.491620 -0.213598
vt 1.537886 -0.266365
vt -0.936168 1.172222
vt -0.998115 1.157919
vt -0.998115 1.010700
vt -0.926882 1.159413
vt -0.243867 2.160565
vt -0.919303 1.148948
vt -0.939370 0.898760
vt -0.923448 0.910569
vt -0.998107 0.932866
vt -0.992041 0.814598
vt 2.270233 0.052435
vt 2.270233 -0.021308
vt 2.305739 -0.021690
vt 2.300405 0.041959
vt 2.297271 0.049092
vt 2.282378 0.050957
vt 0.325189 0.833433
vt 0.325189 0.766353
vt 0.351114 0.784408
vt 0.349660 1.089429
vt 0.325274 1.059513
vt 0.327502 1.729521
vt 0.295627 1.712878
vt 0.296002 1.407854
vt 0.331815 1.395567
vt 0.342669 1.391895
vt 0.354994 1.390608
vt 0.359904 1.390140
vt 0.359904 1.722353
vt 0.331918 1.728546
vt 1.057470 2.258095
vt 1.057470 2.187408
vt 1.082578 2.235925
vt 0.948637 0.653891
vt 1.105220 0.848966
vt 1.041087 0.885366
vt -1.132955 1.205113
vt -1.132955 0.871225
vt -1.091940 0.816848
vt -1.075189 0.814599
vt -1.018541 0.865676
vt -0.998114 0.985258
vt -1.027268 1.061681
vt -1.082571 1.206221
vt -1.112859 1.205565
vt -1.005141 -0.142568
vt -1.014790 -0.142252
vt -1.014787 -0.163258
vt -0.991082 -0.149490
vt -0.992343 -0.143046
vt -1.014790 -0.167490
vt -0.989807 -0.155879
vt -0.613842 -0.176256
vt -0.613842 -0.165248
vt -0.621779 -0.173279
vt -0.621226 -0.179738
vt 0.147194 0.678112
vt 0.147194 0.705644
vt 0.140944 0.691665
vt -0.046796 -0.536478
vt -0.051007 -0.541151
vt -0.042511 -0.541845
vt -0.042511 -0.531832
vt 0.459891 -0.199015
vt 0.463947 -0.213041
vt 0.470250 -0.209271
vt 0.470252 -0.201136
vt 0.470252 -0.190379
vt 0.462633 -0.191803
vt 0.146994 0.705644
vt 0.147041 0.709741
vt 0.147041 0.730024
vt 0.140944 0.724564
vt 0.198257 -0.552740
vt 0.198257 -0.531573
vt 0.178895 -0.535012
vt 0.184503 -0.544812
vt 0.669442 -0.988732
vt 0.661945 -0.966476
vt 0.639656 -0.988717
vt 0.627287 -0.986094
vt 0.630218 -0.988732
vt 0.655616 -0.947660
vt 0.634498 -0.945161
vt 1.999776 -0.986998
vt 1.999776 -0.944204
vt 1.981004 -0.954316
vt 1.988118 -0.980417
vt 1.671423 0.041642
vt 1.673683 0.044267
vt 1.646250 0.085001
vt 1.646250 0.040399
vt 0.948637 0.898284
vt 0.962097 0.885367
vt 0.962097 0.904909
vt 0.950098 0.910549
vt 2.304029 2.016056
vt 2.304029 2.081439
vt 2.292128 2.084743
vt 2.273184 2.064326
vt 2.287288 2.042101
vt 0.555383 -0.932477
vt 0.552296 -0.923558
vt 0.534137 -0.960645
vt 0.565065 -0.960645
vt 2.248883 -0.934279
vt 2.299231 -0.943584
vt 2.299231 -0.886645
vt 2.261315 -0.875429
vt 2.246924 -0.887189
vt 2.265233 1.071315
vt 2.293746 1.065258
vt 2.303870 1.108795
vt 2.280043 1.148041
vt 2.265233 1.136697
vt 0.363630 -0.547565
vt 0.363630 -0.536570
vt 0.358205 -0.534409
vt 0.357410 -0.540015
vt 0.198719 -0.200695
vt 0.205736 -0.201726
vt 0.205736 -0.189701
vt -0.550218 -0.921369
vt -0.550218 -0.928023
vt -0.547232 -0.927696
vt -0.544797 -0.923452
vt -0.539868 -0.926771
vt -0.536599 -0.921428
vt 0.357410 -0.540793
vt 0.353974 -0.534409
vt 0.350797 -0.535023
vt 0.350797 -0.548107
vt 1.144003 -0.157967
vt 1.129239 -0.161556
vt 1.124980 -0.176172
vt 1.144009 -0.183485
vt 0.580247 -0.594112
vt 0.598986 -0.603427
vt 0.598717 -0.594498
vt 0.580041 -0.587481
vt 0.598419 -0.583451
vt 0.579685 -0.570375
vt 1.132172 -0.151563
vt 1.144009 -0.144292
vt 0.597163 -0.535150
vt 0.586175 -0.557165
vt 0.598570 -0.570579
vt 0.598986 -0.539874
vt -0.334821 0.419486
vt -0.343519 0.346479
vt -0.331689 0.340890
vt -0.331689 0.423103
vt 2.277307 -0.461871
vt 2.291732 -0.469389
vt 2.301606 -0.474451
vt 2.301606 -0.400927
vt 2.280268 -0.430859
vt 2.271453 -0.443395
vt 2.274566 -0.453623
vt 2.281187 1.604830
vt 2.302104 1.619159
vt 2.303491 1.625161
vt 2.306653 1.640675
vt 2.293042 1.653702
vt 2.269955 1.675442
vt 2.269955 1.597258
vt 1.396007 0.449107
vt 1.398160 0.469714
vt 1.366235 0.450214
vt 1.366971 0.444891
vt 1.736268 -1.026797
vt 1.764542 -1.032107
vt 1.765850 -1.026834
vt 1.775129 -0.987739
vt 1.758944 -0.944447
vt 1.736268 -0.961703
vt 0.337105 0.644089
vt 0.359491 0.666209
vt 0.352215 0.727282
vt 0.337105 0.738705
vt 1.215644 2.263297
vt 1.215694 2.201431
vt 1.278831 2.186324
vt 1.278831 2.280940
vt 1.268402 2.278084
vt 1.235645 2.269094
vt -0.461707 1.651415
vt -0.442380 1.608425
vt -0.442380 1.674274
vt 1.387729 0.526347
vt 1.329239 0.526347
vt 1.360390 0.489583
vt 1.401233 0.503429
vt 1.402206 0.514163
vt -0.291943 -0.566016
vt -0.264806 -0.566016
vt -0.266226 -0.558082
vt -0.266648 -0.555770
vt -0.290665 -0.542680
vt -0.987065 -0.143064
vt -0.989807 -0.157240
vt -0.965595 -0.167490
vt -0.965595 -0.141487
vt -0.974139 -0.142091
vt -0.268955 -0.543108
vt -0.290090 -0.533355
vt -0.269664 -0.539127
vt 1.277833 1.869947
vt 1.295918 1.884025
vt 1.289864 1.897716
vt 1.277845 1.883395
vt 1.279498 1.921238
vt 1.277833 1.916603
vt 0.064507 2.253132
vt 0.052086 2.303076
vt 0.046312 2.304099
vt 0.048514 2.240494
vt 0.057765 2.240838
vt 2.055802 0.685586
vt 2.049502 0.676533
vt 2.055809 0.672803
vt 2.055809 0.707341
vt 2.053795 0.719527
vt 2.039990 0.682157
vt -0.596395 -0.540626
vt -0.593902 -0.536952
vt -0.596395 -0.516024
vt 0.376861 -0.552740
vt 0.376861 -0.531722
vt 0.374114 -0.536392
vt 0.371026 -0.541854
vt 2.251214 -0.630983
vt 2.279736 -0.634168
vt 2.291061 -0.635286
vt 2.291089 -0.619979
vt 2.291089 -0.582214
vt 2.276820 -0.562171
vt 2.259148 -0.572932
vt 2.248234 -0.594547
vt 2.241846 -0.607277
vt 0.026574 2.258735
vt 0.026574 2.239871
vt 0.031099 2.239886
vt 0.045820 2.240394
vt 0.041250 2.304794
vt 0.026652 2.291060
vt 1.393539 0.904847
vt 1.406948 0.903777
vt 1.406120 0.911554
vt 1.406835 0.900026
vt 1.379233 0.895432
vt 1.379271 0.869991
vt 1.404945 0.890910
vt 1.379233 0.859224
vt 1.400324 0.869297
vt 2.299380 1.063071
vt 2.277404 1.055156
vt 2.276682 1.052351
vt 2.294628 1.044600
vt 2.273905 1.041857
vt 2.293606 1.040497
vt 2.272402 1.036245
vt 2.299380 0.998082
vt 2.265320 1.015419
vt 2.286066 0.995263
vt 2.257822 0.993385
vt 1.442767 0.502510
vt 1.442017 0.528391
vt 1.434580 0.529061
vt 1.431337 0.528091
vt 1.424530 0.521677
vt 2.296880 -0.230189
vt 2.295261 -0.224705
vt 2.292079 -0.214448
vt 2.290935 -0.211710
vt 2.281768 -0.203763
vt 2.260045 -0.185291
vt 2.260045 -0.272492
vt 2.279096 -0.250743
vt -0.534629 2.266563
vt -0.548631 2.271039
vt -0.551987 2.243355
vt -0.558666 2.181373
vt -0.546715 2.175034
vt -0.519882 2.165259
vt -0.519882 2.257986
vt 1.402206 0.485098
vt 1.442767 0.444891
vt 1.408470 0.506293
vt 1.403262 0.488951
vt -0.839857 2.237661
vt -0.838006 2.241873
vt -0.846659 2.254935
vt -0.851048 2.236732
vt -0.843673 2.235681
vt 0.898042 2.258157
vt 0.924196 2.293162
vt 0.898042 2.306410
vt 0.930998 2.284396
vt 0.933717 2.288244
vt 0.930070 2.290183
vt 0.921256 2.275720
vt -0.846342 2.297735
vt -0.850649 2.299287
vt -0.833936 2.248746
vt -0.821962 2.269454
vt -0.851048 2.302987
vt 1.730836 1.748584
vt 1.739085 1.734007
vt 1.745124 1.738283
vt 1.745113 1.775817
vt 1.728147 1.786971
vt 1.730267 1.755574
vt 1.731141 1.744202
vt 1.735766 1.732187
vt 0.932725 2.265810
vt 0.944265 2.274711
vt 0.945449 2.279328
vt 1.745124 1.801138
vt 0.898281 2.239077
vt 2.235832 1.391608
vt 2.232274 1.395745
vt 2.232274 1.310513
vt 2.252354 1.316139
vt 2.282131 1.324530
vt 2.276855 1.342350
vt 1.558454 0.445533
vt 1.557425 0.465381
vt 1.540372 0.518978
vt 1.518985 0.524797
vt 1.518985 0.424481
vt 1.525306 0.427724
vt 1.456043 -0.591259
vt 1.485211 -0.613099
vt 1.485102 -0.606892
vt 1.485211 -0.569011
vt 1.470773 -0.565387
vt 1.451784 -0.582707
vt 1.485162 -0.552290
vt 1.228173 -0.956404
vt 1.236709 -0.952249
vt 1.227998 -0.945080
vt 1.227998 -1.006769
vt 1.258335 -0.999484
vt 1.269825 -0.975311
vt -0.238652 -0.566015
vt -0.216287 -0.561113
vt -0.238652 -0.534399
vt 1.216152 -0.953093
vt 1.184673 -0.945197
vt 1.184673 -1.006769
vt 1.196623 -0.998436
vt 1.223516 -0.979259
vt 1.227997 -0.976051
vt 2.257822 0.920916
vt 2.279003 0.911924
vt 2.297769 0.959238
vt 2.297673 0.970897
vt 2.275031 0.983804
vt 0.240849 -0.550636
vt 0.252240 -0.552740
vt 0.250612 -0.547971
vt 0.269474 -0.534707
vt 0.269474 -0.552740
vt 0.280334 -0.543185
vt 0.278789 -0.535495
vt 0.306567 -0.546207
vt 0.306567 -0.532698
vt 0.298971 -0.538053
vt 0.306048 -0.552158
vt 0.244721 -0.533958
vt 0.237073 -0.536243
vt 0.233600 -0.552740
vt 0.269474 -0.552452
vt 0.269438 -0.541318
vt 0.269474 -0.536727
vt 0.262811 -0.534799
vt 0.258556 -0.540959
vt 0.254613 -0.548178
vt 0.252240 -0.552740
vt 0.247832 -0.540429
vt 1.440673 0.899785
vt 1.410182 0.879126
vt 1.406949 0.876860
vt 1.410102 0.874032
vt 1.419193 0.869518
vt 1.440673 0.859224
vt 1.818741 2.071285
vt 1.805187 2.062778
vt 1.818741 2.034172
vt 1.818689 2.030196
vt 0.815725 0.514913
vt 0.836869 0.496218
vt 0.845833 0.503966
vt 0.848917 0.508131
vt 0.815682 0.525881
vt 0.815682 0.478349
vt 0.415676 -0.977793
vt 0.427000 -0.941897
vt 0.429417 -0.930534
vt 0.415676 -0.922127
vt -0.331903 1.994356
vt -0.333577 1.997822
vt -0.338899 1.996907
vt 1.567690 1.214309
vt 1.572097 1.223503
vt 1.549226 1.248998
vt 1.541499 1.251892
vt 1.541595 1.202224
vt 1.541489 1.195707
vt -0.335081 2.001419
vt -0.339161 2.008481
vt -0.347873 2.000191
vt -0.341760 2.013210
vt -0.352242 2.014348
vt -0.333463 2.077535
vt -0.337739 2.078715
vt -0.359787 2.056181
vt 1.541489 1.256646
vt -0.331903 2.083666
vt -0.921748 1.850138
vt -0.930251 1.854938
vt -0.943610 1.847229
vt -0.914918 1.821921
vt -0.915124 1.846386
vt -0.979445 1.777671
vt -0.969733 1.769486
vt -0.914767 1.795198
vt -0.979445 1.820097
vt -0.915865 1.790347
vt -0.937547 1.746496
vt -0.914767 -0.819364
vt -0.915507 -0.844428
vt -0.916211 -0.871774
vt -0.914767 -0.876260
vt -0.742449 2.286273
vt -0.742706 2.279952
vt -0.737504 2.215302
vt -0.733983 2.211214
vt -0.728529 2.205149
vt -0.726313 2.201942
vt -0.723957 2.198898
vt -0.696100 2.239536
vt -0.689552 2.286297
vt -0.695308 2.286288
vt -0.738315 2.286297
vt 0.676503 -0.961967
vt 0.669442 -0.966542
vt 0.679071 -0.971567
vt 0.708712 -0.988732
vt 0.708712 -0.945056
vt -0.635678 -0.178029
vt -0.642906 -0.134215
vt -0.644770 -0.171924
vt 0.143807 1.300795
vt 0.131244 1.327353
vt 0.131244 1.306299
vt 0.131380 1.335339
vt 0.143801 1.315423
vt 0.147442 1.309311
vt -0.633147 -0.170457
vt -0.633147 -0.179737
vt 0.131471 1.273638
vt -0.924177 0.252142
vt -0.924570 0.241319
vt -0.922709 0.238675
vt -0.915689 0.229672
vt -0.915689 0.278974
vt -1.133552 1.684994
vt -1.133757 1.694577
vt -1.150441 1.658221
vt -1.133396 1.620242
vt -1.133396 1.659638
vt -0.925497 0.385158
vt -0.914767 0.421161
vt -0.925497 0.420110
vt -0.925303 0.424270
vt -0.916110 0.431500
vt 1.385949 2.281042
vt 1.377180 2.274833
vt 1.359031 2.247761
vt 1.386079 2.276333
vt 1.386079 2.215650
vt 1.375935 2.204985
vt 1.386070 2.197185
vt 1.947023 1.155694
vt 1.947298 1.143795
vt 1.964448 1.196751
vt 1.950145 1.163319
vt 1.979912 1.223002
vt 1.974640 1.189167
vt 1.972823 1.130720
vt 1.979912 1.141662
vt 1.947468 1.136425
vt 1.958346 1.133950
vt -0.918788 0.443206
vt -0.925159 0.440807
vt -0.925497 0.431500
vt -0.915928 0.433739
vt -0.917086 0.456603
vt -0.925285 0.450748
vt -0.915793 0.466660
vt -0.925497 0.467390
vt 1.601936 1.231324
vt 1.575158 1.253786
vt 1.572096 1.256610
vt 1.572096 1.198073
vt 1.588666 1.195707
vt 1.591130 1.202225
vt 0.353566 0.763048
vt 0.337105 0.763048
vt 0.338797 0.738705
vt 0.348273 0.744630
vt 0.350313 0.751674
vt 2.235940 2.023725
vt 2.243473 2.016057
vt 2.254206 2.017563
vt 2.272188 2.020137
vt 2.273184 2.046090
vt 2.248378 2.113840
vt 2.238423 2.119998
vt 2.235750 2.116109
vt 2.235750 2.045363
vt 0.861081 2.213859
vt 0.875824 2.256623
vt 0.849978 2.222214
vt 0.850002 2.204057
vt 0.857046 2.288329
vt 0.849978 2.267981
vt -0.618948 1.999630
vt -0.630721 1.991033
vt -0.622437 1.934029
vt -0.621708 1.929145
vt -0.618948 1.926304
vt 0.866258 2.219368
vt -0.023330 -0.961587
vt -0.039965 -0.956833
vt -0.039443 -0.971257
vt -0.029191 -0.966904
vt 0.849984 2.294402
vt 0.887481 2.242484
vt 1.631947 1.230844
vt 1.652789 1.240213
vt 1.652789 1.259894
vt 1.636849 1.256786
vt 1.632353 1.248226
vt 1.628700 1.240889
vt 2.301681 1.214643
vt 2.265237 1.167571
vt 2.265233 1.148980
vt 2.267956 1.148042
vt 2.303706 1.206193
vt 2.276336 1.221772
vt 2.265233 1.218915
vt 2.281328 1.220648
vt -0.016090 -0.955031
vt 0.019877 -0.979238
vt 0.019877 -0.922149
vt 0.004599 -0.936102
vt 0.019859 -0.984130
vt 0.201275 2.269346
vt 0.194734 2.276917
vt 0.147835 2.219581
vt 0.162804 2.204138
vt 0.204216 2.161752
vt 0.204463 2.181285
vt 0.204463 2.230777
vt 0.204398 2.259375
vt 1.636670 1.195707
vt 1.652728 1.204284
vt 1.652786 1.213564
vt 1.286485 1.928019
vt 1.294744 1.978263
vt 1.283385 1.983232
vt 1.283394 1.921238
vt 1.285723 1.923512
vt 1.295918 1.985431
vt 1.283385 1.992450
vt 2.237145 0.650024
vt 2.250451 0.644435
vt 2.261802 0.700962
vt 2.253319 0.690985
vt -0.513618 -0.922601
vt -0.515763 -0.923075
vt -0.513618 -0.926566
vt 2.266505 0.585407
vt 2.266505 0.707111
vt 2.251954 0.637266
vt 2.262543 0.587012
vt 2.266469 0.582109
vt 2.263476 0.582501
vt 0.402149 0.470877
vt 0.405570 0.481144
vt 0.402149 0.487892
vt -1.217361 2.161569
vt -1.230657 2.177786
vt -1.230657 2.055965
vt -1.230623 2.052664
vt -1.226382 2.050550
vt -1.204313 2.111423
vt -1.201046 2.120474
vt -0.599519 -0.165578
vt -0.602925 -0.166168
vt -0.599519 -0.179252
vt -0.604713 -0.179738
vt 0.179320 -0.190568
vt 0.177045 -0.202753
vt 0.174270 -0.190204
vt 0.252246 -0.199210
vt 0.255468 -0.201012
vt 0.250807 -0.196478
vt 0.255468 -0.192357
vt 0.252395 -0.190839
vt -0.621780 -0.179738
vt -0.621780 -0.166828
vt -0.624602 -0.166264
vt -0.626263 -0.179544
vt -0.633148 -0.168045
vt -0.992213 1.172807
vt -0.983648 1.173669
vt -0.985387 1.186782
vt -0.132382 -0.543383
vt -0.146479 -0.561403
vt -0.132382 -0.566016
vt -0.998115 1.172223
vt -0.998115 1.184396
vt -0.132622 -0.533409
vt -0.150938 -0.551265
vt -0.132385 -0.539301
vt -0.997506 1.192041
vt -0.983965 1.197190
vt -0.996912 1.199506
vt -0.098745 -0.564822
vt -0.096604 -0.539601
vt -0.100857 -0.539279
vt -0.115799 -0.539279
vt -0.114980 -0.544915
vt -0.111912 -0.566016
vt -0.051007 -0.541845
vt -0.050873 -0.545737
vt -0.050741 -0.548311
vt -0.049835 -0.562585
vt -0.041635 -0.564620
vt -0.035982 -0.566016
vt -0.031907 -0.541845
vt -0.046804 -0.541871
vt 1.105810 -0.183252
vt 1.118585 -0.178456
vt 1.121824 -0.171031
vt 1.124980 -0.163774
vt 1.109861 -0.148391
vt 1.105810 -0.144292
vt 1.794316 1.175906
vt 1.801536 1.175100
vt 1.800336 1.184845
vt 1.814178 1.179236
vt 1.814174 1.172675
vt 1.814178 1.186912
vt 1.794528 1.194196
vt 1.793707 1.190506
vt 1.792355 1.183025
vt 1.606565 -1.007798
vt 1.594678 -1.009311
vt 1.600142 -1.014756
vt -0.633600 1.433755
vt -0.621095 1.399296
vt -0.614233 1.405649
vt -0.633601 1.445897
vt -0.633601 1.399844
vt 1.608965 -1.004314
vt 1.609638 -0.987422
vt 1.582091 -0.953158
vt 1.559531 -0.969642
vt 1.559016 -0.972646
vt 1.558521 -0.975577
vt 1.562907 -0.949835
vt 1.576090 -0.945630
vt 0.171450 -0.972058
vt 0.177804 -0.953755
vt 0.176973 -0.950689
vt 0.171450 -0.930471
vt 0.178617 -0.956746
vt 0.171451 -0.984130
vt 1.545742 -1.000893
vt 1.549676 -1.026016
vt 1.596579 -1.021698
vt 1.083044 2.206545
vt 1.087354 2.198928
vt 1.091117 2.192419
vt 1.127117 2.190043
vt 1.140001 2.189214
vt 1.145499 2.214045
vt 1.142323 2.225754
vt 1.131318 2.266083
vt 1.118292 2.271102
vt 1.083044 2.249583
vt 1.609638 -0.969291
vt 1.813166 1.229934
vt 1.798824 1.211275
vt -1.166590 1.880579
vt -1.166541 1.856061
vt -1.152387 1.861015
vt -1.147695 1.871124
vt -1.166261 1.888866
vt -1.142248 1.875308
vt -1.161545 1.890607
vt -1.166021 1.892469
vt -1.152040 1.886587
vt 0.290705 -0.533218
vt 0.292467 -0.548590
vt 0.298970 -0.552158
vt 0.298970 -0.535682
vt -1.147920 1.856777
vt -1.166590 1.851034
vt -1.146112 1.859686
vt -1.144081 1.863032
vt 0.296279 -0.551030
vt -0.333815 0.177384
vt -0.332294 0.184536
vt -0.333815 0.187888
vt -0.330905 0.182300
vt 0.426936 -0.190862
vt 0.422842 -0.190991
vt 0.422842 -0.202970
vt 0.423232 -0.212986
vt 0.430178 -0.213041
vt 0.434748 -0.198056
vt 0.436295 -0.192687
vt 0.435428 -0.189453
vt 1.687187 -0.307882
vt 1.700400 -0.306173
vt 1.700989 -0.302300
vt 1.699824 -0.295617
vt 1.695390 -0.297456
vt 1.685979 -0.301419
vt 1.700989 -0.322563
vt 1.676109 -0.319503
vt 1.678180 -0.325006
vt 1.680181 -0.328429
vt 1.681963 -0.331404
vt 1.700726 -0.336932
vt 1.876728 1.214056
vt 1.858702 1.215120
vt 1.858702 1.172675
vt 1.878158 1.217345
vt 1.871722 1.223429
vt 1.858708 1.221493
vt 0.200534 -0.552740
vt 0.213654 -0.551858
vt 0.215811 -0.538674
vt 0.201037 -0.546458
vt 0.201707 -0.537952
vt 0.283557 -0.925654
vt 0.283246 -0.929112
vt 0.280228 -0.972757
vt 0.325709 -0.972757
vt 0.302984 -0.922596
vt 1.150987 -0.145491
vt 1.144009 -0.145074
vt 1.144009 -0.183485
vt 1.162752 -0.154527
vt 1.157757 -0.150684
vt 0.368144 -0.976184
vt 0.413629 -0.976184
vt 0.406846 -0.934281
vt 0.405695 -0.928014
vt 0.391895 -0.926771
vt 0.216515 -0.531872
vt 0.198257 -0.531872
vt 0.371026 -0.544984
vt 0.371026 -0.531722
vt 0.367351 -0.541947
vt 0.365191 -0.544551
vt 0.368304 -0.549499
vt 0.370228 -0.552438
vt 2.272232 -1.288419
vt 2.272323 -1.293357
vt 2.280694 -1.303027
vt 2.289744 -1.304372
vt 2.272140 -1.261025
vt 2.295218 -1.288591
vt 2.272140 -1.243462
vt 2.272149 -1.233918
vt 2.301612 -1.249930
vt 2.280268 -1.231097
vt -0.915308 0.328987
vt -0.923440 0.347891
vt -0.925309 0.341062
vt -0.925309 0.311645
vt -0.347981 2.083667
vt -0.344202 2.084754
vt -0.338099 2.086776
vt -0.341578 2.147711
vt -0.359787 2.139301
vt -0.353508 2.099894
vt -0.266293 -0.930260
vt -0.260576 -0.926021
vt -0.266293 -0.921666
vt -0.335288 2.086744
vt -0.330989 2.094705
vt -0.330907 2.099731
vt -0.330824 2.127594
vt -0.330824 2.145456
vt -0.330832 2.155162
vt -0.332846 2.162015
vt 1.256540 0.878175
vt 1.249437 0.890872
vt 1.256970 0.868154
vt 1.936487 0.473322
vt 1.949755 0.471259
vt 1.943980 0.505497
vt 1.936487 0.514974
vt 1.952524 0.494593
vt 1.956305 0.481302
vt 1.959356 0.485035
vt 1.252003 0.892537
vt 1.256477 0.891840
vt 1.955050 0.478363
vt 1.253579 0.863484
vt 1.257309 0.861600
vt 1.242746 0.887734
vt -0.951546 -0.167490
vt -0.945952 -0.167060
vt -0.948935 -0.140870
vt -0.964897 -0.161467
vt -0.965595 -0.167490
vt -0.962394 -0.139831
vt -0.957679 1.190181
vt -0.970344 1.200151
vt -0.967114 1.172993
vt -0.964412 1.177850
vt 1.452188 -0.969168
vt 1.416219 -0.947017
vt 1.416219 -1.003716
vt 1.440224 -0.994769
vt 1.442846 -0.989198
vt 1.279400 0.855316
vt 1.279400 0.911678
vt 1.271788 0.906317
vt 1.263140 0.899872
vt -0.632433 1.124362
vt -0.632450 1.119353
vt -0.625354 1.122354
vt -0.632445 1.131229
vt -0.632540 1.095115
vt 0.545663 1.325242
vt 0.568070 1.301464
vt 0.568106 1.313415
vt 0.548004 1.385384
vt -0.616588 1.182383
vt 0.233600 -0.551065
vt 0.233600 -0.531607
vt 0.218607 -0.543142
vt 0.216514 -0.552740
vt 0.568106 1.380566
vt -0.616097 0.691048
vt -0.613985 0.678968
vt -0.613985 0.767416
vt -0.627737 0.758922
vt -1.138391 1.026792
vt -1.135306 1.031815
vt -1.136387 1.038651
vt -1.145522 1.095527
vt -1.155100 1.090917
vt 2.267130 0.776292
vt 2.257286 0.762558
vt 2.274684 0.764488
vt 2.260003 0.784838
vt 2.296926 0.715902
vt 2.301953 0.721781
vt 2.257286 0.709789
vt 0.799858 0.526735
vt 0.815682 0.483003
vt 0.815682 0.527042
vt 0.803280 0.526811
vt -0.084666 2.272973
vt -0.088544 2.268976
vt -0.068180 2.242150
vt -0.057357 2.241226
vt -0.053956 2.240958
vt -0.041600 2.299003
vt -0.062640 2.305404
vt -0.077034 2.280703
vt -0.041600 2.239995
vt 2.235858 2.006253
vt 2.235750 1.992194
vt 2.235750 1.941318
vt 2.271706 1.961966
vt 2.283877 1.968875
vt 2.288443 1.998486
vt 2.282881 1.999990
vt 2.272012 2.002830
vt 2.246512 2.016056
vt 2.057627 0.055364
vt 2.057627 0.095920
vt 2.039539 0.071847
vt 0.775146 0.507306
vt 0.784794 0.501343
vt 0.809725 0.478350
vt 0.788990 0.526453
vt 0.358523 0.766353
vt 0.358501 0.775561
vt 0.351536 0.778540
vt 0.351114 0.774567
vt 0.358523 0.796229
vt 0.353090 0.792188
vt 0.229413 -0.201046
vt 0.232656 -0.201726
vt 0.232656 -0.191347
vt 0.225785 -0.196100
vt -0.613842 -0.179737
vt -0.604713 -0.179737
vt -0.605203 -0.173821
vt -0.609841 -0.167353
vt -0.916130 -0.163016
vt -0.916130 -0.146069
vt -0.916232 -0.138500
vt -0.924425 -0.139204
vt -0.926044 -0.161675
vt -0.924526 -0.167301
vt -0.921228 -0.167490
vt 0.500195 -0.193355
vt 0.504927 -0.212089
vt 0.147086 0.581851
vt 0.147815 0.588307
vt 0.147815 0.611992
vt 0.140944 0.608657
vt 0.141046 0.604821
vt 0.141527 0.591622
vt 2.281145 0.262788
vt 2.276889 0.261838
vt 2.270179 0.240904
vt 2.299483 0.226248
vt 0.775146 0.505992
vt 0.739811 0.527254
vt 0.763863 0.491177
vt 0.767321 0.495698
vt 0.732220 0.523871
vt 0.733863 0.489831
vt 0.732220 0.478349
vt 0.757378 0.482422
vt 2.269145 0.187753
vt 2.274115 0.182212
vt 2.278292 0.183668
vt 2.278839 0.188561
vt 2.287488 0.195078
vt 2.289085 0.197336
vt 2.269030 0.201390
vt 2.269030 0.237353
vt 2.306618 0.223202
vt 1.531204 -0.959443
vt 1.535765 -0.972315
vt 1.545370 -0.960997
vt 1.545373 -0.955975
vt 1.545164 -0.946393
vt 1.542931 -0.975116
vt 1.545373 -0.972442
vt -1.017079 2.218153
vt -1.016177 2.278907
vt -1.031811 2.211092
vt -1.016177 2.212435
vt -1.058021 2.208839
vt -1.024483 2.282467
vt -1.033241 2.272588
vt -1.056048 2.246076
vt -1.065790 2.221568
vt 1.538553 -1.003716
vt 1.539215 -0.999586
vt -0.331901 0.499337
vt -0.331901 0.513955
vt -0.335510 0.503576
vt 1.821808 2.190571
vt 1.825071 2.188970
vt 1.827528 2.261734
vt 1.828219 2.268372
vt 1.796676 2.293371
vt 1.796608 2.279629
vt 1.796608 2.237790
vt 1.809064 2.202525
vt 1.810424 2.199741
vt 0.746283 -0.988732
vt 0.760948 -0.981409
vt 0.785524 -0.969079
vt 0.771701 -0.950682
vt 0.746283 -0.948281
vt 0.351476 0.832269
vt 0.352845 0.822365
vt 0.359166 0.823880
vt 0.359058 0.839190
vt 0.359166 0.846809
vt 0.351114 0.835108
vt 2.268888 -1.263948
vt 2.269890 -1.255084
vt 2.239289 -1.255575
vt 2.255630 -1.292832
vt 2.243775 -1.298820
vt 2.250486 -1.304372
vt 2.236562 -1.287549
vt 0.045022 1.782957
vt 0.044974 1.770067
vt 0.068616 1.798239
vt 0.066100 1.860610
vt 0.044990 1.849289
vt 0.044974 1.854990
vt 2.272140 -1.234952
vt 2.269026 -1.232248
vt 2.236562 -1.194344
vt -0.915308 0.367080
vt -0.925497 0.385158
vt -0.925497 0.360054
vt -0.925312 0.352267
vt -0.922445 0.347891
vt 1.472741 -0.168823
vt 1.413534 -0.169667
vt 1.410997 -0.171918
vt 1.475174 -0.203817
vt 1.485846 -0.187314
vt 1.489875 -0.193187
vt 1.491619 -0.198511
vt 1.700566 0.047128
vt 1.711845 0.041879
vt 1.715124 0.040399
vt 1.715124 0.089313
vt 1.704585 0.059219
vt 1.452864 -0.240048
vt 1.467396 -0.231137
vt 1.405185 -0.193874
vt 1.402686 -0.203606
vt 1.402686 -0.262072
vt 1.416168 -0.266366
vt 1.480275 -0.223200
vt -0.673800 2.301811
vt -0.689552 2.280709
vt -0.688901 2.265102
vt -0.688123 2.247511
vt -0.689270 2.200875
vt -0.681688 2.200111
vt -0.666426 2.198898
vt -0.658593 2.209732
vt -0.658539 2.222622
vt -0.658539 2.288954
vt -0.658552 2.294656
vt 1.666492 1.242302
vt 1.662544 1.239628
vt 1.660021 1.231886
vt 1.652789 1.208232
vt 1.669162 1.221271
vt 1.669162 1.209203
vt 1.662431 1.195707
vt 1.669153 1.203547
vt 0.486019 -0.189000
vt 0.478261 -0.197115
vt 0.486019 -0.213041
vt 1.814178 1.201482
vt 1.827565 1.183348
vt 1.837324 1.199342
vt 1.837305 1.213320
vt 1.819917 1.222540
vt 1.837324 1.181385
vt 1.831956 1.177285
vt 1.833634 1.172675
vt 2.039539 0.082745
vt 2.021339 0.095699
vt 2.021339 0.081614
vt 2.021366 0.063523
vt 2.025550 0.055365
vt 2.038454 0.066020
vt 2.039220 0.077385
vt 0.404054 -0.190702
vt 0.404054 -0.213041
vt 0.414078 -0.208152
vt 0.422842 -0.196876
vt 1.465742 2.194120
vt 1.469060 2.194572
vt 1.466138 2.200808
vt 1.455064 2.225206
vt 1.449587 2.199193
vt 1.453834 2.197044
vt 1.282718 -0.636885
vt 1.289527 -0.624282
vt 1.278332 -0.629496
vt 1.277910 -0.633942
vt 1.280844 -0.640170
vt 1.276674 -0.640637
vt 0.514348 -0.568429
vt 0.509716 -0.565945
vt 0.445689 -0.603427
vt 0.474485 -0.600944
vt 0.481234 -0.595482
vt 1.292343 -0.620232
vt 1.289696 -0.549543
vt 1.277739 -0.611873
vt 0.445689 -0.537663
vt 0.488288 -0.554473
vt 0.481900 -0.552210
vt 0.455420 -0.537109
vt 1.276674 -0.581472
vt 0.449739 -0.534359
vt 1.454156 2.233923
vt 1.473343 2.198624
vt 1.477152 2.238202
vt 1.468313 2.254969
vt 1.455227 2.273038
vt 1.449587 2.276830
vt 1.472881 2.194035
vt 1.493083 -0.990907
vt 1.506045 -0.980348
vt 1.480222 -0.948301
vt 1.480222 -1.003716
vt 1.077212 -0.167740
vt 1.076593 -0.144293
vt 1.037329 -0.156629
vt 1.037329 -0.197726
vt 1.037356 -0.202482
vt 1.043389 -0.202214
vt 1.046905 -0.200859
vt 1.058045 -0.188749
vt -0.926044 -0.140207
vt -0.945952 -0.140207
vt -0.938073 -0.167490
vt -0.933523 -0.167036
vt 1.769211 1.172675
vt 1.776184 1.173490
vt 1.792355 1.216786
vt 1.770910 1.234557
vt 1.769094 1.229765
vt 1.769690 1.204075
vt 1.769094 1.197930
vt 1.769174 1.177169
vt 0.146562 0.616247
vt 0.146568 0.642973
vt 0.141362 0.627995
vt 0.146568 0.611992
vt 1.578870 0.068706
vt 1.575169 0.068811
vt 1.592358 0.063110
vt 1.569161 0.040669
vt 1.589509 0.057517
vt 0.146552 0.648117
vt 0.140944 0.634583
vt 1.561234 0.040399
vt 1.561540 0.082671
vt 1.561234 0.075605
vt 1.573184 0.071781
vt 0.534137 -0.955570
vt 0.528011 -0.957711
vt 0.534012 -0.960645
vt 0.533724 -0.924787
vt 0.527418 -0.924705
vt 0.501945 -0.934694
vt 0.498870 -0.941751
vt 0.534137 -0.929075
vt 0.408609 -0.538040
vt 0.380467 -0.600752
vt 0.445689 -0.553734
vt 0.445689 -0.534058
vt 0.445669 -0.569777
vt 0.094408 1.297624
vt 0.094408 1.273638
vt 0.103083 1.278983
vt 0.131244 1.295513
vt 0.130042 1.308043
vt 0.094417 1.337949
vt 0.376861 -0.600282
vt 2.041018 1.468654
vt 2.046240 1.458929
vt 2.041552 1.481087
vt 0.396129 -0.603428
vt 0.445007 -0.591748
vt -0.025209 2.136474
vt -0.021769 2.140219
vt -0.020037 2.167828
vt -0.028714 2.169390
vt -0.037690 2.137854
vt -0.040476 2.127852
vt -0.032724 2.217267
vt -0.063646 2.231938
vt -0.022481 2.177428
vt -0.088444 2.220155
vt -0.073525 2.236578
vt -0.088543 2.239995
vt -0.088431 2.235928
vt 0.792767 1.118716
vt 0.792590 1.154073
vt 0.768526 1.156543
vt 0.762105 1.157868
vt 0.747499 1.159084
vt 0.737830 1.159881
vt 0.739207 1.127256
vt 0.739854 1.117087
vt 0.790026 1.091797
vt 0.792767 1.107451
vt 2.269030 0.216208
vt 2.248994 0.228845
vt 2.232670 0.238665
vt 2.210731 0.236975
vt 2.210731 0.117196
vt 2.210763 0.100709
vt 2.213045 0.097154
vt 2.255008 0.152244
vt 2.260321 0.176098
vt 2.106742 1.481087
vt 2.054128 1.444232
vt 2.056194 1.437620
vt 2.068362 1.413317
vt 2.096015 1.444285
vt 2.102638 1.451769
vt 0.402320 0.410811
vt 0.405570 0.447755
vt 0.402320 0.448424
vt -0.035258 -0.535143
vt -0.032513 -0.541809
vt -0.032513 -0.531832
vt 0.897809 0.528296
vt 0.880415 0.514511
vt 0.895251 0.478349
vt 0.897809 0.481566
vt 1.379233 0.898655
vt 1.342336 0.911554
vt 1.342336 0.871188
vt 1.368252 0.886349
vt 1.379198 0.892765
vt -0.188274 1.615649
vt -0.167358 1.660793
vt -0.185112 1.679955
vt -0.188274 1.678924
vt 1.314827 0.883492
vt 1.315723 0.892165
vt 1.304936 0.897587
vt 1.279400 0.910403
vt 1.279400 0.855315
vt 1.485226 -0.591529
vt 1.486212 -0.613099
vt 1.493876 -0.603832
vt 2.010160 2.159075
vt 2.017535 2.152936
vt 2.017542 2.163683
vt 2.000475 2.228034
vt 1.991480 2.211257
vt 1.999704 2.188138
vt 2.017542 2.222348
vt 2.007577 2.241300
vt 0.287396 -0.550000
vt 0.290705 -0.544960
vt 0.280334 -0.534707
vt 0.280334 -0.552158
vt 0.855246 0.493648
vt 0.863225 0.481784
vt 0.866887 0.519677
vt 0.876805 0.523194
vt 0.870514 0.527784
vt 0.880415 0.478349
vt 0.879117 0.500099
vt 0.878079 0.517301
vt 0.848918 0.478349
vt 1.515774 -0.566521
vt 1.497896 -0.552301
vt 1.485211 -0.550378
vt 1.485211 -0.568439
vt 1.506123 -0.583003
vt -0.279592 -0.926974
vt -0.287835 -0.921466
vt -0.287835 -0.930381
vt 1.576944 0.814888
vt 1.596329 0.824569
vt 1.612911 0.845245
vt 1.625833 0.861537
vt 1.622585 0.877775
vt 1.597759 0.902348
vt 1.590002 0.909998
vt 1.580572 0.906782
vt 1.576939 0.884959
vt 1.576939 0.825738
vt 0.493595 2.080659
vt 0.570211 2.141317
vt 0.567432 2.148739
vt 0.493597 2.090904
vt 0.559317 2.170330
vt 0.543502 2.211934
vt 0.493595 2.200429
vt 0.712736 -0.968804
vt 0.746283 -0.988732
vt 0.734261 -0.944543
vt 0.795794 2.050812
vt 0.844379 2.101056
vt 0.863994 2.154521
vt 0.795794 2.140380
vt 0.799762 2.201623
vt 0.797318 2.165534
vt 0.796173 2.146814
vt 0.841606 2.204057
vt 2.249165 -0.635286
vt 2.241846 -0.685251
vt 2.280377 -0.729623
vt 2.280377 -0.652195
vt -0.090780 0.833808
vt -0.109080 0.842446
vt -0.137560 0.770446
vt -0.090819 0.722437
vt -0.090780 0.731950
vt 0.560614 -0.549320
vt 0.578952 -0.587291
vt 0.579685 -0.555797
vt 0.522524 -0.536659
vt 0.579265 -0.594827
vt 0.541357 -0.603427
vt 0.579685 -0.601840
vt 0.579427 -0.597957
vt 0.516580 -0.534686
vt 0.514348 -0.542156
vt 0.781299 2.196065
vt 0.731912 2.207596
vt 0.728645 2.198158
vt 0.191085 -0.201128
vt 0.196193 -0.196091
vt 0.191085 -0.189701
vt 0.198719 -0.193635
vt 2.175550 0.798169
vt 2.136308 0.801659
vt 2.148733 0.709789
vt 2.196968 0.856280
vt 2.144538 0.897846
vt 2.141816 0.897456
vt 2.136308 0.896578
vt 2.194323 0.848768
vt 1.938083 2.101314
vt 1.938083 2.224072
vt 1.908567 2.213059
vt 1.901686 2.209971
vt 1.898839 2.208659
vt 1.895330 2.206977
vt -1.204036 2.050550
vt -1.212165 2.048982
vt -1.263917 2.038653
vt -1.287432 2.031537
vt -1.310357 1.893431
vt -1.195185 1.934363
vt -1.195185 2.043312
vt 0.781299 2.070297
vt 0.705812 2.134260
vt 0.739023 1.595123
vt 0.736625 1.593466
vt 0.740551 1.586605
vt 0.751835 1.594065
vt -0.877384 2.200156
vt -0.914767 2.206933
vt -0.906721 2.186684
vt -0.877429 2.165759
vt -0.867795 2.184475
vt -0.865943 2.181478
vt -0.852657 2.148070
vt -0.851048 2.156994
vt 1.401927 -0.233443
vt 1.355720 -0.242678
vt 1.363268 -0.261886
vt 1.392590 -0.280529
vt 1.351385 -0.194136
vt 1.349069 -0.231046
vt 1.353667 -0.238978
vt 1.390292 -0.173496
vt 1.401927 -0.176876
vt 1.394701 -0.171157
vt -0.851048 2.257086
vt -0.881790 2.250654
vt -0.909333 2.221296
vt 0.776698 1.503166
vt 0.790487 1.515887
vt 0.795794 1.597449
vt 0.779874 1.596245
vt 0.776830 1.596001
vt 0.751796 1.480477
vt 0.736625 1.519640
vt 1.088545 2.116822
vt 1.088545 2.187408
vt 1.064662 2.181750
vt 1.062007 2.164527
vt 1.057470 2.133562
vt 2.305438 -0.544642
vt 2.305438 -0.474451
vt 2.277717 -0.475942
vt 2.271453 -0.546250
vt 2.291861 -0.549331
vt 2.296152 -0.547806
vt -0.530320 2.054440
vt -0.530320 2.005968
vt -0.516781 2.030205
vt 2.239001 -0.775447
vt 2.238170 -0.772162
vt 2.213935 -0.752985
vt 2.185190 -0.730459
vt 2.185190 -0.799053
vt 2.233522 -0.777857
vt -0.925690 2.199255
vt -0.925690 2.261307
vt -0.937550 2.276960
vt -0.951270 2.262216
vt -0.962135 2.236670
vt -0.955405 2.166801
vt -0.039101 -0.531832
vt -0.042511 -0.541087
vt -0.036246 -0.537628
vt -0.035258 -0.541087
vt 0.493130 -0.201721
vt 0.493147 -0.211159
vt 0.500122 -0.212293
vt 0.500195 -0.209176
vt 0.500195 -0.189559
vt 0.359166 0.860381
vt 0.351488 0.872279
vt 0.351488 0.846809
vt 0.356537 0.847654
vt 0.358915 0.849870
vt 0.588680 -0.954083
vt 0.596623 -0.960645
vt 0.596623 -0.931410
vt 0.588590 -0.950048
vt 0.404054 -0.213041
vt 0.388805 -0.202538
vt 0.385132 -0.204984
vt 0.384812 -0.213041
vt -0.067675 -0.565864
vt -0.051007 -0.566016
vt -0.051007 -0.538075
vt 1.805481 -0.185264
vt 1.793770 -0.175252
vt 1.782266 -0.191236
vt 1.782266 -0.262869
vt 1.811432 -0.287780
vt 1.819665 -0.213499
vt 0.386232 -0.191032
vt 0.973775 2.246189
vt 0.980914 2.309880
vt 0.945449 2.308412
vt 0.945449 2.239077
vt 0.464593 -0.956712
vt 0.464593 -0.927821
vt 0.456254 -0.922208
vt 0.442759 -0.932930
vt 0.429417 -0.961462
vt 1.870236 -0.578492
vt 1.860631 -0.605895
vt 1.865347 -0.678834
vt 1.884061 -0.668077
vt 1.884061 -0.593426
vt 0.245495 -0.201428
vt 0.243108 -0.191347
vt 0.239290 -0.201428
vt -0.081636 -0.533819
vt -0.081636 -0.566016
vt -0.067675 -0.547936
vt -0.071423 -0.532515
vt 0.486019 -0.209004
vt 0.493130 -0.213041
vt 0.493130 -0.189559
vt 0.166043 -0.190615
vt 0.165356 -0.200436
vt 0.174270 -0.202753
vt 0.172247 -0.190615
vt -0.132383 -0.552692
vt -0.115800 -0.566016
vt -0.115800 -0.533533
vt -0.126843 -0.533935
vt -0.257701 -0.924459
vt -0.257533 -0.929130
vt -0.254519 -0.930260
vt 0.357770 0.882988
vt 0.355584 0.896819
vt 0.351488 0.890919
vt 0.351488 0.872371
vt 0.358770 0.872279
vt -0.332865 0.153498
vt -0.334053 0.146933
vt -0.330905 0.146283
vt -0.330905 0.162804
vt 0.355904 0.817249
vt 0.351114 0.822365
vt 0.351114 0.796229
vt 0.355365 0.797153
vt 0.358678 0.798565
vt -0.593880 -0.501891
vt -0.596395 -0.510404
vt -0.593880 -0.516024
vt 0.958118 0.513228
vt 0.898281 0.111620
vt 1.010034 0.144191
vt 1.037329 0.212736
vt 1.035140 0.399924
vt 0.970138 0.516810
vt 1.002380 0.124874
vt 0.792856 0.803281
vt 0.792856 1.009949
vt 0.744056 0.953720
vt 0.769752 0.825224
vt 0.788656 0.803053
vt 0.758048 1.056479
vt 0.737830 0.984749
vt 0.788910 1.078739
vt 0.767825 1.091797
vt 1.907078 -0.692436
vt 1.886181 -0.709341
vt 1.949176 -0.779127
vt 1.946638 -0.760908
vt 1.884135 -0.810667
vt 1.953929 -0.812362
vt -0.153741 0.856001
vt -0.135374 0.859238
vt -0.089733 1.167484
vt -0.121053 1.195236
vt -0.129905 1.202986
vt -0.141303 1.192291
vt -0.154726 1.179082
vt -0.154752 1.170232
vt -0.154752 1.097065
vt -0.154566 0.992752
vt 0.950848 0.511071
vt 0.898281 0.383040
vt 0.094136 0.487998
vt 0.008667 0.485938
vt 0.094437 0.479152
vt 0.737830 0.806217
vt 0.642166 0.878754
vt 0.718081 0.803053
vt 0.107062 0.501694
vt -0.024912 0.521011
vt 0.097141 0.406036
vt -0.056250 0.373830
vt 0.101183 0.301801
vt 0.101615 0.165363
vt 0.107062 0.165173
vt 0.737830 1.129522
vt 0.654113 0.881014
vt 0.070975 0.189881
vt -1.291975 -0.136017
vt -1.292248 -0.176088
vt -1.085156 -0.138074
vt -1.016270 -0.136017
vt -1.092234 -0.364406
vt 1.948212 -0.943584
vt 1.974325 -0.835428
vt 1.884135 -0.937924
vt -1.015987 -0.237360
vt -1.260321 -0.456872
vt -1.310357 -0.417805
vt 0.663246 1.127213
vt 0.571133 0.968687
vt -0.088543 0.415741
vt -0.167357 1.560675
vt -0.330824 1.615649
vt -0.330824 1.399660
vt -0.200168 1.409687
vt -0.168615 1.412128
vt 0.359905 1.839646
vt 0.493595 1.835876
vt 0.493595 1.982593
vt 0.422360 1.961439
vt 0.387266 1.950835
vt 0.360253 1.889358
vt 0.768165 2.207596
vt 0.777654 2.208052
vt 0.793273 2.208893
vt 0.793273 2.283025
vt 0.783837 2.267234
vt 0.766719 2.238353
vt 2.085940 2.166633
vt 2.085940 2.248764
vt 2.020782 2.197922
vt 2.023110 2.112214
vt 1.316249 2.197185
vt 1.298471 2.153709
vt 1.365400 2.174488
vt 0.546908 2.080658
vt 0.497942 2.044713
vt 0.493594 1.967830
vt 0.564016 2.044752
vt 1.696578 -0.413996
vt 1.701987 -0.336932
vt 1.557404 -0.357813
vt 1.546815 -0.441553
vt 1.569978 -0.462882
vt 1.653589 -0.517771
vt 1.701987 -0.549331
vt 1.296741 2.056271
vt 1.296751 2.053222
vt 1.365400 2.032080
vt 0.527881 1.835876
vt 0.566476 1.856644
vt 0.566476 2.039596
vt 1.296658 2.149282
vt 0.796167 1.581278
vt 0.795794 1.508134
vt 0.941283 1.394933
vt 0.941283 1.599138
vt 0.871343 1.646453
vt 0.868807 1.644485
vt -0.189217 1.930459
vt -0.185735 1.926252
vt -0.185735 1.999398
vt -0.188298 1.995742
vt -0.213417 1.959817
vt 2.134886 0.911713
vt 2.061034 0.906701
vt 2.061034 0.709789
vt 2.100136 0.719975
vt 2.113567 0.779182
vt 2.136307 0.881573
vt 0.147835 1.075378
vt 0.255408 0.782966
vt 0.322224 0.850983
vt 0.325189 0.992091
vt 0.291014 1.044352
vt 0.239083 0.766353
vt 0.147835 0.870127
vt 0.234643 0.767322
vt 0.214285 0.771744
vt -1.016177 2.166801
vt -0.986044 2.041537
vt -0.929918 2.166801
vt 0.280960 1.059529
vt -0.576154 0.803841
vt -0.578380 0.796259
vt -0.441873 0.737461
vt -0.441873 0.810834
vt 0.407795 0.033214
vt 0.497716 -0.188760
vt 0.410425 0.101574
vt -0.612750 0.726560
vt -0.588698 0.549726
vt -0.485809 0.427826
vt -0.460867 0.430071
vt -0.585973 0.780850
vt -0.450326 0.431028
vt -0.459580 2.260300
vt -0.464163 2.266447
vt -0.476115 2.249319
vt -0.515876 2.190577
vt -0.448934 2.190577
vt -0.457214 2.244891
vt 1.697466 0.233381
vt 1.562577 0.335709
vt 1.562577 0.097154
vt 1.697791 0.164458
vt 1.134221 -0.643244
vt 1.016749 -0.587436
vt 0.988079 -0.573890
vt 0.988079 -0.943584
vt 1.135443 -0.881795
vt 0.766886 1.474920
vt 0.757928 1.476582
vt 0.736742 1.480477
vt 0.736742 1.170029
vt 0.740661 1.168974
vt 0.758607 1.164219
vt 0.795794 1.287574
vt 0.632783 -0.022216
vt 0.639565 0.101574
vt 0.822093 -1.001499
vt 0.822093 -1.294125
vt 0.826178 -1.293741
vt 0.975758 -1.071784
vt 0.325189 1.104859
vt 0.339988 1.089428
vt 0.359048 1.124486
vt 0.357858 1.141904
vt 0.906433 -0.957496
vt 0.822210 -0.958176
vt 0.344881 1.287267
vt 0.325189 1.294613
vt 0.338315 1.221122
vt 0.352164 1.225141
vt -0.612807 0.428779
vt -0.612807 0.549868
vt -0.627737 0.513109
vt 0.830722 -1.304372
vt 1.895330 2.173857
vt 1.895330 2.245065
vt 1.884487 2.243243
vt 1.850857 2.216461
vt 0.855671 -1.267398
vt 0.886319 -1.269796
vt 0.971262 -1.205484
vt 0.980597 -1.177649
vt 0.985331 -1.090233
vt 1.869168 2.108497
vt 1.872865 2.101314
vt 1.872209 2.150675
vt 1.843527 2.210555
vt 1.835592 2.197771
vt 1.838428 2.168126
vt 1.828825 2.186741
vt 0.946112 -1.261524
vt 0.958452 -1.234452
vt 0.912143 -1.285818
vt 1.210491 1.003224
vt 1.226397 0.977744
vt 1.232231 0.972127
vt 1.281282 0.926194
vt 1.296658 0.911924
vt 1.296658 1.297155
vt 1.226604 1.288337
vt 1.188325 1.197335
vt 1.180345 1.178250
vt 1.180839 1.057162
vt 1.193864 1.030537
vt 1.843205 0.530928
vt 1.843205 0.816883
vt 1.843051 0.859331
vt 1.827581 0.872462
vt 1.759381 0.551830
vt 1.768979 0.544488
vt 1.780205 0.536042
vt 1.789445 0.534762
vt 1.831771 0.529234
vt 1.227251 0.897625
vt 1.201487 0.714076
vt 1.237236 0.898036
vt 1.213541 0.615683
vt 1.240092 0.898146
vt 1.242746 0.602154
vt 1.242746 0.898247
vt -1.310357 -0.456873
vt -1.310357 -0.763331
vt -1.210410 -0.496995
vt -1.111773 -0.536623
vt -1.055192 -0.666875
vt 1.786414 1.827144
vt 1.776398 1.830747
vt 1.745124 1.711358
vt 1.753698 1.644364
vt 1.810476 1.620000
vt 1.828825 1.655147
vt 1.819912 1.815152
vt 1.165527 0.884057
vt 1.152220 0.854101
vt 1.189792 0.889394
vt 1.114874 0.678685
vt 1.105220 0.748248
vt 1.118997 0.649051
vt 1.173716 0.535980
vt 1.185733 0.534679
vt 1.131404 0.581192
vt 1.237609 0.529234
vt 1.241311 0.539608
vt -1.280152 -0.836123
vt -1.277486 -0.847543
vt -1.154974 -0.876260
vt -1.026840 -0.734336
vt 1.808674 1.616531
vt 1.745124 1.487749
vt 1.768167 1.491781
vt 1.788002 1.506839
vt 2.226938 1.446340
vt 2.226920 1.449984
vt 2.214786 1.442462
vt 2.210800 1.599023
vt 2.226938 1.603601
vt 2.165082 1.479707
vt 1.760157 1.485700
vt 1.417057 -1.189933
vt 1.545742 -1.304372
vt 1.545742 -1.057649
vt 1.444791 -1.015586
vt 1.263760 0.372604
vt 1.234068 0.374479
vt 1.164351 0.378692
vt 1.164351 0.131969
vt 1.195911 0.100250
vt 1.199033 0.097154
vt 1.328145 0.151090
vt 1.329240 0.341659
vt 2.231987 1.400158
vt 2.232274 1.403944
vt 2.186710 1.414465
vt 2.186710 1.223893
vt 2.209737 1.236015
vt 2.219038 1.240917
vt 1.405860 2.071148
vt 1.402895 2.068811
vt 1.400138 2.066626
vt 1.400138 1.959162
vt 1.400363 1.853092
vt 1.411045 1.852223
vt 1.446740 1.849525
vt 1.476589 2.033131
vt 1.452856 2.051227
vt 1.416220 2.079104
vt 2.257285 0.846056
vt 2.280097 0.799432
vt 2.290782 0.854363
vt 2.257285 0.884762
vt 1.592359 0.081876
vt 1.592359 0.040400
vt 1.621410 0.043493
vt 1.623230 0.064217
vt 1.599054 0.082354
vt 2.277256 0.784838
vt 2.257296 0.821031
vt 2.270590 0.796878
vt 2.248372 -1.096229
vt 2.259446 -1.084378
vt 2.268921 -1.074208
vt 2.258362 -1.053401
vt 2.283196 -1.020696
vt 2.269528 -1.006032
vt 1.499736 0.426006
vt 1.511646 0.424481
vt 1.518985 0.449284
vt 1.445541 0.485133
vt 1.453515 0.457903
vt 2.260373 -1.103006
vt 2.283196 -1.101341
vt 2.248960 -1.103837
vt 0.311690 2.261024
vt 0.299543 2.260280
vt 0.256211 2.225600
vt 0.251418 2.189218
vt 0.293930 2.152832
vt 0.305253 2.143197
vt 0.312022 2.147542
vt 0.312022 2.201304
vt -0.616869 1.333876
vt -0.633553 1.278530
vt -0.612750 1.278530
vt 1.488420 0.526307
vt 1.471138 0.513355
vt 1.444450 0.493251
vt 1.518985 0.513499
vt -0.918008 0.733142
vt -0.936329 0.712712
vt -0.935655 0.646856
vt -0.927048 0.633661
vt -0.918008 0.619867
vt -0.169033 -0.546908
vt -0.152444 -0.554352
vt -0.150938 -0.533674
vt -0.171567 -0.533674
vt 0.246603 2.176690
vt 0.245140 2.190973
vt 0.213753 2.200906
vt 0.214585 2.185221
vt 0.248142 2.161751
vt -0.165369 -0.566016
vt 0.204464 2.192323
vt 1.932469 -0.254979
vt 1.936074 -0.192173
vt 1.922648 -0.176473
vt 1.922651 -0.233790
vt 1.922648 -0.262685
vt 2.035391 0.364848
vt 2.069390 0.384353
vt 2.079646 0.390259
vt 2.075704 0.418279
vt 2.067708 0.473870
vt 2.048615 0.473879
vt 2.035391 0.473832
vt 0.228603 2.263131
vt 0.248142 2.256322
vt 1.320571 0.504414
vt 1.307037 0.484272
vt 1.308639 0.481878
vt 1.328900 0.486668
vt 1.328462 0.516110
vt 1.328900 0.451927
vt 0.817331 -0.946541
vt 0.791159 -0.945046
vt 0.785524 -0.952848
vt 0.817473 -0.988732
vt 0.817473 -0.949706
vt 0.225785 -0.194083
vt 0.219998 -0.189132
vt 0.219998 -0.201726
vt 0.588591 -0.960645
vt 0.588580 -0.936558
vt 0.568382 -0.950633
vt 0.588591 -0.922549
vt 0.565065 -0.940366
vt 1.271191 -1.006769
vt 1.294934 -0.965509
vt 1.293617 -0.952971
vt 1.269824 -0.943637
vt 1.269824 -0.973171
vt 2.258597 -0.414937
vt 2.269512 -0.423324
vt 2.267135 -0.417814
vt 1.328646 0.410343
vt 1.307036 0.412158
vt 1.320920 0.390740
vt 1.328764 0.378693
vt 1.328764 0.451927
vt 1.325822 0.446574
vt 2.251120 -0.409050
vt 2.269060 -0.359514
vt 2.223300 -0.364660
vt 2.217370 -0.382456
vt 2.269512 -0.353405
vt 2.224539 -0.361476
vt 0.344354 2.194814
vt 0.325377 2.225134
vt 0.312022 2.192754
vt 0.348018 2.152660
vt 0.356568 2.143198
vt 0.356354 2.154134
vt 0.355849 2.176549
vt 1.649045 -1.026016
vt 1.613677 -0.987993
vt 1.609638 -1.026016
vt 1.664983 -1.018054
vt 1.665290 -1.004248
vt 1.662782 -0.994418
vt 1.651005 -0.949987
vt 1.655183 -1.026016
vt 0.795794 2.263678
vt 0.813838 2.210165
vt 0.838111 2.206057
vt 0.839938 2.273023
vt 0.822140 2.288562
vt 0.849977 2.204057
vt 0.849977 2.264269
vt 1.392203 2.269300
vt 1.387208 2.257777
vt 1.395485 2.223129
vt 1.402031 2.196908
vt 1.449526 2.194035
vt 1.449587 2.206399
vt 1.449587 2.258480
vt 1.444622 2.260185
vt 1.396979 2.272442
vt 0.356568 2.230818
vt 0.325397 2.247641
vt 0.325269 2.228702
vt -0.444690 1.742021
vt -0.445014 1.747791
vt -0.451357 1.749374
vt -0.449029 1.739212
vt 1.682128 2.224151
vt 1.691913 2.227777
vt 1.701146 2.235737
vt 1.675312 0.060146
vt 1.700566 0.040399
vt 1.700566 0.081949
vt 1.695245 0.085898
vt 1.673683 0.082432
vt -0.457842 1.804831
vt -0.444730 1.798049
vt -0.444690 1.804373
vt 1.631957 0.044103
vt 1.646249 0.044185
vt 1.646250 0.054945
vt 1.627909 0.071105
vt 1.646250 0.096297
vt -0.461595 1.800633
vt -0.453670 1.760752
vt 1.646248 0.040399
vt 1.146914 1.787619
vt 1.146914 1.863875
vt 1.141042 1.861526
vt 1.126261 1.808144
vt 1.124619 1.802193
vt 1.614247 -0.592815
vt 1.610096 -0.602760
vt 1.608647 -0.606261
vt 1.613164 -0.610821
vt 1.649140 -0.646929
vt 1.654060 -0.649865
vt 1.654060 -0.554905
vt 1.630229 -0.554609
vt 1.623229 0.066839
vt 1.627518 0.043186
vt 1.727109 2.286791
vt 1.682130 2.295041
vt 1.682128 2.287931
vt 1.733502 2.263552
s 0
usemtl PILIER_BRISE
f 33/1 36/2 37/3 39/4 2/5 40/6 34/7
f 36/2 33/1 41/8
f 40/6 2/5 45/9 43/10 66/11
f 47/12 49/13 46/14
f 50/15 46/14 49/13 52/16 54/17 55/18
f 45/19 2/20 58/21 55/18 54/17 59/22 56/23
f 2/20 5/24 61/25 58/21
f 62/26 61/27 5/28 4/29
f 62/26 4/29 63/30
f 65/31 1/32 64/33
f 64/34 1/35 2/5 39/4
f 4/36 2/20 1/37
f 5/24 2/20 4/36
f 63/30 4/29 1/32 65/31
s 1
f 69/38 71/39 48/40 18/41 51/42
f 42/43 72/44 70/45 38/46 9/47
f 73/48 67/49 60/50 22/51 53/52
f 68/53 74/54 35/55 12/56
f 44/57 17/58 57/59
f 7/60 16/61 26/62 27/63
f 31/64 32/65 14/66 10/67 8/68 21/69 24/70 25/71 28/72 29/73 30/74
f 3/75 15/76 11/77 13/78 6/79 23/80 19/81 20/82
s 0
f 75/83 80/84 77/85
f 83/86 77/85 80/84
f 83/87 87/88 77/89
f 87/88 79/90 77/89
f 79/91 116/92 117/93 75/94 77/95
f 76/96 80/97 75/94
f 120/98 121/99 83/86 80/84
f 76/96 82/100 80/97
f 82/100 81/101 80/97
f 118/102 135/103 122/104 76/96 75/94 117/93
f 83/87 121/105 123/106
f 88/107 83/87 123/106 124/108
f 88/107 87/88 83/87
f 127/109 89/110 115/111 125/112
f 128/113 87/114 129/115
f 130/116 87/114 128/113
f 116/117 79/90 87/88 130/118 131/119
f 87/114 88/120 89/110 127/109 133/121 129/115
f 122/104 78/122 76/96
f 78/123 82/124 76/125
f 84/126 138/127 110/128
f 81/129 82/124 84/130
f 78/123 90/131 82/124
f 90/131 86/132 82/124
s 1
f 113/133 136/134 119/135 139/136 134/137 104/138 126/139
s 0
f 88/120 124/140 138/141 84/142
f 89/110 88/120 84/142
f 90/131 78/123 89/143
f 89/143 78/123 122/144 115/145
f 89/110 84/142 85/146
f 85/147 90/131 89/143
f 85/147 86/132 90/131
s 1
f 114/148 112/149 100/150
f 108/151 91/152 101/153 109/154
f 105/155 102/156 103/157 107/158 140/159 132/160
f 106/161 92/162 95/163 94/164 93/165
f 99/166 98/167 97/168 96/169 137/170 111/171
s 0
f 81/172 84/126 110/128 120/98 80/84
f 86/132 85/147 84/130 82/124
f 170/173 173/174 141/175 175/176 174/177 172/178
f 172/178 174/177 178/179 180/180 182/181 176/182
f 141/183 173/184 184/185 186/186
f 188/187 143/188 141/183 187/189
f 141/183 143/188 189/190 190/191
f 141/183 190/191 191/192
f 191/193 175/176 141/175
f 141/183 186/186 187/189
f 194/194 196/195 198/196 200/197 201/198 192/199
f 200/197 189/200 143/201 188/202 201/198
s 1
f 179/203 203/204 205/205 181/206
f 197/207 206/208 204/209 199/210
f 183/211 207/212 209/213 177/214
f 193/215 210/216 208/217 195/218
f 171/219 211/220 185/221 149/222
f 160/223 159/224 158/225 157/226 212/227 202/228
f 166/229 147/230 153/231 151/232 152/233 163/234 162/235 161/236 165/237
f 168/238 144/239 156/240 154/241 142/242 167/243
f 169/244 146/245 148/246 150/247 155/248 145/249 164/250
s 0
f 272/251 274/252 264/253 263/254 276/255 265/256 213/257 214/258 267/259
f 263/254 264/253 261/260
f 267/261 214/262 217/263 270/264 268/265
f 217/263 271/266 270/264
f 217/263 278/267 271/266
f 217/263 216/268 279/269 278/267
f 216/268 218/270 280/271 279/269
f 281/272 284/273 283/274
f 285/275 286/276 288/277 280/278 218/279 290/280 291/281
f 285/275 291/281 292/282
f 229/283 258/284 294/285 295/286 213/287
f 215/288 213/287 295/286 296/289 298/290
f 213/287 215/288 216/291
f 213/287 216/291 217/292
f 213/287 217/292 214/293
f 216/294 215/295 300/296 299/297
f 283/298 284/299 301/300 290/301 218/302 216/294 299/297
f 215/288 298/290 300/303
s 1
f 259/304 257/305 266/306
f 255/307 253/308 297/309 303/310 305/311 282/312 246/313 254/314
f 262/315 306/316 304/317 277/318 227/319
f 243/320 302/321 307/322 309/323 293/324 247/325
f 273/326 310/327 308/328 275/329
f 311/330 289/331 287/332
f 241/333 312/334 269/335 233/336 234/337 237/338 238/339 239/340
s 0
f 265/256 260/341 229/342 213/257
s 1
f 249/343 230/344 225/345 236/346 219/347 252/348 250/349 251/350
f 235/351 221/352 256/353 244/354 245/355 220/356 226/357 228/358
f 232/359 223/360 242/361 240/362 248/363 222/364 224/365 231/366
s 0
f 402/367 385/368 319/369
f 388/370 321/371 389/372
f 389/372 321/371 320/373 392/374 390/375
f 393/376 392/374 320/373
f 394/377 393/376 320/373
f 395/378 394/377 320/373
f 396/379 395/378 320/373
f 398/380 397/381 315/382
f 399/383 398/380 315/382 317/384
f 317/385 319/386 384/387 399/388
f 406/389 403/390 405/391 319/369 315/382 414/392 410/393 320/394 321/395
f 388/396 406/389 321/395
f 319/369 405/391 407/397 409/398
f 409/398 402/367 319/369
f 319/369 317/384 315/382
f 320/373 410/399 411/400
f 396/379 320/373 411/400 412/401
f 381/402 314/403 415/404
f 418/405 420/406 422/407 376/408 314/409 381/410 400/411 416/412
f 397/381 415/404 314/403 315/382
f 315/413 314/409 424/414 425/415 414/416
f 377/417 424/414 314/409
f 377/417 314/409 376/408
s 1
f 427/418 379/419 371/420 368/421
f 378/422 428/423 401/424 380/425
f 429/426 431/427 370/428 382/429
f 432/430 430/431 419/432 417/433
f 433/434 435/435 386/436 332/437 346/438 351/439 408/440
f 373/441 375/442 423/443
f 436/444 434/445 374/446 361/447 421/448
f 335/449 336/450 391/451 437/452 404/453 349/454
f 439/455 413/456 353/457 352/458 355/459 426/460
f 440/461 438/462 338/463 337/464 339/465 340/466 341/467 342/468 354/469
s 0
f 372/470 384/387 319/386 385/471 387/472 383/473 369/474 367/475
s 1
f 316/476 359/477 358/478 313/479 329/480 330/481
f 322/482 362/483 360/484 318/485 334/486 333/487
f 324/488 323/489 350/490 348/491 347/492 325/493 326/494 365/495 364/496 366/497 363/498
f 356/499 357/500 343/501 344/502 345/503 331/504 328/505 327/506
s 0
f 487/507 447/508 479/509
f 479/510 447/511 441/512 482/513 483/514 480/515
f 485/516 482/513 441/512
f 441/512 486/517 485/516
f 487/507 489/518 447/508
f 446/519 448/520 447/511
f 448/520 442/521 447/511
f 441/512 447/511 442/521
f 447/508 489/518 490/522
f 491/523 447/524 490/525
f 492/526 447/524 491/523 493/527
f 446/528 447/524 492/526 495/529
f 442/530 445/531 441/532
f 445/531 443/533 441/532
f 496/534 486/517 441/512 443/535
f 449/536 496/534 443/535
f 498/537 496/538 449/539 444/540
f 504/541 446/542 495/543
f 504/541 511/544 448/545 446/542
f 511/544 445/546 448/545
f 445/546 442/547 448/545
f 507/548 509/549 443/533 445/531 510/550 505/551
f 510/552 445/546 511/544
f 444/540 449/539 443/553
f 509/549 512/554 444/555 443/533
f 513/556 444/555 512/554
f 513/557 501/558 444/540
s 1
f 473/559 472/560 471/561 465/562 463/563 494/564 514/565 506/566
f 462/567 461/568 460/569 488/570 515/571 464/572
f 508/573 516/574 502/575 468/576 478/577 477/578 476/579
f 503/580 517/581 518/582 500/583
f 519/584 481/585 484/586 497/587 467/588 499/589
f 456/590 455/591 458/592 459/593 466/594
s 0
f 501/558 469/595 470/596 498/537 444/540
s 1
f 457/597 452/598 451/599 475/600 474/601 450/602 453/603 454/604
s 0
f 522/605 553/606 554/607
f 557/608 555/609 559/610 561/611 563/612 565/613 553/606 522/605 567/614
f 568/615 572/616 573/617 574/618 576/619 570/620
f 578/621 580/622 522/623 581/624 573/617 572/616
f 581/624 522/623 554/625
f 582/626 567/614 522/605
f 582/626 522/605 580/627 583/628
s 1
f 575/629 585/630 587/631 577/632
f 588/633 586/634 591/635 589/636
f 564/637 590/638 592/639 566/640
f 571/641 593/642 595/643 569/644
f 596/645 594/646 599/647 597/648
f 560/649 598/650 600/651 562/652
f 579/653 601/654 603/655 584/656 549/657
f 604/658 602/659 607/660 605/661
f 558/662 606/663 608/664 556/665
f 520/666 521/667 539/668 540/669 525/670 523/671 547/672 546/673
f 535/674 529/675 527/676 550/677 544/678 542/679 524/680 526/681 541/682
f 538/683 532/684 531/685 545/686 543/687 548/688 534/689 533/690
f 537/691 536/692 551/693 552/694 528/695 530/696
s 0
f 614/697 635/698 636/699
f 614/697 613/700 637/701 635/698
f 638/702 637/703 613/704
f 639/705 640/706 616/707
f 636/699 639/705 616/707 614/697
f 614/697 616/707 615/708
f 615/709 619/710 614/711
f 614/711 619/710 612/712
f 614/711 612/712 613/704
f 613/704 612/712 641/713 638/702
f 643/714 642/715 619/710 609/716
f 612/712 619/710 642/715 641/713
f 643/717 609/718 610/719 644/720
f 644/720 610/719 645/721
f 616/707 647/722 646/723 620/724
f 647/722 616/707 640/706
f 645/725 610/726 648/727
f 620/728 646/729 648/727 610/726
f 618/730 611/731 609/732 619/733
f 620/724 617/734 616/707
f 618/730 619/733 615/735
f 611/736 610/719 609/718
f 611/737 620/724 610/738
f 618/739 620/724 611/737
f 617/734 620/724 618/739
s 1
f 627/740 628/741 629/742 630/743 631/744 634/745 632/746 633/747 626/748 625/749 622/750 621/751 623/752 624/753
s 0
f 618/739 615/708 616/707 617/734
f 685/754 687/755 650/756 689/757 690/758 692/759 683/760
f 689/757 650/756 694/761
f 714/762 715/763 653/764 650/765 651/766 695/767
f 704/768 703/769 649/770 708/771 709/772 711/773 706/774
f 695/775 651/776 697/777
f 697/777 651/776 650/756 687/755
f 650/778 653/779 713/780 694/781
f 716/782 713/780 653/779 654/783
f 717/784 716/782 654/783
f 718/785 649/770 700/786
f 654/783 649/787 718/788 719/789
f 701/790 700/786 649/770 703/769
f 653/764 720/791 654/792
f 715/763 720/791 653/764
f 717/784 654/783 652/793 721/794
f 654/783 719/789 722/795 652/793
f 652/793 722/795 721/794
s 1
f 693/796 691/797 702/798 665/799 705/800
f 686/801 684/802 707/803 712/804
f 698/805 696/806 671/807 688/808
f 673/809 699/810 710/811 667/812 680/813 675/814 674/815
f 669/816 660/817 656/818 666/819
f 662/820 672/821 676/822 677/823 681/824 682/825 679/826 678/827 663/828 664/829 658/830 657/831
s 0
f 720/791 708/832 649/833 654/792
s 1
f 661/834 670/835 668/836 655/837 659/838
s 0
f 753/839 724/840 752/841
f 754/842 756/843 724/844 753/845
s 1
f 781/846 791/847 758/848 773/849 790/850 770/851
s 0
f 768/852 724/844 756/843 774/853 776/854 778/855 780/856 769/857
f 782/858 724/840 768/859
f 724/840 782/858 783/860 723/861
f 723/862 783/863 784/864
f 788/865 723/861 784/866 785/867
f 723/861 788/865 787/868 771/869
f 772/870 757/871 759/872 761/873 763/874 752/841 724/840 723/861 771/869
s 1
f 786/875 766/876 789/877 739/878 738/879 750/880 751/881
f 740/882 725/883 765/884 767/885
f 792/886 793/887 760/888 736/889
f 779/890 794/891 726/892 742/893
f 732/894 755/895 764/896 762/897 795/898 775/899
f 796/900 777/901 744/902
f 731/903 730/904 735/905 733/906
f 745/907 728/908 734/909 737/910 727/911 743/912
f 741/913 729/914 749/915 748/916 747/917 746/918
s 0
f 824/919 797/920 875/921
f 885/922 861/923 876/924
f 877/925 881/926 821/927 883/928 879/929
f 876/924 884/930 803/931 886/932 885/922
f 886/933 803/934 887/935
f 895/936 897/937 798/938 797/939 873/940 889/941 898/942
f 892/943 894/944 891/945
f 798/946 802/947 797/948
f 802/947 799/949 797/948
f 799/950 804/951 797/920
f 875/921 797/920 804/951 902/952 900/953
f 804/951 803/934 884/954 903/955 902/952
f 887/935 803/934 805/956 905/957
f 905/957 805/956 804/951 906/958
f 907/959 906/958 804/951 811/960
f 907/961 811/962 908/963
f 804/951 805/956 803/934
f 911/964 909/965 912/966
f 807/967 913/968 911/964 912/966 914/969
f 913/968 807/967 888/970
f 872/971 806/972 917/973 915/974
f 917/975 806/976 798/946 897/977 918/978 891/979 894/980
f 806/976 800/981 798/946
f 800/981 802/947 798/946
f 807/982 808/983 802/947
f 920/984 802/985 808/986 921/987
f 811/962 802/985 920/984 922/988
f 811/962 799/989 802/985
f 800/981 807/982 802/947
f 811/962 804/990 799/989
f 811/962 922/988 908/963
f 921/987 808/986 807/967 914/969
f 888/970 807/967 806/972 872/971
f 800/981 806/976 807/982
s 1
f 923/991 870/992 878/993 880/994
f 853/995 871/996 869/997 924/998 910/999 850/1000 852/1001
f 925/1002 927/1003 867/1004 866/1005 882/1006
f 836/1007 893/1008 928/1009 926/1010 916/1011 854/1012
f 929/1013 931/1014 863/1015 864/1016
f 839/1017 896/1018 932/1019 930/1020 919/1021
f 842/1022 904/1023 933/1024 901/1025
f 934/1026 935/1027 890/1028 823/1029 874/1030 825/1031 841/1032
f 936/1033 899/1034 834/1035
s 0
f 868/1036 865/1037 862/1038 861/923 885/922 883/928 821/927
s 1
f 855/1039 809/1040 828/1041 829/1042 801/1043 856/1044
f 810/1045 840/1046 837/1047 857/1048 812/1049 818/1050 822/1051
s 0
f 797/939 824/1052 873/940
s 1
f 815/1053 814/1054 843/1055 831/1056 827/1057 817/1058 819/1059 813/1060 835/1061 838/1062
f 816/1063 830/1064 820/1065 826/1066 832/1067 833/1068 844/1069 845/1070 846/1071 847/1072 860/1073 858/1074 859/1075 851/1076 849/1077 848/1078
s 0
f 960/1079 961/1080 939/1081
f 939/1081 962/1082 960/1079
f 962/1082 939/1081 968/1083
f 939/1084 966/1085 937/1086
f 939/1084 937/1086 940/1087
f 969/1088 968/1083 939/1081 940/1089 973/1090 974/1091 971/1092
f 937/1093 976/1094 977/1095 979/1096
f 976/1097 937/1098 980/1099
f 937/1098 966/1100 980/1099
s 1
f 945/1101 985/1102 978/1103 951/1104 954/1105
s 0
f 938/1106 940/1087 937/1086
f 981/1107 937/1093 979/1096
f 963/1108 938/1109 937/1093 981/1107
f 963/1108 964/1110 940/1111 938/1109
f 984/1112 940/1111 964/1110 982/1113
s 1
f 956/1114 955/1115 952/1116 953/1117 986/1118 970/1119 972/1120 965/1121
f 967/1122 943/1123 942/1124 944/1125 946/1126 949/1127 941/1128
f 947/1129 958/1130 983/1131 975/1132
f 950/1133 948/1134 957/1135 959/1136
s 0
f 966/1137 939/1081 961/1080
f 940/1089 984/1138 973/1090
f 995/1139 997/1140 1015/1141 1014/1142
f 999/1143 1016/1144 1015/1141 997/1140 998/1145
f 999/1146 1002/1147 1003/1148 1017/1149 1016/1150
f 1011/1151 1018/1152 1017/1149 1003/1148 1005/1153 1009/1154 1008/1155 1007/1156 1006/1157
f 1018/1152 1011/1151 1019/1158
f 999/1159 998/1160 987/1161 1002/1162
f 1021/1163 988/1164 995/1165 1014/1166
f 997/1167 995/1165 988/1164 987/1168 998/1169
f 989/1170 1022/1171 1020/1172 1013/1173
f 1023/1174 1022/1171 989/1170
f 1003/1175 987/1161 988/1176 1005/1177
f 1005/1177 988/1176 989/1178 1009/1179
f 989/1178 1008/1180 1009/1179
f 1011/1181 1006/1182 1013/1183
f 1013/1173 990/1184 989/1170
f 1006/1182 1007/1185 990/1186 1013/1183
f 1023/1174 989/1170 988/1164 1021/1163
f 1008/1180 989/1178 990/1186 1007/1185
f 1002/1162 987/1161 1003/1175
s 1
f 1012/1187 992/1188 993/1189 991/1190 994/1191 996/1192 1000/1193 1001/1194 1004/1195 1010/1196
s 0
f 1013/1197 1020/1198 1019/1199 1011/1200
f 1028/1201 1035/1202 1034/1203
f 1030/1204 1029/1205 1037/651 1036/1206
f 1035/1202 1028/1201 1033/1207 1030/1204 1036/1206
f 1034/1208 1038/1209 1033/1210 1028/1211
f 1039/1212 1037/1213 1029/1214
f 1033/1215 1038/1216 1039/1212 1029/1214 1030/1217
s 1
f 1025/1218 1024/1219 1026/1220 1027/1221 1031/1222 1032/1223
s 0
f 1065/1224 1064/1225 1042/1226 1044/1227 1045/1228
f 1072/1229 1042/1226 1064/1225
f 1049/1230 1066/1231 1067/1232
f 1052/1233 1050/1234 1049/1235 1067/1236 1068/1237 1054/1238 1051/1239
f 1069/1240 1057/1241 1058/1242 1055/1243 1054/1238 1068/1237
f 1063/1244 1070/1245 1071/1246
f 1070/1245 1063/1244 1061/1247 1062/1248 1057/1241 1069/1240
f 1050/1249 1072/1250 1066/1251 1049/1252
f 1071/1253 1065/1254 1045/1255 1063/1256
f 1040/1257 1063/1256 1045/1255 1044/1258
f 1051/1259 1040/1257 1052/1260
f 1055/1261 1040/1257 1051/1259 1054/1262
f 1058/1263 1057/1264 1040/1257 1055/1261
f 1040/1257 1057/1264 1061/1265 1063/1256
f 1057/1266 1062/1267 1061/1268
f 1042/1269 1072/1250 1050/1249 1052/1260 1040/1257 1044/1258
s 1
f 1048/1270 1047/1271 1041/1272 1043/1273 1046/1274 1060/1275 1059/1276 1056/1277 1053/1278
s 0
f 1087/1279 1090/1280 1078/1281 1089/1282
f 1091/1283 1081/1284 1092/1285
f 1082/1286 1074/1287 1093/1288 1092/1285 1081/1284
f 1084/1289 1093/1290 1074/1291 1086/1292
f 1090/1280 1093/1290 1084/1289 1085/1293 1078/1281
f 1086/1294 1074/1295 1082/1296
f 1081/1297 1091/1298 1094/1299 1089/1300 1078/1301 1085/1302 1082/1303
f 1082/1303 1085/1302 1084/1304 1086/1305
s 1
f 1077/1306 1095/1307 1088/1308
f 1080/1309 1083/1310 1075/1311 1076/1312 1073/1313 1079/1314
s 0
f 1104/1315 1121/1316 1122/1317 1124/1318
f 1098/1319 1125/1320 1126/1321
f 1127/1322 1128/1323 1125/1320 1098/1319
f 1130/1324 1127/1325 1098/1326 1109/1327 1110/1328
f 1098/1326 1112/1329 1109/1327
f 1133/1330 1121/1316 1104/1315 1113/1331 1114/1332
f 1099/1333 1098/1319 1126/1321
f 1116/1334 1097/1335 1133/1330 1114/1332
f 1133/1336 1097/1337 1099/1333 1126/1321
f 1112/1329 1098/1326 1099/1338 1117/1339
f 1117/1340 1099/1341 1097/1342 1118/1343 1119/1344
f 1120/1345 1118/1343 1097/1342 1116/1346
f 1104/1347 1124/1348 1131/1349 1113/1350
f 1109/1351 1112/1352 1117/1353 1119/1354 1110/1355
f 1120/1356 1132/1357 1130/1358 1110/1355 1119/1354 1118/1359
f 1116/1360 1114/1361 1113/1350 1131/1349 1132/1357 1120/1356
s 1
f 1111/1362 1100/1363 1096/1364 1103/1365 1123/1366 1129/1367 1107/1368
f 1102/1369 1101/1370 1115/1371 1106/1372 1105/1373 1108/1374
s 0
f 1158/1375 1142/1376 1159/1377
f 1159/1377 1142/1376 1160/1378
f 1146/1379 1142/1380 1147/1381
f 1147/1381 1142/1380 1148/1382
f 1148/1382 1142/1380 1161/1383 1166/1384
f 1161/1385 1142/1376 1158/1375
f 1151/1386 1141/1387 1142/1380 1152/1388 1153/1389
f 1141/1390 1154/1391 1156/1392 1142/1376
f 1160/1378 1142/1376 1156/1392 1162/1393
f 1152/1388 1142/1380 1146/1379 1157/1394
f 1151/1386 1154/1395 1141/1387
f 1134/1396 1163/1397 1164/1398
f 1136/1399 1165/1400 1162/1401 1156/1402
f 1146/1403 1147/1404 1148/1405 1166/1406 1163/1407 1134/1408 1135/1409 1157/1410
f 1136/1411 1167/1412 1165/1413
f 1167/1412 1136/1411 1134/1414 1164/1415
f 1135/1416 1134/1414 1136/1411
f 1157/1410 1135/1409 1153/1417 1152/1418
f 1156/1402 1154/1419 1151/1420 1153/1417 1135/1409 1136/1399
s 1
f 1143/1421 1144/1422 1145/1423 1155/1424 1139/1425 1140/1426 1138/1427 1137/1428 1149/1429 1150/1430
s 0
f 1191/1431 1168/1432 1192/1433
f 1194/1434 1192/1433 1168/1432 1193/1435
f 1168/1436 1198/1437 1196/1438 1193/1439
f 1214/1440 1211/1441 1213/1442 1170/1443
f 1199/1444 1201/1445 1168/1432 1191/1431
f 1203/1446 1169/1447 1204/1448
f 1210/1449 1208/1450 1205/1451 1207/1452
f 1170/1453 1213/1454 1210/1449 1207/1452 1215/1455
f 1169/1456 1179/1457 1214/1440 1170/1443
f 1216/1458 1204/1459 1169/1460 1170/1453
f 1216/1458 1170/1453 1215/1455
s 1
f 1206/1461 1197/1462 1176/1463 1180/1464 1181/1465 1190/1466 1189/1467 1183/1468
f 1209/1469 1195/1470 1173/1471 1175/1472 1182/1473
f 1212/1474 1200/1475 1171/1476 1172/1477 1174/1478 1185/1479 1184/1480 1187/1481
f 1178/1482 1177/1483 1186/1484 1188/1485 1202/1486
s 0
f 1169/1447 1203/1446 1198/1437 1168/1436 1201/1487 1179/1488
f 1237/1489 1217/1490 1219/1491 1240/1492 1238/1493
f 1235/1494 1217/1495 1236/1496 1233/1497
f 1218/1498 1219/1491 1217/1490
f 1236/1499 1217/1490 1237/1489
f 1217/1490 1235/1500 1241/1501 1218/1498
f 1218/1498 1242/1502 1243/1503
f 1218/1498 1244/1504 1245/1505 1242/1502
f 1241/1501 1247/1506 1218/1498
f 1243/1503 1240/1492 1219/1491 1218/1498
f 1248/1507 1244/1504 1218/1498 1247/1506
s 1
f 1226/1508 1222/1509 1234/1510 1249/1511 1231/1512
f 1239/1513 1223/1514 1228/1515 1227/1516 1246/1517
f 1221/1518 1220/1519 1224/1520 1225/1521 1230/1522 1229/1523 1232/1524
s 0
f 1257/1525 1251/1526 1253/1527
f 1251/1528 1252/1529 1253/1530
f 1282/1531 1253/1532 1281/1533
f 1253/1532 1282/1531 1283/1534 1257/1535
f 1283/1534 1284/1536 1255/1537 1257/1535
f 1255/1538 1251/1526 1257/1525
f 1255/1538 1256/1539 1251/1526
f 1251/1526 1256/1539 1252/1540
f 1256/1539 1258/1541 1252/1540
f 1285/1542 1288/1543 1252/1544 1258/1545 1287/1546
f 1289/1547 1250/1548 1252/1544 1288/1543
f 1250/1549 1289/1550 1290/1551 1292/1552
f 1293/1553 1250/1549 1292/1552 1294/1554
f 1296/1555 1280/1556 1250/1549 1293/1553
f 1254/1557 1256/1539 1255/1538
f 1250/1549 1280/1556 1281/1558 1253/1530 1252/1529
f 1303/1559 1256/1560 1254/1561 1273/1562 1301/1563
f 1303/1559 1304/1564 1256/1560
f 1304/1564 1305/1565 1256/1560
f 1306/1566 1256/1560 1305/1565
f 1287/1567 1258/1568 1256/1560 1306/1566
s 1
f 1263/1569 1262/1570 1261/1571 1260/1572 1259/1573 1297/1574 1298/1575
f 1299/1576 1272/1577 1270/1578 1295/1579 1302/1580 1300/1581
f 1278/1582 1277/1583 1276/1584 1275/1585 1271/1586 1269/1587 1291/1588 1286/1589 1266/1590 1279/1591
f 1267/1592 1265/1593 1264/1594 1268/1595
s 0
f 1273/1596 1254/1597 1255/1537 1284/1536 1274/1598
f 1359/1599 1361/1600 1362/1601 1357/1602
f 1363/1603 1309/1604 1366/1605 1364/1606
f 1309/1604 1367/1607 1366/1605
f 1312/1608 1368/1609 1367/1607 1309/1604
f 1368/1609 1312/1608 1308/1610 1369/1611
f 1376/1612 1378/1613 1377/1614 1379/1615 1380/1616 1374/1617
f 1379/1618 1377/1619 1362/1601 1361/1600
f 1378/1613 1376/1612 1372/1620 1382/1621
f 1383/1622 1382/1621 1372/1620 1373/1623
f 1384/1624 1383/1622 1373/1623
f 1385/1625 1386/1626 1388/1627 1387/1628
f 1389/1629 1308/1630 1390/1631 1385/1625 1387/1628
f 1390/1631 1308/1630 1309/1632 1363/1633 1391/1634
f 1312/1635 1309/1632 1308/1630
f 1310/1636 1396/1637 1395/1638
f 1396/1639 1310/1640 1308/1630 1389/1629
f 1373/1623 1397/1641 1313/1642 1398/1643 1384/1624
f 1398/1643 1313/1642 1399/1644
f 1311/1645 1400/1646 1401/1647 1403/1648
f 1311/1645 1313/1649 1397/1650 1400/1646
f 1308/1610 1310/1636 1395/1638 1393/1651 1370/1652 1369/1611
f 1386/1626 1404/1653 1307/1654 1405/1655 1388/1627
f 1406/1656 1405/1655 1307/1654 1311/1645
f 1406/1656 1311/1645 1407/1657
f 1407/1657 1311/1645 1403/1648 1408/1658
s 1
f 1338/1659 1336/1660 1340/1661 1392/1662 1358/1663 1315/1664 1325/1665 1326/1666 1331/1667 1333/1668 1334/1669 1346/1670 1348/1671 1352/1672
f 1402/1673 1409/1674 1351/1675
f 1375/1676 1394/1677 1343/1678 1345/1679 1341/1680 1337/1681 1339/1682 1353/1683 1354/1684 1355/1685 1356/1686 1350/1687 1349/1688 1347/1689 1335/1690 1332/1691 1330/1692
f 1371/1693 1344/1694 1329/1695 1381/1696
f 1316/1697 1360/1698 1365/1699 1319/1700 1321/1701 1322/1702 1323/1703 1324/1704 1328/1705 1327/1706
f 1317/1707 1314/1708 1342/1709 1318/1710 1320/1711
s 0
f 1313/1642 1311/1712 1307/1713 1404/1714 1399/1644
f 1431/1715 1432/1716 1434/1717 1436/1718
f 1438/1719 1411/1720 1410/1721 1437/1722
f 1439/1723 1437/1724 1410/1725 1440/1726 1441/1727
f 1431/1715 1436/1718 1439/1723 1441/1727
f 1411/1720 1438/1719 1442/1728 1444/1729
f 1446/1730 1448/1731 1411/1732 1445/1733
f 1445/1733 1411/1732 1451/1734 1449/1735
f 1411/1732 1444/1736 1452/1737
f 1411/1732 1452/1737 1453/1738
f 1451/1734 1411/1732 1453/1738 1454/1739
f 1448/1731 1440/1740 1410/1741 1411/1732
s 1
f 1447/1742 1433/1743 1412/1744 1420/1745 1419/1746 1425/1747
f 1450/1748 1435/1749 1413/1750 1424/1751 1423/1752
f 1418/1753 1415/1754 1414/1755 1426/1756 1427/1757 1455/1758 1443/1759 1417/1760 1416/1761
f 1421/1762 1422/1763 1430/1764 1429/1765 1428/1766
s 0
f 1468/1767 1469/1768 1456/1769 1457/1770
f 1471/1771 1470/1772 1456/1773 1469/1774 1473/1775
f 1475/1776 1457/1777 1456/1778 1470/1779
f 1475/1776 1476/1780 1457/1777
f 1477/1781 1457/1777 1476/1780 1478/1782
f 1468/1767 1457/1770 1477/1783 1480/1784
s 1
f 1474/1785 1459/1786 1458/1787 1481/1788
f 1479/1789 1472/1435 1460/1790 1467/1791 1465/1792
f 1464/1793 1463/1794 1461/1795 1462/1796 1466/1797
s 0
f 1555/1798 1554/1799 1532/1800 1484/1801 1552/1802
f 1487/1803 1483/1804 1488/1805
f 1488/1805 1483/1804 1484/1806
f 1526/1807 1488/1805 1484/1806 1532/1808 1530/1809
f 1528/1810 1491/1811 1535/1812 1536/1813 1533/1814
f 1493/1815 1537/1816 1539/1817 1487/1803
f 1540/1818 1486/1819 1541/1820 1536/1813 1535/1812
f 1542/1821 1541/1822 1486/1823 1543/1824 1544/1825
f 1542/1821 1544/1825 1547/1826 1548/1827 1545/1828
f 1549/1829 1551/1830 1482/1831 1487/1803 1539/1817
f 1487/1803 1482/1831 1489/1832
f 1487/1803 1489/1832 1483/1804
f 1489/1832 1482/1831 1483/1804
f 1484/1801 1483/1833 1482/1834
f 1484/1801 1482/1834 1553/1835 1552/1802
f 1558/1836 1486/1823 1540/1837 1556/1838
f 1548/1827 1547/1826 1560/1839 1559/1840
f 1559/1840 1560/1839 1562/1841 1561/1842
f 1551/1830 1553/1843 1482/1831
f 1486/1823 1558/1836 1543/1824
f 1485/1844 1563/1845 1564/1846
f 1485/1847 1565/1848 1554/1799 1555/1798 1563/1849
f 1566/1850 1565/1851 1485/1852
f 1562/1841 1566/1850 1485/1852 1567/1853 1561/1842
f 1485/1844 1564/1846 1567/1854
s 1
f 1506/1855 1505/1856 1504/1857 1516/1858 1557/1859 1531/1860 1495/1861 1514/1862 1523/1863 1524/1864 1519/1865 1517/1866
f 1512/1867 1510/1868 1550/1869 1546/1870 1508/1871 1518/1872 1520/1873 1525/1874 1522/1875 1521/1876 1513/1877 1511/1878
f 1534/1879 1498/1880 1502/1881 1503/1882 1507/1883 1509/1884 1499/1885 1538/1886
f 1492/1887 1497/1888 1500/1889 1529/1890
f 1501/1891 1496/1892 1527/1893 1490/1894 1494/1895 1515/1896
s 0
f 1493/1897 1487/1898 1488/1899 1526/1900 1491/1811 1528/1810
f 1570/1901 1568/1902 1604/1903 1605/1904 1607/1905
f 1604/1903 1568/1902 1608/1906
f 1607/1905 1609/1907 1570/1901
f 1610/1908 1570/1909 1609/1910
f 1610/1908 1611/1911 1612/1912 1613/1913 1570/1909
f 1569/1914 1570/1909 1613/1913 1614/1915
f 1570/1909 1569/1914 1568/1916
f 1615/1917 1608/1906 1568/1902 1569/1918
f 1615/1917 1569/1918 1629/1919 1621/1920 1616/1921
f 1617/1922 1616/1921 1621/1920 1619/1923
f 1622/1924 1571/1925 1623/1926
f 1623/1926 1571/1925 1624/1927 1612/1912 1611/1911
f 1626/1928 1624/1929 1571/1930 1572/1931 1625/1932
f 1572/1931 1631/1933 1632/1934 1628/1935 1625/1932
f 1629/1936 1569/1914 1614/1915
f 1635/1937 1628/1935 1632/1934 1633/1938
f 1573/1939 1638/1940 1631/1941 1572/1942
f 1639/1943 1573/1939 1572/1942 1599/1944
f 1638/1940 1573/1939 1639/1943 1640/1945
s 1
f 1602/1946 1637/1947 1589/1948 1590/1949 1582/1950 1579/1951 1578/1952 1576/1953 1606/1954 1641/1955
f 1603/1956 1575/1957 1574/1958 1577/1959 1584/1960 1585/1961 1618/1962 1634/1963 1594/1964 1600/1965 1601/1966
f 1597/1967 1587/1968 1620/1969 1636/1970
f 1598/1971 1588/1972 1586/1973 1630/1974 1627/1975 1592/1976 1595/1977
f 1583/1978 1581/1979 1580/1980 1591/1981 1593/1982 1596/1983
s 0
f 1599/1944 1572/1942 1571/1984 1622/1985
f 1675/1986 1643/1987 1642/1988 1671/1989 1678/1990 1676/1991 1673/1992
f 1672/1993 1671/1989 1642/1988
f 1695/1994 1645/1995 1646/1996 1691/1997 1693/1998
f 1644/1999 1642/2000 1643/2001
f 1644/1999 1643/2001 1646/2002
f 1680/2003 1642/2000 1644/1999 1681/2004
f 1682/2005 1684/2006 1686/2007 1687/2008 1672/2009 1642/2010 1680/2011
f 1687/2008 1686/2007 1688/2012
f 1645/2013 1690/2014 1681/2004 1644/1999
f 1645/1995 1644/2015 1646/1996
f 1669/2016 1646/2002 1670/2017
f 1691/1997 1646/1996 1669/2018
f 1645/1995 1692/2019 1690/2020
f 1696/2021 1645/1995 1695/1994 1697/2022
f 1692/2019 1645/1995 1696/2021
s 1
f 1647/2023 1649/2024 1658/2025 1689/2026 1679/2027
f 1662/2028 1660/2029 1651/2030 1674/2031 1694/2032 1663/2033
f 1650/2034 1677/2035 1685/2036 1683/2037 1698/2038 1666/2039 1665/2040
f 1668/2041 1656/2042 1653/2043 1654/2044 1661/2045 1664/2046 1667/2047
f 1657/2048 1648/2049 1652/2050 1659/2051 1655/2052
s 0
f 1675/2053 1670/2017 1646/2002 1643/2001
f 1734/2054 1705/2055 1703/2056 1735/2057
f 1742/2058 1747/2059 1699/2060 1703/2061 1702/2062 1744/2063
f 1705/2064 1701/2065 1703/2061
f 1735/2057 1703/2056 1699/2066 1741/2067
f 1701/2065 1702/2062 1703/2061
f 1748/2068 1700/2069 1751/2070 1750/2071 1749/2072
f 1749/2072 1750/2071 1753/2073 1745/2074 1752/2075
f 1745/2074 1746/2076 1704/2077 1755/2078 1752/2075
f 1756/2079 1755/2080 1704/2081 1757/2082 1758/2083
f 1748/2068 1741/2067 1699/2066 1700/2069
f 1723/2084 1736/2085 1702/2086 1701/2087
f 1762/2088 1699/2060 1747/2059 1760/2089
f 1699/2060 1762/2088 1751/2090 1700/2091
f 1702/2062 1764/2092 1763/2093
f 1744/2063 1702/2062 1763/2093
f 1736/2085 1738/2094 1702/2086
f 1740/2095 1764/2096 1702/2097 1738/2098
f 1765/2099 1704/2100 1746/2101 1766/2102
f 1757/2082 1704/2081 1765/2103
s 1
f 1739/2104 1737/2105 1759/2106 1721/2107 1720/2108 1732/2109 1767/2110 1743/2111 1710/2112 1727/2113 1728/2114
f 1731/2115 1716/2116 1754/2117 1761/2118 1711/2119 1709/2120 1733/2121
f 1725/2122 1717/2123 1712/2124 1713/2125 1726/2126
f 1706/2127 1707/2128 1708/2129 1714/2130 1715/2131 1718/2132 1719/2133 1722/2134
f 1729/2135 1724/2136 1730/2137
s 0
f 1723/2084 1701/2087 1705/2138 1734/2139 1756/2079 1758/2083
f 1787/2140 1788/2141 1768/2142
f 1789/2143 1787/2140 1768/2142
f 1794/2144 1796/2145 1790/2146
f 1788/2147 1797/2148 1768/2149
f 1768/2142 1780/2150 1792/2151 1789/2143
f 1770/2152 1802/2153 1801/2154
f 1770/2152 1791/2155 1790/2146 1796/2145 1802/2153
f 1791/2156 1770/2157 1769/2158 1779/2159
f 1803/2160 1769/2158 1770/2157 1801/2161
f 1769/2158 1803/2160 1804/2162
f 1769/2158 1804/2162 1781/2163
s 1
f 1783/2164 1776/2165 1795/2166 1793/2167 1799/2168 1800/2169 1786/2170 1785/2171 1782/2172
f 1784/2173 1798/2174 1778/2175 1772/2176 1771/2177 1773/2178 1774/2179 1777/2180 1775/2181
s 0
f 1780/2182 1768/2149 1797/2148 1779/2159 1769/2158 1781/2163
f 1823/2183 1825/2184 1826/2185 1824/2186
f 1829/1478 1827/2187 1830/2188 1825/2189 1823/2190 1832/2191
f 1805/2192 1834/2193 1833/2194
f 1834/2193 1805/2192 1837/2195 1824/2186 1826/2185 1835/2196
f 1805/2197 1844/2198 1841/2199 1838/2200 1837/2201
f 1829/2202 1832/2203 1838/2200 1841/2199 1839/2204
f 1844/2198 1805/2197 1833/2205 1842/2206
s 1
f 1810/2207 1806/2208 1807/2209 1816/2210 1819/2211
f 1828/273 1813/2212 1840/2213
f 1831/965 1812/2214 1820/2215 1818/2216 1845/2217
f 1836/2218 1809/2219 1808/2220 1811/2221 1822/2222 1843/2223
f 1814/2224 1815/2225 1817/2226 1821/2227
s 0
f 1850/2228 1851/2229 1848/2230
s 1
f 1852/2231 1849/2232 1847/2233
s 0
f 1848/2234 1851/2235 1846/2236
f 1846/2237 1850/2238 1848/2239
f 1854/2240 1855/2241 1856/2242
f 1857/2243 1862/2244 1854/2245 1856/2246
f 1862/2244 1857/2243 1861/2247
f 1856/2248 1855/2249 1860/2250 1861/2251 1857/2252
s 1
f 1853/2253 1858/2254 1859/2255
s 0
f 1860/2256 1855/2257 1854/2258 1862/2259
f 1869/2260 1868/2261 1867/2262
f 1874/2263 1869/2260 1867/2262
s 1
f 1872/2264 1870/1398 1873/2265
s 0
f 1868/2266 1871/2267 1867/2268
s 1
f 1864/2269 1863/2270 1865/2271 1866/2272
s 0
f 1881/2254 1878/2273 1879/2274
f 1899/2275 1898/2276 1889/2277 1888/2278
f 1891/2279 1889/2280 1898/2281 1900/2282
f 1899/2275 1888/2278 1903/2283 1901/2284
f 1891/2279 1900/2282 1904/2285 1895/2286 1896/2287
f 1895/2286 1904/2285 1905/2288
f 1896/2289 1906/2290 1903/2291 1888/2292 1889/2293 1891/2294
f 1905/2295 1907/2296 1906/2290 1896/2289 1895/2297
s 1
f 1893/2298 1884/2299 1908/2300 1902/2301
f 1886/2302 1887/2303 1892/2304 1885/2305 1897/2306 1894/2307 1890/2308
s 0
f 1917/2309 1918/2310 1913/2311 1914/2312 1915/2313
f 1919/2314 1917/2315 1915/2316
f 1914/2317 1920/2318 1919/2319 1915/2320
f 1921/2321 1920/2318 1914/2317 1913/2322
f 1921/2323 1913/2324 1918/2325
s 1
f 1911/2326 1916/2327 1909/2328 1910/2329 1912/2330
s 0
f 1954/2331 1925/2332 1953/2333
f 1927/2334 1954/2335 1955/2336
f 1927/2334 1955/2336 1956/2337 1931/2338 1930/2339 1932/2340
f 1935/2341 1934/2342 1933/2343 1932/2340 1930/2339
f 1936/2344 1938/2345 1937/2346
f 1953/2347 1925/2348 1939/2349 1940/2350 1936/2344 1937/2346 1941/2351 1957/2352
f 1941/2351 1943/2353 1958/2354 1957/2352
f 1958/2355 1943/2356 1946/2357 1959/2358
f 1948/2359 1960/2360 1959/2358 1946/2357 1949/2361
f 1961/2362 1960/2363 1948/2364 1952/2365 1951/2366
f 1939/2349 1925/2348 1954/2367 1927/2368 1932/2369 1933/2370
f 1933/2370 1934/2371 1940/2350 1939/2349
f 1940/2350 1934/2371 1935/2372 1938/2345 1936/2344
f 1930/2373 1949/2374 1946/2375 1943/2353 1941/2351 1937/2346 1938/2345 1935/2372
f 1931/2376 1922/2377 1952/2378 1948/2379 1949/2374 1930/2373
f 1922/2377 1951/2380 1952/2378
f 1922/2381 1962/2382 1961/2362 1951/2366
f 1962/2383 1922/2377 1931/2376 1956/2384
s 1
f 1923/2385 1929/2386 1928/2387 1926/2388 1924/2389 1942/2390 1944/2391 1945/2392 1947/2393 1950/2394
s 0
f 1968/2395 1976/2396 1977/2397 1969/2398 1974/2399 1972/2400 1971/2401
f 1976/2396 1968/2395 1978/2402
f 1975/2403 1972/2404 1974/2405
f 1977/2406 1979/2407 1969/2408
f 1974/2409 1969/2408 1979/2407 1980/2410
f 1974/2409 1980/2410 1981/2411 1975/2412
f 1981/2411 1982/2413 1971/2414 1972/2415 1975/2412
f 1982/2413 1978/2416 1968/2417 1971/2414
s 1
f 1973/2418 1966/2419 1965/2420 1964/2421 1963/2422 1970/2423 1967/2424
s 0
f 2005/2425 2008/2426 1988/2427 2007/2428
f 2010/2429 1990/2430 2009/2431
f 1990/2430 1994/2432 2013/2433 2011/2434 2009/2431
f 2014/2435 1996/2436 1988/2427 2008/2426
f 1996/2437 2014/2438 2015/2439 2002/2440 2001/2441 1999/2442 2000/2443 1998/2444
f 1999/2442 2001/2441 2004/2445
f 2015/2439 2013/2433 1994/2432 2002/2440
f 2016/2446 2007/2447 1988/2448 1996/2449 1998/2450
f 2000/2451 2017/2452 2016/2446 1998/2450
f 2004/2453 2018/2454 2017/2452 2000/2451 1999/2455
f 1994/2456 1990/2457 2010/2458 2018/2454 2004/2453 2001/2459 2002/2460
s 1
f 1983/2461 1984/2462 1985/2463 1992/2464 1991/2465 2012/2466 2006/2467 1989/2468
f 1997/2469 1987/2470 1986/2471 1993/2472 1995/2473 2003/2474
s 0
f 2028/2475 2027/2476 2022/2477 2021/2478
f 2022/2477 2027/2476 2029/2479 2031/2480
f 2032/2481 2028/2475 2021/2478
f 2031/2482 2033/2483 2032/2484 2021/2485 2022/2486
s 1
f 2034/2487 2025/2488 2030/2489
f 2026/2490 2019/1020 2024/2491 2020/2492 2023/2493
s 0
f 2039/2494 2049/2495 2048/2496
f 2052/2497 2037/2498 2036/2499 2043/2500 2050/2501
f 2050/2501 2043/2500 2045/2502 2051/2503
f 2039/2494 2037/2504 2052/2505 2049/2495
f 2036/2506 2047/2507 2045/2508 2043/2509
f 2047/2507 2054/2510 2051/2511 2045/2508
s 1
f 2053/2512 2055/2513 2038/2514 2040/2515 2041/2516
f 2044/2517 2035/2518 2046/2519 2042/2520
s 0
f 2047/2507 2036/2506 2037/2504 2039/2494 2048/2496
f 2066/2521 2063/2522 2062/2523 2065/2524
f 2056/2525 2068/2526 2067/2527
f 2069/2528 2056/2529 2063/2530 2066/2531
f 2068/2532 2056/2529 2069/2528
f 2063/2530 2056/2529 2062/2533
f 2062/2533 2056/2529 2067/2534 2070/2535 2065/2536
s 1
f 2061/2537 2059/2538 2057/2539 2058/2540 2060/2541 2064/2542
s 0
f 2080/2543 2077/2544 2076/2545
f 2078/2546 2075/2547 2076/2548 2077/2549
f 2076/2550 2079/2551 2080/2552
f 2078/2553 2079/2554 2076/2555 2075/2556
s 1
f 2073/2557 2071/2558 2074/2559 2072/2560
s 0
f 2089/2561 2083/2562 2084/2563 2088/2564
f 2090/2565 2088/2564 2084/2563
f 2083/2566 2089/2567 2087/2568 2082/2569
f 2091/2570 2090/2565 2084/2563
f 2093/2571 2084/2572 2095/2573 2096/2574
f 2084/2572 2082/2575 2100/2576 2095/2573
f 2084/2563 2083/2562 2082/2577
f 2084/2572 2093/2571 2091/2578
f 2096/2579 2102/2580 2087/2581 2089/2582 2088/2583 2090/2584 2091/2585 2093/2586
s 1
f 2086/2587 2098/2588 2101/2589 2094/2590 2092/2591
f 2099/2592 2081/2593 2097/2594
s 0
f 2082/2569 2087/2568 2085/2595 2100/2596
f 2128/2597 2120/2598 2119/2599
f 2103/2600 2108/2601 2110/2602 2121/2603 2122/2604
f 2123/2605 2121/2603 2110/2602
f 2128/2606 2105/2607 2124/2608 2120/2609
f 2105/2610 2103/2611 2122/2612 2124/2613
f 2128/2614 2127/2615 2104/2616
f 2104/2617 2105/2607 2128/2606
f 2104/2616 2103/2611 2105/2610
f 2116/2618 2108/2619 2103/2611 2104/2616
f 2125/2620 2116/2618 2104/2616 2126/2621
f 2126/2621 2104/2616 2127/2615
f 2123/2622 2110/2623 2108/2619 2116/2618 2125/2620
s 1
f 2114/2624 2106/2625 2107/2626 2113/2627 2111/2628 2109/2629 2112/2630 2117/2631 2118/2632 2115/2633
s 0
f 2129/2634 2137/2635 2138/2636 2140/2637
f 2145/2638 2143/2639 2141/2640
f 2143/2639 2145/2638 2129/2634 2140/2637
f 2129/2634 2144/2641 2137/2635
s 1
f 2136/2642 2142/2643 2139/2644 2130/2645 2135/2646
f 2132/2647 2133/2648 2134/2649 2131/2650
s 0
f 2145/2651 2144/2652 2129/2653
s 1
f 2148/2654 2147/2655 2146/2656
s 0
f 2149/2657 2180/2658 2181/2659 2182/2660 2184/2661
f 2187/2662 2189/2663 2180/2664 2149/2665 2190/2666 2185/2667
f 2192/2668 2191/2669 2190/2666 2149/2665
f 2149/2657 2184/2661 2193/2670
f 2149/2671 2150/2672 2152/2673
f 2149/2671 2152/2673 2194/2674 2195/2675 2192/2676
f 2194/2674 2152/2673 2172/2677
f 2203/2678 2155/2679 2206/2680 2204/2681
f 2202/2682 2150/2683 2149/2657 2193/2670
f 2155/2679 2203/2678 2207/2684 2154/2685
f 2155/2679 2154/2685 2197/2686 2206/2680
f 2198/2687 2197/2686 2154/2685
f 2202/2682 2151/2688 2150/2683
f 2151/2689 2154/2685 2150/2690
f 2150/2672 2154/2691 2152/2673
f 2153/2692 2198/2687 2154/2685
f 2151/2688 2202/2682 2198/2693 2153/2694
f 2151/2689 2153/2692 2154/2685
s 1
f 2200/2011 2208/2695 2196/2696 2169/2697 2199/2698
f 2177/2699 2173/2700 2205/2701 2210/2702 2209/2703 2201/2704
f 2171/2705 2168/2706 2158/2707 2183/2708 2211/2709 2174/2710 2175/2711 2178/2712 2179/2713
f 2162/2714 2188/2715 2156/2716 2159/2717 2161/2718 2160/2719
f 2186/2720 2209/2703 2210/2702 2165/2721
f 2157/2722 2163/2723 2164/2724 2166/2725 2167/2726 2170/2727
s 0
f 2207/2684 2176/2728 2172/2729 2152/2730 2154/2685
f 2256/2731 2219/2732 2257/2733
f 2258/2734 2219/2735 2256/2736
f 2219/2732 2215/2737 2259/2738 2261/2739 2262/2740
f 2257/2733 2219/2732 2262/2740 2263/2741
f 2224/2742 2219/2735 2258/2734 2265/2743
f 2219/2735 2224/2742 2225/2744
f 2225/2744 2218/2745 2219/2735
f 2218/2745 2215/2746 2219/2735
f 2266/2747 2214/2748 2271/2749 2269/2750 2272/2751 2267/2752
f 2214/2753 2224/2742 2265/2743 2271/2754
f 2259/2738 2215/2737 2218/2755 2278/2756
f 2273/2757 2212/2758 2274/2759
f 2275/2760 2276/2761 2274/2759 2212/2758
f 2218/2755 2216/2762 2279/2763 2278/2756
f 2279/2763 2216/2762 2280/2764
f 2224/2742 2222/2765 2218/2745
f 2218/2745 2225/2744 2224/2742
f 2222/2765 2216/2766 2218/2745
f 2282/2767 2212/2768 2281/2769
f 2214/2748 2266/2747 2281/2769 2212/2768
f 2283/2770 2275/2760 2212/2758
f 2283/2770 2212/2758 2282/2771
f 2214/2748 2212/2768 2213/2772
f 2280/2764 2216/2762 2286/2773 2284/2774
f 2287/2775 2288/2776 2221/2777
f 2220/2778 2289/2779 2287/2775 2221/2777
f 2289/2780 2220/2781 2212/2758 2273/2757
f 2212/2768 2220/2782 2221/2783
f 2213/2772 2212/2768 2221/2783
f 2217/2784 2216/2785 2222/2786
f 2217/2787 2290/2788 2286/2773 2216/2762
f 2213/2772 2221/2783 2222/2789
f 2221/2783 2223/2790 2222/2789
f 2223/2791 2217/2784 2222/2786
f 2221/2777 2288/2776 2290/2792 2217/2784
f 2223/2791 2221/2777 2217/2784
s 1
f 2248/2793 2247/2794 2237/2795 2268/2796 2291/2797 2277/2798 2243/2799 2249/2800
f 2241/2801 2242/2802 2244/2803 2292/2804 2285/2805 2250/2806 2255/2807 2253/2808 2252/2809 2254/2810
f 2227/2811 2228/2812 2264/2813 2270/2814 2236/2815 2234/2816 2229/2817
f 2246/2818 2251/2819 2293/2820 2260/2821 2240/2822 2245/2823
f 2235/2824 2233/2825 2231/2826 2232/2827 2230/2828 2226/2829 2238/2830 2239/2831
s 0
f 2214/2748 2213/2772 2222/2789 2224/2832
f 2322/2833 2324/2834 2325/2835 2327/2836
f 2329/2837 2332/2838 2294/2839 2331/2840
f 2333/2841 2331/2840 2294/2839 2335/2842
f 2338/2843 2296/2844 2339/2845 2340/2846 2336/2847
f 2335/2842 2294/2839 2296/2844 2338/2843
f 2320/2848 2341/2849 2296/2850 2294/2851
f 2320/2852 2294/2853 2295/2854 2321/2855
f 2321/2855 2295/2854 2344/2856 2342/2857
f 2345/2858 2339/2859 2296/2850 2341/2849
f 2347/2860 2344/2856 2295/2854
f 2347/2860 2295/2854 2348/2861
f 2294/2839 2332/2838 2349/2862
f 2349/2862 2348/2863 2295/2864 2294/2839
s 1
f 2343/2865 2350/2866 2346/2867 2312/2868 2311/2869 2313/2870
f 2303/2871 2330/2872 2351/2873 2314/2874 2315/2875 2317/2876 2318/2877 2319/2878
f 2304/2879 2334/2880 2328/2881 2326/2882 2352/2883 2302/2884
f 2316/2885 2297/2886 2301/2887 2299/2888 2323/2889 2337/2890 2308/2891 2307/2892
f 2298/2893 2300/2894 2306/2895 2305/2896 2310/2897 2309/2898
s 0
f 2374/2899 2375/2900 2353/2901
f 2377/2902 2374/2899 2353/2901 2355/2903 2376/2904
f 2379/2905 2376/2904 2355/2903
f 2381/2906 2353/2901 2375/2900 2380/2907
f 2353/2908 2354/2909 2355/2910
f 2354/2911 2353/2912 2381/2913 2383/2914 2385/2915
f 2388/2916 2379/2905 2355/2903
f 2386/2917 2387/2918 2388/2919 2355/2910 2354/2909
f 2385/2915 2393/2920 2354/2911
f 2393/2920 2394/2921 2354/2911
s 1
f 2391/2922 2395/2923 2398/2924 2389/2925
f 2384/2926 2396/2927 2392/2928 2373/2929 2372/2930 2365/2931
f 2399/2932 2368/2933 2367/2934 2390/2935
f 2360/2936 2362/2937 2369/2938 2368/2933 2399/2932 2378/2939
f 2382/2940 2397/2941 2366/2942
f 2364/2943 2363/2944 2359/2945 2358/2946 2361/2947 2356/2948 2357/2949
s 0
f 2394/2950 2371/2951 2370/2952 2386/2708 2354/2953
f 2450/2954 2448/2955 2451/2956 2452/2957 2403/2958
f 2409/2959 2411/2960 2412/2961 2406/2962
f 2413/2963 2456/2964 2455/2965 2411/2966
f 2457/2967 2456/2964 2413/2963
f 2403/2968 2452/2969 2461/2970 2423/2971 2402/2972
f 2402/2973 2412/2974 2403/2975
f 2407/2976 2412/2974 2402/2973
f 2407/2977 2406/2962 2412/2961
f 2409/2959 2410/2978 2411/2960
f 2410/2979 2408/2980 2411/2981
s 1
f 2478/2982 2454/2983 2453/2984 2477/2985 2485/2986 2446/2987 2445/2988 2444/2989 2443/2990 2480/2991 2468/2992 2429/2993
s 0
f 2463/2994 2425/2995 2408/2980
f 2465/2996 2463/2994 2408/2980 2467/2997 2430/2998 2464/2999
f 2400/3000 2401/3001 2405/3002 2482/3003 2483/3004
f 2401/3001 2400/3000 2476/3005 2475/3006 2474/3007
f 2400/3008 2404/3009 2402/2973
f 2404/3009 2407/2976 2402/2973
f 2404/3009 2406/3010 2407/2976
f 2409/2959 2406/2962 2437/3011
f 2437/3012 2406/3013 2404/3014 2438/3015
f 2408/3016 2409/2959 2439/3017 2467/3018
f 2408/3016 2410/2978 2409/2959
f 2469/3019 2441/3020 2440/3021 2481/3022
f 2405/3023 2470/3024 2469/3019 2481/3022 2482/3025
f 2411/2966 2455/2965 2450/2954 2403/2958 2412/3026
f 2404/3027 2400/3000 2483/3004 2484/3028
f 2447/3029 2438/3015 2404/3014
f 2404/3014 2484/3030 2447/3029
s 1
f 2459/3031 2486/3032 2472/3033 2473/3034 2434/3035 2435/3036 2436/3037
f 2471/3038 2487/3039 2466/3040 2427/3041 2479/3042 2442/3043 2431/3044
f 2488/3045 2449/3046 2417/3047 2419/3048 2420/3049 2421/3050 2462/3051 2426/3052 2428/3053
f 2424/3054 2418/3055 2416/3056 2415/3057 2414/3058 2458/3059 2460/3060
s 0
f 2422/3061 2476/3005 2400/3000 2402/2972 2423/2971
f 2430/2998 2440/3062 2441/3063 2464/2999
f 2401/3001 2474/3007 2433/3064 2432/3065 2470/3066 2405/3002
f 2457/3067 2413/3068 2411/2981 2408/2980 2425/2995
f 2529/3069 2528/3070 2492/3071 2490/3072 2489/3073 2515/3074 2516/3075 2517/3076 2530/3077
f 2515/3074 2489/3073 2513/3078
f 2523/3079 2514/3080 2489/3081 2490/3082 2534/3083 2535/3084
f 2492/3085 2524/3086 2525/3087
f 2524/3086 2492/3085 2528/3088 2526/3089
f 2492/3071 2491/3090 2490/3072
f 2533/3091 2490/3082 2491/3092 2532/3093
f 2534/3083 2490/3082 2533/3091
f 2492/3085 2525/3087 2522/3094
f 2492/3085 2522/3094 2537/3095
f 2489/3096 2514/3097 2513/58
f 2491/3092 2538/3098 2532/3093
s 1
f 2507/3099 2506/3100 2512/3101 2511/3102 2521/3103 2518/3104 2536/3105 2508/3106
f 2496/3107 2494/3108 2495/3109 2499/3110 2509/3111 2519/3112 2531/3113 2498/3114 2497/3115
f 2505/3116 2520/3117 2527/3118 2502/3119 2504/3120
f 2501/3121 2500/3122 2503/3123 2493/3124 2510/3125
s 0
f 2537/3095 2538/3126 2491/3127 2492/3085
f 2539/3128 2548/3129 2547/3130
f 2549/3131 2539/3132 2547/3133
f 2540/3134 2539/3132 2549/3131 2552/3135
f 2539/3136 2540/3137 2550/3138 2551/3139
f 2551/3139 2548/3140 2539/3136
f 2552/3141 2550/3142 2540/3143
s 1
f 2543/3144 2541/3145 2542/3146 2545/3147 2544/3148 2546/3149
s 0
f 2582/3150 2585/3151 2586/3152 2587/3153 2584/3154
f 2553/3155 2556/3156 2591/3157
f 2556/3156 2593/3158 2592/3159 2594/3160 2591/3157
f 2594/3160 2592/3159 2597/3161 2599/3162 2601/3163 2595/3164
f 2555/3165 2603/3166 2602/3167
f 2603/3168 2555/3169 2554/3170 2574/3171
f 2574/3171 2554/3170 2553/3155
f 2553/3155 2554/3170 2556/3156
f 2557/3172 2604/3173 2593/3158 2556/3156
f 2556/3156 2554/3170 2557/3172
f 2605/3174 2604/3173 2557/3172
f 2606/3175 2555/3165 2602/3167 2609/3176 2607/3177
f 2610/3178 2555/3169 2606/3179
f 2610/3178 2611/3180 2554/3170 2555/3169
f 2611/3180 2605/3174 2557/3172 2554/3170
s 1
f 2577/3181 2608/1308 2598/3182 2565/3183 2566/3184 2575/3185 2576/3186 2581/3187 2580/3188
f 2590/3189 2589/3190 2558/3191 2583/3192 2600/3193 2569/3194 2578/3195 2579/3196 2572/3197 2573/3198
f 2570/3199 2568/3200 2560/3201 2561/3202 2588/3203 2596/3204
f 2571/3205 2562/3206 2559/3207 2564/3208 2567/3209
s 0
f 2553/3155 2591/3157 2586/3152 2585/3151 2563/3210 2574/3171
f 2612/3211 2613/3212 2641/3213
f 2639/3214 2640/3215 2612/3211 2641/3213 2642/3216 2637/3217
f 2645/3218 2612/3211 2640/3215 2643/3219
f 2646/3220 2612/3211 2645/3218
f 2612/3221 2646/3222 2613/3223
f 2614/3224 2613/3223 2646/3222 2652/3225
f 2613/3223 2614/3224 2615/3226
f 2613/3212 2615/3227 2647/3228 2641/3213
f 2648/3229 2616/3230 2614/3231
f 2614/3232 2658/3233 2648/3234
f 2616/3230 2648/3229 2647/3235 2615/3236
f 2655/3237 2649/3238 2650/3239 2660/3240
f 2653/3241 2614/3224 2652/3225
f 2615/3226 2614/3224 2616/3242
f 2654/3243 2614/3232 2653/3244
f 2655/3237 2656/3245 2658/3233 2614/3232 2654/3243 2649/3238
s 1
f 2661/3246 2657/2404 2631/3247
f 2663/3248 2662/3249 2651/3250
f 2659/3251 2664/3252 2644/3253 2622/3254 2621/3255 2638/3256
f 2634/3257 2626/3258 2625/3259 2624/3260 2623/3261 2617/3262 2633/3263 2632/3264 2635/3265
f 2636/3266 2630/3267 2620/3268 2619/3269 2618/3270 2627/3271 2628/3272 2629/3273
s 0
f 2715/3274 2700/3275 2702/3276 2704/3277
f 2668/3278 2707/3279 2705/3280 2708/3281 2709/3282
f 2668/3278 2710/3283 2707/3279
f 2710/3284 2668/3285 2711/3286
f 2714/3287 2665/3288 2724/3289
f 2712/3290 2666/3291 2713/3292
f 2713/3292 2666/3291 2665/3293 2714/3294
f 2719/3295 2716/3296 2715/3297 2704/3298
f 2668/3299 2721/3300 2720/3301 2667/3302
f 2722/3303 2721/3300 2668/3299 2709/3304
f 2711/3286 2668/3285 2667/3305 2712/3290
f 2712/3290 2667/3305 2666/3291
f 2727/3306 2665/3307 2686/3308 2728/3309 2730/3310 2725/3311
f 2665/3288 2727/3312 2731/3313 2733/3314 2734/3315 2724/3289
f 2665/3307 2666/3316 2667/3317
f 2716/3296 2719/3295 2734/3315 2733/3314
s 1
f 2723/3318 2735/3319 2738/3320 2729/3321 2717/3322 2718/3323 2688/3324 2689/3325
f 2739/3326 2736/3327 2701/3328 2683/3329 2684/3330 2696/3331 2732/3332
f 2693/3333 2726/3334 2740/3335 2697/3336
f 2694/3337 2669/3338 2692/3339 2695/3340
f 2672/3341 2737/3342 2741/3343 2703/3344
f 2690/3345 2677/3346 2678/3347 2706/3348 2742/3349 2670/3350
s 0
f 2667/3317 2720/3351 2687/3352 2686/3308 2665/3307
s 1
f 2685/3353 2673/3354 2674/3355 2671/3356 2675/3357 2676/3358 2679/3359 2680/3360 2691/3361 2682/3362 2681/3363 2698/3364 2699/3365
s 0
f 2775/3366 2744/3367 2776/3368
f 2744/3369 2749/3370 2777/3371 2778/3372 2776/3373
f 2783/3374 2777/3371 2749/3370
f 2748/3375 2749/3370 2744/3369
f 2750/3376 2749/3377 2748/3378
f 2750/3376 2782/3379 2780/3380 2783/3381 2749/3377
f 2784/3382 2744/3367 2775/3366
f 2750/3376 2748/3378 2744/3383
f 2799/3384 2743/3385 2744/3367 2784/3382 2785/3386
f 2745/3387 2743/3388 2799/3389 2797/3390 2796/3391 2747/3392
f 2750/3376 2787/3393 2782/3379
f 2789/3394 2750/3376 2745/3395 2800/3396
f 2787/3393 2750/3376 2789/3394 2788/3397
f 2747/3392 2790/3398 2791/3399
f 2747/3392 2792/3400 2793/3401 2795/3402 2790/3398
f 2792/3400 2747/3392 2796/3391
f 2746/3403 2745/3387 2747/3392
f 2746/3404 2802/3405 2800/3396 2745/3395
f 2791/3399 2802/3406 2746/3403 2747/3392
s 1
f 2779/3407 2803/3408 2786/3409 2760/3410 2754/3411 2755/3412
f 2756/3413 2753/3414 2757/3415 2781/3416 2804/3417
f 2798/3418 2806/3419 2794/3420 2767/3421 2770/3422
f 2801/2436 2774/3423 2766/3424 2765/3425 2769/3426 2768/3427 2807/3428
f 2773/3429 2808/3430 2805/3431 2758/3432 2759/3433 2762/3434 2764/3435 2763/3436
f 2771/3437 2761/3438 2752/3439 2751/3440 2772/3441
s 0
f 2745/3395 2750/3376 2744/3383 2743/3442
f 2815/3443 2814/3444 2816/3445
f 2812/3446 2814/3444 2815/3443
f 2817/3447 2814/3444 2818/3448
f 2817/3449 2865/3450 2814/3451
f 2865/3450 2866/3452 2868/3453 2867/3454 2814/3451
f 2814/3451 2867/3454 2869/3455 2870/3456 2872/3457
f 2814/3444 2872/3458 2873/3459 2816/3445
f 2816/3445 2873/3459 2874/3460 2809/3461
f 2816/3462 2809/3463 2877/3464 2875/3465
f 2875/3465 2882/3466 2811/3467 2816/3462
f 2810/3468 2816/3462 2811/3467
f 2810/3468 2815/3469 2816/3462
f 2812/3470 2815/3469 2810/3468
f 2810/3471 2881/3472 2812/3473
f 2818/3448 2881/3474 2879/3475
f 2881/3472 2810/3471 2884/3476
f 2880/3477 2818/3448 2879/3475
f 2880/3477 2878/3478 2818/3448
f 2885/3479 2886/3480 2862/3481 2887/3482 2888/3483
f 2868/3453 2866/3452 2885/3479 2888/3483
f 2891/3484 2863/3485 2862/3486 2886/3487 2893/3488 2890/3489
f 2894/3490 2895/3491 2890/3489 2893/3488
f 2897/3492 2899/3493 2896/3494
f 2899/3493 2900/3495 2902/3496 2903/3497 2809/3498 2874/3499 2904/3500 2896/3494
f 2877/3464 2809/3463 2903/3501 2905/3502
f 2865/3503 2817/3447 2818/3448 2878/3478
f 2883/3504 2860/3505 2911/3506 2810/3468 2882/3466
f 2810/3468 2811/3467 2882/3466
f 2884/3476 2810/3471 2911/3507
f 2856/3508 2895/3491 2894/3490 2910/3509
s 1
f 2876/3510 2912/3511 2908/3512 2859/3513 2832/3514
f 2846/3515 2906/3516 2907/3517 2913/3518 2915/3519 2892/3520 2842/3521
f 2845/3522 2916/3523 2871/3524 2827/3525 2822/3526 2823/3527 2889/3528 2864/3529
f 2826/3530 2917/3531 2898/3532 2848/3533 2851/3534 2829/3535 2828/3536 2825/3537
f 2849/3538 2820/3539 2914/3540 2901/3541 2850/3542
f 2853/3543 2852/3544 2819/3545 2830/3546 2831/3547 2855/3548 2854/3549
f 2840/3550 2838/3551 2839/3552 2844/3553
f 2835/3554 2833/3555 2813/3556 2834/3557 2861/3558 2909/3559 2858/3560 2847/3561 2843/3562 2841/3563 2837/3564 2824/3565 2821/3566 2836/3567
s 0
f 2910/3568 2860/3505 2883/3504 2857/3569 2856/3570
f 2818/3448 2814/3444 2812/3446 2881/3474
f 2935/3571 2924/3572 2937/3573 2936/3574
f 2937/3573 2924/3572 2922/3575 2938/3576
f 2922/3577 2919/3578 2923/3579
f 2923/3579 2919/3578 2925/3580
f 2923/3581 2925/3582 2920/3583
f 2923/3581 2920/3583 2942/3584 2939/3585
f 2942/3584 2920/3583 2943/3586
f 2943/3587 2920/3588 2944/3589
f 2920/3588 2918/3590 2931/3591 2944/3589
f 2920/3588 2919/3592 2918/3590
f 2920/3588 2925/3593 2919/3592
f 2918/3594 2919/3578 2922/3577 2924/3595
f 2923/3596 2939/3597 2938/3576 2922/3575
s 1
f 2927/3598 2928/3599 2929/3600 2932/3601 2933/3602 2934/3603 2941/3604 2940/3605 2921/3606 2926/3607
s 0
f 2930/3608 2931/3609 2918/3610 2924/1101 2935/3611
f 2976/3612 2975/3613 2977/3614 2978/3615
f 2979/3616 2947/3617 2980/3618 2977/3614 2975/3613
f 2980/3618 2947/3617 2945/3619 2981/3620
f 2945/3621 2982/3622 2981/3623
f 2978/3624 2983/3625 2984/3626 2976/3627
f 2985/3628 2984/3626 2983/3625 2986/3629
f 2979/3630 2987/3631 2947/3632
f 2948/3633 2947/3632 2987/3631 2988/3634
f 2948/3635 2945/3621 2947/3636
f 2982/3622 2945/3621 2946/3637 2989/3638
f 2990/3639 2949/1133 2991/3640
f 2991/3641 2949/3642 2948/3633 2992/3643
f 2992/3643 2948/3633 2988/3634 2994/3644 2993/3645
f 2993/3645 2994/3644 2996/3646 2995/3647
f 2997/3648 2995/3649 2996/3650 2998/3651
f 2998/3651 2985/3628 2986/3629 2997/3648
f 2989/3638 2946/3637 2999/3408
f 2946/3652 2949/1133 2990/3639 2999/3653
s 1
f 2963/3654 2962/3655 2954/3656 2950/3657 2952/3658 2958/3659 2960/3660 2972/3661 2970/3662 2969/3663
s 0
f 2949/3664 2946/3637 2945/3621 2948/3635
s 1
f 2961/3665 2959/3666 2953/3667 2951/3668 2955/3669 2956/3670 2957/3671 2964/3672 2974/3673 2965/3674 2966/3675 2967/3676 2968/3677 2971/3678 2973/3679
s 0
f 3004/3680 3025/3681 3026/3682
f 3025/3681 3004/3680 3005/3683 3027/3684
f 3027/3685 3005/3686 3029/3687
f 3028/3688 3003/3689 3026/3682
f 3030/3690 3032/3691 3004/3680 3028/3688
f 3004/3680 3003/3689 3028/3688
f 3026/3682 3003/3689 3004/3680
f 3035/3692 3004/3680 3032/3691 3036/3693 3037/3694 3033/3695
f 3039/3696 3001/3697 3004/3680 3035/3692
f 3004/3698 3001/3699 3005/3700
f 3005/3700 3001/3699 3002/3701
f 3000/3702 3005/3686 3002/3703
f 3005/3686 3000/3702 3040/3704 3029/3687
f 3000/3702 3041/3705 3040/3704
f 3042/3706 3041/3707 3000/3708
s 1
f 3012/3709 3009/3710 3008/3711 3010/3712 3011/3713 3020/3714 3021/3715 3022/3716 3050/3717 3031/3718
s 0
f 3001/3699 3039/3719 3046/3720
f 3002/3701 3001/3699 3000/3708
s 1
f 3019/3721 3018/3722 3034/3723 3047/3724 3045/3725 3024/3726
f 3038/3727 3048/3728 3017/3729
f 3013/3730 3014/3731 3051/3732 3049/3733 3015/3734 3016/3735
f 3007/3736 3043/3737 3044/3738 3006/3739
s 0
f 3000/3708 3001/3699 3046/3720 3023/3740 3042/3706
f 3088/3741 3052/3742 3053/3743 3089/3744
f 3089/3744 3053/3743 3092/3745 3090/3746
f 3094/3747 3097/3748 3096/3749
f 3086/3750 3098/3751 3096/3749 3097/3748 3099/3752
f 3110/3753 3054/3754 3052/3742
f 3054/3754 3053/3743 3052/3742
f 3054/3754 3055/3755 3053/3743
f 3055/3756 3100/3757 3101/3758 3053/3759
f 3053/3759 3101/3758 3092/3760
f 3102/3761 3105/3762 3107/3763 3106/3764 3108/3765 3104/3766
f 3110/3753 3052/3742 3088/3741 3083/3767 3085/3768 3086/3769 3099/3770
f 3112/3771 3054/3772 3110/3773
f 3055/3774 3054/3772 3080/3775 3100/3776
f 3111/3777 3115/3778 3107/3763 3105/3762 3113/3779
s 1
f 3087/3780 3059/3781 3084/3782 3117/3783 3103/3784 3074/3785 3109/3786
f 3078/3787 3072/3788 3073/3789 3119/3790 3093/3791 3071/3792 3070/3793 3114/3794
f 3062/3795 3118/3796 3091/3797
f 3061/3798 3056/3130 3058/3799 3057/3800 3060/3801
f 3116/3802 3095/3803 3065/3804 3067/3805 3066/3806 3076/3807 3075/3808 3077/3809
f 3069/3810 3068/3811 3063/3812 3064/3813 3082/3814 3079/3815 3081/3816
s 0
f 3112/3771 3111/3817 3113/3818 3080/3775 3054/3772
f 3160/3819 3126/3820 3163/3821 3161/3822
f 3164/3823 3163/3821 3126/3820
f 3164/3824 3126/3825 3167/3826 3165/3827
f 3168/3828 3170/3829 3172/3830 3123/3831 3169/3832
f 3123/3831 3126/3833 3160/3834 3169/3832
f 3126/3825 3123/3835 3173/3836 3167/3826
f 3174/3837 3173/3838 3123/3831 3120/3839
f 3127/3840 3124/3841 3123/3831 3172/3830 3193/3842
f 3121/3843 3178/3844 3175/3845 3177/3846 3174/3847 3120/3848
f 3181/3849 3183/3850 3121/3851 3184/3852 3179/3853
f 3184/3852 3121/3851 3187/3854 3185/3855
f 3188/3856 3187/3857 3121/3858
f 3121/3858 3128/3859 3189/3860 3188/3856
f 3129/3861 3190/3862 3189/3860 3128/3859
f 3191/3863 3190/3862 3129/3861
f 3127/3864 3193/3865 3192/3866 3191/3863 3129/3861
f 3124/3841 3120/3839 3123/3831
f 3122/3867 3121/3843 3120/3848
f 3124/3841 3125/3868 3120/3839
f 3125/3869 3129/3861 3120/3870
f 3129/3861 3128/3859 3120/3870
f 3128/3859 3122/3871 3120/3870
f 3183/3850 3178/3872 3121/3851
f 3122/3871 3128/3859 3121/3858
f 3125/3869 3124/3873 3129/3861
f 3124/3873 3127/3864 3129/3861
s 1
f 3182/3874 3194/3875 3176/3876 3147/3877 3150/3878
f 3197/3879 3195/3880 3151/3881 3180/3882
f 3200/3883 3198/3884 3148/3885 3149/3886 3186/3887
f 3158/3888 3201/3889 3152/3890 3153/3891 3154/3892 3155/3893 3156/3894 3157/3895
f 3141/3896 3171/3897 3201/3889 3158/3888 3159/3898
f 3133/3899 3162/3900 3199/3901 3130/3902 3139/3903 3140/3904 3142/3905
f 3196/3906 3131/3907 3134/3908 3135/3909 3136/3910 3166/3911
f 3146/3912 3145/3913 3132/3914 3138/3915 3137/3916 3143/3917 3144/3918
s 0
f 3230/3919 3231/3920 3204/3921 3229/3922
f 3229/3922 3204/3921 3234/3923 3232/3924
f 3237/3925 3235/3926 3240/3927
f 3202/3928 3242/3929 3241/3930
f 3202/3931 3204/3921 3231/3920 3243/3932 3242/3933
f 3204/3934 3202/3935 3205/3936
f 3246/3937 3204/3934 3205/3936 3245/3938
f 3204/3934 3246/3937 3234/3939
f 3248/3940 3250/3941 3237/3925 3240/3927 3252/3942 3247/3943
f 3247/3944 3252/3945 3253/3946 3238/3947
f 3205/3936 3202/3935 3203/3948
f 3239/3949 3205/3950 3203/3951
f 3256/3952 3205/3950 3239/3949 3238/3947 3253/3946
f 3205/3950 3256/3952 3245/3953
s 1
f 3227/3954 3254/3955 3257/3956 3249/3957 3221/3958 3224/3959
f 3215/3960 3216/3961 3244/3962 3258/3963 3255/3964
f 3251/3965 3259/3966 3217/3967 3209/3968 3208/3969 3207/3970 3233/3971 3236/3972 3213/3973
f 3220/3974 3222/3975 3206/3976
s 0
f 3203/3977 3202/3928 3241/3930 3226/3978 3239/3979
s 1
f 3212/3980 3210/3981 3211/3982 3219/3983 3218/3984 3228/3985 3225/3986 3223/3987 3214/3988
s 0
f 3263/3989 3272/3990 3271/3991 3262/3992 3261/3993
f 3271/3991 3273/3994 3267/3995 3262/3992
f 3267/3996 3276/3997 3275/3998 3269/3999
f 3267/4000 3273/4001 3276/4002
f 3262/4003 3267/4004 3269/4005 3261/4006
f 3275/4007 3277/4008 3272/4009 3263/4010
f 3275/4007 3263/4010 3261/4011 3269/4012
s 1
f 3274/4013 3264/4014 3265/4015 3278/4016
f 3266/4017 3260/4018 3268/4019 3270/4020
s 0
f 3292/4021 3300/4022 3295/4023
f 3286/4024 3301/4025 3295/4023 3300/4022 3302/4026 3289/4027
f 3305/4028 3289/4029 3302/4030 3303/4031
f 3301/4032 3286/4033 3280/4034 3296/4035
s 1
f 3297/4036 3282/4037 3291/4038 3304/4039
f 3294/4040 3298/4041 3290/4042 3288/4043 3285/4044
f 3284/4045 3287/4046 3279/4047 3293/4048
s 0
f 3280/4049 3286/4050 3289/4051 3305/4052 3299/4053
f 3283/4054 3296/4055 3280/4056 3299/4057 3281/4058
f 3312/4059 3307/4060 3308/4061 3313/4062
f 3314/4063 3307/4064 3312/4065
f 3307/4066 3314/4067 3315/4068 3308/4069
f 3315/2268 3313/4070 3308/4071
s 1
f 3310/4072 3306/4073 3311/4074 3309/4075
s 0
f 3318/4076 3330/4077 3331/4078 3319/4079
f 3319/4080 3331/4081 3332/4082 3320/4083
f 3320/4083 3332/4082 3333/4084 3322/4085
f 3334/4086 3330/4077 3318/4076 3336/4087
f 3337/4088 3326/4089 3340/4090 3338/4091
f 3340/4090 3326/4089 3322/4085 3333/4084
s 1
f 3339/4092 3335/4093 3325/4094 3327/4095
f 3317/4096 3316/4097 3324/4098 3328/4099 3329/4100 3323/4101 3321/4102
s 0
f 3318/4103 3319/4104 3320/4105 3322/4106 3326/4107 3337/4108 3336/4109
f 3353/4110 3355/4111 3345/4112 3352/4113
f 3362/4114 3352/4115 3345/4116 3351/4117 3364/4118 3360/4119
s 1
f 3361/4120 3343/4121 3359/4122 3357/4123
f 3354/4124 3363/4125 3341/4126 3356/4127 3358/4128 3346/4129
f 3344/4130 3342/4131 3347/4132
s 0
f 3348/4133 3364/4134 3351/4135
f 3348/4133 3351/4135 3345/4112 3355/4111 3350/4136 3349/4137
f 3386/4138 3372/4139 3371/4140 3370/4141 3385/4142
f 3375/4143 3372/4144 3386/4145 3387/4146 3376/4147
f 3385/4142 3370/4141 3378/4148 3388/4149
f 3388/4149 3378/4148 3380/4150
f 3388/4151 3380/4152 3382/4153 3389/4154
f 3382/4153 3390/4155 3391/4156 3389/4154
f 3375/4157 3393/4158 3394/4159 3371/4160 3372/4161
f 3395/4162 3376/4163 3387/4164
f 3395/4162 3396/4165 3393/4166 3375/4167 3376/4163
s 1
f 3392/4168 3383/4169 3398/4170
f 3397/4171 3399/4172 3366/4173 3365/4174
f 3374/4175 3373/4176 3379/4177 3381/4178 3384/4179 3367/4180 3369/4181 3368/4182 3377/4183
s 0
f 3382/4184 3380/4185 3378/4186 3370/4187 3371/4160 3394/4159 3400/4188 3390/4189
f 3421/4190 3402/4191 3420/4192
f 3405/4193 3402/4191 3421/4190 3422/4194
f 3424/4195 3407/4196 3405/4193 3422/4194
f 3407/4196 3424/4195 3425/4197 3410/4198
f 3410/4199 3425/4200 3426/4201
f 3412/4202 3410/4199 3426/4201 3427/4203
f 3414/4204 3412/4202 3427/4203 3428/4205
f 3434/4206 3414/4204 3428/4205 3429/4207 3430/4208
f 3430/4208 3429/4207 3431/4209
f 3433/4210 3420/4211 3402/4212 3405/4213 3407/4214
s 1
f 3415/4215 3413/4216 3411/4217 3409/4218 3408/4219 3423/4220 3432/4221 3418/4222
f 3404/4223 3403/4224 3401/4225 3416/4226 3417/4227 3419/4228 3406/4229
s 0
f 3414/4230 3434/4231 3433/4210 3407/4214 3410/4232 3412/4233
f 3438/4234 3437/4235 3456/4236 3461/4237 3440/4238
f 3464/4239 3442/4240 3465/4241
f 3448/4242 3447/4243 3446/4244 3442/4240 3464/4239 3445/4245
f 3455/4246 3457/4247 3456/4236 3437/4235 3450/4248 3454/4249
f 3455/4246 3458/4250 3457/4247
f 3446/4251 3440/4252 3461/4253 3460/4254 3465/4255 3442/4256
f 3447/4257 3438/4258 3440/4252 3446/4251
f 3450/4259 3437/4260 3438/4261 3447/4243 3448/4242 3445/4245
f 3460/4254 3462/4262 3465/4255
f 3464/4239 3454/4263 3450/4259 3445/4245
s 1
f 3451/4264 3459/4265 3463/4266 3435/4267 3439/4268 3441/4269
f 3449/4270 3443/4271 3444/4272 3436/4273 3453/4274 3452/4275
s 0
f 3471/4276 3478/4277 3477/4278 3483/4279 3480/4280 3479/4281
f 3480/4280 3483/4279 3481/4282
f 3484/4283 3471/4284 3479/4285
f 3471/4284 3484/4283 3485/4286 3487/4287 3478/4288
s 1
f 3486/4289 3489/4290 3488/4291
f 3468/4292 3490/4293 3482/4294 3474/4295 3472/4296 3473/4297
f 3476/4209 3466/4298 3469/4299 3467/4300 3470/4301 3475/4302
s 0
f 3493/4303 3500/4304 3501/4305
f 3504/4306 3500/4307 3493/4308 3497/4309
f 3503/4310 3504/4311 3497/4312
f 3497/4312 3505/4313 3503/4310
f 3493/4303 3506/4314 3505/4315 3497/4316
s 1
f 3496/4317 3491/4318 3492/4319 3498/4320 3502/4321 3495/4322 3494/4323
s 0
f 3506/4314 3493/4303 3501/4305 3499/4324
f 3516/4325 3513/4326 3514/4327 3512/4328 3511/4329 3518/4330
f 3516/4331 3515/4332 3513/4333
f 3513/4333 3515/4332 3514/4334
f 3517/4335 3511/4336 3512/4337 3514/4338 3515/4339
f 3518/4340 3511/4336 3517/4335
s 1
f 3510/4341 3509/4342 3507/4343 3508/4344
s 0
f 3556/4345 3544/4346 3523/4347
f 3527/4348 3540/4349 3541/4350 3551/4351 3543/4352 3542/4353
f 3545/4354 3546/4355 3531/4356 3523/4347 3544/4346
f 3531/4356 3546/4355 3547/4357
f 3536/4358 3531/4356 3547/4357 3548/4359 3550/4360 3549/4361
f 3552/4362 3551/4351 3541/4350
f 3550/4360 3548/4359 3553/4363
f 3523/4364 3531/4365 3536/4366 3555/4367 3556/4368
f 3540/4369 3527/4370 3558/4371 3555/4367 3536/4366 3549/4372
f 3559/4373 3558/4371 3527/4370 3542/4374
s 1
f 3557/4375 3519/4376 3520/4377 3560/4378
f 3539/4379 3537/4380 3534/4381 3532/4382 3533/4383 3524/4384 3522/4385 3521/4386 3526/4387 3530/4388 3528/4389
f 3538/4390 3554/4391 3529/4392 3525/4393 3535/4394
s 0
f 3570/4395 3579/4396 3571/4397
f 3561/4398 3573/4399 3574/4400
f 3575/4401 3573/4399 3561/4398 3577/4402
f 3578/4403 3577/4402 3561/4398
f 3561/4404 3579/4396 3570/4395 3578/4405
f 3579/4406 3561/4398 3574/4400
s 1
f 3567/4407 3568/4408 3562/4409 3572/4410 3576/4411
f 3564/4412 3566/4413 3563/4414 3569/4415 3565/4416
s 0
f 3617/4417 3583/4418 3603/4419
f 3600/4420 3603/4419 3583/4418 3602/4421
f 3602/4422 3583/4423 3585/4424 3604/4425
f 3585/4424 3605/4426 3604/4425
f 3605/4426 3585/4424 3593/4427 3606/4428
f 3608/4429 3607/4430 3617/4431 3618/4432
f 3583/4433 3617/4431 3585/4434
f 3597/4435 3593/4436 3617/4431 3607/4430 3610/4437 3598/4438
f 3593/4436 3585/4434 3617/4431
f 3597/4439 3611/4440 3606/4441 3593/4442
f 3598/4443 3612/4444 3611/4440 3597/4439
f 3610/4445 3613/4446 3612/4444 3598/4443
s 1
f 3582/4447 3587/4448 3601/4449 3615/4450 3609/4451 3596/4452
f 3595/4453 3616/4454 3614/4455 3599/4456 3594/4457
f 3592/4458 3581/4459 3584/4460 3586/4461 3580/4462 3588/4463 3589/4464 3590/4465 3591/4466
s 0
f 3624/4467 3620/4468 3640/4469 3639/4470
f 3640/4469 3620/4468 3621/4471 3641/4472
f 3644/4473 3630/4474 3629/4475 3628/4476 3643/4477
f 3624/4467 3632/4478 3620/4468
f 3633/4479 3620/4480 3637/4481 3634/4482
f 3621/4471 3642/4483 3641/4472
f 3637/4484 3620/4468 3632/4478
f 3621/4485 3635/4486 3630/4487 3644/4488 3645/4489
f 3642/4490 3621/4485 3645/4489
f 3637/4491 3646/4492 3643/4493 3628/4494 3634/4495
f 3624/4496 3639/4497 3646/4492 3637/4491 3632/4498
f 3636/4499 3629/4500 3630/4501 3635/4502
f 3634/4482 3628/4503 3629/4500 3636/4499 3633/4479
s 1
f 3638/4504 3631/4505 3627/4506 3619/4507 3622/4508 3623/4509 3625/4510 3626/4511
s 0
f 3635/4486 3621/4485 3620/4512 3633/4513 3636/4514
f 3652/4515 3653/4516 3660/4517 3659/4518 3650/4519
f 3655/4520 3661/4521 3660/4517 3653/4516
f 3661/4522 3655/4523 3664/4524 3662/4525
f 3650/4526 3659/4527 3665/4528
f 3668/4529 3666/4530 3664/4524 3655/4523 3653/4531 3652/4532
f 3665/4533 3668/4529 3652/4532 3650/4534
s 1
f 3663/4535 3657/4536 3667/4537
f 3658/4538 3648/4539 3649/4540 3647/4541 3651/4542 3654/4543 3656/4544
s 0
f 3672/4545 3669/4546 3671/4547
f 3673/4548 3671/4547 3669/4546
f 3669/3337 3670/4549 3673/4550
f 3670/4549 3674/4551 3673/4550
f 3669/4552 3672/4553 3670/4554
f 3675/4555 3674/4556 3670/4554 3672/4553
f 3673/4557 3674/4558 3675/4559 3671/4560
f 3672/4561 3671/4560 3675/4559
f 3690/4562 3691/4563 3677/4564
f 3692/4565 3677/4566 3691/4567
f 3693/4568 3690/4562 3677/4564 3695/4569
f 3696/4570 3676/4571 3677/4566 3692/4565 3697/4572
f 3698/4573 3677/4564 3676/4574 3699/4575
f 3677/4564 3698/4573 3695/4569
f 3676/4576 3696/4577 3700/4578 3701/4579 3703/4580
f 3676/4576 3703/4580 3699/4581
s 1
f 3683/4582 3684/4583 3680/4584 3679/4585 3678/4586 3694/4587 3702/4588 3688/4589
f 3681/4590 3682/4591 3685/4592 3686/4593 3689/4594 3687/4595
s 0
f 3710/4596 3708/4597 3709/4598
f 3726/4599 3709/4598 3708/4597 3727/4600
f 3709/4598 3726/4599 3728/4601
f 3709/4598 3706/4602 3707/4603
f 3714/4604 3710/4596 3709/4598 3707/4603
f 3707/4605 3715/4606 3714/4607
f 3729/4608 3708/4609 3710/4610 3730/4611
f 3727/4612 3708/4609 3729/4608
f 3706/4613 3718/4614 3707/4605
f 3723/4615 3720/4616 3721/4617 3722/4618 3715/4606 3707/4605 3718/4614
f 3733/4619 3720/4616 3723/4615 3732/4620
f 3734/4621 3721/4622 3720/4623 3733/4624
f 3722/4625 3721/4622 3734/4621 3735/4626
f 3722/4618 3735/4627 3730/4628 3710/4629 3714/4607 3715/4606
s 1
f 3713/4630 3711/4631 3712/4632 3716/4633 3717/4634 3705/4635 3704/4636 3725/4637 3724/4638 3731/4639
s 0
f 3718/4614 3719/4640 3732/4620 3723/4615
f 3728/4601 3719/4641 3718/4642 3706/4602 3709/4598
f 3756/4643 3758/4644 3742/4645
f 3756/4643 3742/4645 3741/4646 3755/4647
f 3755/4647 3741/4646 3739/4648 3747/4649 3757/4650
f 3748/4651 3747/4649 3739/4648
f 3748/4652 3739/4653 3754/4654 3749/4655
f 3751/4656 3742/4645 3758/4644 3759/4657
f 3742/4645 3751/4656 3752/4658 3741/4646
f 3741/4646 3752/4658 3753/4659 3739/4648
f 3740/4660 3754/4654 3739/4653
f 3753/4661 3740/4662 3739/4663
f 3754/4664 3740/4662 3753/4661
s 1
f 3762/4665 3761/4666 3760/4667 3750/4668 3743/4669 3745/4670 3744/4671 3746/4672
s 0
f 3749/4673 3736/4674 3737/4675 3757/4676 3747/4677 3748/4678
f 3738/4679 3736/4674 3749/4673 3754/4680 3753/4681 3752/4682 3751/4683 3759/4684
f 3766/4685 3775/4686 3774/4687
f 3770/4688 3764/4689 3778/4690 3775/4686 3766/4685
f 3780/4691 3778/4692 3764/4693 3779/4694
f 3779/4694 3764/4693 3776/4695
f 3770/4696 3766/4697 3774/4698 3782/4699 3769/4700
s 1
f 3768/4701 3777/4702 3783/4703 3781/4704 3772/4705
f 3763/4706 3765/4707 3767/4708 3771/4709 3773/4710
s 0
f 3764/4693 3770/4711 3769/4712 3776/4695
f 3786/4713 3787/4714 3788/4715
f 3786/4713 3788/4715 3789/4716 3790/4717
f 3790/4717 3791/4718 3786/4713
f 3792/4719 3787/4720 3786/4721 3791/4722
f 3792/4719 3791/4722 3793/4723
f 3793/4723 3791/4722 3794/4724 3795/4725
f 3800/4726 3795/4725 3794/4724 3796/4727 3799/4728
f 3784/4729 3801/4730 3799/4731 3796/4732
f 3791/4733 3790/4734 3789/4735 3784/4736 3796/4737 3794/4738
s 1
f 3797/4739 3785/4740 3798/4741
s 0
f 3788/4742 3787/4743 3792/4744 3793/4745 3795/4746 3800/4747 3801/4748 3784/4736 3789/4735
f 3807/4749 3804/4750 3808/4751
f 3819/4752 3803/4753 3809/4754 3818/4755
f 3812/4756 3809/4754 3803/4753 3805/4757
f 3805/4757 3806/4758 3812/4756
f 3805/4759 3804/4750 3806/4760
f 3803/4753 3804/4761 3805/4757
f 3823/4762 3813/4763 3808/4751 3804/4750 3803/4764
f 3822/4765 3823/4766 3803/4767 3824/4768 3820/4769
f 3803/4767 3819/4770 3824/4768
s 1
f 3821/4771 3825/4772 3827/331 3814/4773 3816/4774
f 3811/4775 3810/4776 3826/4777 3815/4778 3817/4779
s 0
f 3806/4760 3807/4749 3808/4751 3813/4763 3802/4780 3818/4781 3809/4782 3812/4783
f 3804/4750 3807/4749 3806/4760
f 3838/4784 3839/4785 3829/4786
f 3840/4787 3838/4784 3829/4786
f 3839/4785 3841/4788 3829/4786
f 3829/4789 3841/4790 3843/4791 3828/4792
f 3829/4786 3828/4793 3844/863 3840/4787
f 3828/4794 3847/4795 3845/4796 3844/4797
f 3847/4798 3828/4792 3843/4791
s 1
f 3834/4799 3842/4800 3846/4801 3837/4802
f 3833/3166 3831/4803 3830/4804 3832/4805 3835/4806 3836/4807
s 0
f 3863/4808 3852/4809 3864/4810
f 3852/4809 3863/4808 3865/4811
f 3864/4810 3852/4809 3851/4812 3866/4813
f 3857/4814 3851/4812 3852/4809
f 3859/4815 3851/4816 3857/4817 3858/4818
f 3873/4819 3871/4820 3862/4821 3859/4822 3858/4823
f 3852/4824 3865/4825 3874/4826 3873/4819 3858/4823 3857/4827
s 1
f 3853/4828 3854/4829 3856/4830 3870/4831 3868/4832 3872/4833 3849/4834 3850/4835 3855/4836
f 3869/4837 3848/4838 3867/4839
s 0
f 3861/4840 3860/4841 3866/4842 3851/4816 3859/4815 3862/4843
f 3886/4844 3887/4845 3880/4846 3879/4847
f 3888/4848 3883/4849 3880/4846 3887/4845
f 3889/4850 3875/4851 3883/4852 3888/4853
f 3879/4854 3876/4855 3894/4856 3886/4857
s 1
f 3884/4858 3882/4859 3881/4860 3895/4861 3891/4862 3890/4863 3885/4864
f 3893/4865 3892/4866 3878/2333
s 0
f 3875/4867 3877/4868 3876/4869 3879/4870 3880/4871 3883/4872
f 3904/4873 3905/4874 3903/4875 3898/4876
f 3904/4877 3898/4878 3907/4879 3906/4880
f 3907/4879 3898/4878 3919/4881 3920/4882 3921/4883 3923/4884
f 3912/4885 3935/4886 3925/4887 3924/4888
f 3912/4885 3924/4888 3927/4889 3929/4890 3898/4876 3916/4891
f 3898/4876 3903/4875 3918/4892 3916/4891
f 3919/4893 3898/4876 3929/4890
f 3930/4894 3896/4895 3906/4896 3907/4897 3923/4898
f 3896/4895 3905/4899 3904/4900 3906/4896
f 3933/4901 3935/4902 3934/4903 3931/4904
f 3930/4905 3934/4903 3935/4902 3912/4906 3916/4907 3918/4908 3896/4909
f 3905/4899 3896/4895 3918/4910 3903/4911
s 1
f 3926/4912 3928/4913 3913/4914
f 3914/4915 3902/4916 3901/4917 3932/4918 3922/4919 3909/4920 3908/4921 3917/4922 3915/4923
f 3899/4924 3900/4925 3897/4926 3911/4927 3910/4928
s 0
f 3942/4929 3943/4930 3960/4931 3961/4932
f 3942/4929 3961/4932 3962/4933 3946/4934
f 3948/4935 3949/4936 3938/4937 3950/4938
f 3960/4939 3943/4940 3950/4938 3938/4937 3963/4941
f 3964/4942 3963/4943 3938/4944 3937/4945
f 3964/4942 3937/4945 3965/4946
f 3965/4946 3937/4945 3966/4947
f 3938/4937 3949/4936 3956/4948 3955/4949
f 3937/4950 3938/4937 3955/4949
f 3966/4951 3937/4952 3959/4953 3957/4954 3967/4955
f 3937/4956 3955/4957 3956/4958 3936/4959 3959/4960
f 3936/4959 3957/4961 3959/4960
f 3936/4959 3967/4962 3957/4961
f 3943/4963 3942/4964 3946/4965 3948/4966 3950/4967
f 3968/4968 3969/4969 3936/4959 3956/4958 3949/4970 3948/4971 3946/4972 3962/4973
f 3969/4969 3970/4974 3936/4959
s 1
f 3958/4975 3941/4976 3939/4977 3940/4978 3947/4979 3945/4980 3944/4981 3951/4982 3952/4983 3953/4984 3954/4985
s 0
f 3967/4962 3936/4959 3970/4974
f 3984/4986 3977/4987 3978/4988 3974/4989 3983/4990
f 3983/4990 3974/4989 3985/4991
f 3985/4991 3974/4989 3988/4992 3986/4993
f 3989/4994 3988/4995 3974/4996
f 3974/4997 3978/4998 3992/4999 3990/5000 3989/5001
f 3993/5002 3992/4999 3978/4998 3977/5003
f 3984/5004 3993/5002 3977/5003
s 1
f 3987/5005 3991/5006 3972/5007 3973/5008 3976/5009 3975/5010 3979/5011
f 3971/5012 3980/5013 3981/5014 3982/5015
s 0
f 4001/5016 4002/5017 4003/5018
f 4004/5019 3999/5020 4001/5016 4003/5018
f 4001/5016 3999/5020 4000/5021
f 4001/5022 4000/5023 4018/5024 4019/5025
f 4002/5026 4001/5022 4019/5025 4020/5027
f 4021/5028 4022/5029 3999/5030 4004/5031 4008/5032
f 3999/5033 4040/5034 4026/5035 4018/5024
f 4018/5024 4000/5023 3999/5033
f 4040/5036 3999/5030 4022/5029 4023/5037 4024/5038 4025/5039
f 4027/5040 4026/5035 4040/5034
f 4029/5041 4040/5036 4025/5039
f 4008/5042 4031/5043 4032/5044 4034/5045 4035/5046 4021/5047
f 4002/5017 4020/5048 4031/5043 4008/5042 4004/5019 4003/5018
s 1
f 3997/5049 4033/5050 4037/5051 4036/5052
f 4028/5053 4038/5054 3996/5055 3995/5056 4007/5057 4006/5058 4005/5059 4012/5060
f 4039/5061 4016/5062 4011/5063 4030/5064
f 4009/5065 3998/5066 3994/5067 4017/5068 4015/5069 4014/5070 4013/5071 4010/5072
s 0
f 4045/5073 4049/5074 4043/5075 4044/5076
f 4043/5077 4041/5078 4044/5079
f 4041/5078 4046/5080 4047/5081 4044/5079
f 4048/5082 4042/5083 4043/5075 4049/5074
f 4051/5084 4046/5080 4041/5078 4048/5085 4050/5086
f 4048/5085 4041/5078 4042/5087
f 4042/5087 4041/5078 4043/5077
f 4049/5088 4050/5089 4048/5090
f 4044/5091 4047/5092 4046/5093 4051/5094
f 4044/5091 4051/5094 4050/5089 4049/5088 4045/5095
f 4053/5096 4055/5097 4078/5098 4077/5099
f 4078/5098 4055/5097 4079/5100
f 4082/5101 4080/5102 4083/5103
f 4084/5104 4053/5105 4077/5106 4082/5101 4083/5103
f 4055/5097 4053/5096 4054/5107
f 4084/5108 4085/5109 4053/5110
f 4079/5100 4055/5097 4073/5111 4089/5112
f 4055/5113 4054/5114 4071/5115
f 4055/5113 4071/5115 4076/5116 4075/5117 4073/5118
f 4070/5119 4090/5120 4072/5121
f 4075/5117 4091/5122 4089/3545 4073/5118
f 4071/5115 4072/5121 4090/5120 4092/5123 4093/5124 4095/5125 4076/5116
f 4091/5122 4075/5117 4076/5116 4095/5125
s 1
f 4052/5126 4088/5127 4087/5128 4086/5129 4067/5130 4066/5131 4064/5132 4081/5133 4094/5134 4057/5135
f 4060/5136 4061/5137 4062/5138 4074/5139 4056/5140 4059/5141 4058/5142 4063/5143 4065/5144
s 0
f 4054/5145 4053/5110 4085/5109 4068/5146 4069/5147 4070/5148 4072/5149 4071/5150
f 4110/5151 4099/5152 4108/5153
f 4111/5154 4113/5155 4110/5156
s 1
f 4109/5157 4114/5158 4112/5159 4100/5160
f 4102/5161 4115/5162 4105/5163 4107/5164 4103/5165
f 4104/5166 4096/5167 4101/5168 4106/5169
s 0
f 4110/5170 4113/5171 4098/5172 4097/5173 4099/5174
f 4133/5175 4134/5176 4123/5177
f 4123/5178 4134/5179 4135/5180 4125/5181 4126/5182 4127/5183
f 4136/5184 4130/5185 4125/5181 4135/5180
f 4145/5186 4130/5187 4136/5188 4137/5189
f 4139/5190 4116/5191 4140/5192
f 4145/5193 4141/5194 4140/5192 4116/5191 4126/5195 4125/5196 4130/5197
f 4139/5190 4143/5198 4116/5191
f 4126/5199 4116/5200 4143/5201 4144/5202 4127/5203
f 4127/5203 4144/5202 4133/5175 4123/5177
s 1
f 4138/5204 4142/5205 4131/5206
f 4124/5207 4122/5208 4121/5209 4120/5210 4117/5211 4118/5212 4119/5213 4132/5214 4129/5215 4128/5216
s 0
f 4157/5217 4149/5218 4150/5219
f 4158/5220 4157/5217 4150/5219 4152/5221
f 4158/5220 4152/5221 4153/5222 4162/5223
f 4159/5224 4162/4393 4153/5225 4161/5226
f 4157/5227 4163/5228 4165/5229 4149/5230
f 4153/5231 4152/5232 4150/5233 4149/5230 4165/5229 4161/5234
s 1
f 4156/5235 4147/5236 4164/5237 4160/5238
f 4154/5239 4155/5240 4146/5241 4148/5242 4151/5243
s 0
f 4184/5244 4185/5245 4182/5246
f 4186/5247 4187/5248 4185/5245 4184/5244
f 4173/5249 4189/5250 4188/5251 4187/5248 4186/5247 4190/5252 4175/5253
f 4189/5254 4173/5255 4177/5256
f 4191/5257 4181/5258 4190/5259
f 4175/5260 4190/5259 4181/5258
f 4179/5261 4194/5262 4193/5263
f 4173/5264 4175/5265 4181/5266 4191/5267 4194/5262 4179/5261 4177/5268
s 1
f 4192/5269 4183/5270 4169/5271 4170/5272 4172/5273 4174/5274
f 4176/5275 4171/5276 4168/5277 4167/5278 4178/5279 4166/5280 4180/5281
s 0
f 4193/5282 4189/5254 4177/5256 4179/5283
f 4226/5284 4229/5285 4208/5286 4206/5287
f 4203/5288 4201/5289 4224/5290 4225/5291 4202/5292
f 4205/5293 4202/5292 4225/5291 4226/5294 4206/5295
f 4212/5296 4232/5297 4230/5298 4233/5299
f 4234/5300 4227/5301 4228/5302 4235/5303
f 4212/5296 4208/5304 4229/5305 4235/5303 4228/5302 4232/5297
f 4203/5288 4236/5306 4221/5307 4200/5308 4201/5289
f 4237/5309 4236/5310 4203/5311 4202/5312 4205/5313
f 4233/5314 4237/5309 4205/5313 4206/5287 4208/5286 4212/5315
s 1
f 4231/5316 4222/5317 4196/5318 4197/5319 4213/5320
f 4215/5321 4219/5322 4223/5323 4210/5324 4211/5325 4217/5326
f 4220/5327 4195/5328 4218/5329
f 4209/5330 4207/5331 4204/5332 4198/5333 4214/5334 4216/5335
s 0
f 4234/5336 4224/5337 4201/5338 4200/5339 4199/5340 4227/5341
f 4247/5342 4248/5343 4239/5344
f 4241/5345 4239/5344 4248/5343
f 4242/5346 4241/5347 4248/5348 4245/5349
f 4246/5350 4242/5346 4245/5349
f 4242/5351 4246/5352 4247/5353 4239/5354 4241/5355
s 1
f 4240/5356 4238/5357 4244/5358 4243/5359
s 0
f 4259/5360 4251/5361 4271/5362 4260/5363
f 4264/5364 4262/5365 4265/5366
f 4268/5367 4251/5368 4259/5369 4264/5370 4265/5371 4266/5372
f 4271/5362 4251/5361 4268/5373
s 1
f 4263/5374 4269/5375 4267/5376 4256/5377
f 4270/5378 4261/5379 4250/5380 4258/5381 4257/5382
f 4253/5383 4249/5384 4254/5385 4255/5386 4252/5387
s 0
f 4278/5388 4280/5389 4285/5390
f 4280/5391 4281/5392 4283/5393 4285/5394
s 1
f 4286/5395 4284/5396 4282/5397
f 4275/5398 4274/5399 4287/5400 4279/5401
f 4272/5402 4273/5403 4277/5404 4276/5405
s 0
f 4295/2551 4296/5406 4300/5407 4302/5408
f 4303/5409 4298/5410 4297/5411 4295/5412 4302/5413
s 1
f 4288/5414 4294/5415 4301/5416 4299/5417
f 4291/5418 4292/5419 4293/5420 4290/5421 4289/5422
f 4304/5423 4306/5424 4305/5425
s 0
f 4342/5426 4308/5427 4345/5428 4343/5429 4346/5430 4340/5431
f 4308/5427 4348/5432 4345/5428
f 4317/5433 4315/5434 4349/5435 4350/5436 4352/5437
f 4349/5435 4315/5434 4355/5438 4353/5439
f 4315/5434 4316/5440 4356/5441 4355/5438
f 4356/5442 4316/5443 4359/5444 4357/5445
f 4316/5443 4312/5446 4360/5447 4359/5444
s 1
f 4325/5448 4351/5449 4344/5450 4323/5451 4324/5452 4361/5453 4364/5454 4363/5455 4338/5456 4366/5457
s 0
f 4362/5458 4307/5459 4308/5427 4342/5426
f 4336/5460 4318/5461 4335/5462
f 4348/5463 4311/5464 4337/5465
f 4337/5466 4311/5467 4318/5461 4336/5460
f 4365/5468 4335/5462 4318/5461 4314/5469
f 4365/5468 4314/5469 4339/5470
f 4339/5470 4314/5469 4317/5471 4352/5472
f 4307/5473 4311/5464 4308/5474
f 4348/5463 4308/5474 4311/5464
f 4314/5469 4313/5475 4317/5471
f 4317/5476 4313/5477 4315/5478
f 4316/5479 4315/5478 4309/5480
f 4307/5481 4362/5482 4360/5447 4312/5446 4309/5483
f 4312/5484 4316/5479 4309/5480
f 4310/5485 4309/5480 4314/5486
f 4307/5473 4309/5487 4310/5488
f 4307/5473 4310/5488 4311/5464
f 4311/5467 4314/5469 4318/5461
f 4311/5467 4310/5489 4314/5469
s 1
f 4347/5490 4322/5491 4327/5492 4326/5493 4354/5494
f 4341/5495 4321/5496 4328/5497 4329/5498 4330/5499 4358/5500
f 4334/5501 4320/5502 4319/5503 4331/5504 4332/5505 4333/5506
s 0
f 4313/5477 4314/5486 4309/5480 4315/5478
f 4369/5507 4392/5508 4390/5509 4389/5510
f 4393/5511 4394/5512 4368/5513
f 4393/5514 4368/5515 4367/5516 4383/5517
f 4367/5518 4368/5519 4369/5520
f 4369/5520 4389/5521 4395/5522 4367/5518
f 4396/5523 4367/5518 4395/5522
f 4388/5524 4367/5518 4396/5523
f 4397/5525 4392/5526 4369/5527
f 4367/5516 4388/5528 4386/5529 4384/5530 4383/5517
f 4397/5525 4369/5527 4368/5513 4394/5512 4398/5531
s 1
f 4399/5532 4385/5533 4387/5534 4391/5535 4375/5536 4381/5537
f 4371/5538 4372/5539 4382/5540 4377/5541 4376/5542
f 4379/5543 4374/5544 4370/5545 4373/5546 4380/5547 4378/5548
s 0
f 4401/5549 4421/5550 4419/5551 4422/5552 4424/5553
f 4425/5554 4421/5550 4401/5549 4400/5555 4427/5556
f 4427/5556 4400/5555 4428/5557
f 4429/5558 4428/5559 4400/5560
f 4401/5549 4424/5553 4439/5561
f 4439/5562 4440/5563 4402/5564 4401/5565
f 4402/5566 4434/5567 4401/5568
f 4436/5569 4432/5570 4430/5571 4438/5572 4435/5573
f 4438/5572 4434/5574 4402/5564 4440/5563 4435/5573
s 1
f 4417/5575 4416/5576 4405/5577 4423/5578 4437/5579 4414/5580
f 4406/5581 4420/5582 4433/5583 4415/5584
f 4403/5585 4404/5586 4426/5587 4431/5588 4412/5589
f 4418/5590 4413/5591 4411/5592 4407/5593 4408/5594 4409/5595 4410/5596
s 0
f 4434/5567 4429/5597 4400/5598 4401/5568
f 4469/5599 4470/5600 4444/5601 4441/5602
f 4441/5603 4466/5604 4467/5605 4475/5606
f 4442/5607 4471/5608 4469/5599 4441/5602
f 4473/5609 4471/5610 4442/5611 4472/5612
f 4475/5606 4472/5612 4442/5611 4441/5603
s 1
f 4479/5613 4468/5614 4458/5615
s 0
f 4444/5601 4470/5600 4476/5616
f 4445/5617 4444/5618 4476/5619 4477/5620
f 4443/5621 4444/5601 4445/5622
f 4441/5602 4444/5601 4443/5621
f 4441/5602 4443/5621 4445/5622
f 4441/5602 4445/5622 4480/5623 4478/5624 4466/5625
f 4482/5626 4481/5627 4446/5628
f 4482/5626 4446/5628 4485/5629 4484/5630 4483/5631
f 4486/5632 4483/5631 4484/5630
f 4445/5617 4477/5620 4485/5629 4446/5628
f 4481/5633 4488/5634 4445/5622 4446/5635
f 4480/5623 4445/5622 4488/5634
s 1
f 4465/5636 4459/5637 4460/5638 4463/5639 4487/5640 4474/5641 4449/5642 4451/5643 4452/5644 4456/5645 4457/5646
f 4453/5647 4447/5648 4448/5649 4450/5650 4464/5651 4461/5652 4462/5653 4455/5654 4454/5655
s 0
f 4521/5656 4491/5657 4522/5658
f 4491/5657 4496/5659 4523/5660 4522/5658
f 4496/5659 4493/5661 4524/5662 4523/5660
f 4524/5663 4493/5664 4525/5665
f 4526/5666 4525/5665 4493/5664 4489/5667
f 4527/5668 4526/5669 4489/5670 4490/5671
f 4527/5668 4490/5671 4532/5672 4530/5673 4528/5674
f 4533/5675 4536/5676 4535/5677
f 4539/5678 4491/5657 4521/5656 4535/5677 4536/5676 4537/5679
f 4491/5657 4539/5678 4540/5680
f 4543/5681 4497/5682 4491/5657 4540/5680 4541/5683
f 4496/5659 4491/5657 4497/5682
f 4496/5659 4497/5682 4493/5661
f 4497/5682 4495/5684 4493/5661
f 4495/5684 4492/5685 4493/5661
f 4492/5686 4489/5667 4493/5664
f 4492/5686 4495/5687 4489/5667
f 4489/5667 4495/5687 4494/5688
f 4489/5667 4494/5688 4490/5689
f 4490/5671 4544/5690 4532/5672
f 4544/5690 4490/5671 4494/5691 4547/5692 4545/5693
f 4543/5694 4548/5695 4497/5696
f 4494/5697 4497/5696 4548/5695 4549/5698
f 4497/5696 4494/5697 4495/5699
f 4547/5692 4494/5691 4549/5700
s 1
f 4534/4777 4529/5701 4531/5702 4538/5703 4509/5704
f 4513/5705 4512/5706 4511/5707 4506/5708 4507/5709 4516/5710 4546/5711 4542/5712
f 4519/5713 4515/5714 4514/5715 4517/5716 4518/5717 4520/5718
f 4499/5719 4500/5720 4501/5721 4502/5722 4503/5723 4504/5724 4505/5725 4508/5726 4510/5727 4498/5728
s 0
f 4551/5729 4567/5730 4568/5731 4554/5732
f 4554/5733 4568/5734 4569/5735 4571/5736 4556/5737
f 4572/5738 4567/5730 4551/5729 4560/5739 4558/5740
f 4573/5741 4561/5742 4564/5743 4574/5744
f 4565/5745 4575/5746 4574/5744 4564/5743
f 4576/5747 4575/5748 4565/5749 4556/5750 4571/5751
f 4558/5752 4560/5753 4564/5743 4561/5742
f 4572/5754 4558/5752 4561/5742 4573/5741
s 1
f 4566/5755 4577/5756 4570/5757 4553/5758 4552/5759 4559/5760 4562/5761 4563/5762
f 4550/5763 4557/5764 4555/5765
s 0
f 4560/5766 4551/5767 4554/5768 4556/5750 4565/5749 4564/5769
f 4591/5770 4589/5771 4587/5772 4586/5773 4590/5774
f 4592/5775 4578/5776 4589/5777 4591/5778
f 4586/5779 4587/5780 4579/5781
f 4579/5781 4593/5782 4590/5783 4586/5779
f 4578/5776 4592/5775 4594/5784
f 4593/5782 4579/5781 4595/5785
f 4579/5786 4578/5787 4594/5788 4596/5789
f 4595/5790 4579/5786 4596/5789
s 1
f 4585/5791 4581/5792 4582/5793 4584/5794 4583/5795 4580/5796 4588/5797
s 0
f 4578/5798 4579/5781 4587/5780 4589/5799
f 4602/5800 4605/5801 4604/5802 4607/5803 4606/5804
f 4608/5805 4607/5803 4604/5802
f 4605/5806 4597/5807 4609/5808 4608/5809 4604/5810
f 4597/5811 4610/5812 4609/5813
f 4605/5814 4602/5815 4597/5816
f 4606/5817 4610/5818 4597/5816 4602/5815
s 1
f 4598/5819 4599/5820 4600/5821 4601/5822 4603/5823
s 0
f 4612/5824 4640/5825 4635/5826
f 4633/5827 4617/5828 4615/5829 4632/5830
f 4634/5831 4618/5832 4617/5828 4633/5827
f 4621/5833 4612/5824 4635/5826
f 4621/5833 4635/5826 4636/5834 4624/5835 4623/5836
f 4636/5834 4637/5837 4625/5838 4624/5835
f 4627/5839 4625/5840 4637/5841 4638/5842
f 4638/5842 4639/5843 4631/5844 4630/5845 4627/5839
f 4618/5846 4611/5847 4617/5848
f 4640/5849 4612/5850 4621/5851 4623/5852 4611/5847 4618/5846 4634/5853
f 4611/5854 4630/5855 4631/5856 4615/5857 4617/5858
f 4639/5859 4632/5860 4615/5857 4631/5856
s 1
f 4613/5861 4619/5862 4616/5863 4614/5864 4629/5865 4628/5866 4626/5867 4622/5868 4620/5869
s 0
f 4611/5870 4623/5871 4624/5872 4625/5840 4627/5839 4630/5845
f 4658/5873 4660/5874 4646/5875 4661/5876
f 4661/5877 4646/5878 4650/5879
f 4664/5880 4663/5881 4653/5882 4656/5883 4666/5884
f 4641/5885 4667/5886 4668/5887
f 4641/5888 4670/5889 4669/5890
f 4656/5891 4641/5888 4669/5890 4666/5892
f 4660/5874 4667/5886 4641/5885 4652/5893 4650/5894 4646/5875
f 4641/5888 4668/5895 4670/5889
s 1
f 4665/5896 4659/5897 4649/5898 4662/5899 4654/5900
f 4644/5901 4645/5902 4643/5903 4642/5904 4648/5905 4647/5906 4655/5907 4657/5908
s 0
f 4656/5891 4653/5909 4652/5910 4641/5888
f 4653/5911 4663/5912 4651/5913 4661/5877 4650/5879 4652/5914
l 1876 1875
l 1875 1877
l 1879 1880
l 1882 1883
